
===== capture started 2026-08-08 14:40:39 =====
--- armed, watch mode confirmed 14:40:43 ---
14:40:44.241        3017  FFFFFF77F7FFF  D17,D25,D29
14:41:06.648       25249  FFFFFF77B7FFF  D17,D20,D25,D29
14:41:07.597       26202  FFFFFF77B3FFF  D16,D17,D20,D25,D29
14:41:11.453       29537  FFFFFF73B3FFF  D16,D17,D20,D24,D25,D29
14:41:11.454       29539  FFFFFF7BB3FFF  D16,D17,D20,D24,D29
14:41:12.451       31007  FFFFFF7FB3FFF  D16,D17,D20,D29
14:41:13.454       31988  FFFFFF83B3FFF  D16,D17,D20,D24,D25,D26,D27,D28
14:41:13.976       32913  FFFFFF87B3FFF  D16,D17,D20,D25,D26,D27,D28
14:41:15.289       33825  FFFFFF83B3FFF  D16,D17,D20,D24,D25,D26,D27,D28
14:41:15.289       33828  FFFFFF8BB3FFF  D16,D17,D20,D24,D26,D27,D28
14:41:16.203       34739  FFFFFF8FB3FFF  D16,D17,D20,D26,D27,D28
14:41:16.985       35640  FFFFFF87B3FFF  D16,D17,D20,D25,D26,D27,D28
14:41:16.986       35642  FFFFFF93B3FFF  D16,D17,D20,D24,D25,D27,D28
14:41:18.034       36555  FFFFFF97B3FFF  D16,D17,D20,D25,D27,D28
14:41:18.966       37477  FFFFFF93B3FFF  D16,D17,D20,D24,D25,D27,D28
14:41:18.966       37480  FFFFFF9BB3FFF  D16,D17,D20,D24,D27,D28
14:41:19.836       38342  FFFFFF9FB3FFF  D16,D17,D20,D27,D28
14:41:20.778       39264  FFFFFFA3B3FFF  D16,D17,D20,D24,D25,D26,D28
14:41:21.693       40178  FFFFFFA7B3FFF  D16,D17,D20,D25,D26,D28
14:41:23.035       41567  FFFFFFA3B3FFF  D16,D17,D20,D24,D25,D26,D28
14:41:23.035       41569  FFFFFFABB3FFF  D16,D17,D20,D24,D26,D28
14:41:24.451       42917  FFFFFFAFB3FFF  D16,D17,D20,D26,D28
14:41:25.380       43830  FFFFFFB3B3FFF  D16,D17,D20,D24,D25,D28
14:41:26.066       44734  FFFFFFB7B3FFF  D16,D17,D20,D25,D28
14:41:27.177       45616  FFFFFFB3B3FFF  D16,D17,D20,D24,D25,D28
14:41:27.177       45618  FFFFFFBBB3FFF  D16,D17,D20,D24,D28
14:41:28.078       46530  FFFFFFBFB3FFF  D16,D17,D20,D28
14:41:29.019       47431  FFFFFFC3B3FFF  D16,D17,D20,D24,D25,D26,D27
14:41:29.918       48347  FFFFFFC7B3FFF  D16,D17,D20,D25,D26,D27
14:41:30.849       49259  FFFFFFC3B3FFF  D16,D17,D20,D24,D25,D26,D27
14:41:30.850       49262  FFFFFFCBB3FFF  D16,D17,D20,D24,D26,D27
14:41:31.762       50183  FFFFFFCFB3FFF  D16,D17,D20,D26,D27
14:41:32.902       51294  FFFFFFC3B3FFF  D16,D17,D20,D24,D25,D26,D27
14:41:32.902       51297  FFFFFFD3B3FFF  D16,D17,D20,D24,D25,D27
14:41:34.272       52674  FFFFFFD7B3FFF  D16,D17,D20,D25,D27
14:41:35.251       54152  FFFFFFD3B3FFF  D16,D17,D20,D24,D25,D27
14:41:35.777       54154  FFFFFFDBB3FFF  D16,D17,D20,D24,D27
14:41:37.209       55582  FFFFFFDFB3FFF  D16,D17,D20,D27
14:41:38.141       56762  FFFFFFE3B3FFF  D16,D17,D20,D24,D25,D26
14:41:39.453       57806  FFFFFFE7B3FFF  D16,D17,D20,D25,D26
14:41:40.445       58787  FFFFFFE3B3FFF  D16,D17,D20,D24,D25,D26
14:41:40.445       58790  FFFFFFEBB3FFF  D16,D17,D20,D24,D26
14:41:40.960       59312  FFFFFFEBB3FFF  D16,D17,D20,D24,D26
14:41:41.753       60098  FFFFFFEFB3FFF  D16,D17,D20,D26
14:41:43.213       61526  FFFFFFE3B3FFF  D16,D17,D20,D24,D25,D26
14:41:43.213       61528  FFFFFFF3B3FFF  D16,D17,D20,D24,D25
14:41:45.055       63314  FFFFFFF7B3FFF  D16,D17,D20,D25
14:41:45.055       63363  FFFFFFF793FFF  D16,D17,D19,D20,D25
14:41:45.055       63366  FFFFFFF7D3FFF  D16,D17,D19,D25
14:41:48.623       66922  FFFFFFF7D7FFF  D17,D19,D25
14:41:57.516       75741  FFFFFFF7F7FFF  D17,D25
14:42:41.149      119060  FFFFFFF7F7FFF  D17,D25
14:43:41.626      179075  FFFFFFF7F7FFF  D17,D25
14:44:42.065      239060  FFFFFFF7F7FFF  D17,D25
14:44:58.186      255068  FFFFFFF7FFFFF  D25
14:44:58.873      255745  FFFFFFF7F7FFF  D17,D25
14:45:42.526      299071  FFFFFFF7F7FFF  D17,D25
14:46:42.959      359055  FFFFFFF7F7FFF  D17,D25
14:46:44.872      360955  FFFFFFF7D7FFF  D17,D19,D25
14:46:59.646      375616  FFFFFFF7D3FFF  D16,D17,D19,D25
14:47:03.712      379656  FFFFFFF3D3FFF  D16,D17,D19,D24,D25
14:47:05.526      381443  FFFFFFE7D3FFF  D16,D17,D19,D25,D26
14:47:05.526      381446  FFFFFFEFD3FFF  D16,D17,D19,D26
14:47:06.951      382871  FFFFFFEBD3FFF  D16,D17,D19,D24,D26
14:47:08.296      384192  FFFFFFE7D3FFF  D16,D17,D19,D25,D26
14:47:09.271      385174  FFFFFFE3D3FFF  D16,D17,D19,D24,D25,D26
14:47:10.335      386216  FFFFFFCFD3FFF  D16,D17,D19,D26,D27
14:47:10.335      386221  FFFFFFDFD3FFF  D16,D17,D19,D27
14:47:11.509      387397  FFFFFFDBD3FFF  D16,D17,D19,D24,D27
14:47:12.954      388828  FFFFFFD7D3FFF  D16,D17,D19,D25,D27
14:47:14.399      390256  FFFFFFD3D3FFF  D16,D17,D19,D24,D25,D27
14:47:15.848      391686  FFFFFFCFD3FFF  D16,D17,D19,D26,D27
14:47:16.681      392798  FFFFFFCBD3FFF  D16,D17,D19,D24,D26,D27
14:47:17.877      393710  FFFFFFC7D3FFF  D16,D17,D19,D25,D26,D27
14:47:18.801      394624  FFFFFFC3D3FFF  D16,D17,D19,D24,D25,D26,D27
14:47:19.679      395655  FFFFFF83D3FFF  D16,D17,D19,D24,D25,D26,D27,D28
14:47:19.679      395657  FFFFFFBFD3FFF  D16,D17,D19,D28
14:47:21.310      397125  FFFFFFBBD3FFF  D16,D17,D19,D24,D28
14:47:24.279      400059  FFFFFFBBD7FFF  D17,D19,D24,D28
14:47:34.332      409871  FFFFFFBBF7FFF  D17,D24,D28
14:47:34.332      410038  FFFFFFBBB7FFF  D17,D20,D24,D28
14:47:34.816      410941  FFFFFFBBB3FFF  D16,D17,D20,D24,D28
14:47:38.601      414277  FFFFFFBFB3FFF  D16,D17,D20,D28
14:47:40.097      415746  FFFFFFC3B3FFF  D16,D17,D20,D24,D25,D26,D27
14:47:40.861      416739  FFFFFFC7B3FFF  D16,D17,D20,D25,D26,D27
14:47:42.046      417700  FFFFFFC3B3FFF  D16,D17,D20,D24,D25,D26,D27
14:47:42.047      417704  FFFFFFCBB3FFF  D16,D17,D20,D24,D26,D27
14:47:42.915      418566  FFFFFFCFB3FFF  D16,D17,D20,D26,D27
14:47:43.434      419079  FFFFFFCFB3FFF  D16,D17,D20,D26,D27
14:47:43.872      419726  FFFFFFD3B3FFF  D16,D17,D20,D24,D25,D27
14:47:45.476      421106  FFFFFFD7B3FFF  D16,D17,D20,D25,D27
14:47:46.897      422535  FFFFFFD3B3FFF  D16,D17,D20,D24,D25,D27
14:47:46.897      422537  FFFFFFDBB3FFF  D16,D17,D20,D24,D27
14:47:48.409      424014  FFFFFFDFB3FFF  D16,D17,D20,D27
14:47:49.614      425204  FFFFFFE3B3FFF  D16,D17,D20,D24,D25,D26
14:47:50.597      426188  FFFFFFE7B3FFF  D16,D17,D20,D25,D26
14:47:51.606      427190  FFFFFFE3B3FFF  D16,D17,D20,D24,D25,D26
14:47:51.606      427193  FFFFFFEBB3FFF  D16,D17,D20,D24,D26
14:47:52.951      428502  FFFFFFEFB3FFF  D16,D17,D20,D26
14:47:54.371      429920  FFFFFFF3B3FFF  D16,D17,D20,D24,D25
14:47:55.956      431707  FFFFFFF7B3FFF  D16,D17,D20,D25
14:47:55.956      431796  FFFFFFF793FFF  D16,D17,D19,D20,D25
14:47:55.956      431798  FFFFFFF7D3FFF  D16,D17,D19,D25
14:47:59.789      435315  FFFFFFF7D7FFF  D17,D19,D25
14:48:08.731      444184  FFFFFFF7F7FFF  D17,D25
14:48:10.797      446246  FFFFFFF7D7FFF  D17,D19,D25
14:48:11.719      447151  FFFFFFF7D3FFF  D16,D17,D19,D25
14:48:15.791      451200  FFFFFFF3D3FFF  D16,D17,D19,D24,D25
14:48:17.121      452986  FFFFFFEFD3FFF  D16,D17,D19,D26
14:48:19.041      454415  FFFFFFEBD3FFF  D16,D17,D19,D24,D26
14:48:20.144      455726  FFFFFFE3D3FFF  D16,D17,D19,D24,D25,D26
14:48:20.144      455728  FFFFFFE7D3FFF  D16,D17,D19,D25,D26
14:48:21.362      456728  FFFFFFE3D3FFF  D16,D17,D19,D24,D25,D26
14:48:22.414      457751  FFFFFFCFD3FFF  D16,D17,D19,D26,D27
14:48:22.414      457754  FFFFFFDFD3FFF  D16,D17,D19,D27
14:48:23.175      458952  FFFFFFDBD3FFF  D16,D17,D19,D24,D27
14:48:25.054      460381  FFFFFFD3D3FFF  D16,D17,D19,D24,D25,D27
14:48:25.054      460383  FFFFFFD7D3FFF  D16,D17,D19,D25,D27
14:48:26.197      461839  FFFFFFD3D3FFF  D16,D17,D19,D24,D25,D27
14:48:27.935      463240  FFFFFFCFD3FFF  D16,D17,D19,D26,D27
14:48:29.052      464352  FFFFFFCBD3FFF  D16,D17,D19,D24,D26,D27
14:48:29.965      465264  FFFFFFC7D3FFF  D16,D17,D19,D25,D26,D27
14:48:30.882      466167  FFFFFFC3D3FFF  D16,D17,D19,D24,D25,D26,D27
14:48:31.813      467080  FFFFFF83D3FFF  D16,D17,D19,D24,D25,D26,D27,D28
14:48:31.813      467082  FFFFFFBFD3FFF  D16,D17,D19,D28
14:48:32.775      468042  FFFFFFBBD3FFF  D16,D17,D19,D24,D28
14:48:33.650      468918  FFFFFFB7D3FFF  D16,D17,D19,D25,D28
14:48:34.516      469780  FFFFFFB3D3FFF  D16,D17,D19,D24,D25,D28
14:48:35.250      470704  FFFFFFA7D3FFF  D16,D17,D19,D25,D26,D28
14:48:35.250      470708  FFFFFFAFD3FFF  D16,D17,D19,D26,D28
14:48:36.357      471617  FFFFFFABD3FFF  D16,D17,D19,D24,D26,D28
14:48:37.769      473007  FFFFFFA7D3FFF  D16,D17,D19,D25,D26,D28
14:48:39.126      474356  FFFFFFA3D3FFF  D16,D17,D19,D24,D25,D26,D28
14:48:40.055      475259  FFFFFF83D3FFF  D16,D17,D19,D24,D25,D26,D27,D28
14:48:40.056      475261  FFFFFF9FD3FFF  D16,D17,D19,D27,D28
14:48:40.951      476173  FFFFFF9BD3FFF  D16,D17,D19,D24,D27,D28
14:48:41.883      477085  FFFFFF93D3FFF  D16,D17,D19,D24,D25,D27,D28
14:48:41.884      477087  FFFFFF97D3FFF  D16,D17,D19,D25,D27,D28
14:48:42.799      478000  FFFFFF93D3FFF  D16,D17,D19,D24,D25,D27,D28
14:48:43.691      478872  FFFFFF8FD3FFF  D16,D17,D19,D26,D27,D28
14:48:44.329      479404  FFFFFF8FD3FFF  D16,D17,D19,D26,D27,D28
14:48:44.329      479785  FFFFFF8BD3FFF  D16,D17,D19,D24,D26,D27,D28
14:48:45.512      480699  FFFFFF87D3FFF  D16,D17,D19,D25,D26,D27,D28
14:48:46.429      481611  FFFFFF83D3FFF  D16,D17,D19,D24,D25,D26,D27,D28
14:48:47.327      482525  FFFFFF7FD3FFF  D16,D17,D19,D29
14:48:47.766      483438  FFFFFF7BD3FFF  D16,D17,D19,D24,D29
14:48:49.324      484470  FFFFFF77D3FFF  D16,D17,D19,D25,D29
14:48:50.377      485940  FFFFFF73D3FFF  D16,D17,D19,D24,D25,D29
14:48:53.392      488875  FFFFFF73D7FFF  D17,D19,D24,D25,D29
14:48:53.392      488969  FFFFFF73F7FFF  D17,D24,D25,D29
14:49:35.714      530575  FFFFFF73B7FFF  D17,D20,D24,D25,D29
14:49:36.680      531479  FFFFFF73B3FFF  D16,D17,D20,D24,D25,D29
14:49:40.000      534775  FFFFFF77B3FFF  D16,D17,D20,D25,D29
14:49:41.482      536244  FFFFFF7BB3FFF  D16,D17,D20,D24,D29
14:49:42.563      537316  FFFFFF7FB3FFF  D16,D17,D20,D29
14:49:43.659      538387  FFFFFF83B3FFF  D16,D17,D20,D24,D25,D26,D27,D28
14:49:44.778      539427  FFFFFF83B3FFF  D16,D17,D20,D24,D25,D26,D27,D28
14:49:44.779      539896  FFFFFF87B3FFF  D16,D17,D20,D25,D26,D27,D28
14:49:47.795      542711  FFFFFF87B7FFF  D17,D20,D25,D26,D27,D28
14:49:47.795      542807  FFFFFF87F7FFF  D17,D25,D26,D27,D28
14:50:44.551      598854  FFFFFF87D7FFF  D17,D19,D25,D26,D27,D28
14:50:45.228      599365  FFFFFF87D7FFF  D17,D19,D25,D26,D27,D28
14:50:45.228      599768  FFFFFF87D3FFF  D16,D17,D19,D25,D26,D27,D28
14:50:48.774      603043  FFFFFF83D3FFF  D16,D17,D19,D24,D25,D26,D27,D28
14:50:50.301      604531  FFFFFF7FD3FFF  D16,D17,D19,D29
14:50:51.275      605524  FFFFFF7BD3FFF  D16,D17,D19,D24,D29
14:50:52.201      606437  FFFFFF77D3FFF  D16,D17,D19,D25,D29
14:50:53.114      607350  FFFFFF73D3FFF  D16,D17,D19,D24,D25,D29
14:50:54.042      608263  FFFFFF63D3FFF  D16,D17,D19,D24,D25,D26,D29
14:50:54.042      608265  FFFFFF6FD3FFF  D16,D17,D19,D26,D29
14:50:54.957      609177  FFFFFF6BD3FFF  D16,D17,D19,D24,D26,D29
14:50:55.874      610089  FFFFFF67D3FFF  D16,D17,D19,D25,D26,D29
14:50:56.755      610963  FFFFFF63D3FFF  D16,D17,D19,D24,D25,D26,D29
14:50:57.301      611916  FFFFFF4FD3FFF  D16,D17,D19,D26,D27,D29
14:50:57.301      611919  FFFFFF5FD3FFF  D16,D17,D19,D27,D29
14:50:58.676      612869  FFFFFF5BD3FFF  D16,D17,D19,D24,D27,D29
14:50:59.639      613822  FFFFFF57D3FFF  D16,D17,D19,D25,D27,D29
14:51:00.342      614774  FFFFFF53D3FFF  D16,D17,D19,D24,D25,D27,D29
14:51:01.568      615728  FFFFFF43D3FFF  D16,D17,D19,D24,D25,D26,D27,D29
14:51:01.568      615730  FFFFFF4FD3FFF  D16,D17,D19,D26,D27,D29
14:51:02.633      616800  FFFFFF4BD3FFF  D16,D17,D19,D24,D26,D27,D29
14:51:04.569      618467  FFFFFF43D3FFF  D16,D17,D19,D24,D25,D26,D27,D29
14:51:04.569      618469  FFFFFF47D3FFF  D16,D17,D19,D25,D26,D27,D29
14:51:04.569      618547  FFFFFF4793FFF  D16,D17,D19,D20,D25,D26,D27,D29
14:51:04.569      618717  FFFFFF47B3FFF  D16,D17,D20,D25,D26,D27,D29
14:51:07.749      621878  FFFFFF47B7FFF  D17,D20,D25,D26,D27,D29
14:51:19.552      633594  FFFFFF47B3FFF  D16,D17,D20,D25,D26,D27,D29
14:51:23.368      637366  FFFFFF43B3FFF  D16,D17,D20,D24,D25,D26,D27,D29
14:51:23.369      637368  FFFFFF4BB3FFF  D16,D17,D20,D24,D26,D27,D29
14:51:25.056      639045  FFFFFF4FB3FFF  D16,D17,D20,D26,D27,D29
14:51:26.091      640065  FFFFFF43B3FFF  D16,D17,D20,D24,D25,D26,D27,D29
14:51:26.091      640067  FFFFFF53B3FFF  D16,D17,D20,D24,D25,D27,D29
14:51:27.034      641019  FFFFFF57B3FFF  D16,D17,D20,D25,D27,D29
14:51:27.540      641932  FFFFFF5BB3FFF  D16,D17,D20,D24,D27,D29
14:51:28.909      642885  FFFFFF5FB3FFF  D16,D17,D20,D27,D29
14:51:29.882      643837  FFFFFF63B3FFF  D16,D17,D20,D24,D25,D26,D29
14:51:30.567      644791  FFFFFF67B3FFF  D16,D17,D20,D25,D26,D29
14:51:31.763      645703  FFFFFF63B3FFF  D16,D17,D20,D24,D25,D26,D29
14:51:31.763      645706  FFFFFF6BB3FFF  D16,D17,D20,D24,D26,D29
14:51:32.677      646618  FFFFFF6FB3FFF  D16,D17,D20,D26,D29
14:51:33.576      647529  FFFFFF63B3FFF  D16,D17,D20,D24,D25,D26,D29
14:51:33.576      647533  FFFFFF73B3FFF  D16,D17,D20,D24,D25,D29
14:51:34.518      648443  FFFFFF77B3FFF  D16,D17,D20,D25,D29
14:51:35.439      649356  FFFFFF73B3FFF  D16,D17,D20,D24,D25,D29
14:51:35.439      649359  FFFFFF7BB3FFF  D16,D17,D20,D24,D29
14:51:36.353      650270  FFFFFF7FB3FFF  D16,D17,D20,D29
14:51:37.297      651182  FFFFFF83B3FFF  D16,D17,D20,D24,D25,D26,D27,D28
14:51:38.149      652057  FFFFFF87B3FFF  D16,D17,D20,D25,D26,D27,D28
14:51:39.121      653008  FFFFFF83B3FFF  D16,D17,D20,D24,D25,D26,D27,D28
14:51:39.121      653010  FFFFFF8BB3FFF  D16,D17,D20,D24,D26,D27,D28
14:51:39.634      653883  FFFFFF8FB3FFF  D16,D17,D20,D26,D27,D28
14:51:40.930      654794  FFFFFF83B3FFF  D16,D17,D20,D24,D25,D26,D27,D28
14:51:40.930      654796  FFFFFF93B3FFF  D16,D17,D20,D24,D25,D27,D28
14:51:41.831      655710  FFFFFF97B3FFF  D16,D17,D20,D25,D27,D28
14:51:42.649      656621  FFFFFF93B3FFF  D16,D17,D20,D24,D25,D27,D28
14:51:42.649      656623  FFFFFF9BB3FFF  D16,D17,D20,D24,D27,D28
14:51:43.682      657536  FFFFFF9FB3FFF  D16,D17,D20,D27,D28
14:51:44.608      658447  FFFFFF97B3FFF  D16,D17,D20,D25,D27,D28
14:51:44.609      658449  FFFFFFA3B3FFF  D16,D17,D20,D24,D25,D26,D28
14:51:45.533      658977  FFFFFFA3B3FFF  D16,D17,D20,D24,D25,D26,D28
14:51:45.533      659373  FFFFFFA7B3FFF  D16,D17,D20,D25,D26,D28
14:51:46.888      660711  FFFFFFA3B3FFF  D16,D17,D20,D24,D25,D26,D28
14:51:46.888      660714  FFFFFFABB3FFF  D16,D17,D20,D24,D26,D28
14:51:48.244      662072  FFFFFFAFB3FFF  D16,D17,D20,D26,D28
14:51:48.690      662974  FFFFFFB3B3FFF  D16,D17,D20,D24,D25,D28
14:51:50.079      663888  FFFFFFB7B3FFF  D16,D17,D20,D25,D28
14:51:50.995      664800  FFFFFFB3B3FFF  D16,D17,D20,D24,D25,D28
14:51:50.995      664802  FFFFFFBBB3FFF  D16,D17,D20,D24,D28
14:51:51.724      665715  FFFFFFBFB3FFF  D16,D17,D20,D28
14:51:52.809      666587  FFFFFFC3B3FFF  D16,D17,D20,D24,D25,D26,D27
14:51:53.708      667501  FFFFFFC7B3FFF  D16,D17,D20,D25,D26,D27
14:51:54.652      668424  FFFFFFC3B3FFF  D16,D17,D20,D24,D25,D26,D27
14:51:54.653      668427  FFFFFFCBB3FFF  D16,D17,D20,D24,D26,D27
14:51:55.562      669328  FFFFFFCFB3FFF  D16,D17,D20,D26,D27
14:51:56.688      670438  FFFFFFD3B3FFF  D16,D17,D20,D24,D25,D27
14:51:57.769      671868  FFFFFFD7B3FFF  D16,D17,D20,D25,D27
14:51:59.564      673296  FFFFFFD3B3FFF  D16,D17,D20,D24,D25,D27
14:51:59.564      673298  FFFFFFDBB3FFF  D16,D17,D20,D24,D27
14:52:00.792      674778  FFFFFFDFB3FFF  D16,D17,D20,D27
14:52:02.205      675916  FFFFFFE3B3FFF  D16,D17,D20,D24,D25,D26
14:52:03.242      676951  FFFFFFE7B3FFF  D16,D17,D20,D25,D26
14:52:03.807      677952  FFFFFFE3B3FFF  D16,D17,D20,D24,D25,D26
14:52:03.807      677954  FFFFFFEBB3FFF  D16,D17,D20,D24,D26
14:52:05.551      679254  FFFFFFEFB3FFF  D16,D17,D20,D26
14:52:06.823      680681  FFFFFFE3B3FFF  D16,D17,D20,D24,D25,D26
14:52:06.823      680683  FFFFFFF3B3FFF  D16,D17,D20,D24,D25
14:52:08.885      682469  FFFFFFF7B3FFF  D16,D17,D20,D25
14:52:08.885      682557  FFFFFFF793FFF  D16,D17,D19,D20,D25
14:52:08.885      682559  FFFFFFF7D3FFF  D16,D17,D19,D25
14:52:12.438      686077  FFFFFFF7D7FFF  D17,D19,D25
14:52:45.172      718575  FFFFFFF7D7FFF  D17,D19,D25
14:52:53.159      726499  FFFFFFF7D3FFF  D16,D17,D19,D25
14:52:57.350      730668  FFFFFFF3D3FFF  D16,D17,D19,D24,D25
14:53:01.077      734356  FFFFFFF3D7FFF  D17,D19,D24,D25
14:53:15.598      748772  FFFFFFF3D3FFF  D16,D17,D19,D24,D25
14:53:19.287      752424  FFFFFFEFD3FFF  D16,D17,D19,D26
14:53:21.187      754330  FFFFFFEBD3FFF  D16,D17,D19,D24,D26
14:53:22.392      755640  FFFFFFE7D3FFF  D16,D17,D19,D25,D26
14:53:23.519      756632  FFFFFFE3D3FFF  D16,D17,D19,D24,D25,D26
14:53:24.585      757676  FFFFFFCFD3FFF  D16,D17,D19,D26,D27
14:53:24.585      757680  FFFFFFDFD3FFF  D16,D17,D19,D27
14:53:25.420      758856  FFFFFFDBD3FFF  D16,D17,D19,D24,D27
14:53:27.204      760286  FFFFFFD7D3FFF  D16,D17,D19,D25,D27
14:53:28.442      761754  FFFFFFD3D3FFF  D16,D17,D19,D24,D25,D27
14:53:30.083      763145  FFFFFFCFD3FFF  D16,D17,D19,D26,D27
14:53:31.236      764296  FFFFFFCBD3FFF  D16,D17,D19,D24,D26,D27
14:53:32.121      765169  FFFFFFC7D3FFF  D16,D17,D19,D25,D26,D27
14:53:33.048      766093  FFFFFFC3D3FFF  D16,D17,D19,D24,D25,D26,D27
14:53:33.979      766995  FFFFFF83D3FFF  D16,D17,D19,D24,D25,D26,D27,D28
14:53:33.979      766997  FFFFFFBFD3FFF  D16,D17,D19,D28
14:53:34.487      767908  FFFFFFBBD3FFF  D16,D17,D19,D24,D28
14:53:35.807      768821  FFFFFFB3D3FFF  D16,D17,D19,D24,D25,D28
14:53:35.807      768823  FFFFFFB7D3FFF  D16,D17,D19,D25,D28
14:53:36.706      769734  FFFFFFB3D3FFF  D16,D17,D19,D24,D25,D28
14:53:37.496      770648  FFFFFFA7D3FFF  D16,D17,D19,D25,D26,D28
14:53:37.496      770652  FFFFFFAFD3FFF  D16,D17,D19,D26,D28
14:53:38.521      771522  FFFFFFABD3FFF  D16,D17,D19,D24,D26,D28
14:53:39.923      772911  FFFFFFA3D3FFF  D16,D17,D19,D24,D25,D26,D28
14:53:39.924      772913  FFFFFFA7D3FFF  D16,D17,D19,D25,D26,D28
14:53:41.280      774261  FFFFFFA3D3FFF  D16,D17,D19,D24,D25,D26,D28
14:53:42.206      775174  FFFFFF83D3FFF  D16,D17,D19,D24,D25,D26,D27,D28
14:53:42.206      775176  FFFFFF9FD3FFF  D16,D17,D19,D27,D28
14:53:43.117      776087  FFFFFF9BD3FFF  D16,D17,D19,D24,D27,D28
14:53:43.560      777000  FFFFFF97D3FFF  D16,D17,D19,D25,D27,D28
14:53:44.915      777874  FFFFFF93D3FFF  D16,D17,D19,D24,D25,D27,D28
14:53:45.841      778391  FFFFFF93D3FFF  D16,D17,D19,D24,D25,D27,D28
14:53:45.841      778786  FFFFFF83D3FFF  D16,D17,D19,D24,D25,D26,D27,D28
14:53:45.841      778788  FFFFFF8FD3FFF  D16,D17,D19,D26,D27,D28
14:53:46.577      779701  FFFFFF8BD3FFF  D16,D17,D19,D24,D26,D27,D28
14:53:47.682      780613  FFFFFF87D3FFF  D16,D17,D19,D25,D26,D27,D28
14:53:48.598      781527  FFFFFF83D3FFF  D16,D17,D19,D24,D25,D26,D27,D28
14:53:49.550      782440  FFFFFF43D3FFF  D16,D17,D19,D24,D25,D26,D27,D29
14:53:49.550      782442  FFFFFF7FD3FFF  D16,D17,D19,D29
14:53:50.435      783353  FFFFFF7BD3FFF  D16,D17,D19,D24,D29
14:53:51.321      784226  FFFFFF73D3FFF  D16,D17,D19,D24,D25,D29
14:53:51.321      784228  FFFFFF77D3FFF  D16,D17,D19,D25,D29
14:53:52.235      785139  FFFFFF73D3FFF  D16,D17,D19,D24,D25,D29
14:53:53.167      786053  FFFFFF67D3FFF  D16,D17,D19,D25,D26,D29
14:53:53.167      786057  FFFFFF6FD3FFF  D16,D17,D19,D26,D29
14:53:54.070      786965  FFFFFF6BD3FFF  D16,D17,D19,D24,D26,D29
14:53:55.004      787879  FFFFFF67D3FFF  D16,D17,D19,D25,D26,D29
14:53:55.644      788793  FFFFFF63D3FFF  D16,D17,D19,D24,D25,D26,D29
14:53:56.892      789745  FFFFFF43D3FFF  D16,D17,D19,D24,D25,D26,D27,D29
14:53:56.892      789747  FFFFFF5FD3FFF  D16,D17,D19,D27,D29
14:53:57.828      790699  FFFFFF5BD3FFF  D16,D17,D19,D24,D27,D29
14:53:58.658      791651  FFFFFF53D3FFF  D16,D17,D19,D24,D25,D27,D29
14:53:58.659      791653  FFFFFF57D3FFF  D16,D17,D19,D25,D27,D29
14:53:59.751      792604  FFFFFF53D3FFF  D16,D17,D19,D24,D25,D27,D29
14:54:00.687      793518  FFFFFF4FD3FFF  D16,D17,D19,D26,D27,D29
14:54:01.690      794589  FFFFFF4BD3FFF  D16,D17,D19,D24,D26,D27,D29
14:54:03.751      796256  FFFFFF43D3FFF  D16,D17,D19,D24,D25,D26,D27,D29
14:54:03.751      796258  FFFFFF47D3FFF  D16,D17,D19,D25,D26,D27,D29
14:54:03.751      796414  FFFFFF4793FFF  D16,D17,D19,D20,D25,D26,D27,D29
14:54:03.751      796575  FFFFFF47B3FFF  D16,D17,D20,D25,D26,D27,D29
14:54:06.875      799668  FFFFFF47B7FFF  D17,D20,D25,D26,D27,D29
14:54:18.551      811265  FFFFFF47B3FFF  D16,D17,D20,D25,D26,D27,D29
14:54:22.359      815036  FFFFFF43B3FFF  D16,D17,D20,D24,D25,D26,D27,D29
14:54:22.359      815038  FFFFFF4BB3FFF  D16,D17,D20,D24,D26,D27,D29
14:54:24.047      816715  FFFFFF4FB3FFF  D16,D17,D20,D26,D27,D29
14:54:25.081      817735  FFFFFF43B3FFF  D16,D17,D20,D24,D25,D26,D27,D29
14:54:25.081      817737  FFFFFF53B3FFF  D16,D17,D20,D24,D25,D27,D29
14:54:25.868      818690  FFFFFF57B3FFF  D16,D17,D20,D25,D27,D29
14:54:27.001      819641  FFFFFF53B3FFF  D16,D17,D20,D24,D25,D27,D29
14:54:27.001      819643  FFFFFF5BB3FFF  D16,D17,D20,D24,D27,D29
14:54:27.913      820555  FFFFFF5FB3FFF  D16,D17,D20,D27,D29
14:54:28.875      821547  FFFFFF63B3FFF  D16,D17,D20,D24,D25,D26,D29
14:54:29.833      822462  FFFFFF67B3FFF  D16,D17,D20,D25,D26,D29
14:54:30.763      823373  FFFFFF63B3FFF  D16,D17,D20,D24,D25,D26,D29
14:54:30.763      823376  FFFFFF6BB3FFF  D16,D17,D20,D24,D26,D29
14:54:31.673      824288  FFFFFF6FB3FFF  D16,D17,D20,D26,D29
14:54:32.602      825199  FFFFFF63B3FFF  D16,D17,D20,D24,D25,D26,D29
14:54:32.602      825201  FFFFFF73B3FFF  D16,D17,D20,D24,D25,D29
14:54:33.532      826124  FFFFFF77B3FFF  D16,D17,D20,D25,D29
14:54:34.447      827026  FFFFFF73B3FFF  D16,D17,D20,D24,D25,D29
14:54:34.447      827028  FFFFFF7BB3FFF  D16,D17,D20,D24,D29
14:54:34.936      827940  FFFFFF7FB3FFF  D16,D17,D20,D29
14:54:36.304      828852  FFFFFF2BB3FFF  D16,D17,D20,D24,D26,D28,D29
14:54:36.304      828854  FFFFFF83B3FFF  D16,D17,D20,D24,D25,D26,D27,D28
14:54:37.205      829776  FFFFFF87B3FFF  D16,D17,D20,D25,D26,D27,D28
14:54:37.950      830679  FFFFFF83B3FFF  D16,D17,D20,D24,D25,D26,D27,D28
14:54:37.950      830681  FFFFFF8BB3FFF  D16,D17,D20,D24,D26,D27,D28
14:54:38.993      831553  FFFFFF8FB3FFF  D16,D17,D20,D26,D27,D28
14:54:39.924      832465  FFFFFF93B3FFF  D16,D17,D20,D24,D25,D27,D28
14:54:40.833      833380  FFFFFF97B3FFF  D16,D17,D20,D25,D27,D28
14:54:41.762      834291  FFFFFF93B3FFF  D16,D17,D20,D24,D25,D27,D28
14:54:41.762      834293  FFFFFF9BB3FFF  D16,D17,D20,D24,D27,D28
14:54:42.679      835207  FFFFFF9FB3FFF  D16,D17,D20,D27,D28
14:54:43.562      836078  FFFFFFA3B3FFF  D16,D17,D20,D24,D25,D26,D28
14:54:44.537      837043  FFFFFFA7B3FFF  D16,D17,D20,D25,D26,D28
14:54:45.886      838067  FFFFFFA7B3FFF  D16,D17,D20,D25,D26,D28
14:54:45.886      838381  FFFFFFA3B3FFF  D16,D17,D20,D24,D25,D26,D28
14:54:45.887      838383  FFFFFFABB3FFF  D16,D17,D20,D24,D26,D28
14:54:47.027      839733  FFFFFFAFB3FFF  D16,D17,D20,D26,D28
14:54:48.169      840644  FFFFFFA7B3FFF  D16,D17,D20,D25,D26,D28
14:54:48.169      840646  FFFFFFB3B3FFF  D16,D17,D20,D24,D25,D28
14:54:49.076      841559  FFFFFFB7B3FFF  D16,D17,D20,D25,D28
14:54:49.958      842431  FFFFFFBBB3FFF  D16,D17,D20,D24,D28
14:54:50.912      843385  FFFFFFBFB3FFF  D16,D17,D20,D28
14:54:51.811      844257  FFFFFFC3B3FFF  D16,D17,D20,D24,D25,D26,D27
14:54:52.724      845181  FFFFFFC7B3FFF  D16,D17,D20,D25,D26,D27
14:54:53.655      846094  FFFFFFC3B3FFF  D16,D17,D20,D24,D25,D26,D27
14:54:53.655      846098  FFFFFFCBB3FFF  D16,D17,D20,D24,D26,D27
14:54:54.559      847008  FFFFFFCFB3FFF  D16,D17,D20,D26,D27
14:54:55.690      848108  FFFFFFD3B3FFF  D16,D17,D20,D24,D25,D27
14:54:57.080      849499  FFFFFFD7B3FFF  D16,D17,D20,D25,D27
14:54:58.563      850967  FFFFFFD3B3FFF  D16,D17,D20,D24,D25,D27
14:54:58.563      850970  FFFFFFDBB3FFF  D16,D17,D20,D24,D27
14:55:00.039      852448  FFFFFFDFB3FFF  D16,D17,D20,D27
14:55:01.216      853597  FFFFFFCFB3FFF  D16,D17,D20,D26,D27
14:55:01.216      853599  FFFFFFE3B3FFF  D16,D17,D20,D24,D25,D26
14:55:02.137      854621  FFFFFFE7B3FFF  D16,D17,D20,D25,D26
14:55:03.243      855613  FFFFFFE3B3FFF  D16,D17,D20,D24,D25,D26
14:55:03.243      855616  FFFFFFEBB3FFF  D16,D17,D20,D24,D26
14:55:04.569      856934  FFFFFFEFB3FFF  D16,D17,D20,D26
14:55:06.020      858361  FFFFFFE3B3FFF  D16,D17,D20,D24,D25,D26
14:55:06.020      858364  FFFFFFF3B3FFF  D16,D17,D20,D24,D25
14:55:07.926      860139  FFFFFFF7B3FFF  D16,D17,D20,D25
14:55:07.926      860267  FFFFFFF793FFF  D16,D17,D19,D20,D25
14:55:07.926      860269  FFFFFFF7D3FFF  D16,D17,D19,D25
14:55:11.205      863709  FFFFFFF7D7FFF  D17,D19,D25
14:55:23.296      875515  FFFFFFF7F7FFF  D17,D25
14:55:45.990      898056  FFFFFFF7F7FFF  D17,D25
14:56:46.442      958060  FFFFFFF7F7FFF  D17,D25
14:57:16.882      988270  FFFFFFF7D7FFF  D17,D19,D25
14:57:46.879     1018049  FFFFFFF7D7FFF  D17,D19,D25
14:58:47.330     1078048  FFFFFFF7D7FFF  D17,D19,D25
14:59:47.793     1138059  FFFFFFF7D7FFF  D17,D19,D25
15:00:42.198     1192055  FFFFFFF7D3FFF  D16,D17,D19,D25
15:00:46.448     1196274  FFFFFFF3D3FFF  D16,D17,D19,D24,D25
15:00:48.248     1198065  FFFFFFF3D3FFF  D16,D17,D19,D24,D25
15:00:49.717     1199992  FFFFFFF3D7FFF  D17,D19,D24,D25
15:01:00.880     1210597  FFFFFFF3D3FFF  D16,D17,D19,D24,D25
15:01:04.559     1214248  FFFFFFE3D3FFF  D16,D17,D19,D24,D25,D26
15:01:04.559     1214251  FFFFFFEFD3FFF  D16,D17,D19,D26
15:01:06.476     1216154  FFFFFFEBD3FFF  D16,D17,D19,D24,D26
15:01:07.802     1217465  FFFFFFE3D3FFF  D16,D17,D19,D24,D25,D26
15:01:07.802     1217467  FFFFFFE7D3FFF  D16,D17,D19,D25,D26
15:01:08.793     1218457  FFFFFFE3D3FFF  D16,D17,D19,D24,D25,D26
15:01:09.846     1219489  FFFFFFC3D3FFF  D16,D17,D19,D24,D25,D26,D27
15:01:09.846     1219491  FFFFFFDFD3FFF  D16,D17,D19,D27
15:01:10.875     1220681  FFFFFFDBD3FFF  D16,D17,D19,D24,D27
15:01:12.475     1222111  FFFFFFD3D3FFF  D16,D17,D19,D24,D25,D27
15:01:12.476     1222113  FFFFFFD7D3FFF  D16,D17,D19,D25,D27
15:01:13.898     1223579  FFFFFFD3D3FFF  D16,D17,D19,D24,D25,D27
15:01:15.364     1224969  FFFFFFC3D3FFF  D16,D17,D19,D24,D25,D26,D27
15:01:15.364     1224971  FFFFFFCFD3FFF  D16,D17,D19,D26,D27
15:01:16.507     1226121  FFFFFFCBD3FFF  D16,D17,D19,D24,D26,D27
15:01:16.920     1226993  FFFFFFC3D3FFF  D16,D17,D19,D24,D25,D26,D27
15:01:16.920     1226995  FFFFFFC7D3FFF  D16,D17,D19,D25,D26,D27
15:01:18.319     1227907  FFFFFFC3D3FFF  D16,D17,D19,D24,D25,D26,D27
15:01:19.268     1228830  FFFFFFA7D3FFF  D16,D17,D19,D25,D26,D28
15:01:19.268     1228833  FFFFFFBFD3FFF  D16,D17,D19,D28
15:01:19.946     1229733  FFFFFFBBD3FFF  D16,D17,D19,D24,D28
15:01:21.078     1230646  FFFFFFB3D3FFF  D16,D17,D19,D24,D25,D28
15:01:21.078     1230648  FFFFFFB7D3FFF  D16,D17,D19,D25,D28
15:01:21.994     1231560  FFFFFFB3D3FFF  D16,D17,D19,D24,D25,D28
15:01:22.958     1232483  FFFFFFAFD3FFF  D16,D17,D19,D26,D28
15:01:23.799     1233346  FFFFFFABD3FFF  D16,D17,D19,D24,D26,D28
15:01:25.495     1235024  FFFFFFA3D3FFF  D16,D17,D19,D24,D25,D26,D28
15:01:25.495     1235026  FFFFFFA7D3FFF  D16,D17,D19,D25,D26,D28
15:01:29.013     1238822  FFFFFFA7D7FFF  D17,D19,D25,D26,D28
15:01:37.996     1247441  FFFFFFA7F7FFF  D17,D25,D26,D28
15:01:48.694     1258062  FFFFFFA7F7FFF  D17,D25,D26,D28
15:02:49.144     1318064  FFFFFFA7F7FFF  D17,D25,D26,D28
15:03:49.582     1378057  FFFFFFA7F7FFF  D17,D25,D26,D28
15:04:38.082     1426191  FFFFFFA7FFFFF  D25,D26,D28
15:04:38.769     1426868  FFFFFFA7F7FFF  D17,D25,D26,D28
15:04:50.055     1438076  FFFFFFA7F7FFF  D17,D25,D26,D28
15:05:50.475     1498049  FFFFFFA7F7FFF  D17,D25,D26,D28
15:06:50.929     1558052  FFFFFFA7F7FFF  D17,D25,D26,D28
15:07:51.383     1618058  FFFFFFA7F7FFF  D17,D25,D26,D28
15:08:51.832     1678057  FFFFFFA7F7FFF  D17,D25,D26,D28
15:09:01.991     1688143  FFFFFFA7B7FFF  D17,D20,D25,D26,D28
15:09:03.428     1689572  FFFFFFA7B3FFF  D16,D17,D20,D25,D26,D28
15:09:07.644     1693741  FFFFFFA3B3FFF  D16,D17,D20,D24,D25,D26,D28
15:09:07.645     1693743  FFFFFFABB3FFF  D16,D17,D20,D24,D26,D28
15:09:09.357     1695450  FFFFFFAFB3FFF  D16,D17,D20,D26,D28
15:09:10.438     1696520  FFFFFFB3B3FFF  D16,D17,D20,D24,D25,D28
15:09:11.448     1697990  FFFFFFB7B3FFF  D16,D17,D20,D25,D28
15:09:14.470     1700805  FFFFFFB7B7FFF  D17,D20,D25,D28
15:09:24.191     1710178  FFFFFFB7B3FFF  D16,D17,D20,D25,D28
15:09:27.555     1713513  FFFFFFB3B3FFF  D16,D17,D20,D24,D25,D28
15:09:27.556     1713515  FFFFFFBBB3FFF  D16,D17,D20,D24,D28
15:09:29.030     1714983  FFFFFFBFB3FFF  D16,D17,D20,D28
15:09:29.558     1715974  FFFFFFFFB3FFF  D16,D17,D20
15:09:29.558     1715976  FFFFFFC3B3FFF  D16,D17,D20,D24,D25,D26,D27
15:09:30.952     1716888  FFFFFFC7B3FFF  D16,D17,D20,D25,D26,D27
15:09:31.880     1717800  FFFFFFC3B3FFF  D16,D17,D20,D24,D25,D26,D27
15:09:31.881     1717804  FFFFFFCBB3FFF  D16,D17,D20,D24,D26,D27
15:09:32.604     1718725  FFFFFFCFB3FFF  D16,D17,D20,D26,D27
15:09:33.965     1719866  FFFFFFD3B3FFF  D16,D17,D20,D24,D25,D27
15:09:35.361     1721267  FFFFFFD7B3FFF  D16,D17,D20,D25,D27
15:09:36.808     1722694  FFFFFFD3B3FFF  D16,D17,D20,D24,D25,D27
15:09:36.808     1722698  FFFFFFDBB3FFF  D16,D17,D20,D24,D27
15:09:38.270     1724154  FFFFFFDFB3FFF  D16,D17,D20,D27
15:09:39.444     1725304  FFFFFFE3B3FFF  D16,D17,D20,D24,D25,D26
15:09:40.480     1726348  FFFFFFE7B3FFF  D16,D17,D20,D25,D26
15:09:41.471     1727330  FFFFFFEBB3FFF  D16,D17,D20,D24,D26
15:09:42.795     1728642  FFFFFFEFB3FFF  D16,D17,D20,D26
15:09:44.237     1730069  FFFFFFF3B3FFF  D16,D17,D20,D24,D25
15:09:46.165     1731857  FFFFFFF7B3FFF  D16,D17,D20,D25
15:09:46.165     1731975  FFFFFFF793FFF  D16,D17,D19,D20,D25
15:09:46.165     1731977  FFFFFFF7D3FFF  D16,D17,D19,D25
15:09:49.664     1735465  FFFFFFF7D7FFF  D17,D19,D25
15:09:52.291     1738074  FFFFFFF7D7FFF  D17,D19,D25
15:09:58.478     1744204  FFFFFFF7F7FFF  D17,D25
15:10:52.727     1798053  FFFFFFF7F7FFF  D17,D25
15:11:53.195     1858076  FFFFFFF7F7FFF  D17,D25
15:12:12.795     1877764  FFFFFFF7B7FFF  D17,D20,D25
15:12:14.087     1878806  FFFFFFF7B3FFF  D16,D17,D20,D25
15:12:18.162     1882726  FFFFFFF3B3FFF  D16,D17,D20,D24,D25
15:12:18.162     1882728  FFFFFFFBB3FFF  D16,D17,D20,D24
15:12:18.162     1882845  FFFFFFFB93FFF  D16,D17,D19,D20,D24
15:12:18.162     1882849  FFFFFFFBD3FFF  D16,D17,D19,D24
15:12:21.440     1886108  FFFFFFFBD7FFF  D17,D19,D24
15:12:32.194     1896781  FFFFFFFBD3FFF  D16,D17,D19,D24
15:12:36.005     1900563  FFFFFFF3D3FFF  D16,D17,D19,D24,D25
15:12:36.005     1900566  FFFFFFF7D3FFF  D16,D17,D19,D25
15:12:37.986     1902537  FFFFFFF3D3FFF  D16,D17,D19,D24,D25
15:12:39.481     1904007  FFFFFFEFD3FFF  D16,D17,D19,D26
15:12:40.910     1905436  FFFFFFEBD3FFF  D16,D17,D19,D24,D26
15:12:42.206     1906706  FFFFFFE3D3FFF  D16,D17,D19,D24,D25,D26
15:12:42.206     1906708  FFFFFFE7D3FFF  D16,D17,D19,D25,D26
15:12:43.019     1907749  FFFFFFE3D3FFF  D16,D17,D19,D24,D25,D26
15:12:44.250     1908731  FFFFFFCFD3FFF  D16,D17,D19,D26,D27
15:12:44.250     1908736  FFFFFFDFD3FFF  D16,D17,D19,D27
15:12:45.442     1909934  FFFFFFDBD3FFF  D16,D17,D19,D24,D27
15:12:46.932     1911401  FFFFFFD3D3FFF  D16,D17,D19,D24,D25,D27
15:12:46.932     1911404  FFFFFFD7D3FFF  D16,D17,D19,D25,D27
15:12:48.365     1912830  FFFFFFD3D3FFF  D16,D17,D19,D24,D25,D27
15:12:49.770     1914221  FFFFFFCFD3FFF  D16,D17,D19,D26,D27
15:12:50.916     1915371  FFFFFFCBD3FFF  D16,D17,D19,D24,D26,D27
15:12:51.845     1916285  FFFFFFC3D3FFF  D16,D17,D19,D24,D25,D26,D27
15:12:51.845     1916288  FFFFFFC7D3FFF  D16,D17,D19,D25,D26,D27
15:12:52.747     1917189  FFFFFFC3D3FFF  D16,D17,D19,D24,D25,D26,D27
15:12:53.667     1917699  FFFFFFC3D3FFF  D16,D17,D19,D24,D25,D26,D27
15:12:53.667     1918072  FFFFFFAFD3FFF  D16,D17,D19,D26,D28
15:12:53.667     1918075  FFFFFFBFD3FFF  D16,D17,D19,D28
15:12:54.556     1918986  FFFFFFBBD3FFF  D16,D17,D19,D24,D28
15:12:55.103     1919888  FFFFFFB7D3FFF  D16,D17,D19,D25,D28
15:12:56.390     1920801  FFFFFFB3D3FFF  D16,D17,D19,D24,D25,D28
15:12:57.333     1921724  FFFFFFA7D3FFF  D16,D17,D19,D25,D26,D28
15:12:57.333     1921728  FFFFFFAFD3FFF  D16,D17,D19,D26,D28
15:12:58.131     1922638  FFFFFFABD3FFF  D16,D17,D19,D24,D26,D28
15:12:59.592     1923978  FFFFFFA7D3FFF  D16,D17,D19,D25,D26,D28
15:13:00.962     1925338  FFFFFFA3D3FFF  D16,D17,D19,D24,D25,D26,D28
15:13:01.894     1926251  FFFFFF8FD3FFF  D16,D17,D19,D26,D27,D28
15:13:01.894     1926254  FFFFFF9FD3FFF  D16,D17,D19,D27,D28
15:13:02.799     1927153  FFFFFF9BD3FFF  D16,D17,D19,D24,D27,D28
15:13:03.841     1928197  FFFFFF97D3FFF  D16,D17,D19,D25,D27,D28
15:13:05.324     1929665  FFFFFF93D3FFF  D16,D17,D19,D24,D25,D27,D28
15:13:08.269     1932591  FFFFFF93D7FFF  D17,D19,D24,D25,D27,D28
15:13:17.185     1941288  FFFFFF93F7FFF  D17,D24,D25,D27,D28
15:13:17.185     1941447  FFFFFF93D7FFF  D17,D19,D24,D25,D27,D28
15:13:18.235     1942490  FFFFFF93D3FFF  D16,D17,D19,D24,D25,D27,D28
15:13:21.557     1945775  FFFFFF8FD3FFF  D16,D17,D19,D26,D27,D28
15:13:23.041     1947254  FFFFFF8BD3FFF  D16,D17,D19,D24,D26,D27,D28
15:13:24.080     1948275  FFFFFF87D3FFF  D16,D17,D19,D25,D26,D27,D28
15:13:24.999     1949199  FFFFFF83D3FFF  D16,D17,D19,D24,D25,D26,D27,D28
15:13:25.950     1950112  FFFFFF7FD3FFF  D16,D17,D19,D29
15:13:26.835     1951015  FFFFFF7BD3FFF  D16,D17,D19,D24,D29
15:13:27.752     1951928  FFFFFF73D3FFF  D16,D17,D19,D24,D25,D29
15:13:27.752     1951930  FFFFFF77D3FFF  D16,D17,D19,D25,D29
15:13:28.355     1952813  FFFFFF73D3FFF  D16,D17,D19,D24,D25,D29
15:13:29.564     1953716  FFFFFF6FD3FFF  D16,D17,D19,D26,D29
15:13:30.477     1954628  FFFFFF6BD3FFF  D16,D17,D19,D24,D26,D29
15:13:31.373     1955552  FFFFFF67D3FFF  D16,D17,D19,D25,D26,D29
15:13:32.323     1956464  FFFFFF63D3FFF  D16,D17,D19,D24,D25,D26,D29
15:13:33.293     1957419  FFFFFF4FD3FFF  D16,D17,D19,D26,D27,D29
15:13:33.293     1957422  FFFFFF5FD3FFF  D16,D17,D19,D27,D29
15:13:34.235     1958371  FFFFFF5BD3FFF  D16,D17,D19,D24,D27,D29
15:13:35.201     1959323  FFFFFF57D3FFF  D16,D17,D19,D25,D27,D29
15:13:36.227     1960346  FFFFFF53D3FFF  D16,D17,D19,D24,D25,D27,D29
15:13:37.401     1961865  FFFFFF43D3FFF  D16,D17,D19,D24,D25,D26,D27,D29
15:13:37.401     1961867  FFFFFF4FD3FFF  D16,D17,D19,D26,D27,D29
15:13:37.401     1961933  FFFFFF4F93FFF  D16,D17,D19,D20,D26,D27,D29
15:13:37.986     1962094  FFFFFF4FB3FFF  D16,D17,D20,D26,D27,D29
15:13:40.445     1964829  FFFFFF4FB7FFF  D17,D20,D26,D27,D29
15:13:51.514     1975522  FFFFFF4FB3FFF  D16,D17,D20,D26,D27,D29
15:13:53.570     1977554  FFFFFF4FB3FFF  D16,D17,D20,D26,D27,D29
15:13:54.931     1978896  FFFFFF43B3FFF  D16,D17,D20,D24,D25,D26,D27,D29
15:13:54.932     1978898  FFFFFF53B3FFF  D16,D17,D20,D24,D25,D27,D29
15:13:56.436     1980407  FFFFFF57B3FFF  D16,D17,D20,D25,D27,D29
15:13:57.492     1981437  FFFFFF53B3FFF  D16,D17,D20,D24,D25,D27,D29
15:13:57.492     1981440  FFFFFF5BB3FFF  D16,D17,D20,D24,D27,D29
15:13:58.440     1982392  FFFFFF5FB3FFF  D16,D17,D20,D27,D29
15:13:59.418     1983343  FFFFFF63B3FFF  D16,D17,D20,D24,D25,D26,D29
15:14:00.363     1984297  FFFFFF67B3FFF  D16,D17,D20,D25,D26,D29
15:14:01.296     1985210  FFFFFF63B3FFF  D16,D17,D20,D24,D25,D26,D29
15:14:01.296     1985212  FFFFFF6BB3FFF  D16,D17,D20,D24,D26,D29
15:14:02.201     1986124  FFFFFF6FB3FFF  D16,D17,D20,D26,D29
15:14:03.089     1986996  FFFFFF63B3FFF  D16,D17,D20,D24,D25,D26,D29
15:14:03.090     1986998  FFFFFF73B3FFF  D16,D17,D20,D24,D25,D29
15:14:03.996     1987910  FFFFFF77B3FFF  D16,D17,D20,D25,D29
15:14:04.617     1988823  FFFFFF73B3FFF  D16,D17,D20,D24,D25,D29
15:14:04.617     1988825  FFFFFF7BB3FFF  D16,D17,D20,D24,D29
15:14:05.830     1989727  FFFFFF7FB3FFF  D16,D17,D20,D29
15:14:06.782     1990648  FFFFFF83B3FFF  D16,D17,D20,D24,D25,D26,D27,D28
15:14:07.647     1991563  FFFFFF87B3FFF  D16,D17,D20,D25,D26,D27,D28
15:14:08.600     1992465  FFFFFF83B3FFF  D16,D17,D20,D24,D25,D26,D27,D28
15:14:08.600     1992467  FFFFFF8BB3FFF  D16,D17,D20,D24,D26,D27,D28
15:14:09.520     1993379  FFFFFF8FB3FFF  D16,D17,D20,D26,D27,D28
15:14:10.408     1994262  FFFFFF93B3FFF  D16,D17,D20,D24,D25,D27,D28
15:14:11.324     1995176  FFFFFF97B3FFF  D16,D17,D20,D25,D27,D28
15:14:12.243     1996078  FFFFFF93B3FFF  D16,D17,D20,D24,D25,D27,D28
15:14:12.243     1996080  FFFFFF9BB3FFF  D16,D17,D20,D24,D27,D28
15:14:13.167     1997002  FFFFFF9FB3FFF  D16,D17,D20,D27,D28
15:14:13.675     1997915  FFFFFFA3B3FFF  D16,D17,D20,D24,D25,D26,D28
15:14:14.995     1998829  FFFFFFA7B3FFF  D16,D17,D20,D25,D26,D28
15:14:16.365     2000177  FFFFFFA3B3FFF  D16,D17,D20,D24,D25,D26,D28
15:14:16.365     2000179  FFFFFFABB3FFF  D16,D17,D20,D24,D26,D28
15:14:17.723     2001528  FFFFFFAFB3FFF  D16,D17,D20,D26,D28
15:14:18.637     2002429  FFFFFFA3B3FFF  D16,D17,D20,D24,D25,D26,D28
15:14:18.637     2002434  FFFFFFB3B3FFF  D16,D17,D20,D24,D25,D28
15:14:19.562     2003355  FFFFFFB7B3FFF  D16,D17,D20,D25,D28
15:14:20.491     2004267  FFFFFFB3B3FFF  D16,D17,D20,D24,D25,D28
15:14:20.491     2004269  FFFFFFBBB3FFF  D16,D17,D20,D24,D28
15:14:21.406     2005181  FFFFFFBFB3FFF  D16,D17,D20,D28
15:14:22.335     2006083  FFFFFFC3B3FFF  D16,D17,D20,D24,D25,D26,D27
15:14:23.279     2007046  FFFFFFC7B3FFF  D16,D17,D20,D25,D26,D27
15:14:24.120     2007869  FFFFFFC3B3FFF  D16,D17,D20,D24,D25,D26,D27
15:14:24.120     2007872  FFFFFFCBB3FFF  D16,D17,D20,D24,D26,D27
15:14:25.035     2008783  FFFFFFCFB3FFF  D16,D17,D20,D26,D27
15:14:25.768     2009944  FFFFFFC7B3FFF  D16,D17,D20,D25,D26,D27
15:14:25.768     2009946  FFFFFFD3B3FFF  D16,D17,D20,D24,D25,D27
15:14:27.600     2011325  FFFFFFD7B3FFF  D16,D17,D20,D25,D27
15:14:28.799     2012753  FFFFFFDBB3FFF  D16,D17,D20,D24,D27
15:14:30.519     2014223  FFFFFFDFB3FFF  D16,D17,D20,D27
15:14:31.740     2015423  FFFFFFE3B3FFF  D16,D17,D20,D24,D25,D26
15:14:32.719     2016407  FFFFFFE7B3FFF  D16,D17,D20,D25,D26
15:14:33.773     2017449  FFFFFFEBB3FFF  D16,D17,D20,D24,D26
15:14:34.849     2018721  FFFFFFEFB3FFF  D16,D17,D20,D26
15:14:36.492     2020148  FFFFFFE7B3FFF  D16,D17,D20,D25,D26
15:14:36.492     2020150  FFFFFFF3B3FFF  D16,D17,D20,D24,D25
15:14:37.872     2021965  FFFFFFF7B3FFF  D16,D17,D20,D25
15:14:38.485     2022123  FFFFFFF793FFF  D16,D17,D19,D20,D25
15:14:38.485     2022126  FFFFFFF7D3FFF  D16,D17,D19,D25
15:14:41.945     2025574  FFFFFFF7D7FFF  D17,D19,D25
15:14:50.800     2034353  FFFFFFF7F7FFF  D17,D25
15:14:54.023     2037560  FFFFFFF7F7FFF  D17,D25
15:15:54.467     2097554  FFFFFFF7F7FFF  D17,D25
15:16:37.665     2140437  FFFFFFF7B7FFF  D17,D20,D25
15:16:38.711     2141470  FFFFFFF7B3FFF  D16,D17,D20,D25
15:16:42.791     2145440  FFFFFFF3B3FFF  D16,D17,D20,D24,D25
15:16:42.792     2145442  FFFFFFFBB3FFF  D16,D17,D20,D24
15:16:42.805     2145519  FFFFFFFBD3FFF  D16,D17,D19,D24
15:16:46.105     2148812  FFFFFFFBD7FFF  D17,D19,D24
15:16:54.916     2157556  FFFFFFFBD7FFF  D17,D19,D24
15:16:56.865     2159496  FFFFFFFBD3FFF  D16,D17,D19,D24
15:17:00.683     2163266  FFFFFFF3D3FFF  D16,D17,D19,D24,D25
15:17:00.683     2163268  FFFFFFF7D3FFF  D16,D17,D19,D25
15:17:02.664     2165252  FFFFFFF3D3FFF  D16,D17,D19,D24,D25
15:17:04.167     2166721  FFFFFFE3D3FFF  D16,D17,D19,D24,D25,D26
15:17:04.167     2166723  FFFFFFEFD3FFF  D16,D17,D19,D26
15:17:05.596     2168151  FFFFFFEBD3FFF  D16,D17,D19,D24,D26
15:17:06.921     2169460  FFFFFFE3D3FFF  D16,D17,D19,D24,D25,D26
15:17:06.921     2169462  FFFFFFE7D3FFF  D16,D17,D19,D25,D26
15:17:07.988     2170532  FFFFFFE3D3FFF  D16,D17,D19,D24,D25,D26
15:17:09.614     2172121  FFFFFFC3D3FFF  D16,D17,D19,D24,D25,D26,D27
15:17:09.614     2172123  FFFFFFDFD3FFF  D16,D17,D19,D27
15:17:12.628     2175135  FFFFFFDFD7FFF  D17,D19,D27

===== capture started 2026-08-08 15:17:23 =====
--- armed, watch mode confirmed 15:17:27 ---
15:17:27.819        3295  FFFFFFDFD3FFF  D16,D17,D19,D27
15:17:30.510        5964  FFFFFFDBD3FFF  D16,D17,D19,D24,D27
15:17:32.393        7830  FFFFFFD3D3FFF  D16,D17,D19,D24,D25,D27
15:17:32.393        7832  FFFFFFD7D3FFF  D16,D17,D19,D25,D27
15:17:33.868        9298  FFFFFFD3D3FFF  D16,D17,D19,D24,D25,D27
15:17:35.263       10688  FFFFFFC3D3FFF  D16,D17,D19,D24,D25,D26,D27
15:17:35.263       10690  FFFFFFCFD3FFF  D16,D17,D19,D26,D27
15:17:36.391       11800  FFFFFFCBD3FFF  D16,D17,D19,D24,D26,D27
15:17:37.305       12715  FFFFFFC3D3FFF  D16,D17,D19,D24,D25,D26,D27
15:17:37.307       12716  FFFFFFC7D3FFF  D16,D17,D19,D25,D26,D27
15:17:38.220       13627  FFFFFFC3D3FFF  D16,D17,D19,D24,D25,D26,D27
15:17:39.149       14540  FFFFFF83D3FFF  D16,D17,D19,D24,D25,D26,D27,D28
15:17:39.149       14541  FFFFFFAFD3FFF  D16,D17,D19,D26,D28
15:17:39.149       14543  FFFFFFBFD3FFF  D16,D17,D19,D28
15:17:40.064       15453  FFFFFFBBD3FFF  D16,D17,D19,D24,D28
15:17:40.980       16365  FFFFFFB3D3FFF  D16,D17,D19,D24,D25,D28
15:17:40.981       16367  FFFFFFB7D3FFF  D16,D17,D19,D25,D28
15:17:41.913       17280  FFFFFFB3D3FFF  D16,D17,D19,D24,D25,D28
15:17:42.828       18192  FFFFFFA3D3FFF  D16,D17,D19,D24,D25,D26,D28
15:17:42.828       18194  FFFFFFA7D3FFF  D16,D17,D19,D25,D26,D28
15:17:42.828       18196  FFFFFFAFD3FFF  D16,D17,D19,D26,D28
15:17:43.710       19065  FFFFFFABD3FFF  D16,D17,D19,D24,D26,D28
15:17:45.114       20456  FFFFFFA3D3FFF  D16,D17,D19,D24,D25,D26,D28
15:17:45.114       20457  FFFFFFA7D3FFF  D16,D17,D19,D25,D26,D28
15:17:46.461       21806  FFFFFFA3D3FFF  D16,D17,D19,D24,D25,D26,D28
15:17:47.394       22719  FFFFFF83D3FFF  D16,D17,D19,D24,D25,D26,D27,D28
15:17:47.394       22721  FFFFFF8FD3FFF  D16,D17,D19,D26,D27,D28
15:17:47.394       22722  FFFFFF9FD3FFF  D16,D17,D19,D27,D28
15:17:48.303       23631  FFFFFF9BD3FFF  D16,D17,D19,D24,D27,D28
15:17:49.222       24546  FFFFFF93D3FFF  D16,D17,D19,D24,D25,D27,D28
15:17:49.222       24547  FFFFFF97D3FFF  D16,D17,D19,D25,D27,D28
15:17:50.111       25418  FFFFFF93D3FFF  D16,D17,D19,D24,D25,D27,D28
15:17:51.030       26332  FFFFFF83D3FFF  D16,D17,D19,D24,D25,D26,D27,D28
15:17:51.030       26333  FFFFFF8FD3FFF  D16,D17,D19,D26,D27,D28
15:17:51.947       27244  FFFFFF8BD3FFF  D16,D17,D19,D24,D26,D27,D28
15:17:52.863       28157  FFFFFF83D3FFF  D16,D17,D19,D24,D25,D26,D27,D28
15:17:52.863       28160  FFFFFF87D3FFF  D16,D17,D19,D25,D26,D27,D28
15:17:53.789       29071  FFFFFF83D3FFF  D16,D17,D19,D24,D25,D26,D27,D28
15:17:54.711       29984  FFFFFF43D3FFF  D16,D17,D19,D24,D25,D26,D27,D29
15:17:54.711       29985  FFFFFF6FD3FFF  D16,D17,D19,D26,D29
15:17:54.711       29987  FFFFFF7FD3FFF  D16,D17,D19,D29
15:17:55.619       30897  FFFFFF7BD3FFF  D16,D17,D19,D24,D29
15:17:56.674       31929  FFFFFF73D3FFF  D16,D17,D19,D24,D25,D29
15:17:56.674       31931  FFFFFF77D3FFF  D16,D17,D19,D25,D29
15:17:58.151       33398  FFFFFF73D3FFF  D16,D17,D19,D24,D25,D29
15:18:01.187       36334  FFFFFF73D7FFF  D17,D19,D24,D25,D29
15:18:01.187       36417  FFFFFF73F7FFF  D17,D24,D25,D29
15:18:23.914       58983  FFFFFF73F7FFF  D17,D24,D25,D29
15:18:50.626       85488  FFFFFF73B7FFF  D17,D20,D24,D25,D29
15:18:51.632       86481  FFFFFF73B3FFF  D16,D17,D20,D24,D25,D29
15:18:54.951       89788  FFFFFF77B3FFF  D16,D17,D20,D25,D29
15:18:56.431       91246  FFFFFF73B3FFF  D16,D17,D20,D24,D25,D29
15:18:56.431       91247  FFFFFF7BB3FFF  D16,D17,D20,D24,D29
15:18:57.474       92279  FFFFFF7FB3FFF  D16,D17,D20,D29
15:18:58.403       93201  FFFFFF23B3FFF  D16,D17,D20,D24,D25,D26,D28,D29
15:18:58.404       93203  FFFFFF83B3FFF  D16,D17,D20,D24,D25,D26,D27,D28
15:18:59.274       94066  FFFFFF87B3FFF  D16,D17,D20,D25,D26,D27,D28
15:19:00.188       94978  FFFFFF83B3FFF  D16,D17,D20,D24,D25,D26,D27,D28
15:19:00.188       94980  FFFFFF8BB3FFF  D16,D17,D20,D24,D26,D27,D28
15:19:01.102       95892  FFFFFF8FB3FFF  D16,D17,D20,D26,D27,D28
15:19:02.031       96804  FFFFFF83B3FFF  D16,D17,D20,D24,D25,D26,D27,D28
15:19:02.031       96807  FFFFFF93B3FFF  D16,D17,D20,D24,D25,D27,D28
15:19:02.960       97729  FFFFFF97B3FFF  D16,D17,D20,D25,D27,D28
15:19:03.861       98630  FFFFFF93B3FFF  D16,D17,D20,D24,D25,D27,D28
15:19:03.861       98632  FFFFFF9BB3FFF  D16,D17,D20,D24,D27,D28
15:19:04.791       99545  FFFFFF9FB3FFF  D16,D17,D20,D27,D28
15:19:05.660      100416  FFFFFF87B3FFF  D16,D17,D20,D25,D26,D27,D28
15:19:05.660      100418  FFFFFFA3B3FFF  D16,D17,D20,D24,D25,D26,D28
15:19:06.585      101331  FFFFFFA7B3FFF  D16,D17,D20,D25,D26,D28
15:19:07.986      102720  FFFFFFA3B3FFF  D16,D17,D20,D24,D25,D26,D28
15:19:07.986      102722  FFFFFFABB3FFF  D16,D17,D20,D24,D26,D28
15:19:09.344      104071  FFFFFFAFB3FFF  D16,D17,D20,D26,D28
15:19:10.273      104983  FFFFFFA3B3FFF  D16,D17,D20,D24,D25,D26,D28
15:19:10.273      104986  FFFFFFB3B3FFF  D16,D17,D20,D24,D25,D28
15:19:11.191      105897  FFFFFFB7B3FFF  D16,D17,D20,D25,D28
15:19:12.110      106809  FFFFFFB3B3FFF  D16,D17,D20,D24,D25,D28
15:19:12.111      106811  FFFFFFBBB3FFF  D16,D17,D20,D24,D28
15:19:12.980      107683  FFFFFFBFB3FFF  D16,D17,D20,D28
15:19:13.909      108596  FFFFFFB7B3FFF  D16,D17,D20,D25,D28
15:19:13.909      108597  FFFFFFC3B3FFF  D16,D17,D20,D24,D25,D26,D27
15:19:14.827      109510  FFFFFFC7B3FFF  D16,D17,D20,D25,D26,D27
15:19:15.745      110423  FFFFFFC3B3FFF  D16,D17,D20,D24,D25,D26,D27
15:19:15.745      110425  FFFFFFCBB3FFF  D16,D17,D20,D24,D26,D27
15:19:16.630      111307  FFFFFFCFB3FFF  D16,D17,D20,D26,D27
15:19:17.790      112447  FFFFFFC3B3FFF  D16,D17,D20,D24,D25,D26,D27
15:19:17.791      112450  FFFFFFD3B3FFF  D16,D17,D20,D24,D25,D27
15:19:19.183      113838  FFFFFFD7B3FFF  D16,D17,D20,D25,D27
15:19:20.663      115305  FFFFFFD3B3FFF  D16,D17,D20,D24,D25,D27
15:19:20.664      115307  FFFFFFDBB3FFF  D16,D17,D20,D24,D27
15:19:22.101      116736  FFFFFFDFB3FFF  D16,D17,D20,D27
15:19:23.303      117925  FFFFFFC3B3FFF  D16,D17,D20,D24,D25,D26,D27
15:19:23.304      117927  FFFFFFE3B3FFF  D16,D17,D20,D24,D25,D26
15:19:24.353      118931  FFFFFFE3B3FFF  D16,D17,D20,D24,D25,D26
15:19:24.353      118960  FFFFFFE7B3FFF  D16,D17,D20,D25,D26
15:19:25.343      119951  FFFFFFE3B3FFF  D16,D17,D20,D24,D25,D26
15:19:25.343      119953  FFFFFFEBB3FFF  D16,D17,D20,D24,D26
15:19:26.634      121233  FFFFFFEFB3FFF  D16,D17,D20,D26
15:19:28.113      122690  FFFFFFE3B3FFF  D16,D17,D20,D24,D25,D26
15:19:28.113      122693  FFFFFFF3B3FFF  D16,D17,D20,D24,D25
15:19:29.982      124488  FFFFFFF7B3FFF  D16,D17,D20,D25
15:19:29.982      124556  FFFFFFF793FFF  D16,D17,D19,D20,D25
15:19:29.982      124558  FFFFFFF7D3FFF  D16,D17,D19,D25
15:19:33.665      128087  FFFFFFF7D7FFF  D17,D19,D25
15:19:33.665      128210  FFFFFFF7F7FFF  D17,D25
15:20:24.242      178404  FFFFFFF7D7FFF  D17,D19,D25
15:20:24.757      178919  FFFFFFF7D7FFF  D17,D19,D25
15:20:37.756      191823  FFFFFFF7D3FFF  D16,D17,D19,D25
15:20:41.832      195863  FFFFFFF3D3FFF  D16,D17,D19,D24,D25
15:20:43.636      197659  FFFFFFE3D3FFF  D16,D17,D19,D24,D25,D26
15:20:43.636      197660  FFFFFFEFD3FFF  D16,D17,D19,D26
15:20:45.111      199118  FFFFFFEBD3FFF  D16,D17,D19,D24,D26
15:20:46.393      200398  FFFFFFE3D3FFF  D16,D17,D19,D24,D25,D26
15:20:46.394      200400  FFFFFFE7D3FFF  D16,D17,D19,D25,D26
15:20:47.392      201381  FFFFFFE3D3FFF  D16,D17,D19,D24,D25,D26
15:20:48.446      202424  FFFFFFC3D3FFF  D16,D17,D19,D24,D25,D26,D27
15:20:48.447      202426  FFFFFFCFD3FFF  D16,D17,D19,D26,D27
15:20:48.447      202427  FFFFFFDFD3FFF  D16,D17,D19,D27
15:20:49.624      203604  FFFFFFDBD3FFF  D16,D17,D19,D24,D27
15:20:51.070      205034  FFFFFFD3D3FFF  D16,D17,D19,D24,D25,D27
15:20:51.070      205036  FFFFFFD7D3FFF  D16,D17,D19,D25,D27
15:20:52.546      206503  FFFFFFD3D3FFF  D16,D17,D19,D24,D25,D27
15:20:53.950      207892  FFFFFFC3D3FFF  D16,D17,D19,D24,D25,D26,D27
15:20:53.950      207894  FFFFFFCFD3FFF  D16,D17,D19,D26,D27
15:20:55.123      209054  FFFFFFCBD3FFF  D16,D17,D19,D24,D26,D27
15:20:56.112      210046  FFFFFFC3D3FFF  D16,D17,D19,D24,D25,D26,D27
15:20:56.112      210048  FFFFFFC7D3FFF  D16,D17,D19,D25,D26,D27
15:20:57.599      211516  FFFFFFC3D3FFF  D16,D17,D19,D24,D25,D26,D27
15:21:00.590      214491  FFFFFFC3D7FFF  D17,D19,D24,D25,D26,D27
15:21:10.198      224022  FFFFFFC3D3FFF  D16,D17,D19,D24,D25,D26,D27
15:21:13.520      227317  FFFFFF83D3FFF  D16,D17,D19,D24,D25,D26,D27,D28
15:21:13.521      227319  FFFFFFAFD3FFF  D16,D17,D19,D26,D28
15:21:13.521      227321  FFFFFFBFD3FFF  D16,D17,D19,D28
15:21:14.999      228787  FFFFFFBBD3FFF  D16,D17,D19,D24,D28
15:21:16.117      229898  FFFFFFB3D3FFF  D16,D17,D19,D24,D25,D28
15:21:16.117      229900  FFFFFFB7D3FFF  D16,D17,D19,D25,D28
15:21:17.188      230970  FFFFFFB3D3FFF  D16,D17,D19,D24,D25,D28
15:21:18.670      232429  FFFFFFA3D3FFF  D16,D17,D19,D24,D25,D26,D28
15:21:18.670      232431  FFFFFFAFD3FFF  D16,D17,D19,D26,D28
15:21:21.617      235364  FFFFFFAFD7FFF  D17,D19,D26,D28
15:21:25.175      238884  FFFFFFAFD7FFF  D17,D19,D26,D28
15:21:31.422      245094  FFFFFFAF97FFF  D17,D19,D20,D26,D28
15:21:31.422      245096  FFFFFFAFB7FFF  D17,D20,D26,D28
15:21:32.381      246047  FFFFFFAFB3FFF  D16,D17,D20,D26,D28
15:21:35.750      249392  FFFFFFA3B3FFF  D16,D17,D20,D24,D25,D26,D28
15:21:35.750      249395  FFFFFFB3B3FFF  D16,D17,D20,D24,D25,D28
15:21:37.244      250862  FFFFFFB7B3FFF  D16,D17,D20,D25,D28
15:21:38.232      251853  FFFFFFB3B3FFF  D16,D17,D20,D24,D25,D28
15:21:38.232      251855  FFFFFFBBB3FFF  D16,D17,D20,D24,D28
15:21:39.179      252797  FFFFFFBFB3FFF  D16,D17,D20,D28
15:21:40.063      253669  FFFFFFA3B3FFF  D16,D17,D20,D24,D25,D26,D28
15:21:40.063      253671  FFFFFFC3B3FFF  D16,D17,D20,D24,D25,D26,D27
15:21:40.978      254584  FFFFFFC7B3FFF  D16,D17,D20,D25,D26,D27
15:21:41.904      255497  FFFFFFC3B3FFF  D16,D17,D20,D24,D25,D26,D27
15:21:41.904      255499  FFFFFFCBB3FFF  D16,D17,D20,D24,D26,D27
15:21:42.831      256420  FFFFFFCFB3FFF  D16,D17,D20,D26,D27
15:21:43.956      257531  FFFFFFC3B3FFF  D16,D17,D20,D24,D25,D26,D27
15:21:43.956      257534  FFFFFFD3B3FFF  D16,D17,D20,D24,D25,D27
15:21:45.400      258961  FFFFFFD7B3FFF  D16,D17,D20,D25,D27
15:21:46.831      260389  FFFFFFD3B3FFF  D16,D17,D20,D24,D25,D27
15:21:46.831      260391  FFFFFFDBB3FFF  D16,D17,D20,D24,D27
15:21:48.311      261850  FFFFFFDFB3FFF  D16,D17,D20,D27
15:21:49.502      263038  FFFFFFD7B3FFF  D16,D17,D20,D25,D27
15:21:49.502      263041  FFFFFFE3B3FFF  D16,D17,D20,D24,D25,D26
15:21:50.523      264043  FFFFFFE7B3FFF  D16,D17,D20,D25,D26
15:21:51.511      265025  FFFFFFE3B3FFF  D16,D17,D20,D24,D25,D26
15:21:51.512      265027  FFFFFFEBB3FFF  D16,D17,D20,D24,D26
15:21:52.832      266336  FFFFFFEFB3FFF  D16,D17,D20,D26
15:21:54.268      267763  FFFFFFE7B3FFF  D16,D17,D20,D25,D26
15:21:54.268      267765  FFFFFFE3B3FFF  D16,D17,D20,D24,D25,D26
15:21:54.269      267767  FFFFFFF3B3FFF  D16,D17,D20,D24,D25
15:21:56.225      269552  FFFFFFF7B3FFF  D16,D17,D20,D25
15:21:56.225      269709  FFFFFFF793FFF  D16,D17,D19,D20,D25
15:21:56.225      269711  FFFFFFF7D3FFF  D16,D17,D19,D25
15:21:59.667      273122  FFFFFFF7D7FFF  D17,D19,D25
15:22:11.268      284639  FFFFFFF7F7FFF  D17,D25
15:22:13.821      287178  FFFFFFF7D7FFF  D17,D19,D25
15:22:25.433      298707  FFFFFFF7D7FFF  D17,D19,D25
15:22:27.349      300599  FFFFFFF7D3FFF  D16,D17,D19,D25
15:22:31.423      304649  FFFFFFF3D3FFF  D16,D17,D19,D24,D25
15:22:33.230      306445  FFFFFFE3D3FFF  D16,D17,D19,D24,D25,D26
15:22:33.230      306447  FFFFFFEFD3FFF  D16,D17,D19,D26
15:22:34.681      307874  FFFFFFEBD3FFF  D16,D17,D19,D24,D26
15:22:35.991      309174  FFFFFFE3D3FFF  D16,D17,D19,D24,D25,D26
15:22:35.991      309176  FFFFFFE7D3FFF  D16,D17,D19,D25,D26
15:22:36.981      310167  FFFFFFE3D3FFF  D16,D17,D19,D24,D25,D26
15:22:38.042      311211  FFFFFFC3D3FFF  D16,D17,D19,D24,D25,D26,D27
15:22:38.043      311212  FFFFFFCFD3FFF  D16,D17,D19,D26,D27
15:22:38.043      311214  FFFFFFDFD3FFF  D16,D17,D19,D27
15:22:39.189      312350  FFFFFFDBD3FFF  D16,D17,D19,D24,D27
15:22:40.666      313820  FFFFFFD3D3FFF  D16,D17,D19,D24,D25,D27
15:22:40.666      313821  FFFFFFD7D3FFF  D16,D17,D19,D25,D27
15:22:42.145      315288  FFFFFFD3D3FFF  D16,D17,D19,D24,D25,D27
15:22:43.550      316678  FFFFFFC3D3FFF  D16,D17,D19,D24,D25,D26,D27
15:22:43.550      316680  FFFFFFCFD3FFF  D16,D17,D19,D26,D27
15:22:44.660      317790  FFFFFFCBD3FFF  D16,D17,D19,D24,D26,D27
15:22:45.594      318703  FFFFFFC3D3FFF  D16,D17,D19,D24,D25,D26,D27
15:22:45.594      318705  FFFFFFC7D3FFF  D16,D17,D19,D25,D26,D27
15:22:46.510      319627  FFFFFFC3D3FFF  D16,D17,D19,D24,D25,D26,D27
15:22:47.422      320529  FFFFFF83D3FFF  D16,D17,D19,D24,D25,D26,D27,D28
15:22:47.422      320531  FFFFFFAFD3FFF  D16,D17,D19,D26,D28
15:22:47.423      320533  FFFFFFBFD3FFF  D16,D17,D19,D28
15:22:48.341      321442  FFFFFFBBD3FFF  D16,D17,D19,D24,D28
15:22:49.260      322355  FFFFFFB3D3FFF  D16,D17,D19,D24,D25,D28
15:22:49.260      322357  FFFFFFB7D3FFF  D16,D17,D19,D25,D28
15:22:50.141      323229  FFFFFFB3D3FFF  D16,D17,D19,D24,D25,D28
15:22:51.073      324143  FFFFFFA3D3FFF  D16,D17,D19,D24,D25,D26,D28
15:22:51.073      324144  FFFFFFAFD3FFF  D16,D17,D19,D26,D28
15:22:51.979      325056  FFFFFFABD3FFF  D16,D17,D19,D24,D26,D28
15:22:53.399      326455  FFFFFFA3D3FFF  D16,D17,D19,D24,D25,D26,D28
15:22:53.399      326457  FFFFFFA7D3FFF  D16,D17,D19,D25,D26,D28
15:22:54.863      327914  FFFFFFA3D3FFF  D16,D17,D19,D24,D25,D26,D28
15:22:56.356      329383  FFFFFF83D3FFF  D16,D17,D19,D24,D25,D26,D27,D28
15:22:56.356      329384  FFFFFF8FD3FFF  D16,D17,D19,D26,D27,D28
15:22:56.356      329387  FFFFFF9FD3FFF  D16,D17,D19,D27,D28
15:22:59.308      332328  FFFFFF9FD7FFF  D17,D19,D27,D28
15:23:08.071      341017  FFFFFF9FF7FFF  D17,D27,D28
15:23:10.626      343557  FFFFFF9FD7FFF  D17,D19,D27,D28
15:23:11.619      344550  FFFFFF9FD3FFF  D16,D17,D19,D27,D28
15:23:14.903      347805  FFFFFF9BD3FFF  D16,D17,D19,D24,D27,D28
15:23:16.388      349275  FFFFFF93D3FFF  D16,D17,D19,D24,D25,D27,D28
15:23:16.388      349276  FFFFFF97D3FFF  D16,D17,D19,D25,D27,D28
15:23:17.427      350307  FFFFFF93D3FFF  D16,D17,D19,D24,D25,D27,D28
15:23:18.357      351229  FFFFFF83D3FFF  D16,D17,D19,D24,D25,D26,D27,D28
15:23:18.357      351232  FFFFFF8FD3FFF  D16,D17,D19,D26,D27,D28
15:23:19.260      352133  FFFFFF8BD3FFF  D16,D17,D19,D24,D26,D27,D28
15:23:20.188      353045  FFFFFF83D3FFF  D16,D17,D19,D24,D25,D26,D27,D28
15:23:20.188      353047  FFFFFF87D3FFF  D16,D17,D19,D25,D26,D27,D28
15:23:21.105      353958  FFFFFF83D3FFF  D16,D17,D19,D24,D25,D26,D27,D28
15:23:22.041      354882  FFFFFF03D3FFF  D16,D17,D19,D24,D25,D26,D27,D28,D29
15:23:22.042      354884  FFFFFF67D3FFF  D16,D17,D19,D25,D26,D29
15:23:22.042      354885  FFFFFF7FD3FFF  D16,D17,D19,D29
15:23:22.899      355745  FFFFFF7BD3FFF  D16,D17,D19,D24,D29
15:23:23.955      356789  FFFFFF73D3FFF  D16,D17,D19,D24,D25,D29
15:23:23.956      356790  FFFFFF77D3FFF  D16,D17,D19,D25,D29
15:23:25.424      358247  FFFFFF73D3FFF  D16,D17,D19,D24,D25,D29
15:23:25.940      358755  FFFFFF73D3FFF  D16,D17,D19,D24,D25,D29
15:23:28.543      361222  FFFFFF73D7FFF  D17,D19,D24,D25,D29
15:23:28.543      361345  FFFFFF73F7FFF  D17,D24,D25,D29
15:24:26.106      418484  FFFFFF73F7FFF  D17,D24,D25,D29
15:25:13.987      466000  FFFFFF73B7FFF  D17,D20,D24,D25,D29
15:25:14.981      466993  FFFFFF73B3FFF  D16,D17,D20,D24,D25,D29
15:25:18.301      470289  FFFFFF77B3FFF  D16,D17,D20,D25,D29
15:25:19.783      471757  FFFFFF73B3FFF  D16,D17,D20,D24,D25,D29
15:25:19.784      471759  FFFFFF7BB3FFF  D16,D17,D20,D24,D29
15:25:20.785      472751  FFFFFF7FB3FFF  D16,D17,D20,D29
15:25:21.744      473702  FFFFFF07B3FFF  D16,D17,D20,D25,D26,D27,D28,D29
15:25:21.744      473704  FFFFFF83B3FFF  D16,D17,D20,D24,D25,D26,D27,D28
15:25:22.673      474617  FFFFFF87B3FFF  D16,D17,D20,D25,D26,D27,D28
15:25:23.553      475489  FFFFFF83B3FFF  D16,D17,D20,D24,D25,D26,D27,D28
15:25:23.553      475491  FFFFFF8BB3FFF  D16,D17,D20,D24,D26,D27,D28
15:25:24.465      476403  FFFFFF8FB3FFF  D16,D17,D20,D26,D27,D28
15:25:25.382      477315  FFFFFF87B3FFF  D16,D17,D20,D25,D26,D27,D28
15:25:25.382      477317  FFFFFF83B3FFF  D16,D17,D20,D24,D25,D26,D27,D28
15:25:25.382      477319  FFFFFF93B3FFF  D16,D17,D20,D24,D25,D27,D28
15:25:26.311      478229  FFFFFF97B3FFF  D16,D17,D20,D25,D27,D28
15:25:26.826      478744  FFFFFF97B3FFF  D16,D17,D20,D25,D27,D28
15:25:27.344      479261  FFFFFF93B3FFF  D16,D17,D20,D24,D25,D27,D28
15:25:27.344      479262  FFFFFF9BB3FFF  D16,D17,D20,D24,D27,D28
15:25:28.826      480731  FFFFFF9FB3FFF  D16,D17,D20,D27,D28
15:25:31.660      483546  FFFFFF9FB7FFF  D17,D20,D27,D28
15:25:43.312      495102  FFFFFF9FB3FFF  D16,D17,D20,D27,D28
15:25:46.626      498397  FFFFFF8FB3FFF  D16,D17,D20,D26,D27,D28
15:25:46.626      498399  FFFFFFA3B3FFF  D16,D17,D20,D24,D25,D26,D28
15:25:48.123      499877  FFFFFFA7B3FFF  D16,D17,D20,D25,D26,D28
15:25:49.589      501336  FFFFFFA3B3FFF  D16,D17,D20,D24,D25,D26,D28
15:25:49.590      501338  FFFFFFABB3FFF  D16,D17,D20,D24,D26,D28
15:25:50.944      502686  FFFFFFAFB3FFF  D16,D17,D20,D26,D28
15:25:51.872      503598  FFFFFFA7B3FFF  D16,D17,D20,D25,D26,D28
15:25:51.873      503600  FFFFFFA3B3FFF  D16,D17,D20,D24,D25,D26,D28
15:25:51.873      503602  FFFFFFB3B3FFF  D16,D17,D20,D24,D25,D28
15:25:52.788      504513  FFFFFFB7B3FFF  D16,D17,D20,D25,D28
15:25:53.716      505436  FFFFFFB3B3FFF  D16,D17,D20,D24,D25,D28
15:25:53.716      505437  FFFFFFBBB3FFF  D16,D17,D20,D24,D28
15:25:54.633      506339  FFFFFFBFB3FFF  D16,D17,D20,D28
15:25:55.499      507210  FFFFFFB7B3FFF  D16,D17,D20,D25,D28
15:25:55.499      507212  FFFFFFC3B3FFF  D16,D17,D20,D24,D25,D26,D27
15:25:56.459      508166  FFFFFFC7B3FFF  D16,D17,D20,D25,D26,D27
15:25:57.342      509038  FFFFFFC3B3FFF  D16,D17,D20,D24,D25,D26,D27
15:25:57.343      509039  FFFFFFCBB3FFF  D16,D17,D20,D24,D26,D27
15:25:58.272      509952  FFFFFFCFB3FFF  D16,D17,D20,D26,D27
15:25:59.430      511102  FFFFFFC3B3FFF  D16,D17,D20,D24,D25,D26,D27
15:25:59.430      511106  FFFFFFD3B3FFF  D16,D17,D20,D24,D25,D27
15:26:00.831      512493  FFFFFFD7B3FFF  D16,D17,D20,D25,D27
15:26:02.306      513960  FFFFFFD3B3FFF  D16,D17,D20,D24,D25,D27
15:26:02.306      513963  FFFFFFDBB3FFF  D16,D17,D20,D24,D27
15:26:03.749      515391  FFFFFFDFB3FFF  D16,D17,D20,D27
15:26:04.958      516591  FFFFFFC3B3FFF  D16,D17,D20,D24,D25,D26,D27
15:26:04.958      516593  FFFFFFE3B3FFF  D16,D17,D20,D24,D25,D26
15:26:05.948      517574  FFFFFFE7B3FFF  D16,D17,D20,D25,D26
15:26:06.952      518566  FFFFFFE3B3FFF  D16,D17,D20,D24,D25,D26
15:26:06.952      518567  FFFFFFEBB3FFF  D16,D17,D20,D24,D26
15:26:08.263      519878  FFFFFFEFB3FFF  D16,D17,D20,D26
15:26:09.711      521306  FFFFFFE7B3FFF  D16,D17,D20,D25,D26
15:26:09.711      521307  FFFFFFE3B3FFF  D16,D17,D20,D24,D25,D26
15:26:09.711      521309  FFFFFFF3B3FFF  D16,D17,D20,D24,D25
15:26:11.591      523094  FFFFFFF7B3FFF  D16,D17,D20,D25
15:26:11.591      523171  FFFFFFF793FFF  D16,D17,D19,D20,D25
15:26:11.591      523173  FFFFFFF7D3FFF  D16,D17,D19,D25
15:26:15.140      526702  FFFFFFF7D7FFF  D17,D19,D25
15:26:23.903      535402  FFFFFFF7F7FFF  D17,D25
15:26:26.962      538430  FFFFFFF7F7FFF  D17,D25
15:26:35.100      546516  FFFFFFF7D7FFF  D17,D19,D25
15:26:36.122      547520  FFFFFFF7D3FFF  D16,D17,D19,D25
15:26:40.190      551559  FFFFFFF3D3FFF  D16,D17,D19,D24,D25
15:26:41.987      553346  FFFFFFE3D3FFF  D16,D17,D19,D24,D25,D26
15:26:41.987      553348  FFFFFFEFD3FFF  D16,D17,D19,D26
15:26:43.418      554775  FFFFFFEBD3FFF  D16,D17,D19,D24,D26
15:26:44.763      556095  FFFFFFE3D3FFF  D16,D17,D19,D24,D25,D26
15:26:44.764      556097  FFFFFFE7D3FFF  D16,D17,D19,D25,D26
15:26:45.738      557077  FFFFFFE3D3FFF  D16,D17,D19,D24,D25,D26
15:26:46.783      558110  FFFFFFC3D3FFF  D16,D17,D19,D24,D25,D26,D27
15:26:46.783      558112  FFFFFFCFD3FFF  D16,D17,D19,D26,D27
15:26:46.783      558113  FFFFFFDFD3FFF  D16,D17,D19,D27
15:26:47.985      559301  FFFFFFDBD3FFF  D16,D17,D19,D24,D27
15:26:49.427      560730  FFFFFFD3D3FFF  D16,D17,D19,D24,D25,D27
15:26:49.427      560732  FFFFFFD7D3FFF  D16,D17,D19,D25,D27
15:26:50.864      562160  FFFFFFD3D3FFF  D16,D17,D19,D24,D25,D27
15:26:52.313      563589  FFFFFFC3D3FFF  D16,D17,D19,D24,D25,D26,D27
15:26:52.314      563591  FFFFFFCFD3FFF  D16,D17,D19,D26,D27
15:26:53.430      564711  FFFFFFCBD3FFF  D16,D17,D19,D24,D26,D27
15:26:54.361      565623  FFFFFFC3D3FFF  D16,D17,D19,D24,D25,D26,D27
15:26:54.361      565625  FFFFFFC7D3FFF  D16,D17,D19,D25,D26,D27
15:26:55.260      566528  FFFFFFC3D3FFF  D16,D17,D19,D24,D25,D26,D27
15:26:56.191      567440  FFFFFF83D3FFF  D16,D17,D19,D24,D25,D26,D27,D28
15:26:56.191      567442  FFFFFFAFD3FFF  D16,D17,D19,D26,D28
15:26:56.191      567443  FFFFFFBFD3FFF  D16,D17,D19,D28
15:26:57.106      568353  FFFFFFBBD3FFF  D16,D17,D19,D24,D28
15:26:57.992      569227  FFFFFFB3D3FFF  D16,D17,D19,D24,D25,D28
15:26:57.993      569228  FFFFFFB7D3FFF  D16,D17,D19,D25,D28
15:26:58.911      570140  FFFFFFB3D3FFF  D16,D17,D19,D24,D25,D28
15:26:59.830      571053  FFFFFFA3D3FFF  D16,D17,D19,D24,D25,D26,D28
15:26:59.831      571055  FFFFFFAFD3FFF  D16,D17,D19,D26,D28
15:27:00.760      571976  FFFFFFABD3FFF  D16,D17,D19,D24,D26,D28
15:27:02.106      573316  FFFFFFA3D3FFF  D16,D17,D19,D24,D25,D26,D28
15:27:02.106      573318  FFFFFFA7D3FFF  D16,D17,D19,D25,D26,D28
15:27:03.577      574785  FFFFFFA3D3FFF  D16,D17,D19,D24,D25,D26,D28
15:27:05.126      576304  FFFFFF83D3FFF  D16,D17,D19,D24,D25,D26,D27,D28
15:27:05.127      576306  FFFFFF8FD3FFF  D16,D17,D19,D26,D27,D28
15:27:05.127      576308  FFFFFF9FD3FFF  D16,D17,D19,D27,D28
15:27:08.058      579228  FFFFFF9FD7FFF  D17,D19,D27,D28
15:27:16.859      587966  FFFFFF9F97FFF  D17,D19,D20,D27,D28
15:27:16.860      587968  FFFFFF9FB7FFF  D17,D20,D27,D28
15:27:17.882      588969  FFFFFF9FB3FFF  D16,D17,D20,D27,D28
15:27:21.229      592303  FFFFFF97B3FFF  D16,D17,D20,D25,D27,D28
15:27:21.229      592305  FFFFFFA3B3FFF  D16,D17,D20,D24,D25,D26,D28
15:27:22.700      593764  FFFFFFA7B3FFF  D16,D17,D20,D25,D26,D28
15:27:24.195      595241  FFFFFFA3B3FFF  D16,D17,D20,D24,D25,D26,D28
15:27:24.195      595244  FFFFFFABB3FFF  D16,D17,D20,D24,D26,D28
15:27:25.556      596593  FFFFFFAFB3FFF  D16,D17,D20,D26,D28
15:27:26.472      597494  FFFFFFA7B3FFF  D16,D17,D20,D25,D26,D28
15:27:26.472      597496  FFFFFFA3B3FFF  D16,D17,D20,D24,D25,D26,D28
15:27:26.472      597497  FFFFFFB3B3FFF  D16,D17,D20,D24,D25,D28
15:27:27.388      598012  FFFFFFB3B3FFF  D16,D17,D20,D24,D25,D28
15:27:27.388      598409  FFFFFFB7B3FFF  D16,D17,D20,D25,D28
15:27:28.440      599451  FFFFFFB3B3FFF  D16,D17,D20,D24,D25,D28
15:27:28.440      599452  FFFFFFBBB3FFF  D16,D17,D20,D24,D28
15:27:29.905      600910  FFFFFFBFB3FFF  D16,D17,D20,D28
15:27:32.755      603735  FFFFFFBFB7FFF  D17,D20,D28
15:27:43.550      614448  FFFFFFBFB3FFF  D16,D17,D20,D28
15:27:46.911      617792  FFFFFFC3B3FFF  D16,D17,D20,D24,D25,D26,D27
15:27:48.380      619252  FFFFFFC7B3FFF  D16,D17,D20,D25,D26,D27
15:27:49.401      620254  FFFFFFC3B3FFF  D16,D17,D20,D24,D25,D26,D27
15:27:49.401      620256  FFFFFFCBB3FFF  D16,D17,D20,D24,D26,D27
15:27:50.304      621158  FFFFFFCFB3FFF  D16,D17,D20,D26,D27
15:27:51.479      622319  FFFFFFC3B3FFF  D16,D17,D20,D24,D25,D26,D27
15:27:51.479      622321  FFFFFFD3B3FFF  D16,D17,D20,D24,D25,D27
15:27:53.267      624096  FFFFFFD7B3FFF  D16,D17,D20,D25,D27
15:27:56.678      627477  FFFFFFD7B7FFF  D17,D20,D25,D27
15:28:05.020      635768  FFFFFFD7B3FFF  D16,D17,D20,D25,D27
15:28:08.943      639659  FFFFFFD3B3FFF  D16,D17,D20,D24,D25,D27
15:28:08.943      639661  FFFFFFDBB3FFF  D16,D17,D20,D24,D27
15:28:10.791      641485  FFFFFFDFB3FFF  D16,D17,D20,D27
15:28:11.997      642685  FFFFFFC3B3FFF  D16,D17,D20,D24,D25,D26,D27
15:28:11.997      642688  FFFFFFE3B3FFF  D16,D17,D20,D24,D25,D26
15:28:13.020      643709  FFFFFFE7B3FFF  D16,D17,D20,D25,D26
15:28:14.036      644711  FFFFFFE3B3FFF  D16,D17,D20,D24,D25,D26
15:28:14.036      644712  FFFFFFEBB3FFF  D16,D17,D20,D24,D26
15:28:15.321      645983  FFFFFFEFB3FFF  D16,D17,D20,D26
15:28:16.755      647410  FFFFFFE3B3FFF  D16,D17,D20,D24,D25,D26
15:28:16.755      647413  FFFFFFF3B3FFF  D16,D17,D20,D24,D25
15:28:18.621      649238  FFFFFFF7B3FFF  D16,D17,D20,D25
15:28:18.621      649266  FFFFFFF793FFF  D16,D17,D19,D20,D25
15:28:18.621      649268  FFFFFFF7D3FFF  D16,D17,D19,D25
15:28:22.188      652807  FFFFFFF7D7FFF  D17,D19,D25
15:28:27.255      657829  FFFFFFF7D7FFF  D17,D19,D25
15:28:33.989      664513  FFFFFFF7F7FFF  D17,D25
15:29:27.600      717728  FFFFFFF7F7FFF  D17,D25
15:29:38.295      728353  FFFFFFF7D7FFF  D17,D19,D25
15:29:51.421      740900  FFFFFFF7F7FFF  D17,D25
15:29:51.421      741376  FFFFFFF7D7FFF  D17,D19,D25
15:29:52.427      742369  FFFFFFF7D3FFF  D16,D17,D19,D25
15:29:56.463      746379  FFFFFFF3D3FFF  D16,D17,D19,D24,D25
15:29:58.307      748205  FFFFFFE3D3FFF  D16,D17,D19,D24,D25,D26
15:29:58.307      748207  FFFFFFEFD3FFF  D16,D17,D19,D26
15:29:59.744      749634  FFFFFFEBD3FFF  D16,D17,D19,D24,D26
15:30:01.022      750905  FFFFFFE3D3FFF  D16,D17,D19,D24,D25,D26
15:30:01.022      750907  FFFFFFE7D3FFF  D16,D17,D19,D25,D26
15:30:02.063      751936  FFFFFFE3D3FFF  D16,D17,D19,D24,D25,D26
15:30:03.062      752929  FFFFFFC3D3FFF  D16,D17,D19,D24,D25,D26,D27
15:30:03.062      752931  FFFFFFCFD3FFF  D16,D17,D19,D26,D27
15:30:03.062      752933  FFFFFFDFD3FFF  D16,D17,D19,D27
15:30:04.270      754120  FFFFFFDBD3FFF  D16,D17,D19,D24,D27
15:30:05.711      755550  FFFFFFD3D3FFF  D16,D17,D19,D24,D25,D27
15:30:05.712      755552  FFFFFFD7D3FFF  D16,D17,D19,D25,D27
15:30:07.180      757018  FFFFFFD3D3FFF  D16,D17,D19,D24,D25,D27
15:30:08.585      758409  FFFFFFC3D3FFF  D16,D17,D19,D24,D25,D26,D27
15:30:08.586      758410  FFFFFFCFD3FFF  D16,D17,D19,D26,D27
15:30:09.749      759560  FFFFFFCBD3FFF  D16,D17,D19,D24,D26,D27
15:30:10.624      760433  FFFFFFC3D3FFF  D16,D17,D19,D24,D25,D26,D27
15:30:10.624      760434  FFFFFFC7D3FFF  D16,D17,D19,D25,D26,D27
15:30:11.542      761346  FFFFFFC3D3FFF  D16,D17,D19,D24,D25,D26,D27
15:30:12.462      762259  FFFFFF83D3FFF  D16,D17,D19,D24,D25,D26,D27,D28
15:30:12.462      762261  FFFFFFAFD3FFF  D16,D17,D19,D26,D28
15:30:12.462      762263  FFFFFFBFD3FFF  D16,D17,D19,D28
15:30:13.382      763172  FFFFFFBBD3FFF  D16,D17,D19,D24,D28
15:30:14.312      764086  FFFFFFB3D3FFF  D16,D17,D19,D24,D25,D28
15:30:14.312      764088  FFFFFFB7D3FFF  D16,D17,D19,D25,D28
15:30:15.229      764998  FFFFFFB3D3FFF  D16,D17,D19,D24,D25,D28
15:30:16.272      766031  FFFFFFA3D3FFF  D16,D17,D19,D24,D25,D26,D28
15:30:16.272      766032  FFFFFFAFD3FFF  D16,D17,D19,D26,D28
15:30:17.744      767500  FFFFFFABD3FFF  D16,D17,D19,D24,D26,D28
15:30:20.695      770435  FFFFFFABD7FFF  D17,D19,D24,D26,D28
15:30:27.785      777461  FFFFFFABD7FFF  D17,D19,D24,D26,D28
15:30:29.339      779015  FFFFFFABF7FFF  D17,D24,D26,D28
15:30:30.624      780284  FFFFFFABD7FFF  D17,D19,D24,D26,D28
15:30:31.627      781278  FFFFFFABD3FFF  D16,D17,D19,D24,D26,D28
15:30:35.789      785406  FFFFFFA3D3FFF  D16,D17,D19,D24,D25,D26,D28
15:30:35.790      785408  FFFFFFA7D3FFF  D16,D17,D19,D25,D26,D28
15:30:37.460      787074  FFFFFFA3D3FFF  D16,D17,D19,D24,D25,D26,D28
15:30:38.391      787987  FFFFFF83D3FFF  D16,D17,D19,D24,D25,D26,D27,D28
15:30:38.391      787989  FFFFFF8FD3FFF  D16,D17,D19,D26,D27,D28
15:30:38.391      787990  FFFFFF9FD3FFF  D16,D17,D19,D27,D28
15:30:39.305      788900  FFFFFF9BD3FFF  D16,D17,D19,D24,D27,D28
15:30:40.223      789813  FFFFFF93D3FFF  D16,D17,D19,D24,D25,D27,D28
15:30:40.223      789814  FFFFFF97D3FFF  D16,D17,D19,D25,D27,D28
15:30:41.137      790726  FFFFFF93D3FFF  D16,D17,D19,D24,D25,D27,D28
15:30:42.024      791600  FFFFFF83D3FFF  D16,D17,D19,D24,D25,D26,D27,D28
15:30:42.025      791602  FFFFFF8FD3FFF  D16,D17,D19,D26,D27,D28
15:30:42.938      792512  FFFFFF8BD3FFF  D16,D17,D19,D24,D26,D27,D28
15:30:43.866      793425  FFFFFF83D3FFF  D16,D17,D19,D24,D25,D26,D27,D28
15:30:43.866      793427  FFFFFF87D3FFF  D16,D17,D19,D25,D26,D27,D28
15:30:44.785      794339  FFFFFF83D3FFF  D16,D17,D19,D24,D25,D26,D27,D28
15:30:45.715      795252  FFFFFF43D3FFF  D16,D17,D19,D24,D25,D26,D27,D29
15:30:45.715      795253  FFFFFF6FD3FFF  D16,D17,D19,D26,D29
15:30:45.715      795255  FFFFFF7FD3FFF  D16,D17,D19,D29
15:30:46.629      796166  FFFFFF7BD3FFF  D16,D17,D19,D24,D29
15:30:47.663      797197  FFFFFF73D3FFF  D16,D17,D19,D24,D25,D29
15:30:47.663      797199  FFFFFF77D3FFF  D16,D17,D19,D25,D29
15:30:49.144      798666  FFFFFF73D3FFF  D16,D17,D19,D24,D25,D29
15:30:52.229      801602  FFFFFF73D7FFF  D17,D19,D24,D25,D29
15:30:52.229      801725  FFFFFF73F7FFF  D17,D24,D25,D29
15:31:25.821      835074  FFFFFF73B7FFF  D17,D20,D24,D25,D29
15:31:26.779      836027  FFFFFF73B3FFF  D16,D17,D20,D24,D25,D29
15:31:27.790      837031  FFFFFF73B3FFF  D16,D17,D20,D24,D25,D29
15:31:30.099      839323  FFFFFF77B3FFF  D16,D17,D20,D25,D29
15:31:31.586      840791  FFFFFF73B3FFF  D16,D17,D20,D24,D25,D29
15:31:31.586      840793  FFFFFF7BB3FFF  D16,D17,D20,D24,D29
15:31:32.620      841825  FFFFFF7FB3FFF  D16,D17,D20,D29
15:31:33.553      842736  FFFFFF27B3FFF  D16,D17,D20,D25,D26,D28,D29
15:31:33.553      842738  FFFFFF03B3FFF  D16,D17,D20,D24,D25,D26,D27,D28,D29
15:31:33.553      842740  FFFFFF83B3FFF  D16,D17,D20,D24,D25,D26,D27,D28
15:31:34.423      843611  FFFFFF87B3FFF  D16,D17,D20,D25,D26,D27,D28
15:31:35.340      844523  FFFFFF83B3FFF  D16,D17,D20,D24,D25,D26,D27,D28
15:31:35.340      844525  FFFFFF8BB3FFF  D16,D17,D20,D24,D26,D27,D28
15:31:36.268      845437  FFFFFF8FB3FFF  D16,D17,D20,D26,D27,D28
15:31:37.194      846349  FFFFFF87B3FFF  D16,D17,D20,D25,D26,D27,D28
15:31:37.194      846351  FFFFFF83B3FFF  D16,D17,D20,D24,D25,D26,D27,D28
15:31:37.194      846352  FFFFFF93B3FFF  D16,D17,D20,D24,D25,D27,D28
15:31:38.105      847263  FFFFFF97B3FFF  D16,D17,D20,D25,D27,D28
15:31:39.021      848176  FFFFFF93B3FFF  D16,D17,D20,D24,D25,D27,D28
15:31:39.021      848178  FFFFFF9BB3FFF  D16,D17,D20,D24,D27,D28
15:31:39.948      849090  FFFFFF9FB3FFF  D16,D17,D20,D27,D28
15:31:40.830      849961  FFFFFF97B3FFF  D16,D17,D20,D25,D27,D28
15:31:40.831      849963  FFFFFFA3B3FFF  D16,D17,D20,D24,D25,D26,D28
15:31:41.740      850876  FFFFFFA7B3FFF  D16,D17,D20,D25,D26,D28
15:31:43.431      852543  FFFFFFA3B3FFF  D16,D17,D20,D24,D25,D26,D28
15:31:43.431      852544  FFFFFFABB3FFF  D16,D17,D20,D24,D26,D28
15:31:47.138      856232  FFFFFFABB7FFF  D17,D20,D24,D26,D28
15:31:57.897      866915  FFFFFFABB3FFF  D16,D17,D20,D24,D26,D28
15:32:01.262      870251  FFFFFFAFB3FFF  D16,D17,D20,D26,D28
15:32:02.709      871680  FFFFFFA3B3FFF  D16,D17,D20,D24,D25,D26,D28
15:32:02.709      871683  FFFFFFB3B3FFF  D16,D17,D20,D24,D25,D28
15:32:03.745      872713  FFFFFFB7B3FFF  D16,D17,D20,D25,D28
15:32:04.673      873625  FFFFFFB3B3FFF  D16,D17,D20,D24,D25,D28
15:32:04.673      873627  FFFFFFBBB3FFF  D16,D17,D20,D24,D28
15:32:05.584      874540  FFFFFFBFB3FFF  D16,D17,D20,D28
15:32:06.501      875451  FFFFFFC3B3FFF  D16,D17,D20,D24,D25,D26,D27
15:32:07.425      876365  FFFFFFC7B3FFF  D16,D17,D20,D25,D26,D27
15:32:08.310      877238  FFFFFFC3B3FFF  D16,D17,D20,D24,D25,D26,D27
15:32:08.310      877240  FFFFFFCBB3FFF  D16,D17,D20,D24,D26,D27
15:32:09.219      878152  FFFFFFCFB3FFF  D16,D17,D20,D26,D27
15:32:10.379      879302  FFFFFFC3B3FFF  D16,D17,D20,D24,D25,D26,D27
15:32:10.380      879305  FFFFFFD3B3FFF  D16,D17,D20,D24,D25,D27
15:32:11.787      880703  FFFFFFD7B3FFF  D16,D17,D20,D25,D27
15:32:13.264      882161  FFFFFFD3B3FFF  D16,D17,D20,D24,D25,D27
15:32:13.264      882163  FFFFFFDBB3FFF  D16,D17,D20,D24,D27
15:32:14.700      883592  FFFFFFDFB3FFF  D16,D17,D20,D27
15:32:15.898      884781  FFFFFFC7B3FFF  D16,D17,D20,D25,D26,D27
15:32:15.898      884783  FFFFFFE3B3FFF  D16,D17,D20,D24,D25,D26
15:32:16.922      885785  FFFFFFE7B3FFF  D16,D17,D20,D25,D26
15:32:17.940      886806  FFFFFFE3B3FFF  D16,D17,D20,D24,D25,D26
15:32:17.940      886808  FFFFFFEBB3FFF  D16,D17,D20,D24,D26
15:32:19.217      888077  FFFFFFEFB3FFF  D16,D17,D20,D26
15:32:20.670      889505  FFFFFFE3B3FFF  D16,D17,D20,D24,D25,D26
15:32:20.670      889508  FFFFFFF3B3FFF  D16,D17,D20,D24,D25
15:32:22.623      891343  FFFFFFF7B3FFF  D16,D17,D20,D25
15:32:22.623      891451  FFFFFFF793FFF  D16,D17,D19,D20,D25
15:32:22.623      891453  FFFFFFF7D3FFF  D16,D17,D19,D25
15:32:26.144      894942  FFFFFFF7D7FFF  D17,D19,D25
15:32:28.170      896953  FFFFFFF7D7FFF  D17,D19,D25
15:32:34.948      903681  FFFFFFF7F7FFF  D17,D25
15:32:40.697      909396  FFFFFFF7D7FFF  D17,D19,D25
15:32:41.700      910390  FFFFFFF7D3FFF  D16,D17,D19,D25
15:32:45.742      914400  FFFFFFF3D3FFF  D16,D17,D19,D24,D25
15:32:47.584      916225  FFFFFFE3D3FFF  D16,D17,D19,D24,D25,D26
15:32:47.584      916227  FFFFFFE7D3FFF  D16,D17,D19,D25,D26
15:32:47.584      916229  FFFFFFEFD3FFF  D16,D17,D19,D26
15:32:49.032      917655  FFFFFFEBD3FFF  D16,D17,D19,D24,D26
15:32:50.304      918926  FFFFFFE3D3FFF  D16,D17,D19,D24,D25,D26
15:32:50.304      918927  FFFFFFE7D3FFF  D16,D17,D19,D25,D26
15:32:51.345      919957  FFFFFFE3D3FFF  D16,D17,D19,D24,D25,D26
15:32:52.350      920950  FFFFFFC3D3FFF  D16,D17,D19,D24,D25,D26,D27
15:32:52.350      920952  FFFFFFCFD3FFF  D16,D17,D19,D26,D27
15:32:52.350      920954  FFFFFFDFD3FFF  D16,D17,D19,D27
15:32:53.541      922141  FFFFFFDBD3FFF  D16,D17,D19,D24,D27
15:32:54.987      923571  FFFFFFD3D3FFF  D16,D17,D19,D24,D25,D27
15:32:54.987      923573  FFFFFFD7D3FFF  D16,D17,D19,D25,D27
15:32:56.470      925040  FFFFFFD3D3FFF  D16,D17,D19,D24,D25,D27
15:32:57.859      926430  FFFFFFC3D3FFF  D16,D17,D19,D24,D25,D26,D27
15:32:57.860      926432  FFFFFFCFD3FFF  D16,D17,D19,D26,D27
15:32:59.019      927581  FFFFFFCBD3FFF  D16,D17,D19,D24,D26,D27
15:32:59.903      928454  FFFFFFC3D3FFF  D16,D17,D19,D24,D25,D26,D27
15:32:59.903      928456  FFFFFFC7D3FFF  D16,D17,D19,D25,D26,D27
15:33:00.819      929367  FFFFFFC3D3FFF  D16,D17,D19,D24,D25,D26,D27
15:33:01.754      930280  FFFFFF83D3FFF  D16,D17,D19,D24,D25,D26,D27,D28
15:33:01.755      930282  FFFFFFAFD3FFF  D16,D17,D19,D26,D28
15:33:01.755      930284  FFFFFFBFD3FFF  D16,D17,D19,D28
15:33:02.671      931193  FFFFFFBBD3FFF  D16,D17,D19,D24,D28
15:33:03.591      932106  FFFFFFB3D3FFF  D16,D17,D19,D24,D25,D28
15:33:03.592      932108  FFFFFFB7D3FFF  D16,D17,D19,D25,D28
15:33:04.500      933020  FFFFFFB3D3FFF  D16,D17,D19,D24,D25,D28
15:33:05.401      933903  FFFFFFA3D3FFF  D16,D17,D19,D24,D25,D26,D28
15:33:05.401      933905  FFFFFFAFD3FFF  D16,D17,D19,D26,D28
15:33:06.360      934856  FFFFFFABD3FFF  D16,D17,D19,D24,D26,D28
15:33:07.709      936196  FFFFFFA3D3FFF  D16,D17,D19,D24,D25,D26,D28
15:33:07.709      936198  FFFFFFA7D3FFF  D16,D17,D19,D25,D26,D28
15:33:09.072      937546  FFFFFFA3D3FFF  D16,D17,D19,D24,D25,D26,D28
15:33:09.990      938459  FFFFFF83D3FFF  D16,D17,D19,D24,D25,D26,D27,D28
15:33:09.991      938461  FFFFFF8FD3FFF  D16,D17,D19,D26,D27,D28
15:33:09.991      938463  FFFFFF9FD3FFF  D16,D17,D19,D27,D28
15:33:10.906      939372  FFFFFF9BD3FFF  D16,D17,D19,D24,D27,D28
15:33:11.825      940285  FFFFFF93D3FFF  D16,D17,D19,D24,D25,D27,D28
15:33:11.826      940286  FFFFFF97D3FFF  D16,D17,D19,D25,D27,D28
15:33:12.743      941199  FFFFFF93D3FFF  D16,D17,D19,D24,D25,D27,D28
15:33:13.630      942071  FFFFFF83D3FFF  D16,D17,D19,D24,D25,D26,D27,D28
15:33:13.630      942073  FFFFFF8FD3FFF  D16,D17,D19,D26,D27,D28
15:33:14.548      942985  FFFFFF8BD3FFF  D16,D17,D19,D24,D26,D27,D28
15:33:15.467      943899  FFFFFF83D3FFF  D16,D17,D19,D24,D25,D26,D27,D28
15:33:15.467      943900  FFFFFF87D3FFF  D16,D17,D19,D25,D26,D27,D28
15:33:16.390      944812  FFFFFF83D3FFF  D16,D17,D19,D24,D25,D26,D27,D28
15:33:17.307      945724  FFFFFF43D3FFF  D16,D17,D19,D24,D25,D26,D27,D29
15:33:17.307      945726  FFFFFF6FD3FFF  D16,D17,D19,D26,D29
15:33:17.307      945728  FFFFFF7FD3FFF  D16,D17,D19,D29
15:33:18.226      946638  FFFFFF7BD3FFF  D16,D17,D19,D24,D29
15:33:19.219      947631  FFFFFF73D3FFF  D16,D17,D19,D24,D25,D29
15:33:19.219      947633  FFFFFF77D3FFF  D16,D17,D19,D25,D29
15:33:20.749      949140  FFFFFF73D3FFF  D16,D17,D19,D24,D25,D29
15:33:23.747      952074  FFFFFF73D7FFF  D17,D19,D24,D25,D29
15:33:23.747      952118  FFFFFF73F7FFF  D17,D24,D25,D29
15:33:28.320      956653  FFFFFF73F7FFF  D17,D24,D25,D29
15:34:28.491     1016378  FFFFFF73F7FFF  D17,D24,D25,D29
15:35:20.709     1068218  FFFFFF73B7FFF  D17,D20,D24,D25,D29
15:35:21.667     1069161  FFFFFF73B3FFF  D16,D17,D20,D24,D25,D29
15:35:25.034     1072506  FFFFFF77B3FFF  D16,D17,D20,D25,D29
15:35:26.510     1073975  FFFFFF73B3FFF  D16,D17,D20,D24,D25,D29
15:35:26.510     1073976  FFFFFF7BB3FFF  D16,D17,D20,D24,D29
15:35:27.501     1074958  FFFFFF7FB3FFF  D16,D17,D20,D29
15:35:28.460     1075909  FFFFFF27B3FFF  D16,D17,D20,D25,D26,D28,D29
15:35:28.460     1075911  FFFFFF83B3FFF  D16,D17,D20,D24,D25,D26,D27,D28
15:35:29.357     1076416  FFFFFF83B3FFF  D16,D17,D20,D24,D25,D26,D27,D28
15:35:29.357     1076795  FFFFFF87B3FFF  D16,D17,D20,D25,D26,D27,D28
15:35:30.282     1077706  FFFFFF83B3FFF  D16,D17,D20,D24,D25,D26,D27,D28
15:35:30.282     1077708  FFFFFF8BB3FFF  D16,D17,D20,D24,D26,D27,D28
15:35:31.183     1078610  FFFFFF8FB3FFF  D16,D17,D20,D26,D27,D28
15:35:32.123     1079532  FFFFFF87B3FFF  D16,D17,D20,D25,D26,D27,D28
15:35:32.123     1079534  FFFFFF83B3FFF  D16,D17,D20,D24,D25,D26,D27,D28
15:35:32.123     1079536  FFFFFF93B3FFF  D16,D17,D20,D24,D25,D27,D28
15:35:33.034     1080448  FFFFFF97B3FFF  D16,D17,D20,D25,D27,D28
15:35:33.951     1081349  FFFFFF93B3FFF  D16,D17,D20,D24,D25,D27,D28
15:35:33.951     1081351  FFFFFF9BB3FFF  D16,D17,D20,D24,D27,D28
15:35:34.830     1082233  FFFFFF9FB3FFF  D16,D17,D20,D27,D28
15:35:35.755     1083146  FFFFFF87B3FFF  D16,D17,D20,D25,D26,D27,D28
15:35:35.755     1083148  FFFFFFA3B3FFF  D16,D17,D20,D24,D25,D26,D28
15:35:36.679     1084060  FFFFFFA7B3FFF  D16,D17,D20,D25,D26,D28
15:35:38.032     1085409  FFFFFFA3B3FFF  D16,D17,D20,D24,D25,D26,D28
15:35:38.032     1085411  FFFFFFABB3FFF  D16,D17,D20,D24,D26,D28
15:35:39.417     1086789  FFFFFFAFB3FFF  D16,D17,D20,D26,D28
15:35:40.351     1087702  FFFFFFA3B3FFF  D16,D17,D20,D24,D25,D26,D28
15:35:40.351     1087705  FFFFFFB3B3FFF  D16,D17,D20,D24,D25,D28
15:35:41.268     1088616  FFFFFFB7B3FFF  D16,D17,D20,D25,D28
15:35:42.193     1089528  FFFFFFB3B3FFF  D16,D17,D20,D24,D25,D28
15:35:42.193     1089530  FFFFFFBBB3FFF  D16,D17,D20,D24,D28
15:35:43.065     1090402  FFFFFFBFB3FFF  D16,D17,D20,D28
15:35:43.990     1091313  FFFFFFA7B3FFF  D16,D17,D20,D25,D26,D28
15:35:43.990     1091315  FFFFFFC3B3FFF  D16,D17,D20,D24,D25,D26,D27
15:35:44.906     1092229  FFFFFFC7B3FFF  D16,D17,D20,D25,D26,D27
15:35:45.823     1093141  FFFFFFC3B3FFF  D16,D17,D20,D24,D25,D26,D27
15:35:45.823     1093143  FFFFFFCBB3FFF  D16,D17,D20,D24,D26,D27
15:35:46.741     1094054  FFFFFFCFB3FFF  D16,D17,D20,D26,D27
15:35:47.869     1095165  FFFFFFC3B3FFF  D16,D17,D20,D24,D25,D26,D27
15:35:47.869     1095169  FFFFFFD3B3FFF  D16,D17,D20,D24,D25,D27
15:35:49.700     1096993  FFFFFFD7B3FFF  D16,D17,D20,D25,D27
15:35:53.349     1100363  FFFFFFD7B7FFF  D17,D20,D25,D27
15:35:53.349     1100448  FFFFFFD7F7FFF  D17,D25,D27
15:35:53.349     1100604  FFFFFFD7D7FFF  D17,D19,D25,D27
15:35:57.220     1104456  FFFFFFD7D3FFF  D16,D17,D19,D25,D27
15:36:01.071     1108268  FFFFFFD3D3FFF  D16,D17,D19,D24,D25,D27
15:36:02.897     1110093  FFFFFFC3D3FFF  D16,D17,D19,D24,D25,D26,D27
15:36:02.897     1110095  FFFFFFCFD3FFF  D16,D17,D19,D26,D27
15:36:04.069     1111245  FFFFFFCBD3FFF  D16,D17,D19,D24,D26,D27
15:36:04.952     1112119  FFFFFFC3D3FFF  D16,D17,D19,D24,D25,D26,D27
15:36:04.952     1112121  FFFFFFC7D3FFF  D16,D17,D19,D25,D26,D27
15:36:05.869     1113032  FFFFFFC3D3FFF  D16,D17,D19,D24,D25,D26,D27
15:36:06.786     1113945  FFFFFF83D3FFF  D16,D17,D19,D24,D25,D26,D27,D28
15:36:06.786     1113947  FFFFFFAFD3FFF  D16,D17,D19,D26,D28
15:36:06.786     1113949  FFFFFFBFD3FFF  D16,D17,D19,D28
15:36:07.701     1114858  FFFFFFBBD3FFF  D16,D17,D19,D24,D28
15:36:08.631     1115770  FFFFFFB3D3FFF  D16,D17,D19,D24,D25,D28
15:36:08.631     1115772  FFFFFFB7D3FFF  D16,D17,D19,D25,D28
15:36:09.559     1116695  FFFFFFB3D3FFF  D16,D17,D19,D24,D25,D28
15:36:10.472     1117597  FFFFFFA3D3FFF  D16,D17,D19,D24,D25,D26,D28
15:36:10.472     1117599  FFFFFFAFD3FFF  D16,D17,D19,D26,D28
15:36:11.388     1118511  FFFFFFABD3FFF  D16,D17,D19,D24,D26,D28
15:36:12.748     1119861  FFFFFFA3D3FFF  D16,D17,D19,D24,D25,D26,D28
15:36:12.748     1119862  FFFFFFA7D3FFF  D16,D17,D19,D25,D26,D28
15:36:14.099     1121211  FFFFFFA3D3FFF  D16,D17,D19,D24,D25,D26,D28
15:36:15.024     1122123  FFFFFF83D3FFF  D16,D17,D19,D24,D25,D26,D27,D28
15:36:15.024     1122125  FFFFFF8FD3FFF  D16,D17,D19,D26,D27,D28
15:36:15.024     1122127  FFFFFF9FD3FFF  D16,D17,D19,D27,D28
15:36:15.950     1123038  FFFFFF9BD3FFF  D16,D17,D19,D24,D27,D28
15:36:16.860     1123950  FFFFFF93D3FFF  D16,D17,D19,D24,D25,D27,D28
15:36:16.860     1123952  FFFFFF97D3FFF  D16,D17,D19,D25,D27,D28
15:36:17.742     1124824  FFFFFF93D3FFF  D16,D17,D19,D24,D25,D27,D28
15:36:18.671     1125737  FFFFFF83D3FFF  D16,D17,D19,D24,D25,D26,D27,D28
15:36:18.671     1125738  FFFFFF8FD3FFF  D16,D17,D19,D26,D27,D28
15:36:19.585     1126650  FFFFFF8BD3FFF  D16,D17,D19,D24,D26,D27,D28
15:36:20.510     1127563  FFFFFF83D3FFF  D16,D17,D19,D24,D25,D26,D27,D28
15:36:20.510     1127565  FFFFFF87D3FFF  D16,D17,D19,D25,D26,D27,D28
15:36:21.421     1128476  FFFFFF83D3FFF  D16,D17,D19,D24,D25,D26,D27,D28
15:36:22.350     1129390  FFFFFF43D3FFF  D16,D17,D19,D24,D25,D26,D27,D29
15:36:22.350     1129392  FFFFFF6FD3FFF  D16,D17,D19,D26,D29
15:36:22.350     1129393  FFFFFF7FD3FFF  D16,D17,D19,D29
15:36:23.271     1130303  FFFFFF7BD3FFF  D16,D17,D19,D24,D29
15:36:24.306     1131334  FFFFFF73D3FFF  D16,D17,D19,D24,D25,D29
15:36:24.306     1131336  FFFFFF77D3FFF  D16,D17,D19,D25,D29
15:36:25.780     1132804  FFFFFF73D3FFF  D16,D17,D19,D24,D25,D29
15:36:28.868     1135738  FFFFFF73D7FFF  D17,D19,D24,D25,D29
15:36:28.868     1135862  FFFFFF73F7FFF  D17,D24,D25,D29
15:36:29.385     1136374  FFFFFF73F7FFF  D17,D24,D25,D29
15:37:29.730     1196270  FFFFFF73F7FFF  D17,D24,D25,D29
15:38:29.940     1256031  FFFFFF73F7FFF  D17,D24,D25,D29
15:39:18.785     1304518  FFFFFF73D7FFF  D17,D19,D24,D25,D29
15:39:19.743     1305470  FFFFFF73D3FFF  D16,D17,D19,D24,D25,D29
15:39:23.024     1308727  FFFFFF63D3FFF  D16,D17,D19,D24,D25,D26,D29
15:39:23.024     1308729  FFFFFF6FD3FFF  D16,D17,D19,D26,D29
15:39:24.547     1310236  FFFFFF6BD3FFF  D16,D17,D19,D24,D26,D29
15:39:25.553     1311238  FFFFFF63D3FFF  D16,D17,D19,D24,D25,D26,D29
15:39:25.553     1311240  FFFFFF67D3FFF  D16,D17,D19,D25,D26,D29
15:39:26.470     1312152  FFFFFF63D3FFF  D16,D17,D19,D24,D25,D26,D29
15:39:27.430     1313094  FFFFFF43D3FFF  D16,D17,D19,D24,D25,D26,D27,D29
15:39:27.430     1313096  FFFFFF4FD3FFF  D16,D17,D19,D26,D27,D29
15:39:27.430     1313098  FFFFFF5FD3FFF  D16,D17,D19,D27,D29
15:39:28.388     1314048  FFFFFF5BD3FFF  D16,D17,D19,D24,D27,D29
15:39:29.350     1315000  FFFFFF53D3FFF  D16,D17,D19,D24,D25,D27,D29
15:39:29.350     1315002  FFFFFF57D3FFF  D16,D17,D19,D25,D27,D29
15:39:30.309     1315953  FFFFFF53D3FFF  D16,D17,D19,D24,D25,D27,D29
15:39:31.280     1316468  FFFFFF53D3FFF  D16,D17,D19,D24,D25,D27,D29
15:39:31.280     1316916  FFFFFF43D3FFF  D16,D17,D19,D24,D25,D26,D27,D29
15:39:31.280     1316918  FFFFFF4FD3FFF  D16,D17,D19,D26,D27,D29
15:39:32.302     1317938  FFFFFF4BD3FFF  D16,D17,D19,D24,D26,D27,D29
15:39:34.300     1319616  FFFFFF43D3FFF  D16,D17,D19,D24,D25,D26,D27,D29
15:39:34.300     1319618  FFFFFF47D3FFF  D16,D17,D19,D25,D26,D27,D29
15:39:34.300     1319764  FFFFFF4793FFF  D16,D17,D19,D20,D25,D26,D27,D29
15:39:34.300     1319924  FFFFFF47B3FFF  D16,D17,D20,D25,D26,D27,D29
15:39:37.460     1323057  FFFFFF47B7FFF  D17,D20,D25,D26,D27,D29
15:39:47.105     1332630  FFFFFF47F7FFF  D17,D25,D26,D27,D29
15:40:01.184     1346604  FFFFFF47B7FFF  D17,D20,D25,D26,D27,D29
15:40:02.227     1347636  FFFFFF47B3FFF  D16,D17,D20,D25,D26,D27,D29
15:40:06.065     1351447  FFFFFF43B3FFF  D16,D17,D20,D24,D25,D26,D27,D29
15:40:06.065     1351449  FFFFFF4BB3FFF  D16,D17,D20,D24,D26,D27,D29
15:40:07.744     1353116  FFFFFF4FB3FFF  D16,D17,D20,D26,D27,D29
15:40:08.786     1354147  FFFFFF43B3FFF  D16,D17,D20,D24,D25,D26,D27,D29
15:40:08.786     1354150  FFFFFF53B3FFF  D16,D17,D20,D24,D25,D27,D29
15:40:09.740     1355101  FFFFFF57B3FFF  D16,D17,D20,D25,D27,D29
15:40:10.698     1356053  FFFFFF53B3FFF  D16,D17,D20,D24,D25,D27,D29
15:40:10.699     1356054  FFFFFF5BB3FFF  D16,D17,D20,D24,D27,D29
15:40:11.668     1357006  FFFFFF5FB3FFF  D16,D17,D20,D27,D29
15:40:12.578     1357919  FFFFFF47B3FFF  D16,D17,D20,D25,D26,D27,D29
15:40:12.578     1357920  FFFFFF63B3FFF  D16,D17,D20,D24,D25,D26,D29
15:40:13.588     1358912  FFFFFF67B3FFF  D16,D17,D20,D25,D26,D29
15:40:14.469     1359785  FFFFFF63B3FFF  D16,D17,D20,D24,D25,D26,D29
15:40:14.469     1359788  FFFFFF6BB3FFF  D16,D17,D20,D24,D26,D29
15:40:15.385     1360699  FFFFFF6FB3FFF  D16,D17,D20,D26,D29
15:40:16.304     1361611  FFFFFF63B3FFF  D16,D17,D20,D24,D25,D26,D29
15:40:16.304     1361613  FFFFFF73B3FFF  D16,D17,D20,D24,D25,D29
15:40:17.231     1362526  FFFFFF77B3FFF  D16,D17,D20,D25,D29
15:40:18.143     1363438  FFFFFF73B3FFF  D16,D17,D20,D24,D25,D29
15:40:18.143     1363440  FFFFFF7BB3FFF  D16,D17,D20,D24,D29
15:40:19.070     1364352  FFFFFF7FB3FFF  D16,D17,D20,D29
15:40:19.990     1365263  FFFFFF67B3FFF  D16,D17,D20,D25,D26,D29
15:40:19.990     1365265  FFFFFF83B3FFF  D16,D17,D20,D24,D25,D26,D27,D28
15:40:20.908     1366177  FFFFFF87B3FFF  D16,D17,D20,D25,D26,D27,D28
15:40:21.822     1367091  FFFFFF83B3FFF  D16,D17,D20,D24,D25,D26,D27,D28
15:40:21.822     1367092  FFFFFF8BB3FFF  D16,D17,D20,D24,D26,D27,D28
15:40:22.706     1367964  FFFFFF8FB3FFF  D16,D17,D20,D26,D27,D28
15:40:23.633     1368877  FFFFFF87B3FFF  D16,D17,D20,D25,D26,D27,D28
15:40:23.633     1368879  FFFFFF83B3FFF  D16,D17,D20,D24,D25,D26,D27,D28
15:40:23.633     1368880  FFFFFF93B3FFF  D16,D17,D20,D24,D25,D27,D28
15:40:24.551     1369791  FFFFFF97B3FFF  D16,D17,D20,D25,D27,D28
15:40:25.463     1370703  FFFFFF93B3FFF  D16,D17,D20,D24,D25,D27,D28
15:40:25.463     1370705  FFFFFF9BB3FFF  D16,D17,D20,D24,D27,D28
15:40:26.390     1371617  FFFFFF9FB3FFF  D16,D17,D20,D27,D28
15:40:27.303     1372529  FFFFFF8FB3FFF  D16,D17,D20,D26,D27,D28
15:40:27.303     1372531  FFFFFFA3B3FFF  D16,D17,D20,D24,D25,D26,D28
15:40:28.228     1373444  FFFFFFA7B3FFF  D16,D17,D20,D25,D26,D28
15:40:29.582     1374793  FFFFFFA3B3FFF  D16,D17,D20,D24,D25,D26,D28
15:40:29.582     1374794  FFFFFFABB3FFF  D16,D17,D20,D24,D26,D28
15:40:31.058     1376263  FFFFFFAFB3FFF  D16,D17,D20,D26,D28
15:40:31.575     1376766  FFFFFFAFB3FFF  D16,D17,D20,D26,D28
15:40:32.553     1377730  FFFFFFA3B3FFF  D16,D17,D20,D24,D25,D26,D28
15:40:32.553     1377733  FFFFFFB3B3FFF  D16,D17,D20,D24,D25,D28
15:40:35.387     1380546  FFFFFFB3B7FFF  D17,D20,D24,D25,D28
15:40:44.223     1389326  FFFFFFB3F7FFF  D17,D24,D25,D28
15:40:50.635     1395687  FFFFFFB3B7FFF  D17,D20,D24,D25,D28
15:40:51.580     1396630  FFFFFFB3B3FFF  D16,D17,D20,D24,D25,D28
15:40:54.898     1399925  FFFFFFB7B3FFF  D16,D17,D20,D25,D28
15:40:56.385     1401394  FFFFFFB3B3FFF  D16,D17,D20,D24,D25,D28
15:40:56.385     1401396  FFFFFFBBB3FFF  D16,D17,D20,D24,D28
15:40:57.378     1402387  FFFFFFBFB3FFF  D16,D17,D20,D28
15:40:58.307     1403299  FFFFFFEFB3FFF  D16,D17,D20,D26
15:40:58.307     1403300  FFFFFFC3B3FFF  D16,D17,D20,D24,D25,D26,D27
15:40:59.223     1404213  FFFFFFC7B3FFF  D16,D17,D20,D25,D26,D27
15:41:00.141     1405125  FFFFFFC3B3FFF  D16,D17,D20,D24,D25,D26,D27
15:41:00.141     1405127  FFFFFFCBB3FFF  D16,D17,D20,D24,D26,D27
15:41:01.068     1406040  FFFFFFCFB3FFF  D16,D17,D20,D26,D27
15:41:02.180     1407151  FFFFFFC7B3FFF  D16,D17,D20,D25,D26,D27
15:41:02.180     1407152  FFFFFFC3B3FFF  D16,D17,D20,D24,D25,D26,D27
15:41:02.180     1407154  FFFFFFD3B3FFF  D16,D17,D20,D24,D25,D27
15:41:03.629     1408581  FFFFFFD7B3FFF  D16,D17,D20,D25,D27
15:41:05.063     1410009  FFFFFFD3B3FFF  D16,D17,D20,D24,D25,D27
15:41:05.063     1410011  FFFFFFDBB3FFF  D16,D17,D20,D24,D27
15:41:06.498     1411439  FFFFFFDFB3FFF  D16,D17,D20,D27
15:41:07.748     1412678  FFFFFFC7B3FFF  D16,D17,D20,D25,D26,D27
15:41:07.748     1412680  FFFFFFE3B3FFF  D16,D17,D20,D24,D25,D26
15:41:08.738     1413662  FFFFFFE7B3FFF  D16,D17,D20,D25,D26
15:41:09.750     1414654  FFFFFFE3B3FFF  D16,D17,D20,D24,D25,D26
15:41:09.750     1414656  FFFFFFEBB3FFF  D16,D17,D20,D24,D26
15:41:11.060     1415965  FFFFFFEFB3FFF  D16,D17,D20,D26
15:41:13.191     1417910  FFFFFFE7B3FFF  D16,D17,D20,D25,D26
15:41:13.191     1417911  FFFFFFE3B3FFF  D16,D17,D20,D24,D25,D26
15:41:13.191     1417913  FFFFFFF3B3FFF  D16,D17,D20,D24,D25
15:41:13.191     1418068  FFFFFFF393FFF  D16,D17,D19,D20,D24,D25
15:41:13.191     1418071  FFFFFFF3D3FFF  D16,D17,D19,D24,D25
15:41:16.222     1421083  FFFFFFF3D7FFF  D17,D19,D24,D25
15:41:31.979     1436722  FFFFFFF3D7FFF  D17,D19,D24,D25
15:41:34.737     1439468  FFFFFFF3D3FFF  D16,D17,D19,D24,D25
15:41:38.429     1443121  FFFFFFE3D3FFF  D16,D17,D19,D24,D25,D26
15:41:38.430     1443123  FFFFFFEFD3FFF  D16,D17,D19,D26
15:41:40.392     1445076  FFFFFFEBD3FFF  D16,D17,D19,D24,D26
15:41:41.673     1446346  FFFFFFE3D3FFF  D16,D17,D19,D24,D25,D26
15:41:41.673     1446348  FFFFFFE7D3FFF  D16,D17,D19,D25,D26
15:41:42.709     1447369  FFFFFFE3D3FFF  D16,D17,D19,D24,D25,D26
15:41:43.714     1448372  FFFFFFC3D3FFF  D16,D17,D19,D24,D25,D26,D27
15:41:43.714     1448374  FFFFFFCFD3FFF  D16,D17,D19,D26,D27
15:41:43.714     1448376  FFFFFFDFD3FFF  D16,D17,D19,D27
15:41:44.917     1449563  FFFFFFDBD3FFF  D16,D17,D19,D24,D27
15:41:46.792     1451429  FFFFFFD3D3FFF  D16,D17,D19,D24,D25,D27
15:41:46.792     1451430  FFFFFFD7D3FFF  D16,D17,D19,D25,D27
15:41:50.317     1454920  FFFFFFD7D7FFF  D17,D19,D25,D27
15:42:02.630     1467153  FFFFFFD7F7FFF  D17,D25,D27
15:42:05.664     1470158  FFFFFFD7B7FFF  D17,D20,D25,D27
15:42:06.633     1471122  FFFFFFD7B3FFF  D16,D17,D20,D25,D27
15:42:10.545     1475002  FFFFFFD3B3FFF  D16,D17,D20,D24,D25,D27
15:42:10.545     1475004  FFFFFFDBB3FFF  D16,D17,D20,D24,D27
15:42:12.390     1476840  FFFFFFDFB3FFF  D16,D17,D20,D27
15:42:13.591     1478019  FFFFFFCFB3FFF  D16,D17,D20,D26,D27
15:42:13.591     1478021  FFFFFFE3B3FFF  D16,D17,D20,D24,D25,D26
15:42:14.627     1479064  FFFFFFE7B3FFF  D16,D17,D20,D25,D26
15:42:15.630     1480054  FFFFFFE3B3FFF  D16,D17,D20,D24,D25,D26
15:42:15.630     1480056  FFFFFFEBB3FFF  D16,D17,D20,D24,D26
15:42:16.911     1481327  FFFFFFEFB3FFF  D16,D17,D20,D26
15:42:18.358     1482755  FFFFFFE3B3FFF  D16,D17,D20,D24,D25,D26
15:42:18.358     1482758  FFFFFFF3B3FFF  D16,D17,D20,D24,D25
15:42:20.219     1484571  FFFFFFF7B3FFF  D16,D17,D20,D25
15:42:20.220     1484610  FFFFFFF793FFF  D16,D17,D19,D20,D25
15:42:20.220     1484612  FFFFFFF7D3FFF  D16,D17,D19,D25
15:42:23.922     1488151  FFFFFFF7D7FFF  D17,D19,D25
15:42:23.922     1488275  FFFFFFF7F7FFF  D17,D25
15:42:32.035     1496331  FFFFFFF7F7FFF  D17,D25
15:43:32.204     1556050  FFFFFFF7F7FFF  D17,D25
15:44:32.389     1615791  FFFFFFF7F7FFF  D17,D25
15:45:24.575     1667598  FFFFFFF7FFFFF  D25
15:45:25.262     1668275  FFFFFFF7F7FFF  D17,D25
15:45:32.391     1675346  FFFFFFF7F7FFF  D17,D25
15:46:32.629     1735141  FFFFFFF7F7FFF  D17,D25
15:46:39.597     1742053  FFFFFFF7D7FFF  D17,D19,D25
15:46:40.878     1743324  FFFFFFF7D3FFF  D16,D17,D19,D25
15:46:45.062     1747483  FFFFFFF3D3FFF  D16,D17,D19,D24,D25
15:46:48.777     1751172  FFFFFFF3D7FFF  D17,D19,D24,D25
15:46:59.586     1761906  FFFFFFF3F7FFF  D17,D24,D25
15:47:05.668     1767941  FFFFFFF3D7FFF  D17,D19,D24,D25
15:47:06.624     1768883  FFFFFFF3D3FFF  D16,D17,D19,D24,D25
15:47:10.259     1772494  FFFFFFE3D3FFF  D16,D17,D19,D24,D25,D26
15:47:10.259     1772496  FFFFFFEFD3FFF  D16,D17,D19,D26
15:47:12.216     1774441  FFFFFFEBD3FFF  D16,D17,D19,D24,D26
15:47:13.510     1775712  FFFFFFE3D3FFF  D16,D17,D19,D24,D25,D26
15:47:13.510     1775713  FFFFFFE7D3FFF  D16,D17,D19,D25,D26
15:47:14.503     1776704  FFFFFFE3D3FFF  D16,D17,D19,D24,D25,D26
15:47:15.543     1777736  FFFFFFC3D3FFF  D16,D17,D19,D24,D25,D26,D27
15:47:15.543     1777737  FFFFFFCFD3FFF  D16,D17,D19,D26,D27
15:47:15.543     1777739  FFFFFFDFD3FFF  D16,D17,D19,D27
15:47:16.747     1778927  FFFFFFDBD3FFF  D16,D17,D19,D24,D27
15:47:18.176     1780357  FFFFFFD3D3FFF  D16,D17,D19,D24,D25,D27
15:47:18.176     1780359  FFFFFFD7D3FFF  D16,D17,D19,D25,D27
15:47:19.660     1781825  FFFFFFD3D3FFF  D16,D17,D19,D24,D25,D27
15:47:21.058     1783216  FFFFFFC3D3FFF  D16,D17,D19,D24,D25,D26,D27
15:47:21.058     1783217  FFFFFFCFD3FFF  D16,D17,D19,D26,D27
15:47:22.216     1784367  FFFFFFCBD3FFF  D16,D17,D19,D24,D26,D27
15:47:23.140     1785280  FFFFFFC3D3FFF  D16,D17,D19,D24,D25,D26,D27
15:47:23.140     1785282  FFFFFFC7D3FFF  D16,D17,D19,D25,D26,D27
15:47:24.021     1786153  FFFFFFC3D3FFF  D16,D17,D19,D24,D25,D26,D27
15:47:24.952     1787066  FFFFFF83D3FFF  D16,D17,D19,D24,D25,D26,D27,D28
15:47:24.952     1787068  FFFFFFAFD3FFF  D16,D17,D19,D26,D28
15:47:24.952     1787070  FFFFFFBFD3FFF  D16,D17,D19,D28
15:47:25.864     1787979  FFFFFFBBD3FFF  D16,D17,D19,D24,D28
15:47:26.790     1788893  FFFFFFB3D3FFF  D16,D17,D19,D24,D25,D28
15:47:26.790     1788895  FFFFFFB7D3FFF  D16,D17,D19,D25,D28
15:47:27.705     1789806  FFFFFFB3D3FFF  D16,D17,D19,D24,D25,D28
15:47:28.620     1790718  FFFFFFA3D3FFF  D16,D17,D19,D24,D25,D26,D28
15:47:28.620     1790721  FFFFFFAFD3FFF  D16,D17,D19,D26,D28
15:47:29.535     1791632  FFFFFFABD3FFF  D16,D17,D19,D24,D26,D28
15:47:30.899     1792982  FFFFFFA3D3FFF  D16,D17,D19,D24,D25,D26,D28
15:47:30.899     1792984  FFFFFFA7D3FFF  D16,D17,D19,D25,D26,D28
15:47:32.380     1794451  FFFFFFA3D3FFF  D16,D17,D19,D24,D25,D26,D28
15:47:32.896     1794959  FFFFFFA3D3FFF  D16,D17,D19,D24,D25,D26,D28
15:47:33.858     1795920  FFFFFF83D3FFF  D16,D17,D19,D24,D25,D26,D27,D28
15:47:33.859     1795921  FFFFFF8FD3FFF  D16,D17,D19,D26,D27,D28
15:47:33.859     1795923  FFFFFF9FD3FFF  D16,D17,D19,D27,D28
15:47:36.811     1798855  FFFFFF9FD7FFF  D17,D19,D27,D28
15:47:40.935     1802947  FFFFFF9FD3FFF  D16,D17,D19,D27,D28
15:47:44.261     1806242  FFFFFF9BD3FFF  D16,D17,D19,D24,D27,D28
15:47:45.740     1807712  FFFFFF93D3FFF  D16,D17,D19,D24,D25,D27,D28
15:47:45.740     1807714  FFFFFF97D3FFF  D16,D17,D19,D25,D27,D28
15:47:46.794     1808754  FFFFFF93D3FFF  D16,D17,D19,D24,D25,D27,D28
15:47:47.741     1809696  FFFFFF83D3FFF  D16,D17,D19,D24,D25,D26,D27,D28
15:47:47.741     1809698  FFFFFF8FD3FFF  D16,D17,D19,D26,D27,D28
15:47:48.782     1810728  FFFFFF8BD3FFF  D16,D17,D19,D24,D26,D27,D28
15:47:50.321     1812248  FFFFFF83D3FFF  D16,D17,D19,D24,D25,D26,D27,D28
15:47:50.321     1812250  FFFFFF87D3FFF  D16,D17,D19,D25,D26,D27,D28
15:47:53.356     1815173  FFFFFF87D7FFF  D17,D19,D25,D26,D27,D28
15:47:53.356     1815266  FFFFFF8797FFF  D17,D19,D20,D25,D26,D27,D28
15:47:53.356     1815268  FFFFFF87B7FFF  D17,D20,D25,D26,D27,D28
15:47:56.705     1818593  FFFFFF87F7FFF  D17,D25,D26,D27,D28
15:47:57.656     1819543  FFFFFF87B7FFF  D17,D20,D25,D26,D27,D28
15:47:58.635     1820507  FFFFFF87B3FFF  D16,D17,D20,D25,D26,D27,D28
15:48:01.937     1823792  FFFFFF83B3FFF  D16,D17,D20,D24,D25,D26,D27,D28
15:48:01.938     1823793  FFFFFF8BB3FFF  D16,D17,D20,D24,D26,D27,D28
15:48:03.433     1825271  FFFFFF8FB3FFF  D16,D17,D20,D26,D27,D28
15:48:04.425     1826252  FFFFFF87B3FFF  D16,D17,D20,D25,D26,D27,D28
15:48:04.425     1826254  FFFFFF83B3FFF  D16,D17,D20,D24,D25,D26,D27,D28
15:48:04.425     1826256  FFFFFF93B3FFF  D16,D17,D20,D24,D25,D27,D28
15:48:05.340     1827168  FFFFFF97B3FFF  D16,D17,D20,D25,D27,D28
15:48:06.270     1828079  FFFFFF93B3FFF  D16,D17,D20,D24,D25,D27,D28
15:48:06.270     1828081  FFFFFF9BB3FFF  D16,D17,D20,D24,D27,D28
15:48:07.185     1828994  FFFFFF9FB3FFF  D16,D17,D20,D27,D28
15:48:08.100     1829905  FFFFFF8BB3FFF  D16,D17,D20,D24,D26,D27,D28
15:48:08.100     1829907  FFFFFFA3B3FFF  D16,D17,D20,D24,D25,D26,D28
15:48:09.037     1830830  FFFFFFA7B3FFF  D16,D17,D20,D25,D26,D28
15:48:10.389     1832168  FFFFFFA3B3FFF  D16,D17,D20,D24,D25,D26,D28
15:48:10.389     1832170  FFFFFFABB3FFF  D16,D17,D20,D24,D26,D28
15:48:11.782     1833560  FFFFFFAFB3FFF  D16,D17,D20,D26,D28
15:48:12.666     1834431  FFFFFFA3B3FFF  D16,D17,D20,D24,D25,D26,D28
15:48:12.666     1834434  FFFFFFB3B3FFF  D16,D17,D20,D24,D25,D28
15:48:13.580     1835346  FFFFFFB7B3FFF  D16,D17,D20,D25,D28
15:48:14.511     1836258  FFFFFFB3B3FFF  D16,D17,D20,D24,D25,D28
15:48:14.511     1836260  FFFFFFBBB3FFF  D16,D17,D20,D24,D28
15:48:15.438     1837182  FFFFFFBFB3FFF  D16,D17,D20,D28
15:48:16.337     1838084  FFFFFFB7B3FFF  D16,D17,D20,D25,D28
15:48:16.337     1838086  FFFFFFC3B3FFF  D16,D17,D20,D24,D25,D26,D27
15:48:17.222     1838959  FFFFFFC7B3FFF  D16,D17,D20,D25,D26,D27
15:48:18.182     1839910  FFFFFFC3B3FFF  D16,D17,D20,D24,D25,D26,D27
15:48:18.182     1839912  FFFFFFCBB3FFF  D16,D17,D20,D24,D26,D27
15:48:19.064     1840785  FFFFFFCFB3FFF  D16,D17,D20,D26,D27
15:48:20.222     1841936  FFFFFFC7B3FFF  D16,D17,D20,D25,D26,D27
15:48:20.222     1841937  FFFFFFC3B3FFF  D16,D17,D20,D24,D25,D26,D27
15:48:20.222     1841939  FFFFFFD3B3FFF  D16,D17,D20,D24,D25,D27
15:48:21.624     1843326  FFFFFFD7B3FFF  D16,D17,D20,D25,D27
15:48:23.113     1844804  FFFFFFD3B3FFF  D16,D17,D20,D24,D25,D27
15:48:23.113     1844806  FFFFFFDBB3FFF  D16,D17,D20,D24,D27
15:48:24.555     1846235  FFFFFFDFB3FFF  D16,D17,D20,D27
15:48:25.743     1847414  FFFFFFCFB3FFF  D16,D17,D20,D26,D27
15:48:25.743     1847415  FFFFFFE3B3FFF  D16,D17,D20,D24,D25,D26
15:48:26.746     1848409  FFFFFFE7B3FFF  D16,D17,D20,D25,D26
15:48:27.778     1849440  FFFFFFE3B3FFF  D16,D17,D20,D24,D25,D26
15:48:27.778     1849442  FFFFFFEBB3FFF  D16,D17,D20,D24,D26
15:48:29.058     1850711  FFFFFFEFB3FFF  D16,D17,D20,D26
15:48:30.506     1852139  FFFFFFE3B3FFF  D16,D17,D20,D24,D25,D26
15:48:30.506     1852142  FFFFFFF3B3FFF  D16,D17,D20,D24,D25
15:48:32.387     1853967  FFFFFFF7B3FFF  D16,D17,D20,D25
15:48:32.387     1854015  FFFFFFF793FFF  D16,D17,D19,D20,D25
15:48:32.387     1854017  FFFFFFF7D3FFF  D16,D17,D19,D25
15:48:32.902     1854520  FFFFFFF7D3FFF  D16,D17,D19,D25
15:48:36.080     1857536  FFFFFFF7D7FFF  D17,D19,D25
15:48:36.080     1857670  FFFFFFF7F7FFF  D17,D25
15:49:33.293     1914461  FFFFFFF7F7FFF  D17,D25
15:50:33.483     1974203  FFFFFFF7F7FFF  D17,D25
15:51:04.717     2005203  FFFFFFF7D7FFF  D17,D19,D25
15:51:18.375     2018771  FFFFFFF7D3FFF  D16,D17,D19,D25
15:51:22.468     2022831  FFFFFFF3D3FFF  D16,D17,D19,D24,D25
15:51:24.268     2024617  FFFFFFE3D3FFF  D16,D17,D19,D24,D25,D26
15:51:24.268     2024620  FFFFFFEFD3FFF  D16,D17,D19,D26
15:51:25.713     2026047  FFFFFFEBD3FFF  D16,D17,D19,D24,D26
15:51:27.037     2027358  FFFFFFE3D3FFF  D16,D17,D19,D24,D25,D26
15:51:27.037     2027359  FFFFFFE7D3FFF  D16,D17,D19,D25,D26
15:51:28.028     2028340  FFFFFFE3D3FFF  D16,D17,D19,D24,D25,D26
15:51:29.076     2029382  FFFFFFC3D3FFF  D16,D17,D19,D24,D25,D26,D27
15:51:29.076     2029384  FFFFFFCFD3FFF  D16,D17,D19,D26,D27
15:51:29.076     2029386  FFFFFFDFD3FFF  D16,D17,D19,D27
15:51:30.256     2030563  FFFFFFDBD3FFF  D16,D17,D19,D24,D27
15:51:31.696     2031992  FFFFFFD3D3FFF  D16,D17,D19,D24,D25,D27
15:51:31.696     2031994  FFFFFFD7D3FFF  D16,D17,D19,D25,D27
15:51:33.187     2033472  FFFFFFD3D3FFF  D16,D17,D19,D24,D25,D27
15:51:33.706     2033978  FFFFFFD3D3FFF  D16,D17,D19,D24,D25,D27
15:51:34.577     2034851  FFFFFFC3D3FFF  D16,D17,D19,D24,D25,D26,D27
15:51:34.577     2034852  FFFFFFCFD3FFF  D16,D17,D19,D26,D27
15:51:35.703     2035962  FFFFFFCBD3FFF  D16,D17,D19,D24,D26,D27
15:51:36.616     2036876  FFFFFFC3D3FFF  D16,D17,D19,D24,D25,D26,D27
15:51:36.617     2036878  FFFFFFC7D3FFF  D16,D17,D19,D25,D26,D27
15:51:37.549     2037799  FFFFFFC3D3FFF  D16,D17,D19,D24,D25,D26,D27
15:51:38.471     2038713  FFFFFF83D3FFF  D16,D17,D19,D24,D25,D26,D27,D28
15:51:38.472     2038715  FFFFFFAFD3FFF  D16,D17,D19,D26,D28
15:51:38.472     2038716  FFFFFFBFD3FFF  D16,D17,D19,D28
15:51:39.385     2039615  FFFFFFBBD3FFF  D16,D17,D19,D24,D28
15:51:40.298     2040528  FFFFFFB3D3FFF  D16,D17,D19,D24,D25,D28
15:51:40.298     2040530  FFFFFFB7D3FFF  D16,D17,D19,D25,D28
15:51:41.193     2041412  FFFFFFB3D3FFF  D16,D17,D19,D24,D25,D28
15:51:42.108     2042315  FFFFFFA3D3FFF  D16,D17,D19,D24,D25,D26,D28
15:51:42.108     2042317  FFFFFFAFD3FFF  D16,D17,D19,D26,D28
15:51:43.020     2043229  FFFFFFABD3FFF  D16,D17,D19,D24,D26,D28
15:51:44.439     2044628  FFFFFFA3D3FFF  D16,D17,D19,D24,D25,D26,D28
15:51:44.439     2044631  FFFFFFA7D3FFF  D16,D17,D19,D25,D26,D28
15:51:45.781     2045968  FFFFFFA3D3FFF  D16,D17,D19,D24,D25,D26,D28
15:51:46.705     2046881  FFFFFF83D3FFF  D16,D17,D19,D24,D25,D26,D27,D28
15:51:46.705     2046883  FFFFFF8FD3FFF  D16,D17,D19,D26,D27,D28
15:51:46.705     2046884  FFFFFF9FD3FFF  D16,D17,D19,D27,D28
15:51:47.637     2047804  FFFFFF9BD3FFF  D16,D17,D19,D24,D27,D28
15:51:48.552     2048717  FFFFFF93D3FFF  D16,D17,D19,D24,D25,D27,D28
15:51:48.552     2048719  FFFFFF97D3FFF  D16,D17,D19,D25,D27,D28
15:51:49.425     2049591  FFFFFF93D3FFF  D16,D17,D19,D24,D25,D27,D28
15:51:50.355     2050504  FFFFFF83D3FFF  D16,D17,D19,D24,D25,D26,D27,D28
15:51:50.355     2050506  FFFFFF8FD3FFF  D16,D17,D19,D26,D27,D28
15:51:51.270     2051418  FFFFFF8BD3FFF  D16,D17,D19,D24,D26,D27,D28
15:51:52.182     2052321  FFFFFF83D3FFF  D16,D17,D19,D24,D25,D26,D27,D28
15:51:52.182     2052322  FFFFFF87D3FFF  D16,D17,D19,D25,D26,D27,D28
15:51:53.095     2053233  FFFFFF83D3FFF  D16,D17,D19,D24,D25,D26,D27,D28
15:51:54.037     2054156  FFFFFF03D3FFF  D16,D17,D19,D24,D25,D26,D27,D28,D29
15:51:54.037     2054158  FFFFFF67D3FFF  D16,D17,D19,D25,D26,D29
15:51:54.037     2054160  FFFFFF7FD3FFF  D16,D17,D19,D29
15:51:54.946     2055070  FFFFFF7BD3FFF  D16,D17,D19,D24,D29
15:51:55.868     2055973  FFFFFF73D3FFF  D16,D17,D19,D24,D25,D29
15:51:55.868     2055974  FFFFFF77D3FFF  D16,D17,D19,D25,D29
15:51:56.751     2056856  FFFFFF73D3FFF  D16,D17,D19,D24,D25,D29
15:51:57.680     2057769  FFFFFF63D3FFF  D16,D17,D19,D24,D25,D26,D29
15:51:57.680     2057771  FFFFFF67D3FFF  D16,D17,D19,D25,D26,D29
15:51:57.680     2057773  FFFFFF6FD3FFF  D16,D17,D19,D26,D29
15:51:58.579     2058673  FFFFFF6BD3FFF  D16,D17,D19,D24,D26,D29
15:51:59.511     2059596  FFFFFF63D3FFF  D16,D17,D19,D24,D25,D26,D29
15:51:59.511     2059597  FFFFFF67D3FFF  D16,D17,D19,D25,D26,D29
15:52:00.426     2060509  FFFFFF63D3FFF  D16,D17,D19,D24,D25,D26,D29
15:52:01.402     2061462  FFFFFF43D3FFF  D16,D17,D19,D24,D25,D26,D27,D29
15:52:01.402     2061464  FFFFFF4FD3FFF  D16,D17,D19,D26,D27,D29
15:52:01.402     2061466  FFFFFF5FD3FFF  D16,D17,D19,D27,D29
15:52:02.347     2062415  FFFFFF5BD3FFF  D16,D17,D19,D24,D27,D29
15:52:03.306     2063368  FFFFFF53D3FFF  D16,D17,D19,D24,D25,D27,D29
15:52:03.306     2063370  FFFFFF57D3FFF  D16,D17,D19,D25,D27,D29
15:52:04.335     2064390  FFFFFF53D3FFF  D16,D17,D19,D24,D25,D27,D29
15:52:05.860     2065898  FFFFFF43D3FFF  D16,D17,D19,D24,D25,D26,D27,D29
15:52:05.860     2065900  FFFFFF4FD3FFF  D16,D17,D19,D26,D27,D29
15:52:08.865     2068884  FFFFFF4FD7FFF  D17,D19,D26,D27,D29
15:52:17.665     2077623  FFFFFF4FF7FFF  D17,D26,D27,D29
15:52:33.810     2093637  FFFFFF4FF7FFF  D17,D26,D27,D29
15:52:36.389     2096203  FFFFFF4FD7FFF  D17,D19,D26,D27,D29
15:52:37.350     2097156  FFFFFF4FD3FFF  D16,D17,D19,D26,D27,D29
15:52:40.860     2100638  FFFFFF4BD3FFF  D16,D17,D19,D24,D26,D27,D29
15:52:43.267     2102822  FFFFFF43D3FFF  D16,D17,D19,D24,D25,D26,D27,D29
15:52:43.267     2102824  FFFFFF47D3FFF  D16,D17,D19,D25,D26,D27,D29
15:52:43.267     2102862  FFFFFF4793FFF  D16,D17,D19,D20,D25,D26,D27,D29
15:52:43.267     2103022  FFFFFF47B3FFF  D16,D17,D20,D25,D26,D27,D29
15:52:46.501     2106233  FFFFFF47B7FFF  D17,D20,D25,D26,D27,D29
15:53:01.662     2121285  FFFFFF47B3FFF  D16,D17,D20,D25,D26,D27,D29
15:53:05.509     2125096  FFFFFF43B3FFF  D16,D17,D20,D24,D25,D26,D27,D29
15:53:05.510     2125097  FFFFFF4BB3FFF  D16,D17,D20,D24,D26,D27,D29
15:53:07.139     2126725  FFFFFF4FB3FFF  D16,D17,D20,D26,D27,D29
15:53:08.228     2127796  FFFFFF43B3FFF  D16,D17,D20,D24,D25,D26,D27,D29
15:53:08.228     2127799  FFFFFF53B3FFF  D16,D17,D20,D24,D25,D27,D29
15:53:09.175     2128750  FFFFFF57B3FFF  D16,D17,D20,D25,D27,D29
15:53:10.141     2129701  FFFFFF53B3FFF  D16,D17,D20,D24,D25,D27,D29
15:53:10.141     2129703  FFFFFF5BB3FFF  D16,D17,D20,D24,D27,D29
15:53:11.064     2130616  FFFFFF5FB3FFF  D16,D17,D20,D27,D29
15:53:12.030     2131567  FFFFFF43B3FFF  D16,D17,D20,D24,D25,D26,D27,D29
15:53:12.030     2131569  FFFFFF63B3FFF  D16,D17,D20,D24,D25,D26,D29
15:53:12.980     2132521  FFFFFF67B3FFF  D16,D17,D20,D25,D26,D29
15:53:13.896     2133434  FFFFFF63B3FFF  D16,D17,D20,D24,D25,D26,D29
15:53:13.896     2133435  FFFFFF6BB3FFF  D16,D17,D20,D24,D26,D29
15:53:14.818     2134348  FFFFFF6FB3FFF  D16,D17,D20,D26,D29
15:53:15.751     2135260  FFFFFF63B3FFF  D16,D17,D20,D24,D25,D26,D29
15:53:15.751     2135263  FFFFFF73B3FFF  D16,D17,D20,D24,D25,D29
15:53:16.659     2136174  FFFFFF77B3FFF  D16,D17,D20,D25,D29
15:53:17.589     2137085  FFFFFF73B3FFF  D16,D17,D20,D24,D25,D29
15:53:17.589     2137089  FFFFFF7BB3FFF  D16,D17,D20,D24,D29
15:53:18.508     2138000  FFFFFF7FB3FFF  D16,D17,D20,D29
15:53:19.427     2138912  FFFFFF03B3FFF  D16,D17,D20,D24,D25,D26,D27,D28,D29
15:53:19.427     2138914  FFFFFF83B3FFF  D16,D17,D20,D24,D25,D26,D27,D28
15:53:20.300     2139787  FFFFFF87B3FFF  D16,D17,D20,D25,D26,D27,D28
15:53:21.229     2140699  FFFFFF83B3FFF  D16,D17,D20,D24,D25,D26,D27,D28
15:53:21.229     2140701  FFFFFF8BB3FFF  D16,D17,D20,D24,D26,D27,D28
15:53:22.148     2141614  FFFFFF8FB3FFF  D16,D17,D20,D26,D27,D28
15:53:23.069     2142525  FFFFFF83B3FFF  D16,D17,D20,D24,D25,D26,D27,D28
15:53:23.069     2142528  FFFFFF93B3FFF  D16,D17,D20,D24,D25,D27,D28
15:53:23.988     2143439  FFFFFF97B3FFF  D16,D17,D20,D25,D27,D28
15:53:24.906     2144352  FFFFFF93B3FFF  D16,D17,D20,D24,D25,D27,D28
15:53:24.906     2144354  FFFFFF9BB3FFF  D16,D17,D20,D24,D27,D28
15:53:25.822     2145266  FFFFFF9FB3FFF  D16,D17,D20,D27,D28
15:53:26.709     2146138  FFFFFF83B3FFF  D16,D17,D20,D24,D25,D26,D27,D28
15:53:26.709     2146140  FFFFFFA3B3FFF  D16,D17,D20,D24,D25,D26,D28
15:53:27.625     2147053  FFFFFFA7B3FFF  D16,D17,D20,D25,D26,D28
15:53:29.019     2148441  FFFFFFA3B3FFF  D16,D17,D20,D24,D25,D26,D28
15:53:29.020     2148443  FFFFFFABB3FFF  D16,D17,D20,D24,D26,D28
15:53:30.380     2149792  FFFFFFAFB3FFF  D16,D17,D20,D26,D28
15:53:31.299     2150704  FFFFFFA3B3FFF  D16,D17,D20,D24,D25,D26,D28
15:53:31.299     2150707  FFFFFFB3B3FFF  D16,D17,D20,D24,D25,D28
15:53:32.224     2151618  FFFFFFB7B3FFF  D16,D17,D20,D25,D28
15:53:33.141     2152530  FFFFFFB3B3FFF  D16,D17,D20,D24,D25,D28
15:53:33.142     2152532  FFFFFFBBB3FFF  D16,D17,D20,D24,D28
15:53:34.024     2153405  FFFFFFBFB3FFF  D16,D17,D20,D28
15:53:34.941     2153917  FFFFFFBFB3FFF  D16,D17,D20,D28
15:53:34.941     2154317  FFFFFFF7B3FFF  D16,D17,D20,D25
15:53:34.941     2154319  FFFFFFC3B3FFF  D16,D17,D20,D24,D25,D26,D27
15:53:35.859     2155232  FFFFFFC7B3FFF  D16,D17,D20,D25,D26,D27
15:53:36.776     2156143  FFFFFFC3B3FFF  D16,D17,D20,D24,D25,D26,D27
15:53:36.776     2156145  FFFFFFCBB3FFF  D16,D17,D20,D24,D26,D27
15:53:37.707     2157058  FFFFFFCFB3FFF  D16,D17,D20,D26,D27
15:53:38.822     2158168  FFFFFFC7B3FFF  D16,D17,D20,D25,D26,D27
15:53:38.822     2158170  FFFFFFC3B3FFF  D16,D17,D20,D24,D25,D26,D27
15:53:38.822     2158172  FFFFFFD3B3FFF  D16,D17,D20,D24,D25,D27
15:53:40.225     2159559  FFFFFFD7B3FFF  D16,D17,D20,D25,D27
15:53:41.707     2161027  FFFFFFD3B3FFF  D16,D17,D20,D24,D25,D27
15:53:41.707     2161029  FFFFFFDBB3FFF  D16,D17,D20,D24,D27
15:53:43.147     2162457  FFFFFFDFB3FFF  D16,D17,D20,D27
15:53:44.336     2163647  FFFFFFC3B3FFF  D16,D17,D20,D24,D25,D26,D27
15:53:44.336     2163649  FFFFFFE3B3FFF  D16,D17,D20,D24,D25,D26
15:53:45.375     2164680  FFFFFFE7B3FFF  D16,D17,D20,D25,D26
15:53:46.375     2165672  FFFFFFE3B3FFF  D16,D17,D20,D24,D25,D26
15:53:46.375     2165673  FFFFFFEBB3FFF  D16,D17,D20,D24,D26
15:53:47.704     2166983  FFFFFFEFB3FFF  D16,D17,D20,D26
15:53:49.138     2168411  FFFFFFE7B3FFF  D16,D17,D20,D25,D26
15:53:49.139     2168413  FFFFFFE3B3FFF  D16,D17,D20,D24,D25,D26
15:53:49.139     2168415  FFFFFFF3B3FFF  D16,D17,D20,D24,D25
15:53:50.938     2170200  FFFFFFF7B3FFF  D16,D17,D20,D25
15:53:54.535     2173768  FFFFFFF7B7FFF  D17,D20,D25
15:54:16.695     2195769  FFFFFFF7F7FFF  D17,D25
15:54:20.064     2199102  FFFFFFF7D7FFF  D17,D19,D25
15:54:21.102     2200134  FFFFFFF7D3FFF  D16,D17,D19,D25
15:54:25.191     2204194  FFFFFFF3D3FFF  D16,D17,D19,D24,D25
15:54:26.980     2205970  FFFFFFE3D3FFF  D16,D17,D19,D24,D25,D26
15:54:26.980     2205972  FFFFFFEFD3FFF  D16,D17,D19,D26
15:54:28.460     2207439  FFFFFFEBD3FFF  D16,D17,D19,D24,D26
15:54:29.744     2208710  FFFFFFE3D3FFF  D16,D17,D19,D24,D25,D26
15:54:29.745     2208711  FFFFFFE7D3FFF  D16,D17,D19,D25,D26
15:54:30.783     2209742  FFFFFFE3D3FFF  D16,D17,D19,D24,D25,D26
15:54:31.790     2210735  FFFFFFC3D3FFF  D16,D17,D19,D24,D25,D26,D27
15:54:31.790     2210737  FFFFFFCFD3FFF  D16,D17,D19,D26,D27
15:54:31.790     2210739  FFFFFFDFD3FFF  D16,D17,D19,D27
15:54:32.986     2211926  FFFFFFDBD3FFF  D16,D17,D19,D24,D27
15:54:34.822     2213752  FFFFFFD3D3FFF  D16,D17,D19,D24,D25,D27
15:54:34.822     2213753  FFFFFFD7D3FFF  D16,D17,D19,D25,D27
15:54:35.328     2214263  FFFFFFD7D3FFF  D16,D17,D19,D25,D27
15:54:38.381     2217282  FFFFFFD7D7FFF  D17,D19,D25,D27
15:54:48.025     2226854  FFFFFFD7D3FFF  D16,D17,D19,D25,D27
15:54:51.860     2230665  FFFFFFD3D3FFF  D16,D17,D19,D24,D25,D27
15:54:53.680     2232463  FFFFFFC3D3FFF  D16,D17,D19,D24,D25,D26,D27
15:54:53.680     2232465  FFFFFFCFD3FFF  D16,D17,D19,D26,D27
15:54:54.824     2233604  FFFFFFCBD3FFF  D16,D17,D19,D24,D26,D27
15:54:55.755     2234526  FFFFFFC3D3FFF  D16,D17,D19,D24,D25,D26,D27
15:54:55.755     2234528  FFFFFFC7D3FFF  D16,D17,D19,D25,D26,D27
15:54:56.667     2235430  FFFFFFC3D3FFF  D16,D17,D19,D24,D25,D26,D27
15:54:57.537     2236303  FFFFFF83D3FFF  D16,D17,D19,D24,D25,D26,D27,D28
15:54:57.537     2236304  FFFFFFA7D3FFF  D16,D17,D19,D25,D26,D28
15:54:57.538     2236306  FFFFFFBFD3FFF  D16,D17,D19,D28
15:54:58.472     2237227  FFFFFFBBD3FFF  D16,D17,D19,D24,D28
15:54:59.388     2238130  FFFFFFB3D3FFF  D16,D17,D19,D24,D25,D28
15:54:59.388     2238132  FFFFFFB7D3FFF  D16,D17,D19,D25,D28
15:55:00.301     2239042  FFFFFFB3D3FFF  D16,D17,D19,D24,D25,D28
15:55:01.219     2239955  FFFFFFA3D3FFF  D16,D17,D19,D24,D25,D26,D28
15:55:01.219     2239958  FFFFFFAFD3FFF  D16,D17,D19,D26,D28
15:55:02.151     2240880  FFFFFFABD3FFF  D16,D17,D19,D24,D26,D28
15:55:03.508     2242219  FFFFFFA3D3FFF  D16,D17,D19,D24,D25,D26,D28
15:55:03.508     2242221  FFFFFFA7D3FFF  D16,D17,D19,D25,D26,D28
15:55:04.865     2243579  FFFFFFA3D3FFF  D16,D17,D19,D24,D25,D26,D28
15:55:05.780     2244483  FFFFFF83D3FFF  D16,D17,D19,D24,D25,D26,D27,D28
15:55:05.781     2244485  FFFFFF8FD3FFF  D16,D17,D19,D26,D27,D28
15:55:05.781     2244487  FFFFFF9FD3FFF  D16,D17,D19,D27,D28
15:55:06.701     2245395  FFFFFF9BD3FFF  D16,D17,D19,D24,D27,D28
15:55:07.619     2246308  FFFFFF93D3FFF  D16,D17,D19,D24,D25,D27,D28
15:55:07.620     2246310  FFFFFF97D3FFF  D16,D17,D19,D25,D27,D28
15:55:08.551     2247232  FFFFFF93D3FFF  D16,D17,D19,D24,D25,D27,D28
15:55:09.463     2248134  FFFFFF83D3FFF  D16,D17,D19,D24,D25,D26,D27,D28
15:55:09.464     2248136  FFFFFF8FD3FFF  D16,D17,D19,D26,D27,D28
15:55:10.334     2249008  FFFFFF8BD3FFF  D16,D17,D19,D24,D26,D27,D28
15:55:11.264     2249921  FFFFFF83D3FFF  D16,D17,D19,D24,D25,D26,D27,D28
15:55:11.264     2249923  FFFFFF87D3FFF  D16,D17,D19,D25,D26,D27,D28
15:55:12.186     2250834  FFFFFF83D3FFF  D16,D17,D19,D24,D25,D26,D27,D28
15:55:13.103     2251747  FFFFFF43D3FFF  D16,D17,D19,D24,D25,D26,D27,D29
15:55:13.103     2251749  FFFFFF6FD3FFF  D16,D17,D19,D26,D29
15:55:13.103     2251751  FFFFFF7FD3FFF  D16,D17,D19,D29
15:55:14.019     2252660  FFFFFF7BD3FFF  D16,D17,D19,D24,D29
15:55:14.955     2253585  FFFFFF73D3FFF  D16,D17,D19,D24,D25,D29
15:55:14.955     2253587  FFFFFF77D3FFF  D16,D17,D19,D25,D29
15:55:15.855     2254487  FFFFFF73D3FFF  D16,D17,D19,D24,D25,D29
15:55:16.776     2255400  FFFFFF63D3FFF  D16,D17,D19,D24,D25,D26,D29
15:55:16.777     2255403  FFFFFF6FD3FFF  D16,D17,D19,D26,D29
15:55:17.698     2256314  FFFFFF6BD3FFF  D16,D17,D19,D24,D26,D29
15:55:18.630     2257227  FFFFFF63D3FFF  D16,D17,D19,D24,D25,D26,D29
15:55:18.630     2257229  FFFFFF67D3FFF  D16,D17,D19,D25,D26,D29
15:55:19.500     2258100  FFFFFF63D3FFF  D16,D17,D19,D24,D25,D26,D29
15:55:20.458     2259053  FFFFFF43D3FFF  D16,D17,D19,D24,D25,D26,D27,D29
15:55:20.458     2259055  FFFFFF4FD3FFF  D16,D17,D19,D26,D27,D29
15:55:20.458     2259057  FFFFFF5FD3FFF  D16,D17,D19,D27,D29
15:55:21.420     2260005  FFFFFF5BD3FFF  D16,D17,D19,D24,D27,D29
15:55:22.379     2260959  FFFFFF53D3FFF  D16,D17,D19,D24,D25,D27,D29
15:55:22.379     2260961  FFFFFF57D3FFF  D16,D17,D19,D25,D27,D29
15:55:23.342     2261911  FFFFFF53D3FFF  D16,D17,D19,D24,D25,D27,D29
15:55:24.303     2262864  FFFFFF43D3FFF  D16,D17,D19,D24,D25,D26,D27,D29
15:55:24.303     2262866  FFFFFF4FD3FFF  D16,D17,D19,D26,D27,D29
15:55:25.355     2263907  FFFFFF4BD3FFF  D16,D17,D19,D24,D26,D27,D29
15:55:27.265     2265604  FFFFFF43D3FFF  D16,D17,D19,D24,D25,D26,D27,D29
15:55:27.265     2265606  FFFFFF47D3FFF  D16,D17,D19,D25,D26,D27,D29
15:55:27.265     2265655  FFFFFF4793FFF  D16,D17,D19,D20,D25,D26,D27,D29
15:55:27.265     2265815  FFFFFF47B3FFF  D16,D17,D20,D25,D26,D27,D29
15:55:30.495     2269016  FFFFFF47B7FFF  D17,D20,D25,D26,D27,D29
15:55:35.575     2274048  FFFFFF47B7FFF  D17,D20,D25,D26,D27,D29
15:55:41.148     2279580  FFFFFF47B3FFF  D16,D17,D20,D25,D26,D27,D29
15:55:44.949     2283351  FFFFFF43B3FFF  D16,D17,D20,D24,D25,D26,D27,D29
15:55:44.949     2283353  FFFFFF4BB3FFF  D16,D17,D20,D24,D26,D27,D29
15:55:46.628     2285021  FFFFFF4FB3FFF  D16,D17,D20,D26,D27,D29
15:55:47.666     2286051  FFFFFF43B3FFF  D16,D17,D20,D24,D25,D26,D27,D29
15:55:47.666     2286054  FFFFFF53B3FFF  D16,D17,D20,D24,D25,D27,D29
15:55:48.620     2287005  FFFFFF57B3FFF  D16,D17,D20,D25,D27,D29
15:55:49.583     2287956  FFFFFF53B3FFF  D16,D17,D20,D24,D25,D27,D29
15:55:49.583     2287959  FFFFFF5BB3FFF  D16,D17,D20,D24,D27,D29
15:55:50.495     2288871  FFFFFF5FB3FFF  D16,D17,D20,D27,D29
15:55:51.457     2289822  FFFFFF43B3FFF  D16,D17,D20,D24,D25,D26,D27,D29
15:55:51.458     2289824  FFFFFF63B3FFF  D16,D17,D20,D24,D25,D26,D29
15:55:52.420     2290777  FFFFFF67B3FFF  D16,D17,D20,D25,D26,D29
15:55:53.349     2291689  FFFFFF63B3FFF  D16,D17,D20,D24,D25,D26,D29
15:55:53.349     2291691  FFFFFF6BB3FFF  D16,D17,D20,D24,D26,D29
15:55:54.266     2292603  FFFFFF6FB3FFF  D16,D17,D20,D26,D29
15:55:55.178     2293515  FFFFFF67B3FFF  D16,D17,D20,D25,D26,D29
15:55:55.178     2293517  FFFFFF63B3FFF  D16,D17,D20,D24,D25,D26,D29
15:55:55.178     2293518  FFFFFF73B3FFF  D16,D17,D20,D24,D25,D29
15:55:56.095     2294429  FFFFFF77B3FFF  D16,D17,D20,D25,D29
15:55:57.026     2295352  FFFFFF73B3FFF  D16,D17,D20,D24,D25,D29
15:55:57.026     2295354  FFFFFF7BB3FFF  D16,D17,D20,D24,D29
15:55:57.936     2296256  FFFFFF7FB3FFF  D16,D17,D20,D29
15:55:58.865     2297167  FFFFFF03B3FFF  D16,D17,D20,D24,D25,D26,D27,D28,D29
15:55:58.866     2297169  FFFFFF83B3FFF  D16,D17,D20,D24,D25,D26,D27,D28
15:55:59.782     2298082  FFFFFF87B3FFF  D16,D17,D20,D25,D26,D27,D28
15:56:00.703     2298995  FFFFFF83B3FFF  D16,D17,D20,D24,D25,D26,D27,D28
15:56:00.704     2298996  FFFFFF8BB3FFF  D16,D17,D20,D24,D26,D27,D28
15:56:01.574     2299869  FFFFFF8FB3FFF  D16,D17,D20,D26,D27,D28
15:56:02.505     2300781  FFFFFF83B3FFF  D16,D17,D20,D24,D25,D26,D27,D28
15:56:02.505     2300784  FFFFFF93B3FFF  D16,D17,D20,D24,D25,D27,D28
15:56:03.423     2301696  FFFFFF97B3FFF  D16,D17,D20,D25,D27,D28
15:56:04.343     2302607  FFFFFF93B3FFF  D16,D17,D20,D24,D25,D27,D28
15:56:04.343     2302609  FFFFFF9BB3FFF  D16,D17,D20,D24,D27,D28
15:56:05.263     2303521  FFFFFF9FB3FFF  D16,D17,D20,D27,D28
15:56:06.175     2304433  FFFFFF83B3FFF  D16,D17,D20,D24,D25,D26,D27,D28
15:56:06.175     2304435  FFFFFFA3B3FFF  D16,D17,D20,D24,D25,D26,D28
15:56:07.105     2305348  FFFFFFA7B3FFF  D16,D17,D20,D25,D26,D28
15:56:08.455     2306696  FFFFFFA3B3FFF  D16,D17,D20,D24,D25,D26,D28
15:56:08.455     2306698  FFFFFFABB3FFF  D16,D17,D20,D24,D26,D28
15:56:09.830     2308058  FFFFFFAFB3FFF  D16,D17,D20,D26,D28
15:56:10.750     2308959  FFFFFFA3B3FFF  D16,D17,D20,D24,D25,D26,D28
15:56:10.750     2308962  FFFFFFB3B3FFF  D16,D17,D20,D24,D25,D28
15:56:11.668     2309874  FFFFFFB7B3FFF  D16,D17,D20,D25,D28
15:56:12.582     2310786  FFFFFFB3B3FFF  D16,D17,D20,D24,D25,D28
15:56:12.582     2310788  FFFFFFBBB3FFF  D16,D17,D20,D24,D28
15:56:13.505     2311710  FFFFFFBFB3FFF  D16,D17,D20,D28
15:56:14.389     2312571  FFFFFFB7B3FFF  D16,D17,D20,D25,D28
15:56:14.389     2312573  FFFFFFC3B3FFF  D16,D17,D20,D24,D25,D26,D27
15:56:15.303     2313487  FFFFFFC7B3FFF  D16,D17,D20,D25,D26,D27
15:56:16.230     2314409  FFFFFFC3B3FFF  D16,D17,D20,D24,D25,D26,D27
15:56:16.230     2314412  FFFFFFCBB3FFF  D16,D17,D20,D24,D26,D27
15:56:17.144     2315314  FFFFFFCFB3FFF  D16,D17,D20,D26,D27
15:56:18.258     2316423  FFFFFFC7B3FFF  D16,D17,D20,D25,D26,D27
15:56:18.259     2316425  FFFFFFC3B3FFF  D16,D17,D20,D24,D25,D26,D27
15:56:18.259     2316427  FFFFFFD3B3FFF  D16,D17,D20,D24,D25,D27
15:56:19.709     2317854  FFFFFFD7B3FFF  D16,D17,D20,D25,D27
15:56:21.146     2319282  FFFFFFD3B3FFF  D16,D17,D20,D24,D25,D27
15:56:21.146     2319284  FFFFFFDBB3FFF  D16,D17,D20,D24,D27
15:56:22.633     2320762  FFFFFFDFB3FFF  D16,D17,D20,D27
15:56:23.782     2321902  FFFFFFD7B3FFF  D16,D17,D20,D25,D27
15:56:23.782     2321904  FFFFFFE3B3FFF  D16,D17,D20,D24,D25,D26
15:56:24.820     2322936  FFFFFFE7B3FFF  D16,D17,D20,D25,D26
15:56:25.826     2323938  FFFFFFE3B3FFF  D16,D17,D20,D24,D25,D26
15:56:25.827     2323940  FFFFFFEBB3FFF  D16,D17,D20,D24,D26
15:56:27.140     2325239  FFFFFFEFB3FFF  D16,D17,D20,D26
15:56:28.575     2326667  FFFFFFE3B3FFF  D16,D17,D20,D24,D25,D26
15:56:28.575     2326670  FFFFFFF3B3FFF  D16,D17,D20,D24,D25
15:56:30.458     2328455  FFFFFFF7B3FFF  D16,D17,D20,D25
15:56:30.458     2328534  FFFFFFF793FFF  D16,D17,D19,D20,D25
15:56:30.458     2328536  FFFFFFF7D3FFF  D16,D17,D19,D25
15:56:34.016     2332063  FFFFFFF7D7FFF  D17,D19,D25
15:56:36.048     2334072  FFFFFFF7D7FFF  D17,D19,D25
15:56:45.987     2343949  FFFFFFF7F7FFF  D17,D25
15:57:36.452     2394029  FFFFFFF7F7FFF  D17,D25
15:58:36.638     2453768  FFFFFFF7F7FFF  D17,D25
15:58:56.548     2473538  FFFFFFF7D7FFF  D17,D19,D25
15:59:19.462     2496277  FFFFFFF7D3FFF  D16,D17,D19,D25
15:59:23.544     2500338  FFFFFFF3D3FFF  D16,D17,D19,D24,D25
15:59:25.348     2502124  FFFFFFE3D3FFF  D16,D17,D19,D24,D25,D26
15:59:25.348     2502126  FFFFFFEFD3FFF  D16,D17,D19,D26
15:59:26.796     2503554  FFFFFFEBD3FFF  D16,D17,D19,D24,D26
15:59:28.106     2504853  FFFFFFE3D3FFF  D16,D17,D19,D24,D25,D26
15:59:28.106     2504855  FFFFFFE7D3FFF  D16,D17,D19,D25,D26
15:59:29.094     2505845  FFFFFFE3D3FFF  D16,D17,D19,D24,D25,D26
15:59:30.148     2506889  FFFFFFC3D3FFF  D16,D17,D19,D24,D25,D26,D27
15:59:30.148     2506891  FFFFFFCFD3FFF  D16,D17,D19,D26,D27
15:59:30.148     2506893  FFFFFFDFD3FFF  D16,D17,D19,D27
15:59:31.338     2508069  FFFFFFDBD3FFF  D16,D17,D19,D24,D27
15:59:32.786     2509499  FFFFFFD3D3FFF  D16,D17,D19,D24,D25,D27
15:59:32.786     2509500  FFFFFFD7D3FFF  D16,D17,D19,D25,D27
15:59:34.275     2510978  FFFFFFD3D3FFF  D16,D17,D19,D24,D25,D27
15:59:35.664     2512357  FFFFFFC3D3FFF  D16,D17,D19,D24,D25,D26,D27
15:59:35.664     2512359  FFFFFFCFD3FFF  D16,D17,D19,D26,D27
15:59:36.775     2513370  FFFFFFCFD3FFF  D16,D17,D19,D26,D27
15:59:36.775     2513469  FFFFFFCBD3FFF  D16,D17,D19,D24,D26,D27
15:59:37.703     2514381  FFFFFFC3D3FFF  D16,D17,D19,D24,D25,D26,D27
15:59:37.703     2514383  FFFFFFC7D3FFF  D16,D17,D19,D25,D26,D27
15:59:38.635     2515306  FFFFFFC3D3FFF  D16,D17,D19,D24,D25,D26,D27
15:59:39.546     2516208  FFFFFF83D3FFF  D16,D17,D19,D24,D25,D26,D27,D28
15:59:39.546     2516210  FFFFFFAFD3FFF  D16,D17,D19,D26,D28
15:59:39.546     2516212  FFFFFFBFD3FFF  D16,D17,D19,D28
15:59:40.461     2517122  FFFFFFBBD3FFF  D16,D17,D19,D24,D28
15:59:41.508     2518164  FFFFFFB3D3FFF  D16,D17,D19,D24,D25,D28
15:59:41.509     2518166  FFFFFFB7D3FFF  D16,D17,D19,D25,D28
15:59:42.976     2519623  FFFFFFB3D3FFF  D16,D17,D19,D24,D25,D28
15:59:45.945     2522568  FFFFFFB3D7FFF  D17,D19,D24,D25,D28
15:59:55.588     2532140  FFFFFFB3D3FFF  D16,D17,D19,D24,D25,D28
15:59:59.147     2535662  FFFFFFA3D3FFF  D16,D17,D19,D24,D25,D26,D28
15:59:59.147     2535664  FFFFFFAFD3FFF  D16,D17,D19,D26,D28
16:00:02.141     2538647  FFFFFFAFD7FFF  D17,D19,D26,D28
16:00:10.945     2547387  FFFFFFAFF7FFF  D17,D26,D28
16:00:36.764     2573002  FFFFFFAFF7FFF  D17,D26,D28
16:00:54.777     2590889  FFFFFFAFB7FFF  D17,D20,D26,D28
16:01:08.344     2604349  FFFFFFAFB3FFF  D16,D17,D20,D26,D28
16:01:11.670     2607644  FFFFFFA3B3FFF  D16,D17,D20,D24,D25,D26,D28
16:01:11.670     2607647  FFFFFFB3B3FFF  D16,D17,D20,D24,D25,D28
16:01:13.139     2609115  FFFFFFB7B3FFF  D16,D17,D20,D25,D28
16:01:14.145     2610106  FFFFFFB3B3FFF  D16,D17,D20,D24,D25,D28
16:01:14.145     2610108  FFFFFFBBB3FFF  D16,D17,D20,D24,D28
16:01:15.108     2611069  FFFFFFBFB3FFF  D16,D17,D20,D28
16:01:15.977     2611932  FFFFFFD3B3FFF  D16,D17,D20,D24,D25,D27
16:01:15.977     2611934  FFFFFFC3B3FFF  D16,D17,D20,D24,D25,D26,D27
16:01:16.905     2612846  FFFFFFC7B3FFF  D16,D17,D20,D25,D26,D27
16:01:17.835     2613769  FFFFFFC3B3FFF  D16,D17,D20,D24,D25,D26,D27
16:01:17.835     2613771  FFFFFFCBB3FFF  D16,D17,D20,D24,D26,D27
16:01:18.744     2614673  FFFFFFCFB3FFF  D16,D17,D20,D26,D27
16:01:19.866     2615783  FFFFFFCBB3FFF  D16,D17,D20,D24,D26,D27
16:01:19.866     2615785  FFFFFFC3B3FFF  D16,D17,D20,D24,D25,D26,D27
16:01:19.866     2615787  FFFFFFD3B3FFF  D16,D17,D20,D24,D25,D27
16:01:21.298     2617213  FFFFFFD7B3FFF  D16,D17,D20,D25,D27
16:01:22.748     2618642  FFFFFFD3B3FFF  D16,D17,D20,D24,D25,D27
16:01:22.749     2618644  FFFFFFDBB3FFF  D16,D17,D20,D24,D27
16:01:24.214     2620112  FFFFFFDFB3FFF  D16,D17,D20,D27
16:01:25.388     2621261  FFFFFFD7B3FFF  D16,D17,D20,D25,D27
16:01:25.388     2621263  FFFFFFE3B3FFF  D16,D17,D20,D24,D25,D26
16:01:26.425     2622297  FFFFFFE7B3FFF  D16,D17,D20,D25,D26
16:01:27.428     2623297  FFFFFFE3B3FFF  D16,D17,D20,D24,D25,D26
16:01:27.428     2623299  FFFFFFEBB3FFF  D16,D17,D20,D24,D26
16:01:28.738     2624599  FFFFFFEFB3FFF  D16,D17,D20,D26
16:01:30.184     2626026  FFFFFFE3B3FFF  D16,D17,D20,D24,D25,D26
16:01:30.185     2626029  FFFFFFF3B3FFF  D16,D17,D20,D24,D25
16:01:32.055     2627815  FFFFFFF7B3FFF  D16,D17,D20,D25
16:01:32.056     2627893  FFFFFFF793FFF  D16,D17,D19,D20,D25
16:01:32.056     2627895  FFFFFFF7D3FFF  D16,D17,D19,D25
16:01:35.575     2631384  FFFFFFF7D7FFF  D17,D19,D25
16:01:37.107     2632896  FFFFFFF7D7FFF  D17,D19,D25
16:01:48.508     2644221  FFFFFFF7D3FFF  D16,D17,D19,D25
16:01:52.545     2648220  FFFFFFF3D3FFF  D16,D17,D19,D24,D25
16:01:54.345     2650007  FFFFFFE3D3FFF  D16,D17,D19,D24,D25,D26
16:01:54.345     2650009  FFFFFFEFD3FFF  D16,D17,D19,D26
16:01:55.781     2651437  FFFFFFEBD3FFF  D16,D17,D19,D24,D26
16:01:57.108     2652746  FFFFFFE3D3FFF  D16,D17,D19,D24,D25,D26
16:01:57.108     2652748  FFFFFFE7D3FFF  D16,D17,D19,D25,D26
16:01:58.133     2653779  FFFFFFE3D3FFF  D16,D17,D19,D24,D25,D26
16:01:59.138     2654772  FFFFFFC3D3FFF  D16,D17,D19,D24,D25,D26,D27
16:01:59.138     2654774  FFFFFFCFD3FFF  D16,D17,D19,D26,D27
16:01:59.138     2654775  FFFFFFDFD3FFF  D16,D17,D19,D27
16:02:00.345     2655963  FFFFFFDBD3FFF  D16,D17,D19,D24,D27
16:02:01.788     2657392  FFFFFFD3D3FFF  D16,D17,D19,D24,D25,D27
16:02:01.788     2657394  FFFFFFD7D3FFF  D16,D17,D19,D25,D27
16:02:03.262     2658861  FFFFFFD3D3FFF  D16,D17,D19,D24,D25,D27
16:02:04.661     2660251  FFFFFFC3D3FFF  D16,D17,D19,D24,D25,D26,D27
16:02:04.661     2660252  FFFFFFCFD3FFF  D16,D17,D19,D26,D27
16:02:05.952     2661531  FFFFFFCBD3FFF  D16,D17,D19,D24,D26,D27
16:02:07.419     2662990  FFFFFFC3D3FFF  D16,D17,D19,D24,D25,D26,D27
16:02:07.419     2662992  FFFFFFC7D3FFF  D16,D17,D19,D25,D26,D27
16:02:10.375     2665925  FFFFFFC7D7FFF  D17,D19,D25,D26,D27
16:02:19.101     2674585  FFFFFFC7F7FFF  D17,D25,D26,D27
16:02:20.703     2676172  FFFFFFC7D7FFF  D17,D19,D25,D26,D27
16:02:21.614     2677085  FFFFFFC7D3FFF  D16,D17,D19,D25,D26,D27
16:02:24.906     2680340  FFFFFFC3D3FFF  D16,D17,D19,D24,D25,D26,D27
16:02:26.430     2681860  FFFFFF83D3FFF  D16,D17,D19,D24,D25,D26,D27,D28
16:02:26.430     2681861  FFFFFFAFD3FFF  D16,D17,D19,D26,D28
16:02:26.430     2681863  FFFFFFBFD3FFF  D16,D17,D19,D28
16:02:27.418     2682842  FFFFFFBBD3FFF  D16,D17,D19,D24,D28
16:02:28.348     2683764  FFFFFFB3D3FFF  D16,D17,D19,D24,D25,D28
16:02:28.349     2683766  FFFFFFB7D3FFF  D16,D17,D19,D25,D28
16:02:29.266     2684668  FFFFFFB3D3FFF  D16,D17,D19,D24,D25,D28
16:02:30.174     2685581  FFFFFFA3D3FFF  D16,D17,D19,D24,D25,D26,D28
16:02:30.175     2685583  FFFFFFAFD3FFF  D16,D17,D19,D26,D28
16:02:31.100     2686494  FFFFFFABD3FFF  D16,D17,D19,D24,D26,D28
16:02:32.459     2687844  FFFFFFA3D3FFF  D16,D17,D19,D24,D25,D26,D28
16:02:32.459     2687846  FFFFFFA7D3FFF  D16,D17,D19,D25,D26,D28
16:02:33.826     2689193  FFFFFFA3D3FFF  D16,D17,D19,D24,D25,D26,D28
16:02:34.738     2690108  FFFFFF83D3FFF  D16,D17,D19,D24,D25,D26,D27,D28
16:02:34.739     2690110  FFFFFF8FD3FFF  D16,D17,D19,D26,D27,D28
16:02:34.739     2690111  FFFFFF9FD3FFF  D16,D17,D19,D27,D28
16:02:35.665     2691020  FFFFFF9BD3FFF  D16,D17,D19,D24,D27,D28
16:02:36.579     2691934  FFFFFF93D3FFF  D16,D17,D19,D24,D25,D27,D28
16:02:36.579     2691935  FFFFFF97D3FFF  D16,D17,D19,D25,D27,D28
16:02:37.495     2692847  FFFFFF93D3FFF  D16,D17,D19,D24,D25,D27,D28
16:02:38.426     2693352  FFFFFF93D3FFF  D16,D17,D19,D24,D25,D27,D28
16:02:38.426     2693760  FFFFFF83D3FFF  D16,D17,D19,D24,D25,D26,D27,D28
16:02:38.426     2693762  FFFFFF8FD3FFF  D16,D17,D19,D26,D27,D28
16:02:39.295     2694633  FFFFFF8BD3FFF  D16,D17,D19,D24,D26,D27,D28
16:02:40.228     2695546  FFFFFF83D3FFF  D16,D17,D19,D24,D25,D26,D27,D28
16:02:40.228     2695548  FFFFFF87D3FFF  D16,D17,D19,D25,D26,D27,D28
16:02:41.142     2696460  FFFFFF83D3FFF  D16,D17,D19,D24,D25,D26,D27,D28
16:02:42.057     2697372  FFFFFF43D3FFF  D16,D17,D19,D24,D25,D26,D27,D29
16:02:42.057     2697374  FFFFFF6FD3FFF  D16,D17,D19,D26,D29
16:02:42.057     2697376  FFFFFF7FD3FFF  D16,D17,D19,D29
16:02:42.981     2698286  FFFFFF7BD3FFF  D16,D17,D19,D24,D29
16:02:43.894     2699199  FFFFFF73D3FFF  D16,D17,D19,D24,D25,D29
16:02:43.894     2699201  FFFFFF77D3FFF  D16,D17,D19,D25,D29
16:02:44.824     2700123  FFFFFF73D3FFF  D16,D17,D19,D24,D25,D29
16:02:45.741     2701026  FFFFFF63D3FFF  D16,D17,D19,D24,D25,D26,D29
16:02:45.741     2701028  FFFFFF6FD3FFF  D16,D17,D19,D26,D29
16:02:46.661     2701939  FFFFFF6BD3FFF  D16,D17,D19,D24,D26,D29
16:02:47.655     2702931  FFFFFF63D3FFF  D16,D17,D19,D24,D25,D26,D29
16:02:47.655     2702932  FFFFFF67D3FFF  D16,D17,D19,D25,D26,D29
16:02:49.173     2704441  FFFFFF63D3FFF  D16,D17,D19,D24,D25,D26,D29
16:02:52.216     2707375  FFFFFF63D7FFF  D17,D19,D24,D25,D26,D29
16:02:52.216     2707459  FFFFFF63F7FFF  D17,D24,D25,D26,D29
16:03:38.274     2753165  FFFFFF63F7FFF  D17,D24,D25,D26,D29
16:04:38.467     2812912  FFFFFF63F7FFF  D17,D24,D25,D26,D29
16:05:25.657     2859758  FFFFFF63B7FFF  D17,D20,D24,D25,D26,D29
16:05:26.584     2860672  FFFFFF63B3FFF  D16,D17,D20,D24,D25,D26,D29
16:05:29.898     2863968  FFFFFF67B3FFF  D16,D17,D20,D25,D26,D29
16:05:31.375     2865436  FFFFFF63B3FFF  D16,D17,D20,D24,D25,D26,D29
16:05:31.375     2865438  FFFFFF6BB3FFF  D16,D17,D20,D24,D26,D29
16:05:32.383     2866429  FFFFFF6FB3FFF  D16,D17,D20,D26,D29
16:05:33.344     2867381  FFFFFF67B3FFF  D16,D17,D20,D25,D26,D29
16:05:33.344     2867383  FFFFFF63B3FFF  D16,D17,D20,D24,D25,D26,D29
16:05:33.344     2867385  FFFFFF73B3FFF  D16,D17,D20,D24,D25,D29
16:05:34.253     2868295  FFFFFF77B3FFF  D16,D17,D20,D25,D29
16:05:35.147     2869168  FFFFFF73B3FFF  D16,D17,D20,D24,D25,D29
16:05:35.148     2869170  FFFFFF7BB3FFF  D16,D17,D20,D24,D29
16:05:36.063     2870082  FFFFFF7FB3FFF  D16,D17,D20,D29
16:05:36.978     2870994  FFFFFF03B3FFF  D16,D17,D20,D24,D25,D26,D27,D28,D29
16:05:36.978     2870996  FFFFFF83B3FFF  D16,D17,D20,D24,D25,D26,D27,D28
16:05:37.901     2871908  FFFFFF87B3FFF  D16,D17,D20,D25,D26,D27,D28
16:05:38.827     2872820  FFFFFF83B3FFF  D16,D17,D20,D24,D25,D26,D27,D28
16:05:38.828     2872822  FFFFFF8BB3FFF  D16,D17,D20,D24,D26,D27,D28
16:05:39.739     2873340  FFFFFF8BB3FFF  D16,D17,D20,D24,D26,D27,D28
16:05:39.739     2873735  FFFFFF8FB3FFF  D16,D17,D20,D26,D27,D28
16:05:40.664     2874646  FFFFFF87B3FFF  D16,D17,D20,D25,D26,D27,D28
16:05:40.664     2874648  FFFFFF83B3FFF  D16,D17,D20,D24,D25,D26,D27,D28
16:05:40.664     2874650  FFFFFF93B3FFF  D16,D17,D20,D24,D25,D27,D28
16:05:41.543     2875522  FFFFFF97B3FFF  D16,D17,D20,D25,D27,D28
16:05:42.455     2876434  FFFFFF93B3FFF  D16,D17,D20,D24,D25,D27,D28
16:05:42.456     2876436  FFFFFF9BB3FFF  D16,D17,D20,D24,D27,D28
16:05:43.383     2877347  FFFFFF9FB3FFF  D16,D17,D20,D27,D28
16:05:44.298     2878259  FFFFFF97B3FFF  D16,D17,D20,D25,D27,D28
16:05:44.298     2878261  FFFFFFA3B3FFF  D16,D17,D20,D24,D25,D26,D28
16:05:45.226     2879174  FFFFFFA7B3FFF  D16,D17,D20,D25,D26,D28
16:05:46.582     2880523  FFFFFFA3B3FFF  D16,D17,D20,D24,D25,D26,D28
16:05:46.583     2880525  FFFFFFABB3FFF  D16,D17,D20,D24,D26,D28
16:05:47.941     2881873  FFFFFFAFB3FFF  D16,D17,D20,D26,D28
16:05:48.870     2882786  FFFFFFA3B3FFF  D16,D17,D20,D24,D25,D26,D28
16:05:48.870     2882789  FFFFFFB3B3FFF  D16,D17,D20,D24,D25,D28
16:05:49.775     2883700  FFFFFFB7B3FFF  D16,D17,D20,D25,D28
16:05:50.705     2884613  FFFFFFB3B3FFF  D16,D17,D20,D24,D25,D28
16:05:50.706     2884614  FFFFFFBBB3FFF  D16,D17,D20,D24,D28
16:05:51.619     2885526  FFFFFFBFB3FFF  D16,D17,D20,D28
16:05:52.537     2886438  FFFFFFC7B3FFF  D16,D17,D20,D25,D26,D27
16:05:52.537     2886440  FFFFFFC3B3FFF  D16,D17,D20,D24,D25,D26,D27
16:05:53.466     2887363  FFFFFFC7B3FFF  D16,D17,D20,D25,D26,D27
16:05:54.337     2888225  FFFFFFC3B3FFF  D16,D17,D20,D24,D25,D26,D27
16:05:54.338     2888227  FFFFFFCBB3FFF  D16,D17,D20,D24,D26,D27
16:05:55.262     2889139  FFFFFFCFB3FFF  D16,D17,D20,D26,D27
16:05:56.416     2890290  FFFFFFC7B3FFF  D16,D17,D20,D25,D26,D27
16:05:56.416     2890291  FFFFFFC3B3FFF  D16,D17,D20,D24,D25,D26,D27
16:05:56.416     2890293  FFFFFFD3B3FFF  D16,D17,D20,D24,D25,D27
16:05:57.824     2891680  FFFFFFD7B3FFF  D16,D17,D20,D25,D27
16:05:59.269     2893109  FFFFFFD3B3FFF  D16,D17,D20,D24,D25,D27
16:05:59.269     2893111  FFFFFFDBB3FFF  D16,D17,D20,D24,D27
16:06:00.744     2894578  FFFFFFDFB3FFF  D16,D17,D20,D27
16:06:01.941     2895768  FFFFFFD7B3FFF  D16,D17,D20,D25,D27
16:06:01.941     2895770  FFFFFFE3B3FFF  D16,D17,D20,D24,D25,D26
16:06:02.945     2896762  FFFFFFE7B3FFF  D16,D17,D20,D25,D26
16:06:03.949     2897754  FFFFFFE3B3FFF  D16,D17,D20,D24,D25,D26
16:06:03.949     2897756  FFFFFFEBB3FFF  D16,D17,D20,D24,D26
16:06:05.262     2899065  FFFFFFEFB3FFF  D16,D17,D20,D26
16:06:06.696     2900493  FFFFFFE7B3FFF  D16,D17,D20,D25,D26
16:06:06.696     2900495  FFFFFFE3B3FFF  D16,D17,D20,D24,D25,D26
16:06:06.696     2900497  FFFFFFF3B3FFF  D16,D17,D20,D24,D25
16:06:08.702     2902321  FFFFFFF7B3FFF  D16,D17,D20,D25
16:06:08.703     2902478  FFFFFFF793FFF  D16,D17,D19,D20,D25
16:06:08.703     2902480  FFFFFFF7D3FFF  D16,D17,D19,D25
16:06:12.219     2905939  FFFFFFF7D7FFF  D17,D19,D25
16:06:12.219     2905974  FFFFFFF7F7FFF  D17,D25
16:06:39.546     2933092  FFFFFFF7F7FFF  D17,D25
16:07:35.595     2988723  FFFFFFF7B7FFF  D17,D20,D25
16:07:36.508     2989637  FFFFFFF7B3FFF  D16,D17,D20,D25
16:07:40.541     2993137  FFFFFFF7B3FFF  D16,D17,D20,D25
16:07:40.541     2993607  FFFFFFF3B3FFF  D16,D17,D20,D24,D25
16:07:40.541     2993609  FFFFFFFBB3FFF  D16,D17,D20,D24
16:07:40.541     2993637  FFFFFFFB93FFF  D16,D17,D19,D20,D24
16:07:40.541     2993639  FFFFFFFBD3FFF  D16,D17,D19,D24
16:07:43.900     2996969  FFFFFFFBD7FFF  D17,D19,D24
16:07:54.614     3007612  FFFFFFFBD3FFF  D16,D17,D19,D24
16:07:58.436     3011394  FFFFFFF3D3FFF  D16,D17,D19,D24,D25
16:07:58.436     3011396  FFFFFFF7D3FFF  D16,D17,D19,D25
16:08:00.413     3013368  FFFFFFF3D3FFF  D16,D17,D19,D24,D25
16:08:01.899     3014838  FFFFFFE3D3FFF  D16,D17,D19,D24,D25,D26
16:08:01.900     3014840  FFFFFFEFD3FFF  D16,D17,D19,D26
16:08:03.336     3016267  FFFFFFEBD3FFF  D16,D17,D19,D24,D26
16:08:04.664     3017577  FFFFFFE3D3FFF  D16,D17,D19,D24,D25,D26
16:08:04.664     3017579  FFFFFFE7D3FFF  D16,D17,D19,D25,D26
16:08:05.660     3018570  FFFFFFE3D3FFF  D16,D17,D19,D24,D25,D26
16:08:06.666     3019563  FFFFFFC3D3FFF  D16,D17,D19,D24,D25,D26,D27
16:08:06.666     3019564  FFFFFFCFD3FFF  D16,D17,D19,D26,D27
16:08:06.666     3019566  FFFFFFDFD3FFF  D16,D17,D19,D27
16:08:07.854     3020753  FFFFFFDBD3FFF  D16,D17,D19,D24,D27
16:08:09.347     3022222  FFFFFFD3D3FFF  D16,D17,D19,D24,D25,D27
16:08:09.347     3022224  FFFFFFD7D3FFF  D16,D17,D19,D25,D27
16:08:10.777     3023652  FFFFFFD3D3FFF  D16,D17,D19,D24,D25,D27
16:08:12.215     3025081  FFFFFFC3D3FFF  D16,D17,D19,D24,D25,D26,D27
16:08:12.215     3025083  FFFFFFCFD3FFF  D16,D17,D19,D26,D27
16:08:13.333     3026193  FFFFFFCBD3FFF  D16,D17,D19,D24,D26,D27
16:08:14.278     3027117  FFFFFFC3D3FFF  D16,D17,D19,D24,D25,D26,D27
16:08:14.278     3027119  FFFFFFC7D3FFF  D16,D17,D19,D25,D26,D27
16:08:15.175     3028020  FFFFFFC3D3FFF  D16,D17,D19,D24,D25,D26,D27
16:08:16.059     3028893  FFFFFF83D3FFF  D16,D17,D19,D24,D25,D26,D27,D28
16:08:16.060     3028894  FFFFFFAFD3FFF  D16,D17,D19,D26,D28
16:08:16.060     3028896  FFFFFFBFD3FFF  D16,D17,D19,D28
16:08:17.020     3029846  FFFFFFBBD3FFF  D16,D17,D19,D24,D28
16:08:17.893     3030719  FFFFFFB3D3FFF  D16,D17,D19,D24,D25,D28
16:08:17.893     3030721  FFFFFFB7D3FFF  D16,D17,D19,D25,D28
16:08:18.822     3031631  FFFFFFB3D3FFF  D16,D17,D19,D24,D25,D28
16:08:19.735     3032545  FFFFFFA3D3FFF  D16,D17,D19,D24,D25,D26,D28
16:08:19.735     3032547  FFFFFFAFD3FFF  D16,D17,D19,D26,D28
16:08:20.661     3033459  FFFFFFABD3FFF  D16,D17,D19,D24,D26,D28
16:08:22.018     3034808  FFFFFFA3D3FFF  D16,D17,D19,D24,D25,D26,D28
16:08:22.018     3034810  FFFFFFA7D3FFF  D16,D17,D19,D25,D26,D28
16:08:23.413     3036198  FFFFFFA3D3FFF  D16,D17,D19,D24,D25,D26,D28
16:08:24.356     3037121  FFFFFF83D3FFF  D16,D17,D19,D24,D25,D26,D27,D28
16:08:24.356     3037123  FFFFFF8FD3FFF  D16,D17,D19,D26,D27,D28
16:08:24.356     3037125  FFFFFF9FD3FFF  D16,D17,D19,D27,D28
16:08:25.220     3037985  FFFFFF9BD3FFF  D16,D17,D19,D24,D27,D28
16:08:26.135     3038898  FFFFFF93D3FFF  D16,D17,D19,D24,D25,D27,D28
16:08:26.135     3038900  FFFFFF97D3FFF  D16,D17,D19,D25,D27,D28
16:08:27.063     3039812  FFFFFF93D3FFF  D16,D17,D19,D24,D25,D27,D28
16:08:27.976     3040724  FFFFFF83D3FFF  D16,D17,D19,D24,D25,D26,D27,D28
16:08:27.976     3040726  FFFFFF8FD3FFF  D16,D17,D19,D26,D27,D28
16:08:28.902     3041638  FFFFFF8BD3FFF  D16,D17,D19,D24,D26,D27,D28
16:08:29.828     3042550  FFFFFF83D3FFF  D16,D17,D19,D24,D25,D26,D27,D28
16:08:29.828     3042552  FFFFFF87D3FFF  D16,D17,D19,D25,D26,D27,D28
16:08:30.820     3043544  FFFFFF83D3FFF  D16,D17,D19,D24,D25,D26,D27,D28
16:08:32.344     3045051  FFFFFF03D3FFF  D16,D17,D19,D24,D25,D26,D27,D28,D29
16:08:32.345     3045053  FFFFFF67D3FFF  D16,D17,D19,D25,D26,D29
16:08:32.345     3045055  FFFFFF7FD3FFF  D16,D17,D19,D29
16:08:35.299     3047987  FFFFFF7FD7FFF  D17,D19,D29
16:08:40.377     3053030  FFFFFF7FD7FFF  D17,D19,D29
16:08:44.059     3056686  FFFFFF7FF7FFF  D17,D29
16:09:40.793     3112993  FFFFFF7FF7FFF  D17,D29
16:10:40.943     3172697  FFFFFF7FF7FFF  D17,D29
16:10:55.577     3187228  FFFFFF7FB7FFF  D17,D20,D29
16:10:56.492     3188142  FFFFFF7FB3FFF  D16,D17,D20,D29
16:10:59.813     3191436  FFFFFF03B3FFF  D16,D17,D20,D24,D25,D26,D27,D28,D29
16:10:59.813     3191438  FFFFFF83B3FFF  D16,D17,D20,D24,D25,D26,D27,D28
16:11:01.293     3192906  FFFFFF87B3FFF  D16,D17,D20,D25,D26,D27,D28
16:11:02.302     3193899  FFFFFF83B3FFF  D16,D17,D20,D24,D25,D26,D27,D28
16:11:02.302     3193900  FFFFFF8BB3FFF  D16,D17,D20,D24,D26,D27,D28
16:11:03.252     3194852  FFFFFF8FB3FFF  D16,D17,D20,D26,D27,D28
16:11:04.140     3195723  FFFFFF87B3FFF  D16,D17,D20,D25,D26,D27,D28
16:11:04.140     3195725  FFFFFF83B3FFF  D16,D17,D20,D24,D25,D26,D27,D28
16:11:04.140     3195727  FFFFFF93B3FFF  D16,D17,D20,D24,D25,D27,D28
16:11:05.054     3196639  FFFFFF97B3FFF  D16,D17,D20,D25,D27,D28
16:11:05.981     3197551  FFFFFF93B3FFF  D16,D17,D20,D24,D25,D27,D28
16:11:05.981     3197552  FFFFFF9BB3FFF  D16,D17,D20,D24,D27,D28
16:11:06.896     3198466  FFFFFF9FB3FFF  D16,D17,D20,D27,D28
16:11:07.815     3199376  FFFFFF87B3FFF  D16,D17,D20,D25,D26,D27,D28
16:11:07.815     3199378  FFFFFFA3B3FFF  D16,D17,D20,D24,D25,D26,D28
16:11:08.700     3200251  FFFFFFA7B3FFF  D16,D17,D20,D25,D26,D28
16:11:10.107     3201640  FFFFFFA3B3FFF  D16,D17,D20,D24,D25,D26,D28
16:11:10.107     3201642  FFFFFFABB3FFF  D16,D17,D20,D24,D26,D28
16:11:11.461     3202991  FFFFFFAFB3FFF  D16,D17,D20,D26,D28
16:11:12.379     3203903  FFFFFFA3B3FFF  D16,D17,D20,D24,D25,D26,D28
16:11:12.379     3203906  FFFFFFB3B3FFF  D16,D17,D20,D24,D25,D28
16:11:13.297     3204817  FFFFFFB7B3FFF  D16,D17,D20,D25,D28
16:11:14.226     3205729  FFFFFFB3B3FFF  D16,D17,D20,D24,D25,D28
16:11:14.226     3205732  FFFFFFBBB3FFF  D16,D17,D20,D24,D28
16:11:15.136     3206643  FFFFFFBFB3FFF  D16,D17,D20,D28
16:11:16.062     3207555  FFFFFFB7B3FFF  D16,D17,D20,D25,D28
16:11:16.062     3207557  FFFFFFC3B3FFF  D16,D17,D20,D24,D25,D26,D27
16:11:16.980     3208470  FFFFFFC7B3FFF  D16,D17,D20,D25,D26,D27
16:11:17.855     3209342  FFFFFFC3B3FFF  D16,D17,D20,D24,D25,D26,D27
16:11:17.855     3209345  FFFFFFCBB3FFF  D16,D17,D20,D24,D26,D27
16:11:18.783     3210257  FFFFFFCFB3FFF  D16,D17,D20,D26,D27
16:11:19.895     3211367  FFFFFFC3B3FFF  D16,D17,D20,D24,D25,D26,D27
16:11:19.895     3211370  FFFFFFD3B3FFF  D16,D17,D20,D24,D25,D27
16:11:21.344     3212797  FFFFFFD7B3FFF  D16,D17,D20,D25,D27
16:11:22.787     3214226  FFFFFFD3B3FFF  D16,D17,D20,D24,D25,D27
16:11:22.787     3214228  FFFFFFDBB3FFF  D16,D17,D20,D24,D27
16:11:24.257     3215696  FFFFFFDFB3FFF  D16,D17,D20,D27
16:11:25.467     3216886  FFFFFFC3B3FFF  D16,D17,D20,D24,D25,D26,D27
16:11:25.467     3216888  FFFFFFE3B3FFF  D16,D17,D20,D24,D25,D26
16:11:26.460     3217880  FFFFFFE7B3FFF  D16,D17,D20,D25,D26
16:11:27.496     3218911  FFFFFFE3B3FFF  D16,D17,D20,D24,D25,D26
16:11:27.497     3218913  FFFFFFEBB3FFF  D16,D17,D20,D24,D26
16:11:28.773     3220183  FFFFFFEFB3FFF  D16,D17,D20,D26
16:11:30.216     3221610  FFFFFFE3B3FFF  D16,D17,D20,D24,D25,D26
16:11:30.216     3221613  FFFFFFF3B3FFF  D16,D17,D20,D24,D25
16:11:32.226     3223438  FFFFFFF7B3FFF  D16,D17,D20,D25
16:11:32.227     3223596  FFFFFFF793FFF  D16,D17,D19,D20,D25
16:11:32.227     3223597  FFFFFFF7D3FFF  D16,D17,D19,D25
16:11:35.734     3227046  FFFFFFF7D7FFF  D17,D19,D25
16:11:35.734     3227090  FFFFFFF7F7FFF  D17,D25
16:11:41.310     3232617  FFFFFFF7F7FFF  D17,D25
16:12:41.516     3292374  FFFFFFF7F7FFF  D17,D25
16:13:41.698     3352108  FFFFFFF7F7FFF  D17,D25
16:14:36.415     3406425  FFFFFFF7FFFFF  D25
16:14:37.102     3407101  FFFFFFF7F7FFF  D17,D25
16:14:39.575     3409564  FFFFFFF7D7FFF  D17,D19,D25
16:14:40.668     3410647  FFFFFFF7D3FFF  D16,D17,D19,D25
16:14:42.189     3412155  FFFFFFF7D3FFF  D16,D17,D19,D25
16:14:44.731     3414685  FFFFFFF3D3FFF  D16,D17,D19,D24,D25
16:14:46.543     3416471  FFFFFFE3D3FFF  D16,D17,D19,D24,D25,D26
16:14:46.544     3416473  FFFFFFEFD3FFF  D16,D17,D19,D26
16:14:47.977     3417902  FFFFFFEBD3FFF  D16,D17,D19,D24,D26
16:14:49.317     3419223  FFFFFFE3D3FFF  D16,D17,D19,D24,D25,D26
16:14:49.317     3419224  FFFFFFE7D3FFF  D16,D17,D19,D25,D26
16:14:50.293     3420205  FFFFFFE3D3FFF  D16,D17,D19,D24,D25,D26
16:14:51.346     3421237  FFFFFFC3D3FFF  D16,D17,D19,D24,D25,D26,D27
16:14:51.346     3421238  FFFFFFCFD3FFF  D16,D17,D19,D26,D27
16:14:51.347     3421240  FFFFFFDFD3FFF  D16,D17,D19,D27
16:14:52.536     3422427  FFFFFFDBD3FFF  D16,D17,D19,D24,D27
16:14:53.986     3423857  FFFFFFD3D3FFF  D16,D17,D19,D24,D25,D27
16:14:53.986     3423858  FFFFFFD7D3FFF  D16,D17,D19,D25,D27
16:14:55.454     3425326  FFFFFFD3D3FFF  D16,D17,D19,D24,D25,D27
16:14:57.303     3427162  FFFFFFC3D3FFF  D16,D17,D19,D24,D25,D26,D27
16:14:57.303     3427164  FFFFFFCFD3FFF  D16,D17,D19,D26,D27
16:15:00.729     3430563  FFFFFFCFD7FFF  D17,D19,D26,D27
16:15:11.982     3441723  FFFFFFCFD3FFF  D16,D17,D19,D26,D27
16:15:15.304     3445028  FFFFFFCBD3FFF  D16,D17,D19,D24,D26,D27
16:15:16.781     3446488  FFFFFFC3D3FFF  D16,D17,D19,D24,D25,D26,D27
16:15:16.782     3446489  FFFFFFC7D3FFF  D16,D17,D19,D25,D26,D27
16:15:17.812     3447520  FFFFFFC3D3FFF  D16,D17,D19,D24,D25,D26,D27
16:15:18.753     3448442  FFFFFF83D3FFF  D16,D17,D19,D24,D25,D26,D27,D28
16:15:18.753     3448444  FFFFFFAFD3FFF  D16,D17,D19,D26,D28
16:15:18.753     3448446  FFFFFFBFD3FFF  D16,D17,D19,D28
16:15:19.663     3449347  FFFFFFBBD3FFF  D16,D17,D19,D24,D28
16:15:20.532     3450219  FFFFFFB3D3FFF  D16,D17,D19,D24,D25,D28
16:15:20.533     3450221  FFFFFFB7D3FFF  D16,D17,D19,D25,D28
16:15:21.462     3451143  FFFFFFB3D3FFF  D16,D17,D19,D24,D25,D28
16:15:22.375     3452046  FFFFFFA3D3FFF  D16,D17,D19,D24,D25,D26,D28
16:15:22.375     3452048  FFFFFFAFD3FFF  D16,D17,D19,D26,D28
16:15:23.301     3452969  FFFFFFABD3FFF  D16,D17,D19,D24,D26,D28
16:15:24.986     3454637  FFFFFFA3D3FFF  D16,D17,D19,D24,D25,D26,D28
16:15:24.987     3454638  FFFFFFA7D3FFF  D16,D17,D19,D25,D26,D28
16:15:28.822     3458445  FFFFFFA7D7FFF  D17,D19,D25,D26,D28
16:15:37.505     3467055  FFFFFFA7F7FFF  D17,D25,D26,D28
16:15:40.544     3470070  FFFFFFA7D7FFF  D17,D19,D25,D26,D28
16:15:41.579     3471104  FFFFFFA7D3FFF  D16,D17,D19,D25,D26,D28
16:15:42.609     3472124  FFFFFFA7D3FFF  D16,D17,D19,D25,D26,D28
16:15:44.864     3474359  FFFFFFA3D3FFF  D16,D17,D19,D24,D25,D26,D28
16:15:46.384     3475868  FFFFFF83D3FFF  D16,D17,D19,D24,D25,D26,D27,D28
16:15:46.384     3475869  FFFFFF8FD3FFF  D16,D17,D19,D26,D27,D28
16:15:46.384     3475871  FFFFFF9FD3FFF  D16,D17,D19,D27,D28
16:15:47.374     3476860  FFFFFF9BD3FFF  D16,D17,D19,D24,D27,D28
16:15:48.308     3477773  FFFFFF93D3FFF  D16,D17,D19,D24,D25,D27,D28
16:15:48.308     3477775  FFFFFF97D3FFF  D16,D17,D19,D25,D27,D28
16:15:49.224     3478686  FFFFFF93D3FFF  D16,D17,D19,D24,D25,D27,D28
16:15:50.136     3479600  FFFFFF83D3FFF  D16,D17,D19,D24,D25,D26,D27,D28
16:15:50.136     3479602  FFFFFF8FD3FFF  D16,D17,D19,D26,D27,D28
16:15:51.074     3480523  FFFFFF8BD3FFF  D16,D17,D19,D24,D26,D27,D28
16:15:51.985     3481426  FFFFFF83D3FFF  D16,D17,D19,D24,D25,D26,D27,D28
16:15:51.985     3481427  FFFFFF87D3FFF  D16,D17,D19,D25,D26,D27,D28
16:15:52.857     3482300  FFFFFF83D3FFF  D16,D17,D19,D24,D25,D26,D27,D28
16:15:53.785     3483223  FFFFFF43D3FFF  D16,D17,D19,D24,D25,D26,D27,D29
16:15:53.786     3483225  FFFFFF6FD3FFF  D16,D17,D19,D26,D29
16:15:53.786     3483227  FFFFFF7FD3FFF  D16,D17,D19,D29
16:15:54.704     3484126  FFFFFF7BD3FFF  D16,D17,D19,D24,D29
16:15:55.742     3485158  FFFFFF73D3FFF  D16,D17,D19,D24,D25,D29
16:15:55.742     3485159  FFFFFF77D3FFF  D16,D17,D19,D25,D29
16:15:57.218     3486627  FFFFFF73D3FFF  D16,D17,D19,D24,D25,D29
16:16:00.378     3489601  FFFFFF73D7FFF  D17,D19,D24,D25,D29
16:16:00.379     3489765  FFFFFF73F7FFF  D17,D24,D25,D29
16:16:42.811     3531889  FFFFFF73F7FFF  D17,D24,D25,D29
16:17:28.224     3576950  FFFFFF73B7FFF  D17,D20,D24,D25,D29
16:17:29.265     3577984  FFFFFF73B3FFF  D16,D17,D20,D24,D25,D29
16:17:32.773     3581479  FFFFFF77B3FFF  D16,D17,D20,D25,D29
16:17:35.701     3584373  FFFFFF77B7FFF  D17,D20,D25,D29
16:17:43.270     3591888  FFFFFF77B7FFF  D17,D20,D25,D29
16:17:46.463     3595057  FFFFFF77B3FFF  D16,D17,D20,D25,D29
16:17:49.822     3598391  FFFFFF73B3FFF  D16,D17,D20,D24,D25,D29
16:17:49.822     3598393  FFFFFF7BB3FFF  D16,D17,D20,D24,D29
16:17:51.302     3599860  FFFFFF7FB3FFF  D16,D17,D20,D29
16:17:52.339     3600892  FFFFFF2FB3FFF  D16,D17,D20,D26,D28,D29
16:17:52.339     3600893  FFFFFF83B3FFF  D16,D17,D20,D24,D25,D26,D27,D28
16:17:53.257     3601807  FFFFFF87B3FFF  D16,D17,D20,D25,D26,D27,D28
16:17:54.143     3602678  FFFFFF83B3FFF  D16,D17,D20,D24,D25,D26,D27,D28
16:17:54.143     3602680  FFFFFF8BB3FFF  D16,D17,D20,D24,D26,D27,D28
16:17:55.059     3603593  FFFFFF8FB3FFF  D16,D17,D20,D26,D27,D28
16:17:55.976     3604505  FFFFFF83B3FFF  D16,D17,D20,D24,D25,D26,D27,D28
16:17:55.976     3604508  FFFFFF93B3FFF  D16,D17,D20,D24,D25,D27,D28
16:17:56.895     3605420  FFFFFF97B3FFF  D16,D17,D20,D25,D27,D28
16:17:57.814     3606331  FFFFFF93B3FFF  D16,D17,D20,D24,D25,D27,D28
16:17:57.814     3606333  FFFFFF9BB3FFF  D16,D17,D20,D24,D27,D28
16:17:58.744     3607245  FFFFFF9FB3FFF  D16,D17,D20,D27,D28
16:17:59.658     3608158  FFFFFF87B3FFF  D16,D17,D20,D25,D26,D27,D28
16:17:59.658     3608160  FFFFFFA3B3FFF  D16,D17,D20,D24,D25,D26,D28
16:18:00.544     3609032  FFFFFFA7B3FFF  D16,D17,D20,D25,D26,D28
16:18:01.937     3610422  FFFFFFA3B3FFF  D16,D17,D20,D24,D25,D26,D28
16:18:01.937     3610423  FFFFFFABB3FFF  D16,D17,D20,D24,D26,D28
16:18:03.290     3611771  FFFFFFAFB3FFF  D16,D17,D20,D26,D28
16:18:04.220     3612684  FFFFFFA3B3FFF  D16,D17,D20,D24,D25,D26,D28
16:18:04.220     3612687  FFFFFFB3B3FFF  D16,D17,D20,D24,D25,D28
16:18:05.131     3613598  FFFFFFB7B3FFF  D16,D17,D20,D25,D28
16:18:06.059     3614511  FFFFFFB3B3FFF  D16,D17,D20,D24,D25,D28
16:18:06.059     3614513  FFFFFFBBB3FFF  D16,D17,D20,D24,D28
16:18:06.942     3615385  FFFFFFBFB3FFF  D16,D17,D20,D28
16:18:07.857     3616296  FFFFFFA7B3FFF  D16,D17,D20,D25,D26,D28
16:18:07.857     3616299  FFFFFFC3B3FFF  D16,D17,D20,D24,D25,D26,D27
16:18:08.784     3617212  FFFFFFC7B3FFF  D16,D17,D20,D25,D26,D27
16:18:09.700     3618123  FFFFFFC3B3FFF  D16,D17,D20,D24,D25,D26,D27
16:18:09.700     3618125  FFFFFFCBB3FFF  D16,D17,D20,D24,D26,D27
16:18:10.625     3619038  FFFFFFCFB3FFF  D16,D17,D20,D26,D27
16:18:11.738     3620148  FFFFFFC3B3FFF  D16,D17,D20,D24,D25,D26,D27
16:18:11.738     3620151  FFFFFFD3B3FFF  D16,D17,D20,D24,D25,D27
16:18:13.149     3621550  FFFFFFD7B3FFF  D16,D17,D20,D25,D27
16:18:14.620     3623007  FFFFFFD3B3FFF  D16,D17,D20,D24,D25,D27
16:18:14.620     3623009  FFFFFFDBB3FFF  D16,D17,D20,D24,D27
16:18:16.063     3624437  FFFFFFDFB3FFF  D16,D17,D20,D27
16:18:17.264     3625627  FFFFFFC3B3FFF  D16,D17,D20,D24,D25,D26,D27
16:18:17.264     3625629  FFFFFFE3B3FFF  D16,D17,D20,D24,D25,D26
16:18:18.303     3626660  FFFFFFE7B3FFF  D16,D17,D20,D25,D26
16:18:19.293     3627652  FFFFFFE3B3FFF  D16,D17,D20,D24,D25,D26
16:18:19.293     3627654  FFFFFFEBB3FFF  D16,D17,D20,D24,D26
16:18:20.614     3628963  FFFFFFEFB3FFF  D16,D17,D20,D26
16:18:22.073     3630402  FFFFFFE3B3FFF  D16,D17,D20,D24,D25,D26
16:18:22.073     3630405  FFFFFFF3B3FFF  D16,D17,D20,D24,D25
16:18:23.893     3632180  FFFFFFF7B3FFF  D16,D17,D20,D25
16:18:23.894     3632218  FFFFFFF793FFF  D16,D17,D19,D20,D25
16:18:23.894     3632220  FFFFFFF7D3FFF  D16,D17,D19,D25
16:18:27.500     3635799  FFFFFFF7D7FFF  D17,D19,D25
16:18:36.382     3644606  FFFFFFF7F7FFF  D17,D25
16:18:40.538     3648734  FFFFFFF7D7FFF  D17,D19,D25
16:18:41.575     3649767  FFFFFFF7D3FFF  D16,D17,D19,D25
16:18:43.604     3651773  FFFFFFF7D3FFF  D16,D17,D19,D25
16:18:45.610     3653777  FFFFFFF3D3FFF  D16,D17,D19,D24,D25
16:18:47.423     3655563  FFFFFFE3D3FFF  D16,D17,D19,D24,D25,D26
16:18:47.424     3655565  FFFFFFEFD3FFF  D16,D17,D19,D26
16:18:48.891     3657032  FFFFFFEBD3FFF  D16,D17,D19,D24,D26
16:18:50.177     3658303  FFFFFFE3D3FFF  D16,D17,D19,D24,D25,D26
16:18:50.177     3658305  FFFFFFE7D3FFF  D16,D17,D19,D25,D26
16:18:51.215     3659335  FFFFFFE3D3FFF  D16,D17,D19,D24,D25,D26
16:18:52.222     3660327  FFFFFFC3D3FFF  D16,D17,D19,D24,D25,D26,D27
16:18:52.223     3660329  FFFFFFCFD3FFF  D16,D17,D19,D26,D27
16:18:52.223     3660332  FFFFFFDFD3FFF  D16,D17,D19,D27
16:18:53.414     3661518  FFFFFFDBD3FFF  D16,D17,D19,D24,D27
16:18:54.865     3662948  FFFFFFD3D3FFF  D16,D17,D19,D24,D25,D27
16:18:54.866     3662950  FFFFFFD7D3FFF  D16,D17,D19,D25,D27
16:18:56.340     3664417  FFFFFFD3D3FFF  D16,D17,D19,D24,D25,D27
16:18:57.744     3665817  FFFFFFC3D3FFF  D16,D17,D19,D24,D25,D26,D27
16:18:57.745     3665819  FFFFFFCFD3FFF  D16,D17,D19,D26,D27
16:18:58.903     3666958  FFFFFFCBD3FFF  D16,D17,D19,D24,D26,D27
16:18:59.784     3667831  FFFFFFC3D3FFF  D16,D17,D19,D24,D25,D26,D27
16:18:59.785     3667833  FFFFFFC7D3FFF  D16,D17,D19,D25,D26,D27
16:19:00.701     3668745  FFFFFFC3D3FFF  D16,D17,D19,D24,D25,D26,D27
16:19:01.618     3669658  FFFFFF83D3FFF  D16,D17,D19,D24,D25,D26,D27,D28
16:19:01.618     3669659  FFFFFFAFD3FFF  D16,D17,D19,D26,D28
16:19:01.618     3669661  FFFFFFBFD3FFF  D16,D17,D19,D28
16:19:02.549     3670581  FFFFFFBBD3FFF  D16,D17,D19,D24,D28
16:19:03.461     3671484  FFFFFFB3D3FFF  D16,D17,D19,D24,D25,D28
16:19:03.461     3671486  FFFFFFB7D3FFF  D16,D17,D19,D25,D28
16:19:04.331     3672357  FFFFFFB3D3FFF  D16,D17,D19,D24,D25,D28
16:19:05.306     3673311  FFFFFFA3D3FFF  D16,D17,D19,D24,D25,D26,D28
16:19:05.306     3673313  FFFFFFAFD3FFF  D16,D17,D19,D26,D28
16:19:06.222     3674233  FFFFFFABD3FFF  D16,D17,D19,D24,D26,D28
16:19:07.581     3675574  FFFFFFA3D3FFF  D16,D17,D19,D24,D25,D26,D28
16:19:07.581     3675576  FFFFFFA7D3FFF  D16,D17,D19,D25,D26,D28
16:19:08.943     3676923  FFFFFFA3D3FFF  D16,D17,D19,D24,D25,D26,D28
16:19:09.863     3677837  FFFFFF83D3FFF  D16,D17,D19,D24,D25,D26,D27,D28
16:19:09.864     3677839  FFFFFF8FD3FFF  D16,D17,D19,D26,D27,D28
16:19:09.864     3677840  FFFFFF9FD3FFF  D16,D17,D19,D27,D28
16:19:10.782     3678750  FFFFFF9BD3FFF  D16,D17,D19,D24,D27,D28
16:19:11.699     3679663  FFFFFF93D3FFF  D16,D17,D19,D24,D25,D27,D28
16:19:11.699     3679665  FFFFFF97D3FFF  D16,D17,D19,D25,D27,D28
16:19:12.630     3680586  FFFFFF93D3FFF  D16,D17,D19,D24,D25,D27,D28
16:19:13.505     3681449  FFFFFF83D3FFF  D16,D17,D19,D24,D25,D26,D27,D28
16:19:13.505     3681452  FFFFFF8FD3FFF  D16,D17,D19,D26,D27,D28
16:19:14.419     3682363  FFFFFF8BD3FFF  D16,D17,D19,D24,D26,D27,D28
16:19:15.348     3683287  FFFFFF83D3FFF  D16,D17,D19,D24,D25,D26,D27,D28
16:19:15.348     3683288  FFFFFF87D3FFF  D16,D17,D19,D25,D26,D27,D28
16:19:16.252     3684190  FFFFFF83D3FFF  D16,D17,D19,D24,D25,D26,D27,D28
16:19:17.181     3685102  FFFFFF43D3FFF  D16,D17,D19,D24,D25,D26,D27,D29
16:19:17.182     3685104  FFFFFF6FD3FFF  D16,D17,D19,D26,D29
16:19:17.182     3685106  FFFFFF7FD3FFF  D16,D17,D19,D29
16:19:18.096     3686016  FFFFFF7BD3FFF  D16,D17,D19,D24,D29
16:19:19.105     3687008  FFFFFF73D3FFF  D16,D17,D19,D24,D25,D29
16:19:19.105     3687010  FFFFFF77D3FFF  D16,D17,D19,D25,D29
16:19:20.622     3688517  FFFFFF73D3FFF  D16,D17,D19,D24,D25,D29
16:19:23.735     3691452  FFFFFF73D7FFF  D17,D19,D24,D25,D29
16:19:23.736     3691615  FFFFFF73F7FFF  D17,D24,D25,D29
16:19:43.986     3711708  FFFFFF73F7FFF  D17,D24,D25,D29
16:20:44.158     3771432  FFFFFF73F7FFF  D17,D24,D25,D29
16:21:44.346     3831173  FFFFFF73F7FFF  D17,D24,D25,D29
16:22:24.416     3870949  FFFFFF73FFFFF  D24,D25,D29
16:22:25.101     3871637  FFFFFF73F7FFF  D17,D24,D25,D29
16:22:44.784     3891173  FFFFFF73F7FFF  D17,D24,D25,D29
16:22:46.296     3892670  FFFFFF73B7FFF  D17,D20,D24,D25,D29
16:22:47.617     3893980  FFFFFF73B3FFF  D16,D17,D20,D24,D25,D29
16:22:50.938     3897277  FFFFFF77B3FFF  D16,D17,D20,D25,D29
16:22:52.496     3898824  FFFFFF73B3FFF  D16,D17,D20,D24,D25,D29
16:22:52.496     3898826  FFFFFF7BB3FFF  D16,D17,D20,D24,D29
16:22:54.102     3900412  FFFFFF7FB3FFF  D16,D17,D20,D29
16:22:56.976     3903267  FFFFFF7FB7FFF  D17,D20,D29
16:23:07.709     3913921  FFFFFF7FB3FFF  D16,D17,D20,D29
16:23:11.064     3917246  FFFFFF4FB3FFF  D16,D17,D20,D26,D27,D29
16:23:11.064     3917247  FFFFFF83B3FFF  D16,D17,D20,D24,D25,D26,D27,D28
16:23:12.502     3918676  FFFFFF87B3FFF  D16,D17,D20,D25,D26,D27,D28
16:23:13.544     3919708  FFFFFF83B3FFF  D16,D17,D20,D24,D25,D26,D27,D28
16:23:13.544     3919710  FFFFFF8BB3FFF  D16,D17,D20,D24,D26,D27,D28
16:23:14.451     3920621  FFFFFF8FB3FFF  D16,D17,D20,D26,D27,D28
16:23:15.396     3921544  FFFFFF83B3FFF  D16,D17,D20,D24,D25,D26,D27,D28
16:23:15.396     3921547  FFFFFF93B3FFF  D16,D17,D20,D24,D25,D27,D28
16:23:16.310     3922458  FFFFFF97B3FFF  D16,D17,D20,D25,D27,D28
16:23:17.212     3923360  FFFFFF93B3FFF  D16,D17,D20,D24,D25,D27,D28
16:23:17.212     3923362  FFFFFF9BB3FFF  D16,D17,D20,D24,D27,D28
16:23:18.099     3924235  FFFFFF9FB3FFF  D16,D17,D20,D27,D28
16:23:19.065     3925186  FFFFFF87B3FFF  D16,D17,D20,D25,D26,D27,D28
16:23:19.065     3925188  FFFFFFA3B3FFF  D16,D17,D20,D24,D25,D26,D28
16:23:19.936     3926061  FFFFFFA7B3FFF  D16,D17,D20,D25,D26,D28
16:23:21.340     3927450  FFFFFFA3B3FFF  D16,D17,D20,D24,D25,D26,D28
16:23:21.340     3927451  FFFFFFABB3FFF  D16,D17,D20,D24,D26,D28
16:23:22.715     3928811  FFFFFFAFB3FFF  D16,D17,D20,D26,D28
16:23:23.614     3929712  FFFFFFA7B3FFF  D16,D17,D20,D25,D26,D28
16:23:23.614     3929714  FFFFFFA3B3FFF  D16,D17,D20,D24,D25,D26,D28
16:23:23.615     3929716  FFFFFFB3B3FFF  D16,D17,D20,D24,D25,D28
16:23:24.530     3930627  FFFFFFB7B3FFF  D16,D17,D20,D25,D28
16:23:25.418     3931500  FFFFFFB3B3FFF  D16,D17,D20,D24,D25,D28
16:23:25.418     3931502  FFFFFFBBB3FFF  D16,D17,D20,D24,D28
16:23:26.337     3932413  FFFFFFBFB3FFF  D16,D17,D20,D28
16:23:27.265     3933325  FFFFFFE7B3FFF  D16,D17,D20,D25,D26
16:23:27.265     3933327  FFFFFFC3B3FFF  D16,D17,D20,D24,D25,D26,D27
16:23:28.180     3934240  FFFFFFC7B3FFF  D16,D17,D20,D25,D26,D27
16:23:29.108     3935163  FFFFFFC3B3FFF  D16,D17,D20,D24,D25,D26,D27
16:23:29.108     3935165  FFFFFFCBB3FFF  D16,D17,D20,D24,D26,D27
16:23:30.021     3936066  FFFFFFCFB3FFF  D16,D17,D20,D26,D27
16:23:31.142     3937176  FFFFFFC7B3FFF  D16,D17,D20,D25,D26,D27
16:23:31.143     3937178  FFFFFFC3B3FFF  D16,D17,D20,D24,D25,D26,D27
16:23:31.143     3937180  FFFFFFD3B3FFF  D16,D17,D20,D24,D25,D27
16:23:32.531     3938568  FFFFFFD7B3FFF  D16,D17,D20,D25,D27
16:23:34.023     3940035  FFFFFFD3B3FFF  D16,D17,D20,D24,D25,D27
16:23:34.023     3940037  FFFFFFDBB3FFF  D16,D17,D20,D24,D27
16:23:35.455     3941466  FFFFFFDFB3FFF  D16,D17,D20,D27
16:23:36.652     3942656  FFFFFFC7B3FFF  D16,D17,D20,D25,D26,D27
16:23:36.652     3942658  FFFFFFE3B3FFF  D16,D17,D20,D24,D25,D26
16:23:37.704     3943699  FFFFFFE7B3FFF  D16,D17,D20,D25,D26
16:23:38.693     3944681  FFFFFFE3B3FFF  D16,D17,D20,D24,D25,D26
16:23:38.693     3944683  FFFFFFEBB3FFF  D16,D17,D20,D24,D26
16:23:39.988     3945962  FFFFFFEFB3FFF  D16,D17,D20,D26
16:23:41.463     3947429  FFFFFFE7B3FFF  D16,D17,D20,D25,D26
16:23:41.463     3947431  FFFFFFE3B3FFF  D16,D17,D20,D24,D25,D26
16:23:41.463     3947433  FFFFFFF3B3FFF  D16,D17,D20,D24,D25
16:23:42.935     3948890  FFFFFFF7B3FFF  D16,D17,D20,D25
16:23:45.020     3950885  FFFFFFF3B3FFF  D16,D17,D20,D24,D25
16:23:45.021     3950887  FFFFFFFBB3FFF  D16,D17,D20,D24
16:23:45.021     3950954  FFFFFFFB93FFF  D16,D17,D19,D20,D24
16:23:45.021     3950955  FFFFFFFBD3FFF  D16,D17,D19,D24
16:23:45.541     3951467  FFFFFFFBD3FFF  D16,D17,D19,D24
16:23:48.256     3954166  FFFFFFFBD7FFF  D17,D19,D24
16:23:57.020     3962866  FFFFFFFBF7FFF  D17,D24
16:24:00.540     3966359  FFFFFFFBD7FFF  D17,D19,D24
16:24:01.588     3967401  FFFFFFFBD3FFF  D16,D17,D19,D24
16:24:05.374     3971162  FFFFFFF3D3FFF  D16,D17,D19,D24,D25
16:24:05.375     3971164  FFFFFFF7D3FFF  D16,D17,D19,D25
16:24:07.381     3973158  FFFFFFF3D3FFF  D16,D17,D19,D24,D25
16:24:08.863     3974617  FFFFFFE3D3FFF  D16,D17,D19,D24,D25,D26
16:24:08.863     3974619  FFFFFFEFD3FFF  D16,D17,D19,D26
16:24:10.298     3976046  FFFFFFEBD3FFF  D16,D17,D19,D24,D26
16:24:11.614     3977356  FFFFFFE3D3FFF  D16,D17,D19,D24,D25,D26
16:24:11.614     3977358  FFFFFFE7D3FFF  D16,D17,D19,D25,D26
16:24:12.626     3978359  FFFFFFE3D3FFF  D16,D17,D19,D24,D25,D26
16:24:13.637     3979352  FFFFFFC3D3FFF  D16,D17,D19,D24,D25,D26,D27
16:24:13.637     3979354  FFFFFFCFD3FFF  D16,D17,D19,D26,D27
16:24:13.637     3979355  FFFFFFDFD3FFF  D16,D17,D19,D27
16:24:14.824     3980542  FFFFFFDBD3FFF  D16,D17,D19,D24,D27
16:24:16.308     3982012  FFFFFFD3D3FFF  D16,D17,D19,D24,D25,D27
16:24:16.308     3982014  FFFFFFD7D3FFF  D16,D17,D19,D25,D27
16:24:17.751     3983441  FFFFFFD3D3FFF  D16,D17,D19,D24,D25,D27
16:24:19.186     3984870  FFFFFFC3D3FFF  D16,D17,D19,D24,D25,D26,D27
16:24:19.186     3984872  FFFFFFCFD3FFF  D16,D17,D19,D26,D27
16:24:20.302     3985982  FFFFFFCBD3FFF  D16,D17,D19,D24,D26,D27
16:24:21.213     3986885  FFFFFFC3D3FFF  D16,D17,D19,D24,D25,D26,D27
16:24:21.213     3986887  FFFFFFC7D3FFF  D16,D17,D19,D25,D26,D27
16:24:22.139     3987799  FFFFFFC3D3FFF  D16,D17,D19,D24,D25,D26,D27
16:24:23.067     3988721  FFFFFF83D3FFF  D16,D17,D19,D24,D25,D26,D27,D28
16:24:23.067     3988723  FFFFFFAFD3FFF  D16,D17,D19,D26,D28
16:24:23.067     3988725  FFFFFFBFD3FFF  D16,D17,D19,D28
16:24:23.993     3989635  FFFFFFBBD3FFF  D16,D17,D19,D24,D28
16:24:24.863     3990498  FFFFFFB3D3FFF  D16,D17,D19,D24,D25,D28
16:24:24.863     3990500  FFFFFFB7D3FFF  D16,D17,D19,D25,D28
16:24:25.781     3991421  FFFFFFB3D3FFF  D16,D17,D19,D24,D25,D28
16:24:26.704     3992335  FFFFFFA3D3FFF  D16,D17,D19,D24,D25,D26,D28
16:24:26.705     3992336  FFFFFFAFD3FFF  D16,D17,D19,D26,D28
16:24:27.620     3993237  FFFFFFABD3FFF  D16,D17,D19,D24,D26,D28
16:24:28.994     3994597  FFFFFFA3D3FFF  D16,D17,D19,D24,D25,D26,D28
16:24:28.994     3994599  FFFFFFA7D3FFF  D16,D17,D19,D25,D26,D28
16:24:30.380     3995987  FFFFFFA3D3FFF  D16,D17,D19,D24,D25,D26,D28
16:24:31.304     3996901  FFFFFF83D3FFF  D16,D17,D19,D24,D25,D26,D27,D28
16:24:31.305     3996902  FFFFFF8FD3FFF  D16,D17,D19,D26,D27,D28
16:24:31.305     3996904  FFFFFF9FD3FFF  D16,D17,D19,D27,D28
16:24:32.185     3997773  FFFFFF9BD3FFF  D16,D17,D19,D24,D27,D28
16:24:33.114     3998688  FFFFFF93D3FFF  D16,D17,D19,D24,D25,D27,D28
16:24:33.114     3998689  FFFFFF97D3FFF  D16,D17,D19,D25,D27,D28
16:24:34.024     3999600  FFFFFF93D3FFF  D16,D17,D19,D24,D25,D27,D28
16:24:34.938     4000503  FFFFFF83D3FFF  D16,D17,D19,D24,D25,D26,D27,D28
16:24:34.938     4000504  FFFFFF8FD3FFF  D16,D17,D19,D26,D27,D28
16:24:35.864     4001427  FFFFFF8BD3FFF  D16,D17,D19,D24,D26,D27,D28
16:24:36.781     4002339  FFFFFF83D3FFF  D16,D17,D19,D24,D25,D26,D27,D28
16:24:36.781     4002341  FFFFFF87D3FFF  D16,D17,D19,D25,D26,D27,D28
16:24:37.691     4003243  FFFFFF83D3FFF  D16,D17,D19,D24,D25,D26,D27,D28
16:24:38.585     4004125  FFFFFFC3D3FFF  D16,D17,D19,D24,D25,D26,D27
16:24:38.585     4004127  FFFFFF67D3FFF  D16,D17,D19,D25,D26,D29
16:24:38.586     4004129  FFFFFF7FD3FFF  D16,D17,D19,D29
16:24:39.512     4005040  FFFFFF7BD3FFF  D16,D17,D19,D24,D29
16:24:40.425     4005942  FFFFFF73D3FFF  D16,D17,D19,D24,D25,D29
16:24:40.425     4005944  FFFFFF77D3FFF  D16,D17,D19,D25,D29
16:24:41.340     4006855  FFFFFF73D3FFF  D16,D17,D19,D24,D25,D29
16:24:42.266     4007769  FFFFFF63D3FFF  D16,D17,D19,D24,D25,D26,D29
16:24:42.267     4007771  FFFFFF6FD3FFF  D16,D17,D19,D26,D29
16:24:43.177     4008683  FFFFFF6BD3FFF  D16,D17,D19,D24,D26,D29
16:24:44.223     4009714  FFFFFF63D3FFF  D16,D17,D19,D24,D25,D26,D29
16:24:44.223     4009715  FFFFFF67D3FFF  D16,D17,D19,D25,D26,D29
16:24:45.698     4011184  FFFFFF63D3FFF  D16,D17,D19,D24,D25,D26,D29
16:24:46.215     4011695  FFFFFF63D3FFF  D16,D17,D19,D24,D25,D26,D29
16:24:48.694     4014118  FFFFFF63D7FFF  D17,D19,D24,D25,D26,D29
16:24:48.694     4014161  FFFFFF63F7FFF  D17,D24,D25,D26,D29
16:25:46.393     4071422  FFFFFF63F7FFF  D17,D24,D25,D26,D29
16:26:46.660     4131245  FFFFFF63F7FFF  D17,D24,D25,D26,D29
16:27:46.974     4191110  FFFFFF63F7FFF  D17,D24,D25,D26,D29
16:27:49.377     4193497  FFFFFF63FFFFF  D24,D25,D26,D29
16:27:50.062     4194173  FFFFFF63F7FFF  D17,D24,D25,D26,D29
16:28:47.226     4250927  FFFFFF63F7FFF  D17,D24,D25,D26,D29
16:29:47.405     4310647  FFFFFF63F7FFF  D17,D24,D25,D26,D29
16:30:47.650     4370445  FFFFFF63F7FFF  D17,D24,D25,D26,D29
16:31:29.812     4412304  FFFFFF63B7FFF  D17,D20,D24,D25,D26,D29
16:31:31.231     4413704  FFFFFF63B3FFF  D16,D17,D20,D24,D25,D26,D29
16:31:34.769     4417228  FFFFFF67B3FFF  D16,D17,D20,D25,D26,D29
16:31:37.690     4420122  FFFFFF67B7FFF  D17,D20,D25,D26,D29
16:31:47.799     4430152  FFFFFF67B7FFF  D17,D20,D25,D26,D29
16:31:48.579     4430924  FFFFFF67B3FFF  D16,D17,D20,D25,D26,D29
16:31:51.951     4434271  FFFFFF63B3FFF  D16,D17,D20,D24,D25,D26,D29
16:31:51.951     4434272  FFFFFF6BB3FFF  D16,D17,D20,D24,D26,D29
16:31:53.430     4435740  FFFFFF6FB3FFF  D16,D17,D20,D26,D29
16:31:54.436     4436731  FFFFFF67B3FFF  D16,D17,D20,D25,D26,D29
16:31:54.436     4436733  FFFFFF63B3FFF  D16,D17,D20,D24,D25,D26,D29
16:31:54.436     4436734  FFFFFF73B3FFF  D16,D17,D20,D24,D25,D29
16:31:55.351     4437646  FFFFFF77B3FFF  D16,D17,D20,D25,D29
16:31:56.262     4438548  FFFFFF73B3FFF  D16,D17,D20,D24,D25,D29
16:31:56.262     4438550  FFFFFF7BB3FFF  D16,D17,D20,D24,D29
16:31:57.191     4439473  FFFFFF7FB3FFF  D16,D17,D20,D29
16:31:58.102     4440374  FFFFFF1FB3FFF  D16,D17,D20,D27,D28,D29
16:31:58.102     4440376  FFFFFF83B3FFF  D16,D17,D20,D24,D25,D26,D27,D28
16:31:59.033     4441298  FFFFFF87B3FFF  D16,D17,D20,D25,D26,D27,D28
16:31:59.931     4442201  FFFFFF83B3FFF  D16,D17,D20,D24,D25,D26,D27,D28
16:31:59.931     4442203  FFFFFF8BB3FFF  D16,D17,D20,D24,D26,D27,D28
16:32:00.860     4443115  FFFFFF8FB3FFF  D16,D17,D20,D26,D27,D28
16:32:01.746     4443997  FFFFFF87B3FFF  D16,D17,D20,D25,D26,D27,D28
16:32:01.746     4443999  FFFFFF83B3FFF  D16,D17,D20,D24,D25,D26,D27,D28
16:32:01.746     4444001  FFFFFF93B3FFF  D16,D17,D20,D24,D25,D27,D28
16:32:02.662     4444902  FFFFFF97B3FFF  D16,D17,D20,D25,D27,D28
16:32:03.574     4445814  FFFFFF93B3FFF  D16,D17,D20,D24,D25,D27,D28
16:32:03.574     4445815  FFFFFF9BB3FFF  D16,D17,D20,D24,D27,D28
16:32:04.502     4446738  FFFFFF9FB3FFF  D16,D17,D20,D27,D28
16:32:05.429     4447649  FFFFFF97B3FFF  D16,D17,D20,D25,D27,D28
16:32:05.429     4447651  FFFFFFA3B3FFF  D16,D17,D20,D24,D25,D26,D28
16:32:06.342     4448555  FFFFFFA7B3FFF  D16,D17,D20,D25,D26,D28
16:32:07.700     4449903  FFFFFFA3B3FFF  D16,D17,D20,D24,D25,D26,D28
16:32:07.700     4449905  FFFFFFABB3FFF  D16,D17,D20,D24,D26,D28
16:32:09.062     4451254  FFFFFFAFB3FFF  D16,D17,D20,D26,D28
16:32:09.984     4452176  FFFFFFA3B3FFF  D16,D17,D20,D24,D25,D26,D28
16:32:09.985     4452179  FFFFFFB3B3FFF  D16,D17,D20,D24,D25,D28
16:32:10.899     4453090  FFFFFFB7B3FFF  D16,D17,D20,D25,D28
16:32:11.827     4454003  FFFFFFB3B3FFF  D16,D17,D20,D24,D25,D28
16:32:11.827     4454005  FFFFFFBBB3FFF  D16,D17,D20,D24,D28
16:32:12.731     4454906  FFFFFFBFB3FFF  D16,D17,D20,D28
16:32:13.660     4455829  FFFFFFC3B3FFF  D16,D17,D20,D24,D25,D26,D27
16:32:14.540     4456704  FFFFFFC7B3FFF  D16,D17,D20,D25,D26,D27
16:32:15.451     4457606  FFFFFFC3B3FFF  D16,D17,D20,D24,D25,D26,D27
16:32:15.451     4457608  FFFFFFCBB3FFF  D16,D17,D20,D24,D26,D27
16:32:16.380     4458529  FFFFFFCFB3FFF  D16,D17,D20,D26,D27
16:32:17.534     4459670  FFFFFFC7B3FFF  D16,D17,D20,D25,D26,D27
16:32:17.534     4459672  FFFFFFC3B3FFF  D16,D17,D20,D24,D25,D26,D27
16:32:17.534     4459673  FFFFFFD3B3FFF  D16,D17,D20,D24,D25,D27
16:32:18.945     4461071  FFFFFFD7B3FFF  D16,D17,D20,D25,D27
16:32:20.392     4462499  FFFFFFD3B3FFF  D16,D17,D20,D24,D25,D27
16:32:20.393     4462501  FFFFFFDBB3FFF  D16,D17,D20,D24,D27
16:32:21.850     4463959  FFFFFFDFB3FFF  D16,D17,D20,D27
16:32:23.068     4465159  FFFFFFD7B3FFF  D16,D17,D20,D25,D27
16:32:23.068     4465161  FFFFFFE3B3FFF  D16,D17,D20,D24,D25,D26
16:32:24.072     4466153  FFFFFFE7B3FFF  D16,D17,D20,D25,D26
16:32:25.058     4467134  FFFFFFE3B3FFF  D16,D17,D20,D24,D25,D26
16:32:25.058     4467136  FFFFFFEBB3FFF  D16,D17,D20,D24,D26
16:32:26.381     4468455  FFFFFFEFB3FFF  D16,D17,D20,D26
16:32:27.835     4469884  FFFFFFE7B3FFF  D16,D17,D20,D25,D26
16:32:27.835     4469885  FFFFFFE3B3FFF  D16,D17,D20,D24,D25,D26
16:32:27.835     4469888  FFFFFFF3B3FFF  D16,D17,D20,D24,D25
16:32:29.654     4471661  FFFFFFF7B3FFF  D16,D17,D20,D25
16:32:29.654     4471700  FFFFFFF793FFF  D16,D17,D19,D20,D25
16:32:29.654     4471702  FFFFFFF7D3FFF  D16,D17,D19,D25
16:32:33.304     4475320  FFFFFFF7D7FFF  D17,D19,D25
16:32:42.129     4484088  FFFFFFF7F7FFF  D17,D25
16:32:45.502     4487422  FFFFFFF7D7FFF  D17,D19,D25
16:32:46.538     4488456  FFFFFFF7D3FFF  D16,D17,D19,D25
16:32:48.064     4489969  FFFFFFF7D3FFF  D16,D17,D19,D25
16:32:50.581     4492465  FFFFFFF3D3FFF  D16,D17,D19,D24,D25
16:32:52.380     4494252  FFFFFFE3D3FFF  D16,D17,D19,D24,D25,D26
16:32:52.380     4494254  FFFFFFEFD3FFF  D16,D17,D19,D26
16:32:53.862     4495721  FFFFFFEBD3FFF  D16,D17,D19,D24,D26
16:32:55.135     4496991  FFFFFFE3D3FFF  D16,D17,D19,D24,D25,D26
16:32:55.135     4496993  FFFFFFE7D3FFF  D16,D17,D19,D25,D26
16:32:56.175     4498023  FFFFFFE3D3FFF  D16,D17,D19,D24,D25,D26
16:32:57.181     4499016  FFFFFFC3D3FFF  D16,D17,D19,D24,D25,D26,D27
16:32:57.182     4499017  FFFFFFCFD3FFF  D16,D17,D19,D26,D27
16:32:57.182     4499019  FFFFFFDFD3FFF  D16,D17,D19,D27
16:32:58.372     4500207  FFFFFFDBD3FFF  D16,D17,D19,D24,D27
16:32:59.811     4501637  FFFFFFD3D3FFF  D16,D17,D19,D24,D25,D27
16:32:59.811     4501638  FFFFFFD7D3FFF  D16,D17,D19,D25,D27
16:33:01.291     4503105  FFFFFFD3D3FFF  D16,D17,D19,D24,D25,D27
16:33:02.699     4504496  FFFFFFC3D3FFF  D16,D17,D19,D24,D25,D26,D27
16:33:02.699     4504497  FFFFFFCFD3FFF  D16,D17,D19,D26,D27
16:33:03.856     4505647  FFFFFFCBD3FFF  D16,D17,D19,D24,D26,D27
16:33:04.738     4506520  FFFFFFC3D3FFF  D16,D17,D19,D24,D25,D26,D27
16:33:04.739     4506522  FFFFFFC7D3FFF  D16,D17,D19,D25,D26,D27
16:33:05.653     4507433  FFFFFFC3D3FFF  D16,D17,D19,D24,D25,D26,D27
16:33:06.581     4508346  FFFFFF83D3FFF  D16,D17,D19,D24,D25,D26,D27,D28
16:33:06.581     4508348  FFFFFFAFD3FFF  D16,D17,D19,D26,D28
16:33:06.581     4508350  FFFFFFBFD3FFF  D16,D17,D19,D28
16:33:07.492     4509259  FFFFFFBBD3FFF  D16,D17,D19,D24,D28
16:33:08.421     4510173  FFFFFFB3D3FFF  D16,D17,D19,D24,D25,D28
16:33:08.421     4510175  FFFFFFB7D3FFF  D16,D17,D19,D25,D28
16:33:09.293     4511046  FFFFFFB3D3FFF  D16,D17,D19,D24,D25,D28
16:33:10.264     4511998  FFFFFFA3D3FFF  D16,D17,D19,D24,D25,D26,D28
16:33:10.264     4512001  FFFFFFAFD3FFF  D16,D17,D19,D26,D28
16:33:11.175     4512912  FFFFFFABD3FFF  D16,D17,D19,D24,D26,D28
16:33:12.531     4514262  FFFFFFA3D3FFF  D16,D17,D19,D24,D25,D26,D28
16:33:12.531     4514264  FFFFFFA7D3FFF  D16,D17,D19,D25,D26,D28
16:33:13.896     4515612  FFFFFFA3D3FFF  D16,D17,D19,D24,D25,D26,D28
16:33:14.813     4516525  FFFFFF83D3FFF  D16,D17,D19,D24,D25,D26,D27,D28
16:33:14.813     4516527  FFFFFF8FD3FFF  D16,D17,D19,D26,D27,D28
16:33:14.813     4516529  FFFFFF9FD3FFF  D16,D17,D19,D27,D28
16:33:15.743     4517438  FFFFFF9BD3FFF  D16,D17,D19,D24,D27,D28
16:33:16.652     4518351  FFFFFF93D3FFF  D16,D17,D19,D24,D25,D27,D28
16:33:16.652     4518353  FFFFFF97D3FFF  D16,D17,D19,D25,D27,D28
16:33:17.658     4519344  FFFFFF93D3FFF  D16,D17,D19,D24,D25,D27,D28
16:33:19.179     4520853  FFFFFF83D3FFF  D16,D17,D19,D24,D25,D26,D27,D28
16:33:19.180     4520855  FFFFFF8FD3FFF  D16,D17,D19,D26,D27,D28
16:33:22.142     4523748  FFFFFF8FD7FFF  D17,D19,D26,D27,D28
16:33:22.142     4523792  FFFFFF8FF7FFF  D17,D26,D27,D28
16:33:30.454     4532049  FFFFFF8FB7FFF  D17,D20,D26,D27,D28
16:33:31.489     4533082  FFFFFF8FB3FFF  D16,D17,D20,D26,D27,D28
16:33:34.821     4536377  FFFFFF83B3FFF  D16,D17,D20,D24,D25,D26,D27,D28
16:33:34.821     4536380  FFFFFF93B3FFF  D16,D17,D20,D24,D25,D27,D28
16:33:36.294     4537847  FFFFFF97B3FFF  D16,D17,D20,D25,D27,D28
16:33:37.298     4538839  FFFFFF93B3FFF  D16,D17,D20,D24,D25,D27,D28
16:33:37.298     4538840  FFFFFF9BB3FFF  D16,D17,D20,D24,D27,D28
16:33:38.222     4539753  FFFFFF9FB3FFF  D16,D17,D20,D27,D28
16:33:39.134     4540664  FFFFFF83B3FFF  D16,D17,D20,D24,D25,D26,D27,D28
16:33:39.134     4540666  FFFFFFA3B3FFF  D16,D17,D20,D24,D25,D26,D28
16:33:40.049     4541579  FFFFFFA7B3FFF  D16,D17,D20,D25,D26,D28
16:33:41.451     4542967  FFFFFFA3B3FFF  D16,D17,D20,D24,D25,D26,D28
16:33:41.452     4542969  FFFFFFABB3FFF  D16,D17,D20,D24,D26,D28
16:33:42.821     4544318  FFFFFFAFB3FFF  D16,D17,D20,D26,D28
16:33:43.704     4545190  FFFFFFA3B3FFF  D16,D17,D20,D24,D25,D26,D28
16:33:43.704     4545193  FFFFFFB3B3FFF  D16,D17,D20,D24,D25,D28
16:33:44.659     4546145  FFFFFFB7B3FFF  D16,D17,D20,D25,D28
16:33:45.541     4547017  FFFFFFB3B3FFF  D16,D17,D20,D24,D25,D28
16:33:45.541     4547019  FFFFFFBBB3FFF  D16,D17,D20,D24,D28
16:33:46.458     4547932  FFFFFFBFB3FFF  D16,D17,D20,D28
16:33:47.373     4548843  FFFFFFE7B3FFF  D16,D17,D20,D25,D26
16:33:47.374     4548845  FFFFFFC3B3FFF  D16,D17,D20,D24,D25,D26,D27
16:33:48.304     4549757  FFFFFFC7B3FFF  D16,D17,D20,D25,D26,D27
16:33:49.219     4550275  FFFFFFC7B3FFF  D16,D17,D20,D25,D26,D27
16:33:49.220     4550670  FFFFFFC3B3FFF  D16,D17,D20,D24,D25,D26,D27
16:33:49.220     4550672  FFFFFFCBB3FFF  D16,D17,D20,D24,D26,D27
16:33:50.130     4551584  FFFFFFCFB3FFF  D16,D17,D20,D26,D27
16:33:51.260     4552694  FFFFFFC7B3FFF  D16,D17,D20,D25,D26,D27
16:33:51.260     4552696  FFFFFFC3B3FFF  D16,D17,D20,D24,D25,D26,D27
16:33:51.260     4552697  FFFFFFD3B3FFF  D16,D17,D20,D24,D25,D27
16:33:52.663     4554086  FFFFFFD7B3FFF  D16,D17,D20,D25,D27
16:33:54.141     4555553  FFFFFFD3B3FFF  D16,D17,D20,D24,D25,D27
16:33:54.141     4555555  FFFFFFDBB3FFF  D16,D17,D20,D24,D27
16:33:55.579     4556984  FFFFFFDFB3FFF  D16,D17,D20,D27
16:33:56.774     4558174  FFFFFFC7B3FFF  D16,D17,D20,D25,D26,D27
16:33:56.774     4558176  FFFFFFE3B3FFF  D16,D17,D20,D24,D25,D26
16:33:57.814     4559207  FFFFFFE7B3FFF  D16,D17,D20,D25,D26
16:33:58.819     4560199  FFFFFFE3B3FFF  D16,D17,D20,D24,D25,D26
16:33:58.819     4560201  FFFFFFEBB3FFF  D16,D17,D20,D24,D26
16:34:00.143     4561510  FFFFFFEFB3FFF  D16,D17,D20,D26
16:34:01.574     4562937  FFFFFFE7B3FFF  D16,D17,D20,D25,D26
16:34:01.574     4562939  FFFFFFE3B3FFF  D16,D17,D20,D24,D25,D26
16:34:01.574     4562941  FFFFFFF3B3FFF  D16,D17,D20,D24,D25
16:34:03.383     4564726  FFFFFFF7B3FFF  D16,D17,D20,D25
16:34:05.332     4566670  FFFFFFF793FFF  D16,D17,D19,D20,D25
16:34:05.332     4566672  FFFFFFF7D3FFF  D16,D17,D19,D25
16:34:07.098     4568375  FFFFFFF7D7FFF  D17,D19,D25
16:34:07.098     4568419  FFFFFFF7F7FFF  D17,D25
16:34:41.169     4602244  FFFFFFF7D7FFF  D17,D19,D25
16:34:42.172     4603237  FFFFFFF7D3FFF  D16,D17,D19,D25
16:34:46.215     4607247  FFFFFFF3D3FFF  D16,D17,D19,D24,D25
16:34:48.014     4609033  FFFFFFE3D3FFF  D16,D17,D19,D24,D25,D26
16:34:48.015     4609035  FFFFFFEFD3FFF  D16,D17,D19,D26
16:34:49.460     4610045  FFFFFFEFD3FFF  D16,D17,D19,D26
16:34:49.460     4610463  FFFFFFEBD3FFF  D16,D17,D19,D24,D26
16:34:50.779     4611773  FFFFFFE3D3FFF  D16,D17,D19,D24,D25,D26
16:34:50.780     4611775  FFFFFFE7D3FFF  D16,D17,D19,D25,D26
16:34:51.817     4612805  FFFFFFE3D3FFF  D16,D17,D19,D24,D25,D26
16:34:52.822     4613798  FFFFFFC3D3FFF  D16,D17,D19,D24,D25,D26,D27
16:34:52.822     4613800  FFFFFFCFD3FFF  D16,D17,D19,D26,D27
16:34:52.822     4613801  FFFFFFDFD3FFF  D16,D17,D19,D27
16:34:54.011     4614989  FFFFFFDBD3FFF  D16,D17,D19,D24,D27
16:34:55.457     4616419  FFFFFFD3D3FFF  D16,D17,D19,D24,D25,D27
16:34:55.457     4616421  FFFFFFD7D3FFF  D16,D17,D19,D25,D27
16:34:56.932     4617888  FFFFFFD3D3FFF  D16,D17,D19,D24,D25,D27
16:34:58.332     4619277  FFFFFFC3D3FFF  D16,D17,D19,D24,D25,D26,D27
16:34:58.333     4619279  FFFFFFCFD3FFF  D16,D17,D19,D26,D27
16:34:59.497     4620429  FFFFFFCBD3FFF  D16,D17,D19,D24,D26,D27
16:35:00.381     4621301  FFFFFFC3D3FFF  D16,D17,D19,D24,D25,D26,D27
16:35:00.381     4621303  FFFFFFC7D3FFF  D16,D17,D19,D25,D26,D27
16:35:01.292     4622215  FFFFFFC3D3FFF  D16,D17,D19,D24,D25,D26,D27
16:35:02.223     4623128  FFFFFF83D3FFF  D16,D17,D19,D24,D25,D26,D27,D28
16:35:02.223     4623129  FFFFFFAFD3FFF  D16,D17,D19,D26,D28
16:35:02.223     4623131  FFFFFFBFD3FFF  D16,D17,D19,D28
16:35:03.131     4624041  FFFFFFBBD3FFF  D16,D17,D19,D24,D28
16:35:04.062     4624955  FFFFFFB3D3FFF  D16,D17,D19,D24,D25,D28
16:35:04.062     4624956  FFFFFFB7D3FFF  D16,D17,D19,D25,D28
16:35:04.973     4625868  FFFFFFB3D3FFF  D16,D17,D19,D24,D25,D28
16:35:05.896     4626781  FFFFFFA3D3FFF  D16,D17,D19,D24,D25,D26,D28
16:35:05.896     4626783  FFFFFFAFD3FFF  D16,D17,D19,D26,D28
16:35:06.809     4627694  FFFFFFABD3FFF  D16,D17,D19,D24,D26,D28
16:35:08.699     4629322  FFFFFFA3D3FFF  D16,D17,D19,D24,D25,D26,D28
16:35:08.699     4629323  FFFFFFA7D3FFF  D16,D17,D19,D25,D26,D28
16:35:08.699     4629401  FFFFFFA793FFF  D16,D17,D19,D20,D25,D26,D28
16:35:08.699     4629561  FFFFFFA7B3FFF  D16,D17,D20,D25,D26,D28
16:35:12.296     4633131  FFFFFFA7B7FFF  D17,D20,D25,D26,D28
16:35:21.533     4642305  FFFFFFA7B3FFF  D16,D17,D20,D25,D26,D28
16:35:25.692     4646434  FFFFFFA3B3FFF  D16,D17,D20,D24,D25,D26,D28
16:35:25.692     4646436  FFFFFFABB3FFF  D16,D17,D20,D24,D26,D28
16:35:27.338     4648062  FFFFFFAFB3FFF  D16,D17,D20,D26,D28
16:35:28.254     4648975  FFFFFFA3B3FFF  D16,D17,D20,D24,D25,D26,D28
16:35:28.254     4648978  FFFFFFB3B3FFF  D16,D17,D20,D24,D25,D28
16:35:29.171     4649889  FFFFFFB7B3FFF  D16,D17,D20,D25,D28
16:35:30.101     4650802  FFFFFFB3B3FFF  D16,D17,D20,D24,D25,D28
16:35:30.101     4650804  FFFFFFBBB3FFF  D16,D17,D20,D24,D28
16:35:31.014     4651716  FFFFFFBFB3FFF  D16,D17,D20,D28
16:35:31.942     4652627  FFFFFFC3B3FFF  D16,D17,D20,D24,D25,D26,D27
16:35:32.855     4653542  FFFFFFC7B3FFF  D16,D17,D20,D25,D26,D27
16:35:33.784     4654454  FFFFFFC3B3FFF  D16,D17,D20,D24,D25,D26,D27
16:35:33.784     4654455  FFFFFFCBB3FFF  D16,D17,D20,D24,D26,D27
16:35:34.654     4655329  FFFFFFCFB3FFF  D16,D17,D20,D26,D27
16:35:35.825     4656479  FFFFFFC7B3FFF  D16,D17,D20,D25,D26,D27
16:35:35.825     4656481  FFFFFFC3B3FFF  D16,D17,D20,D24,D25,D26,D27
16:35:35.825     4656482  FFFFFFD3B3FFF  D16,D17,D20,D24,D25,D27
16:35:37.222     4657869  FFFFFFD7B3FFF  D16,D17,D20,D25,D27
16:35:38.712     4659347  FFFFFFD3B3FFF  D16,D17,D20,D24,D25,D27
16:35:38.712     4659349  FFFFFFDBB3FFF  D16,D17,D20,D24,D27
16:35:40.144     4660777  FFFFFFDFB3FFF  D16,D17,D20,D27
16:35:41.329     4661957  FFFFFFD7B3FFF  D16,D17,D20,D25,D27
16:35:41.329     4661959  FFFFFFE3B3FFF  D16,D17,D20,D24,D25,D26
16:35:42.336     4662951  FFFFFFE7B3FFF  D16,D17,D20,D25,D26
16:35:43.375     4663983  FFFFFFE3B3FFF  D16,D17,D20,D24,D25,D26
16:35:43.376     4663985  FFFFFFEBB3FFF  D16,D17,D20,D24,D26
16:35:44.654     4665254  FFFFFFEFB3FFF  D16,D17,D20,D26
16:35:46.104     4666683  FFFFFFE3B3FFF  D16,D17,D20,D24,D25,D26
16:35:46.104     4666685  FFFFFFF3B3FFF  D16,D17,D20,D24,D25
16:35:48.051     4668511  FFFFFFF7B3FFF  D16,D17,D20,D25
16:35:48.051     4668627  FFFFFFF793FFF  D16,D17,D19,D20,D25
16:35:48.052     4668630  FFFFFFF7D3FFF  D16,D17,D19,D25
16:35:49.073     4669634  FFFFFFF7D3FFF  D16,D17,D19,D25
16:35:51.530     4672079  FFFFFFF7D7FFF  D17,D19,D25
16:36:00.381     4680858  FFFFFFF7F7FFF  D17,D25
16:36:49.568     4729692  FFFFFFF7F7FFF  D17,D25
16:37:49.816     4789481  FFFFFFF7F7FFF  D17,D25
16:38:49.939     4849156  FFFFFFF7F7FFF  D17,D25
16:39:01.046     4860192  FFFFFFF7FFFFF  D25
16:39:01.731     4860869  FFFFFFF7F7FFF  D17,D25
16:39:50.387     4909156  FFFFFFF7F7FFF  D17,D25
16:40:50.534     4968858  FFFFFFF7F7FFF  D17,D25
16:41:33.190     5011196  FFFFFFF7D7FFF  D17,D19,D25
16:41:34.540     5012546  FFFFFFF7D3FFF  D16,D17,D19,D25
16:41:38.618     5016596  FFFFFFF3D3FFF  D16,D17,D19,D24,D25
16:41:40.427     5018382  FFFFFFE3D3FFF  D16,D17,D19,D24,D25,D26
16:41:40.427     5018384  FFFFFFEFD3FFF  D16,D17,D19,D26
16:41:41.860     5019811  FFFFFFEBD3FFF  D16,D17,D19,D24,D26
16:41:43.169     5021112  FFFFFFE3D3FFF  D16,D17,D19,D24,D25,D26
16:41:43.169     5021114  FFFFFFE7D3FFF  D16,D17,D19,D25,D26
16:41:44.170     5022104  FFFFFFE3D3FFF  D16,D17,D19,D24,D25,D26
16:41:45.225     5023136  FFFFFFC3D3FFF  D16,D17,D19,D24,D25,D26,D27
16:41:45.225     5023138  FFFFFFCFD3FFF  D16,D17,D19,D26,D27
16:41:45.225     5023140  FFFFFFDFD3FFF  D16,D17,D19,D27
16:41:46.413     5024327  FFFFFFDBD3FFF  D16,D17,D19,D24,D27
16:41:47.858     5025757  FFFFFFD3D3FFF  D16,D17,D19,D24,D25,D27
16:41:47.858     5025759  FFFFFFD7D3FFF  D16,D17,D19,D25,D27
16:41:49.340     5027226  FFFFFFD3D3FFF  D16,D17,D19,D24,D25,D27
16:41:51.419     5028752  FFFFFFD3D3FFF  D16,D17,D19,D24,D25,D27
16:41:51.419     5029052  FFFFFFC3D3FFF  D16,D17,D19,D24,D25,D26,D27
16:41:51.419     5029054  FFFFFFCFD3FFF  D16,D17,D19,D26,D27
16:41:51.420     5029132  FFFFFFCF93FFF  D16,D17,D19,D20,D26,D27
16:41:51.420     5029293  FFFFFFCFB3FFF  D16,D17,D20,D26,D27
16:41:54.628     5032474  FFFFFFCFB7FFF  D17,D20,D26,D27
16:42:05.343     5043118  FFFFFFCFB3FFF  D16,D17,D20,D26,D27
16:42:09.136     5046879  FFFFFFC3B3FFF  D16,D17,D20,D24,D25,D26,D27
16:42:09.136     5046882  FFFFFFD3B3FFF  D16,D17,D20,D24,D25,D27
16:42:10.982     5048717  FFFFFFD7B3FFF  D16,D17,D20,D25,D27
16:42:12.458     5050174  FFFFFFD3B3FFF  D16,D17,D20,D24,D25,D27
16:42:12.458     5050176  FFFFFFDBB3FFF  D16,D17,D20,D24,D27
16:42:13.936     5051644  FFFFFFDFB3FFF  D16,D17,D20,D27
16:42:15.154     5052845  FFFFFFD7B3FFF  D16,D17,D20,D25,D27
16:42:15.154     5052847  FFFFFFE3B3FFF  D16,D17,D20,D24,D25,D26
16:42:16.139     5053829  FFFFFFE7B3FFF  D16,D17,D20,D25,D26
16:42:17.131     5054820  FFFFFFE3B3FFF  D16,D17,D20,D24,D25,D26
16:42:17.131     5054822  FFFFFFEBB3FFF  D16,D17,D20,D24,D26
16:42:18.459     5056131  FFFFFFEFB3FFF  D16,D17,D20,D26
16:42:19.891     5057559  FFFFFFE3B3FFF  D16,D17,D20,D24,D25,D26
16:42:19.891     5057562  FFFFFFF3B3FFF  D16,D17,D20,D24,D25
16:42:21.700     5059358  FFFFFFF7B3FFF  D16,D17,D20,D25
16:42:25.384     5063006  FFFFFFF7B7FFF  D17,D20,D25
16:42:35.432     5072975  FFFFFFF7F7FFF  D17,D25
16:42:51.132     5088561  FFFFFFF7F7FFF  D17,D25
16:43:14.931     5112190  FFFFFFF7B7FFF  D17,D20,D25
16:43:51.397     5148379  FFFFFFF7B7FFF  D17,D20,D25
16:44:16.966     5173770  FFFFFFF7B3FFF  D16,D17,D20,D25
16:44:20.979     5177741  FFFFFFF3B3FFF  D16,D17,D20,D24,D25
16:44:20.979     5177742  FFFFFFFBB3FFF  D16,D17,D20,D24
16:44:24.688     5181112  FFFFFFFBB7FFF  D17,D20,D24
16:44:24.689     5181276  FFFFFFFBF7FFF  D17,D24
16:44:24.689     5181432  FFFFFFFBD7FFF  D17,D19,D24
16:44:28.491     5185205  FFFFFFFBD3FFF  D16,D17,D19,D24
16:44:32.289     5188976  FFFFFFF3D3FFF  D16,D17,D19,D24,D25
16:44:32.289     5188978  FFFFFFF7D3FFF  D16,D17,D19,D25
16:44:34.293     5190962  FFFFFFF3D3FFF  D16,D17,D19,D24,D25
16:44:35.788     5192440  FFFFFFE3D3FFF  D16,D17,D19,D24,D25,D26
16:44:35.788     5192442  FFFFFFEFD3FFF  D16,D17,D19,D26
16:44:37.221     5193861  FFFFFFEBD3FFF  D16,D17,D19,D24,D26
16:44:38.534     5195171  FFFFFFE3D3FFF  D16,D17,D19,D24,D25,D26
16:44:38.534     5195173  FFFFFFE7D3FFF  D16,D17,D19,D25,D26
16:44:39.538     5196163  FFFFFFE3D3FFF  D16,D17,D19,D24,D25,D26
16:44:40.584     5197195  FFFFFFC3D3FFF  D16,D17,D19,D24,D25,D26,D27
16:44:40.584     5197197  FFFFFFCFD3FFF  D16,D17,D19,D26,D27
16:44:40.584     5197199  FFFFFFDFD3FFF  D16,D17,D19,D27
16:44:41.740     5198346  FFFFFFDBD3FFF  D16,D17,D19,D24,D27
16:44:43.220     5199815  FFFFFFD3D3FFF  D16,D17,D19,D24,D25,D27
16:44:43.220     5199817  FFFFFFD7D3FFF  D16,D17,D19,D25,D27
16:44:44.647     5201245  FFFFFFD3D3FFF  D16,D17,D19,D24,D25,D27
16:44:46.090     5202674  FFFFFFC3D3FFF  D16,D17,D19,D24,D25,D26,D27
16:44:46.090     5202676  FFFFFFCFD3FFF  D16,D17,D19,D26,D27
16:44:47.218     5203786  FFFFFFCBD3FFF  D16,D17,D19,D24,D26,D27
16:44:48.133     5204699  FFFFFFC3D3FFF  D16,D17,D19,D24,D25,D26,D27
16:44:48.133     5204701  FFFFFFC7D3FFF  D16,D17,D19,D25,D26,D27
16:44:49.063     5205622  FFFFFFC3D3FFF  D16,D17,D19,D24,D25,D26,D27
16:44:49.975     5206524  FFFFFF83D3FFF  D16,D17,D19,D24,D25,D26,D27,D28
16:44:49.975     5206526  FFFFFFAFD3FFF  D16,D17,D19,D26,D28
16:44:49.975     5206529  FFFFFFBFD3FFF  D16,D17,D19,D28
16:44:50.900     5207438  FFFFFFBBD3FFF  D16,D17,D19,D24,D28
16:44:51.814     5207955  FFFFFFBBD3FFF  D16,D17,D19,D24,D28
16:44:51.814     5208352  FFFFFFB3D3FFF  D16,D17,D19,D24,D25,D28
16:44:51.814     5208353  FFFFFFB7D3FFF  D16,D17,D19,D25,D28
16:44:52.699     5209225  FFFFFFB3D3FFF  D16,D17,D19,D24,D25,D28
16:44:53.613     5210138  FFFFFFA3D3FFF  D16,D17,D19,D24,D25,D26,D28
16:44:53.613     5210140  FFFFFFAFD3FFF  D16,D17,D19,D26,D28
16:44:54.537     5211052  FFFFFFABD3FFF  D16,D17,D19,D24,D26,D28
16:44:55.894     5212401  FFFFFFA3D3FFF  D16,D17,D19,D24,D25,D26,D28
16:44:55.894     5212402  FFFFFFA7D3FFF  D16,D17,D19,D25,D26,D28
16:44:57.297     5213791  FFFFFFA3D3FFF  D16,D17,D19,D24,D25,D26,D28
16:44:58.214     5214704  FFFFFF83D3FFF  D16,D17,D19,D24,D25,D26,D27,D28
16:44:58.214     5214706  FFFFFF8FD3FFF  D16,D17,D19,D26,D27,D28
16:44:58.214     5214707  FFFFFF9FD3FFF  D16,D17,D19,D27,D28
16:44:59.146     5215628  FFFFFF9BD3FFF  D16,D17,D19,D24,D27,D28
16:45:00.019     5216490  FFFFFF93D3FFF  D16,D17,D19,D24,D25,D27,D28
16:45:00.019     5216492  FFFFFF97D3FFF  D16,D17,D19,D25,D27,D28
16:45:00.933     5217403  FFFFFF93D3FFF  D16,D17,D19,D24,D25,D27,D28
16:45:01.874     5218327  FFFFFF83D3FFF  D16,D17,D19,D24,D25,D26,D27,D28
16:45:01.874     5218329  FFFFFF8FD3FFF  D16,D17,D19,D26,D27,D28
16:45:02.769     5219230  FFFFFF8BD3FFF  D16,D17,D19,D24,D26,D27,D28
16:45:03.696     5220144  FFFFFF83D3FFF  D16,D17,D19,D24,D25,D26,D27,D28
16:45:03.696     5220146  FFFFFF87D3FFF  D16,D17,D19,D25,D26,D27,D28
16:45:04.611     5221056  FFFFFF83D3FFF  D16,D17,D19,D24,D25,D26,D27,D28
16:45:05.542     5221969  FFFFFF43D3FFF  D16,D17,D19,D24,D25,D26,D27,D29
16:45:05.542     5221971  FFFFFF6FD3FFF  D16,D17,D19,D26,D29
16:45:05.542     5221974  FFFFFF7FD3FFF  D16,D17,D19,D29
16:45:06.410     5222844  FFFFFF7BD3FFF  D16,D17,D19,D24,D29
16:45:07.338     5223756  FFFFFF73D3FFF  D16,D17,D19,D24,D25,D29
16:45:07.338     5223758  FFFFFF77D3FFF  D16,D17,D19,D25,D29
16:45:08.268     5224680  FFFFFF73D3FFF  D16,D17,D19,D24,D25,D29
16:45:09.177     5225583  FFFFFF63D3FFF  D16,D17,D19,D24,D25,D26,D29
16:45:09.177     5225584  FFFFFF6FD3FFF  D16,D17,D19,D26,D29
16:45:10.090     5226496  FFFFFF6BD3FFF  D16,D17,D19,D24,D26,D29
16:45:11.031     5227419  FFFFFF63D3FFF  D16,D17,D19,D24,D25,D26,D29
16:45:11.031     5227421  FFFFFF67D3FFF  D16,D17,D19,D25,D26,D29
16:45:11.944     5228333  FFFFFF63D3FFF  D16,D17,D19,D24,D25,D26,D29
16:45:12.904     5229275  FFFFFF43D3FFF  D16,D17,D19,D24,D25,D26,D27,D29
16:45:12.904     5229277  FFFFFF4FD3FFF  D16,D17,D19,D26,D27,D29
16:45:12.904     5229279  FFFFFF5FD3FFF  D16,D17,D19,D27,D29
16:45:13.859     5230238  FFFFFF5BD3FFF  D16,D17,D19,D24,D27,D29
16:45:14.890     5231260  FFFFFF53D3FFF  D16,D17,D19,D24,D25,D27,D29
16:45:14.890     5231262  FFFFFF57D3FFF  D16,D17,D19,D25,D27,D29
16:45:16.462     5232819  FFFFFF53D3FFF  D16,D17,D19,D24,D25,D27,D29
16:45:19.412     5235744  FFFFFF53D7FFF  D17,D19,D24,D25,D27,D29
16:45:28.050     5244323  FFFFFF53F7FFF  D17,D24,D25,D27,D29
16:45:30.455     5246705  FFFFFF53B7FFF  D17,D20,D24,D25,D27,D29
16:45:31.468     5247708  FFFFFF53B3FFF  D16,D17,D20,D24,D25,D27,D29
16:45:34.773     5250994  FFFFFF57B3FFF  D16,D17,D20,D25,D27,D29
16:45:36.296     5252502  FFFFFF53B3FFF  D16,D17,D20,D24,D25,D27,D29
16:45:36.296     5252504  FFFFFF5BB3FFF  D16,D17,D20,D24,D27,D29
16:45:37.378     5253585  FFFFFF5FB3FFF  D16,D17,D20,D27,D29
16:45:38.340     5254536  FFFFFF4FB3FFF  D16,D17,D20,D26,D27,D29
16:45:38.340     5254538  FFFFFF63B3FFF  D16,D17,D20,D24,D25,D26,D29
16:45:39.312     5255491  FFFFFF67B3FFF  D16,D17,D20,D25,D26,D29
16:45:40.182     5256352  FFFFFF63B3FFF  D16,D17,D20,D24,D25,D26,D29
16:45:40.182     5256354  FFFFFF6BB3FFF  D16,D17,D20,D24,D26,D29
16:45:41.106     5257277  FFFFFF6FB3FFF  D16,D17,D20,D26,D29
16:45:42.034     5258189  FFFFFF67B3FFF  D16,D17,D20,D25,D26,D29
16:45:42.034     5258190  FFFFFF63B3FFF  D16,D17,D20,D24,D25,D26,D29
16:45:42.034     5258192  FFFFFF73B3FFF  D16,D17,D20,D24,D25,D29
16:45:42.932     5259094  FFFFFF77B3FFF  D16,D17,D20,D25,D29
16:45:43.849     5260005  FFFFFF73B3FFF  D16,D17,D20,D24,D25,D29
16:45:43.850     5260008  FFFFFF7BB3FFF  D16,D17,D20,D24,D29
16:45:44.767     5260919  FFFFFF7FB3FFF  D16,D17,D20,D29
16:45:45.709     5261841  FFFFFF3FB3FFF  D16,D17,D20,D28,D29
16:45:45.709     5261843  FFFFFF83B3FFF  D16,D17,D20,D24,D25,D26,D27,D28
16:45:46.620     5262746  FFFFFF87B3FFF  D16,D17,D20,D25,D26,D27,D28
16:45:47.654     5263777  FFFFFF83B3FFF  D16,D17,D20,D24,D25,D26,D27,D28
16:45:47.654     5263779  FFFFFF8BB3FFF  D16,D17,D20,D24,D26,D27,D28
16:45:49.129     5265247  FFFFFF8FB3FFF  D16,D17,D20,D26,D27,D28
16:45:51.973     5267744  FFFFFF8FB3FFF  D16,D17,D20,D26,D27,D28
16:45:51.973     5268063  FFFFFF8FB7FFF  D17,D20,D26,D27,D28
16:45:56.088     5272156  FFFFFF8FB3FFF  D16,D17,D20,D26,D27,D28
16:45:59.411     5275449  FFFFFF8BB3FFF  D16,D17,D20,D24,D26,D27,D28
16:45:59.411     5275451  FFFFFF83B3FFF  D16,D17,D20,D24,D25,D26,D27,D28
16:45:59.411     5275453  FFFFFF93B3FFF  D16,D17,D20,D24,D25,D27,D28
16:46:00.900     5276931  FFFFFF97B3FFF  D16,D17,D20,D25,D27,D28
16:46:01.889     5277912  FFFFFF93B3FFF  D16,D17,D20,D24,D25,D27,D28
16:46:01.889     5277914  FFFFFF9BB3FFF  D16,D17,D20,D24,D27,D28
16:46:02.827     5278836  FFFFFF9FB3FFF  D16,D17,D20,D27,D28
16:46:03.741     5279737  FFFFFF83B3FFF  D16,D17,D20,D24,D25,D26,D27,D28
16:46:03.741     5279739  FFFFFFA3B3FFF  D16,D17,D20,D24,D25,D26,D28
16:46:04.656     5280653  FFFFFFA7B3FFF  D16,D17,D20,D25,D26,D28
16:46:06.059     5282040  FFFFFFA3B3FFF  D16,D17,D20,D24,D25,D26,D28
16:46:06.059     5282042  FFFFFFABB3FFF  D16,D17,D20,D24,D26,D28
16:46:07.414     5283391  FFFFFFAFB3FFF  D16,D17,D20,D26,D28
16:46:08.299     5284263  FFFFFFA7B3FFF  D16,D17,D20,D25,D26,D28
16:46:08.299     5284265  FFFFFFA3B3FFF  D16,D17,D20,D24,D25,D26,D28
16:46:08.299     5284267  FFFFFFB3B3FFF  D16,D17,D20,D24,D25,D28
16:46:09.259     5285218  FFFFFFB7B3FFF  D16,D17,D20,D25,D28
16:46:10.129     5286090  FFFFFFB3B3FFF  D16,D17,D20,D24,D25,D28
16:46:10.129     5286092  FFFFFFBBB3FFF  D16,D17,D20,D24,D28
16:46:11.053     5287005  FFFFFFBFB3FFF  D16,D17,D20,D28
16:46:11.980     5287916  FFFFFFAFB3FFF  D16,D17,D20,D26,D28
16:46:11.980     5287918  FFFFFFC3B3FFF  D16,D17,D20,D24,D25,D26,D27
16:46:12.911     5288841  FFFFFFC7B3FFF  D16,D17,D20,D25,D26,D27
16:46:13.809     5289743  FFFFFFC3B3FFF  D16,D17,D20,D24,D25,D26,D27
16:46:13.810     5289745  FFFFFFCBB3FFF  D16,D17,D20,D24,D26,D27
16:46:14.692     5290618  FFFFFFCFB3FFF  D16,D17,D20,D26,D27
16:46:15.851     5291767  FFFFFFC7B3FFF  D16,D17,D20,D25,D26,D27
16:46:15.851     5291769  FFFFFFC3B3FFF  D16,D17,D20,D24,D25,D26,D27
16:46:15.851     5291770  FFFFFFD3B3FFF  D16,D17,D20,D24,D25,D27
16:46:17.253     5293159  FFFFFFD7B3FFF  D16,D17,D20,D25,D27
16:46:18.741     5294626  FFFFFFD3B3FFF  D16,D17,D20,D24,D25,D27
16:46:18.741     5294628  FFFFFFDBB3FFF  D16,D17,D20,D24,D27
16:46:20.170     5296057  FFFFFFDFB3FFF  D16,D17,D20,D27
16:46:21.385     5297257  FFFFFFCBB3FFF  D16,D17,D20,D24,D26,D27
16:46:21.385     5297259  FFFFFFE3B3FFF  D16,D17,D20,D24,D25,D26
16:46:22.375     5298241  FFFFFFE7B3FFF  D16,D17,D20,D25,D26
16:46:23.411     5299271  FFFFFFE3B3FFF  D16,D17,D20,D24,D25,D26
16:46:23.411     5299273  FFFFFFEBB3FFF  D16,D17,D20,D24,D26
16:46:24.752     5300594  FFFFFFEFB3FFF  D16,D17,D20,D26
16:46:26.172     5302010  FFFFFFE7B3FFF  D16,D17,D20,D25,D26
16:46:26.172     5302012  FFFFFFE3B3FFF  D16,D17,D20,D24,D25,D26
16:46:26.172     5302014  FFFFFFF3B3FFF  D16,D17,D20,D24,D25
16:46:28.056     5303799  FFFFFFF7B3FFF  D16,D17,D20,D25
16:46:28.056     5303877  FFFFFFF793FFF  D16,D17,D19,D20,D25
16:46:28.056     5303879  FFFFFFF7D3FFF  D16,D17,D19,D25
16:46:31.732     5307448  FFFFFFF7D7FFF  D17,D19,D25
16:46:31.732     5307531  FFFFFFF7F7FFF  D17,D25
16:46:51.929     5327567  FFFFFFF7F7FFF  D17,D25
16:47:36.207     5371532  FFFFFFF7D7FFF  D17,D19,D25
16:47:37.216     5372534  FFFFFFF7D3FFF  D16,D17,D19,D25
16:47:41.252     5376534  FFFFFFF3D3FFF  D16,D17,D19,D24,D25
16:47:43.072     5378330  FFFFFFE3D3FFF  D16,D17,D19,D24,D25,D26
16:47:43.072     5378332  FFFFFFE7D3FFF  D16,D17,D19,D25,D26
16:47:43.072     5378333  FFFFFFEFD3FFF  D16,D17,D19,D26
16:47:44.497     5379760  FFFFFFEBD3FFF  D16,D17,D19,D24,D26
16:47:45.808     5381060  FFFFFFE3D3FFF  D16,D17,D19,D24,D25,D26
16:47:45.808     5381062  FFFFFFE7D3FFF  D16,D17,D19,D25,D26
16:47:46.821     5382063  FFFFFFE3D3FFF  D16,D17,D19,D24,D25,D26
16:47:47.870     5383095  FFFFFFC3D3FFF  D16,D17,D19,D24,D25,D26,D27
16:47:47.870     5383097  FFFFFFCFD3FFF  D16,D17,D19,D26,D27
16:47:47.870     5383099  FFFFFFDFD3FFF  D16,D17,D19,D27
16:47:49.058     5384286  FFFFFFDBD3FFF  D16,D17,D19,D24,D27
16:47:50.511     5385715  FFFFFFD3D3FFF  D16,D17,D19,D24,D25,D27
16:47:50.511     5385717  FFFFFFD7D3FFF  D16,D17,D19,D25,D27
16:47:51.988     5387184  FFFFFFD3D3FFF  D16,D17,D19,D24,D25,D27
16:47:52.506     5387698  FFFFFFD3D3FFF  D16,D17,D19,D24,D25,D27
16:47:53.390     5388574  FFFFFFC3D3FFF  D16,D17,D19,D24,D25,D26,D27
16:47:53.391     5388576  FFFFFFCFD3FFF  D16,D17,D19,D26,D27
16:47:54.544     5389725  FFFFFFCBD3FFF  D16,D17,D19,D24,D26,D27
16:47:55.535     5390708  FFFFFFC3D3FFF  D16,D17,D19,D24,D25,D26,D27
16:47:55.535     5390709  FFFFFFC7D3FFF  D16,D17,D19,D25,D26,D27
16:47:57.338     5392177  FFFFFFC3D3FFF  D16,D17,D19,D24,D25,D26,D27
16:47:57.338     5392335  FFFFFFC393FFF  D16,D17,D19,D20,D24,D25,D26,D27
16:47:57.338     5392495  FFFFFFC3B3FFF  D16,D17,D20,D24,D25,D26,D27
16:47:59.987     5395122  FFFFFFC3B7FFF  D17,D20,D24,D25,D26,D27
16:48:10.660     5405726  FFFFFFC3B3FFF  D16,D17,D20,D24,D25,D26,D27
16:48:14.021     5409062  FFFFFFC7B3FFF  D16,D17,D20,D25,D26,D27
16:48:15.502     5410530  FFFFFFC3B3FFF  D16,D17,D20,D24,D25,D26,D27
16:48:15.502     5410532  FFFFFFCBB3FFF  D16,D17,D20,D24,D26,D27
16:48:16.505     5411523  FFFFFFCFB3FFF  D16,D17,D20,D26,D27
16:48:17.649     5412664  FFFFFFC3B3FFF  D16,D17,D20,D24,D25,D26,D27
16:48:17.649     5412666  FFFFFFD3B3FFF  D16,D17,D20,D24,D25,D27
16:48:19.066     5414064  FFFFFFD7B3FFF  D16,D17,D20,D25,D27
16:48:20.539     5415522  FFFFFFD3B3FFF  D16,D17,D20,D24,D25,D27
16:48:20.539     5415524  FFFFFFDBB3FFF  D16,D17,D20,D24,D27
16:48:21.978     5416952  FFFFFFDFB3FFF  D16,D17,D20,D27
16:48:23.180     5418152  FFFFFFC3B3FFF  D16,D17,D20,D24,D25,D26,D27
16:48:23.180     5418155  FFFFFFE3B3FFF  D16,D17,D20,D24,D25,D26
16:48:24.180     5419147  FFFFFFE7B3FFF  D16,D17,D20,D25,D26
16:48:25.230     5420178  FFFFFFE3B3FFF  D16,D17,D20,D24,D25,D26
16:48:25.230     5420179  FFFFFFEBB3FFF  D16,D17,D20,D24,D26
16:48:26.511     5421449  FFFFFFEFB3FFF  D16,D17,D20,D26
16:48:27.948     5422877  FFFFFFE3B3FFF  D16,D17,D20,D24,D25,D26
16:48:27.948     5422880  FFFFFFF3B3FFF  D16,D17,D20,D24,D25
16:48:29.813     5424705  FFFFFFF7B3FFF  D16,D17,D20,D25
16:48:29.813     5424733  FFFFFFF793FFF  D16,D17,D19,D20,D25
16:48:29.813     5424735  FFFFFFF7D3FFF  D16,D17,D19,D25
16:48:33.462     5428354  FFFFFFF7D7FFF  D17,D19,D25
16:48:42.301     5437121  FFFFFFF7F7FFF  D17,D25
16:48:52.904     5447647  FFFFFFF7F7FFF  D17,D25
16:49:53.150     5507445  FFFFFFF7F7FFF  D17,D25
16:50:53.352     5567212  FFFFFFF7F7FFF  D17,D25
16:51:28.859     5602444  FFFFFFF7D7FFF  D17,D19,D25
16:51:41.339     5614832  FFFFFFF7F7FFF  D17,D25
16:51:42.607     5616101  FFFFFFF7D7FFF  D17,D19,D25
16:51:53.739     5627143  FFFFFFF7D7FFF  D17,D19,D25
16:51:56.417     5629799  FFFFFFF7D3FFF  D16,D17,D19,D25
16:52:00.451     5633809  FFFFFFF3D3FFF  D16,D17,D19,D24,D25
16:52:02.289     5635635  FFFFFFE3D3FFF  D16,D17,D19,D24,D25,D26
16:52:02.289     5635637  FFFFFFEFD3FFF  D16,D17,D19,D26
16:52:03.735     5637064  FFFFFFEBD3FFF  D16,D17,D19,D24,D26
16:52:05.022     5638335  FFFFFFE3D3FFF  D16,D17,D19,D24,D25,D26
16:52:05.022     5638336  FFFFFFE7D3FFF  D16,D17,D19,D25,D26
16:52:06.059     5639367  FFFFFFE3D3FFF  D16,D17,D19,D24,D25,D26
16:52:07.063     5640359  FFFFFFC3D3FFF  D16,D17,D19,D24,D25,D26,D27
16:52:07.063     5640361  FFFFFFCFD3FFF  D16,D17,D19,D26,D27
16:52:07.063     5640364  FFFFFFDFD3FFF  D16,D17,D19,D27
16:52:08.254     5641551  FFFFFFDBD3FFF  D16,D17,D19,D24,D27
16:52:10.136     5643416  FFFFFFD3D3FFF  D16,D17,D19,D24,D25,D27
16:52:10.136     5643418  FFFFFFD7D3FFF  D16,D17,D19,D25,D27
16:52:13.655     5646908  FFFFFFD7D7FFF  D17,D19,D25,D27
16:52:23.299     5656480  FFFFFFD7D3FFF  D16,D17,D19,D25,D27
16:52:27.177     5660331  FFFFFFD3D3FFF  D16,D17,D19,D24,D25,D27
16:52:28.974     5662116  FFFFFFC3D3FFF  D16,D17,D19,D24,D25,D26,D27
16:52:28.974     5662118  FFFFFFC7D3FFF  D16,D17,D19,D25,D26,D27
16:52:28.974     5662120  FFFFFFCFD3FFF  D16,D17,D19,D26,D27
16:52:30.126     5663268  FFFFFFCBD3FFF  D16,D17,D19,D24,D26,D27
16:52:31.058     5664182  FFFFFFC3D3FFF  D16,D17,D19,D24,D25,D26,D27
16:52:31.058     5664184  FFFFFFC7D3FFF  D16,D17,D19,D25,D26,D27
16:52:31.976     5665094  FFFFFFC3D3FFF  D16,D17,D19,D24,D25,D26,D27
16:52:32.970     5666087  FFFFFF83D3FFF  D16,D17,D19,D24,D25,D26,D27,D28
16:52:32.971     5666089  FFFFFFAFD3FFF  D16,D17,D19,D26,D28
16:52:32.971     5666091  FFFFFFBFD3FFF  D16,D17,D19,D28
16:52:34.491     5667597  FFFFFFBBD3FFF  D16,D17,D19,D24,D28
16:52:37.450     5670532  FFFFFFBBD7FFF  D17,D19,D24,D28
16:52:46.140     5679151  FFFFFFBBF7FFF  D17,D24,D28
16:52:53.753     5686710  FFFFFFBBF7FFF  D17,D24,D28
16:53:54.002     5746509  FFFFFFBBF7FFF  D17,D24,D28
16:54:52.211     5804293  FFFFFFBBB7FFF  D17,D20,D24,D28
16:54:53.225     5805296  FFFFFFBBB3FFF  D16,D17,D20,D24,D28
16:54:54.255     5806318  FFFFFFBBB3FFF  D16,D17,D20,D24,D28
16:54:56.587     5808632  FFFFFFBFB3FFF  D16,D17,D20,D28
16:54:58.051     5810089  FFFFFFC7B3FFF  D16,D17,D20,D25,D26,D27
16:54:58.051     5810092  FFFFFFC3B3FFF  D16,D17,D20,D24,D25,D26,D27
16:54:59.066     5811094  FFFFFFC7B3FFF  D16,D17,D20,D25,D26,D27
16:54:59.982     5811996  FFFFFFC3B3FFF  D16,D17,D20,D24,D25,D26,D27
16:54:59.982     5811997  FFFFFFCBB3FFF  D16,D17,D20,D24,D26,D27
16:55:00.908     5812920  FFFFFFCFB3FFF  D16,D17,D20,D26,D27
16:55:02.022     5814030  FFFFFFC7B3FFF  D16,D17,D20,D25,D26,D27
16:55:02.022     5814032  FFFFFFC3B3FFF  D16,D17,D20,D24,D25,D26,D27
16:55:02.022     5814034  FFFFFFD3B3FFF  D16,D17,D20,D24,D25,D27
16:55:03.471     5815461  FFFFFFD7B3FFF  D16,D17,D20,D25,D27
16:55:04.902     5816890  FFFFFFD3B3FFF  D16,D17,D20,D24,D25,D27
16:55:04.902     5816892  FFFFFFDBB3FFF  D16,D17,D20,D24,D27
16:55:06.819     5818796  FFFFFFDFB3FFF  D16,D17,D20,D27
16:55:10.185     5822128  FFFFFFDFB7FFF  D17,D20,D27
16:55:21.819     5833675  FFFFFFDFF7FFF  D17,D27
16:55:25.498     5837326  FFFFFFDFD7FFF  D17,D19,D27
16:55:26.454     5838279  FFFFFFDF97FFF  D17,D19,D20,D27
16:55:26.454     5838281  FFFFFFDFB7FFF  D17,D20,D27
16:55:27.458     5839282  FFFFFFDFB3FFF  D16,D17,D20,D27
16:55:30.850     5842646  FFFFFFC7B3FFF  D16,D17,D20,D25,D26,D27
16:55:30.851     5842648  FFFFFFE3B3FFF  D16,D17,D20,D24,D25,D26
16:55:32.455     5844235  FFFFFFE7B3FFF  D16,D17,D20,D25,D26
16:55:33.549     5845317  FFFFFFE3B3FFF  D16,D17,D20,D24,D25,D26
16:55:33.550     5845318  FFFFFFEBB3FFF  D16,D17,D20,D24,D26
16:55:34.846     5846618  FFFFFFEFB3FFF  D16,D17,D20,D26
16:55:36.296     5848046  FFFFFFE3B3FFF  D16,D17,D20,D24,D25,D26
16:55:36.297     5848049  FFFFFFF3B3FFF  D16,D17,D20,D24,D25
16:55:37.777     5849516  FFFFFFF7B3FFF  D16,D17,D20,D25
16:55:39.900     5851510  FFFFFFF3B3FFF  D16,D17,D20,D24,D25
16:55:39.900     5851512  FFFFFFFBB3FFF  D16,D17,D20,D24
16:55:39.900     5851620  FFFFFFFB93FFF  D16,D17,D19,D20,D24
16:55:39.900     5851621  FFFFFFFBD3FFF  D16,D17,D19,D24
16:55:43.139     5854842  FFFFFFFBD7FFF  D17,D19,D24
16:55:54.612     5865895  FFFFFFFBD7FFF  D17,D19,D24
16:55:54.612     5866231  FFFFFFFBF7FFF  D17,D24
16:56:30.447     5901803  FFFFFFFBD7FFF  D17,D19,D24
16:56:31.406     5902756  FFFFFFFBD3FFF  D16,D17,D19,D24
16:56:35.377     5906686  FFFFFFF3D3FFF  D16,D17,D19,D24,D25
16:56:35.377     5906689  FFFFFFF7D3FFF  D16,D17,D19,D25
16:56:38.936     5910178  FFFFFFF7D7FFF  D17,D19,D25
16:56:38.936     5910221  FFFFFFF7F7FFF  D17,D25
16:56:54.605     5925772  FFFFFFF7F7FFF  D17,D25
16:57:54.834     5985552  FFFFFFF7F7FFF  D17,D25
16:58:55.090     6045376  FFFFFFF7F7FFF  D17,D25
16:59:39.609     6089556  FFFFFFF7FFFFF  D25
16:59:40.295     6090233  FFFFFFF7F7FFF  D17,D25
16:59:55.505     6105328  FFFFFFF7F7FFF  D17,D25
17:00:38.460     6147972  FFFFFFF7D7FFF  D17,D19,D25
17:00:52.383     6161789  FFFFFFF7D3FFF  D16,D17,D19,D25
17:00:56.458     6165323  FFFFFFF7D3FFF  D16,D17,D19,D25
17:00:56.458     6165829  FFFFFFF3D3FFF  D16,D17,D19,D24,D25
17:00:58.260     6167615  FFFFFFE3D3FFF  D16,D17,D19,D24,D25,D26
17:00:58.260     6167617  FFFFFFEFD3FFF  D16,D17,D19,D26
17:00:59.708     6169055  FFFFFFEBD3FFF  D16,D17,D19,D24,D26
17:01:01.026     6170365  FFFFFFE3D3FFF  D16,D17,D19,D24,D25,D26
17:01:01.027     6170368  FFFFFFE7D3FFF  D16,D17,D19,D25,D26
17:01:02.016     6171358  FFFFFFE3D3FFF  D16,D17,D19,D24,D25,D26
17:01:03.055     6172380  FFFFFFC3D3FFF  D16,D17,D19,D24,D25,D26,D27
17:01:03.056     6172382  FFFFFFCFD3FFF  D16,D17,D19,D26,D27
17:01:03.056     6172384  FFFFFFDFD3FFF  D16,D17,D19,D27
17:01:04.263     6173581  FFFFFFDBD3FFF  D16,D17,D19,D24,D27
17:01:05.700     6175010  FFFFFFD3D3FFF  D16,D17,D19,D24,D25,D27
17:01:05.700     6175012  FFFFFFD7D3FFF  D16,D17,D19,D25,D27
17:01:07.171     6176470  FFFFFFD3D3FFF  D16,D17,D19,D24,D25,D27
17:01:08.593     6177868  FFFFFFC3D3FFF  D16,D17,D19,D24,D25,D26,D27
17:01:08.594     6177870  FFFFFFC7D3FFF  D16,D17,D19,D25,D26,D27
17:01:08.594     6177872  FFFFFFCFD3FFF  D16,D17,D19,D26,D27
17:01:09.697     6178980  FFFFFFCBD3FFF  D16,D17,D19,D24,D26,D27
17:01:10.627     6179895  FFFFFFC3D3FFF  D16,D17,D19,D24,D25,D26,D27
17:01:10.627     6179897  FFFFFFC7D3FFF  D16,D17,D19,D25,D26,D27
17:01:11.530     6180797  FFFFFFC3D3FFF  D16,D17,D19,D24,D25,D26,D27
17:01:12.450     6181709  FFFFFF83D3FFF  D16,D17,D19,D24,D25,D26,D27,D28
17:01:12.450     6181711  FFFFFFAFD3FFF  D16,D17,D19,D26,D28
17:01:12.450     6181713  FFFFFFBFD3FFF  D16,D17,D19,D28
17:01:13.382     6182634  FFFFFFBBD3FFF  D16,D17,D19,D24,D28
17:01:14.303     6183546  FFFFFFB3D3FFF  D16,D17,D19,D24,D25,D28
17:01:14.303     6183548  FFFFFFB7D3FFF  D16,D17,D19,D25,D28
17:01:15.171     6184410  FFFFFFB3D3FFF  D16,D17,D19,D24,D25,D28
17:01:16.101     6185333  FFFFFFA3D3FFF  D16,D17,D19,D24,D25,D26,D28
17:01:16.101     6185334  FFFFFFAFD3FFF  D16,D17,D19,D26,D28
17:01:17.018     6186247  FFFFFFABD3FFF  D16,D17,D19,D24,D26,D28
17:01:18.413     6187626  FFFFFFA3D3FFF  D16,D17,D19,D24,D25,D26,D28
17:01:18.413     6187627  FFFFFFA7D3FFF  D16,D17,D19,D25,D26,D28
17:01:19.765     6188976  FFFFFFA3D3FFF  D16,D17,D19,D24,D25,D26,D28
17:01:20.701     6189899  FFFFFF83D3FFF  D16,D17,D19,D24,D25,D26,D27,D28
17:01:20.701     6189901  FFFFFF8FD3FFF  D16,D17,D19,D26,D27,D28
17:01:20.701     6189903  FFFFFF9FD3FFF  D16,D17,D19,D27,D28
17:01:21.609     6190802  FFFFFF9BD3FFF  D16,D17,D19,D24,D27,D28
17:01:22.540     6191715  FFFFFF93D3FFF  D16,D17,D19,D24,D25,D27,D28
17:01:22.540     6191717  FFFFFF97D3FFF  D16,D17,D19,D25,D27,D28
17:01:23.423     6192599  FFFFFF93D3FFF  D16,D17,D19,D24,D25,D27,D28
17:01:24.337     6193512  FFFFFF83D3FFF  D16,D17,D19,D24,D25,D26,D27,D28
17:01:24.338     6193514  FFFFFF8FD3FFF  D16,D17,D19,D26,D27,D28
17:01:25.249     6194415  FFFFFF8BD3FFF  D16,D17,D19,D24,D26,D27,D28
17:01:26.188     6195338  FFFFFF83D3FFF  D16,D17,D19,D24,D25,D26,D27,D28
17:01:26.189     6195340  FFFFFF87D3FFF  D16,D17,D19,D25,D26,D27,D28
17:01:27.107     6196251  FFFFFF83D3FFF  D16,D17,D19,D24,D25,D26,D27,D28
17:01:28.021     6197154  FFFFFF43D3FFF  D16,D17,D19,D24,D25,D26,D27,D29
17:01:28.021     6197156  FFFFFF6FD3FFF  D16,D17,D19,D26,D29
17:01:28.021     6197158  FFFFFF7FD3FFF  D16,D17,D19,D29
17:01:28.938     6198068  FFFFFF7BD3FFF  D16,D17,D19,D24,D29
17:01:29.868     6198991  FFFFFF73D3FFF  D16,D17,D19,D24,D25,D29
17:01:29.868     6198992  FFFFFF77D3FFF  D16,D17,D19,D25,D29
17:01:30.739     6199864  FFFFFF73D3FFF  D16,D17,D19,D24,D25,D29
17:01:31.658     6200768  FFFFFF63D3FFF  D16,D17,D19,D24,D25,D26,D29
17:01:31.658     6200769  FFFFFF6FD3FFF  D16,D17,D19,D26,D29
17:01:32.708     6201810  FFFFFF6BD3FFF  D16,D17,D19,D24,D26,D29
17:01:34.188     6203280  FFFFFF63D3FFF  D16,D17,D19,D24,D25,D26,D29
17:01:34.188     6203281  FFFFFF67D3FFF  D16,D17,D19,D25,D26,D29
17:01:37.132     6206204  FFFFFF67D7FFF  D17,D19,D25,D26,D29
17:01:45.983     6214993  FFFFFF67F7FFF  D17,D25,D26,D29
17:01:56.095     6225026  FFFFFF67F7FFF  D17,D25,D26,D29
17:02:56.382     6284863  FFFFFF67F7FFF  D17,D25,D26,D29
17:03:46.465     6334577  FFFFFF67B7FFF  D17,D20,D25,D26,D29
17:03:47.374     6335480  FFFFFF67B3FFF  D16,D17,D20,D25,D26,D29
17:03:50.695     6338775  FFFFFF63B3FFF  D16,D17,D20,D24,D25,D26,D29
17:03:50.695     6338777  FFFFFF6BB3FFF  D16,D17,D20,D24,D26,D29
17:03:52.170     6340245  FFFFFF6FB3FFF  D16,D17,D20,D26,D29
17:03:53.219     6341276  FFFFFF6BB3FFF  D16,D17,D20,D24,D26,D29
17:03:53.219     6341278  FFFFFF63B3FFF  D16,D17,D20,D24,D25,D26,D29
17:03:53.219     6341280  FFFFFF73B3FFF  D16,D17,D20,D24,D25,D29
17:03:54.147     6342201  FFFFFF77B3FFF  D16,D17,D20,D25,D29
17:03:55.020     6343063  FFFFFF73B3FFF  D16,D17,D20,D24,D25,D29
17:03:55.020     6343065  FFFFFF7BB3FFF  D16,D17,D20,D24,D29
17:03:55.927     6343977  FFFFFF7FB3FFF  D16,D17,D20,D29
17:03:56.873     6344480  FFFFFF7FB3FFF  D16,D17,D20,D29
17:03:56.874     6344899  FFFFFF07B3FFF  D16,D17,D20,D25,D26,D27,D28,D29
17:03:56.874     6344901  FFFFFF03B3FFF  D16,D17,D20,D24,D25,D26,D27,D28,D29
17:03:56.874     6344903  FFFFFF83B3FFF  D16,D17,D20,D24,D25,D26,D27,D28
17:03:57.767     6345804  FFFFFF87B3FFF  D16,D17,D20,D25,D26,D27,D28
17:03:58.687     6346716  FFFFFF83B3FFF  D16,D17,D20,D24,D25,D26,D27,D28
17:03:58.687     6346718  FFFFFF8BB3FFF  D16,D17,D20,D24,D26,D27,D28
17:03:59.740     6347760  FFFFFF8FB3FFF  D16,D17,D20,D26,D27,D28
17:04:01.214     6349217  FFFFFF83B3FFF  D16,D17,D20,D24,D25,D26,D27,D28
17:04:01.214     6349220  FFFFFF93B3FFF  D16,D17,D20,D24,D25,D27,D28
17:04:04.049     6352033  FFFFFF93B7FFF  D17,D20,D24,D25,D27,D28
17:04:25.251     6373079  FFFFFF93B3FFF  D16,D17,D20,D24,D25,D27,D28
17:04:28.615     6376414  FFFFFF97B3FFF  D16,D17,D20,D25,D27,D28
17:04:30.091     6377882  FFFFFF93B3FFF  D16,D17,D20,D24,D25,D27,D28
17:04:30.091     6377884  FFFFFF9BB3FFF  D16,D17,D20,D24,D27,D28
17:04:31.098     6378876  FFFFFF9FB3FFF  D16,D17,D20,D27,D28
17:04:32.015     6379788  FFFFFF83B3FFF  D16,D17,D20,D24,D25,D26,D27,D28
17:04:32.015     6379789  FFFFFFA3B3FFF  D16,D17,D20,D24,D25,D26,D28
17:04:32.934     6380702  FFFFFFA7B3FFF  D16,D17,D20,D25,D26,D28
17:04:34.290     6382051  FFFFFFA3B3FFF  D16,D17,D20,D24,D25,D26,D28
17:04:34.291     6382053  FFFFFFABB3FFF  D16,D17,D20,D24,D26,D28
17:04:35.696     6383442  FFFFFFAFB3FFF  D16,D17,D20,D26,D28
17:04:36.578     6384314  FFFFFFA3B3FFF  D16,D17,D20,D24,D25,D26,D28
17:04:36.578     6384317  FFFFFFB3B3FFF  D16,D17,D20,D24,D25,D28
17:04:37.526     6385268  FFFFFFB7B3FFF  D16,D17,D20,D25,D28
17:04:38.457     6386190  FFFFFFB3B3FFF  D16,D17,D20,D24,D25,D28
17:04:38.457     6386192  FFFFFFBBB3FFF  D16,D17,D20,D24,D28
17:04:39.325     6387054  FFFFFFBFB3FFF  D16,D17,D20,D28
17:04:40.252     6387965  FFFFFFB7B3FFF  D16,D17,D20,D25,D28
17:04:40.252     6387968  FFFFFFC3B3FFF  D16,D17,D20,D24,D25,D26,D27
17:04:41.181     6388881  FFFFFFC7B3FFF  D16,D17,D20,D25,D26,D27
17:04:42.095     6389793  FFFFFFC3B3FFF  D16,D17,D20,D24,D25,D26,D27
17:04:42.095     6389794  FFFFFFCBB3FFF  D16,D17,D20,D24,D26,D27
17:04:42.974     6390668  FFFFFFCFB3FFF  D16,D17,D20,D26,D27
17:04:44.131     6391818  FFFFFFC3B3FFF  D16,D17,D20,D24,D25,D26,D27
17:04:44.131     6391821  FFFFFFD3B3FFF  D16,D17,D20,D24,D25,D27
17:04:45.531     6393208  FFFFFFD7B3FFF  D16,D17,D20,D25,D27
17:04:47.012     6394677  FFFFFFD3B3FFF  D16,D17,D20,D24,D25,D27
17:04:47.012     6394678  FFFFFFDBB3FFF  D16,D17,D20,D24,D27
17:04:48.459     6396107  FFFFFFDFB3FFF  D16,D17,D20,D27
17:04:49.646     6397296  FFFFFFCFB3FFF  D16,D17,D20,D26,D27
17:04:49.646     6397298  FFFFFFE3B3FFF  D16,D17,D20,D24,D25,D26
17:04:50.697     6398330  FFFFFFE7B3FFF  D16,D17,D20,D25,D26
17:04:51.691     6399322  FFFFFFE3B3FFF  D16,D17,D20,D24,D25,D26
17:04:51.691     6399324  FFFFFFEBB3FFF  D16,D17,D20,D24,D26
17:04:53.016     6400643  FFFFFFEFB3FFF  D16,D17,D20,D26
17:04:54.450     6402061  FFFFFFE3B3FFF  D16,D17,D20,D24,D25,D26
17:04:54.450     6402064  FFFFFFF3B3FFF  D16,D17,D20,D24,D25
17:04:56.374     6403849  FFFFFFF7B3FFF  D16,D17,D20,D25
17:04:56.375     6403966  FFFFFFF793FFF  D16,D17,D19,D20,D25
17:04:56.375     6403969  FFFFFFF7D3FFF  D16,D17,D19,D25
17:04:56.895     6404480  FFFFFFF7D3FFF  D16,D17,D19,D25
17:04:59.887     6407457  FFFFFFF7D7FFF  D17,D19,D25
17:05:17.494     6424931  FFFFFFF7F7FFF  D17,D25
17:05:20.526     6427948  FFFFFFF7D7FFF  D17,D19,D25
17:05:21.457     6428860  FFFFFFF7D3FFF  D16,D17,D19,D25
17:05:25.491     6432871  FFFFFFF3D3FFF  D16,D17,D19,D24,D25
17:05:27.288     6434657  FFFFFFE3D3FFF  D16,D17,D19,D24,D25,D26
17:05:27.288     6434659  FFFFFFEFD3FFF  D16,D17,D19,D26
17:05:28.777     6436125  FFFFFFEBD3FFF  D16,D17,D19,D24,D26
17:05:30.053     6437396  FFFFFFE3D3FFF  D16,D17,D19,D24,D25,D26
17:05:30.053     6437398  FFFFFFE7D3FFF  D16,D17,D19,D25,D26
17:05:31.096     6438428  FFFFFFE3D3FFF  D16,D17,D19,D24,D25,D26
17:05:32.090     6439420  FFFFFFC3D3FFF  D16,D17,D19,D24,D25,D26,D27
17:05:32.090     6439422  FFFFFFCFD3FFF  D16,D17,D19,D26,D27
17:05:32.090     6439425  FFFFFFDFD3FFF  D16,D17,D19,D27
17:05:33.298     6440612  FFFFFFDBD3FFF  D16,D17,D19,D24,D27
17:05:34.733     6442041  FFFFFFD3D3FFF  D16,D17,D19,D24,D25,D27
17:05:34.733     6442043  FFFFFFD7D3FFF  D16,D17,D19,D25,D27
17:05:36.208     6443511  FFFFFFD3D3FFF  D16,D17,D19,D24,D25,D27
17:05:37.614     6444900  FFFFFFC3D3FFF  D16,D17,D19,D24,D25,D26,D27
17:05:37.614     6444902  FFFFFFCFD3FFF  D16,D17,D19,D26,D27
17:05:38.776     6446052  FFFFFFCBD3FFF  D16,D17,D19,D24,D26,D27
17:05:39.693     6446964  FFFFFFC3D3FFF  D16,D17,D19,D24,D25,D26,D27
17:05:39.693     6446965  FFFFFFC7D3FFF  D16,D17,D19,D25,D26,D27
17:05:40.572     6447838  FFFFFFC3D3FFF  D16,D17,D19,D24,D25,D26,D27
17:05:41.500     6448761  FFFFFF83D3FFF  D16,D17,D19,D24,D25,D26,D27,D28
17:05:41.500     6448763  FFFFFFAFD3FFF  D16,D17,D19,D26,D28
17:05:41.500     6448764  FFFFFFBFD3FFF  D16,D17,D19,D28
17:05:42.417     6449664  FFFFFFBBD3FFF  D16,D17,D19,D24,D28
17:05:43.330     6450577  FFFFFFB3D3FFF  D16,D17,D19,D24,D25,D28
17:05:43.330     6450579  FFFFFFB7D3FFF  D16,D17,D19,D25,D28
17:05:44.244     6451490  FFFFFFB3D3FFF  D16,D17,D19,D24,D25,D28
17:05:45.167     6452404  FFFFFFA3D3FFF  D16,D17,D19,D24,D25,D26,D28
17:05:45.168     6452406  FFFFFFAFD3FFF  D16,D17,D19,D26,D28
17:05:46.097     6453316  FFFFFFABD3FFF  D16,D17,D19,D24,D26,D28
17:05:47.451     6454667  FFFFFFA3D3FFF  D16,D17,D19,D24,D25,D26,D28
17:05:47.451     6454669  FFFFFFA7D3FFF  D16,D17,D19,D25,D26,D28
17:05:48.803     6456016  FFFFFFA3D3FFF  D16,D17,D19,D24,D25,D26,D28
17:05:49.732     6456930  FFFFFF83D3FFF  D16,D17,D19,D24,D25,D26,D27,D28
17:05:49.732     6456932  FFFFFF8FD3FFF  D16,D17,D19,D26,D27,D28
17:05:49.732     6456934  FFFFFF9FD3FFF  D16,D17,D19,D27,D28
17:05:50.644     6457842  FFFFFF9BD3FFF  D16,D17,D19,D24,D27,D28
17:05:51.586     6458766  FFFFFF93D3FFF  D16,D17,D19,D24,D25,D27,D28
17:05:51.587     6458768  FFFFFF97D3FFF  D16,D17,D19,D25,D27,D28
17:05:52.489     6459669  FFFFFF93D3FFF  D16,D17,D19,D24,D25,D27,D28
17:05:53.375     6460542  FFFFFF83D3FFF  D16,D17,D19,D24,D25,D26,D27,D28
17:05:53.375     6460545  FFFFFF8FD3FFF  D16,D17,D19,D26,D27,D28
17:05:54.304     6461466  FFFFFF8BD3FFF  D16,D17,D19,D24,D26,D27,D28
17:05:55.217     6462369  FFFFFF83D3FFF  D16,D17,D19,D24,D25,D26,D27,D28
17:05:55.217     6462370  FFFFFF87D3FFF  D16,D17,D19,D25,D26,D27,D28
17:05:56.133     6463282  FFFFFF83D3FFF  D16,D17,D19,D24,D25,D26,D27,D28
17:05:57.053     6464195  FFFFFF43D3FFF  D16,D17,D19,D24,D25,D26,D27,D29
17:05:57.053     6464197  FFFFFF6FD3FFF  D16,D17,D19,D26,D29
17:05:57.053     6464199  FFFFFF7FD3FFF  D16,D17,D19,D29
17:05:57.968     6464707  FFFFFF7FD3FFF  D16,D17,D19,D29
17:05:57.968     6465108  FFFFFF7BD3FFF  D16,D17,D19,D24,D29
17:05:58.976     6466101  FFFFFF73D3FFF  D16,D17,D19,D24,D25,D29
17:05:58.977     6466103  FFFFFF77D3FFF  D16,D17,D19,D25,D29
17:06:00.485     6467609  FFFFFF73D3FFF  D16,D17,D19,D24,D25,D29
17:06:03.577     6470545  FFFFFF73D7FFF  D17,D19,D24,D25,D29
17:06:03.577     6470678  FFFFFF73F7FFF  D17,D24,D25,D29
17:06:09.505     6476553  FFFFFF73D7FFF  D17,D19,D24,D25,D29
17:06:10.450     6477496  FFFFFF73D3FFF  D16,D17,D19,D24,D25,D29
17:06:13.741     6480751  FFFFFF63D3FFF  D16,D17,D19,D24,D25,D26,D29
17:06:13.741     6480753  FFFFFF6FD3FFF  D16,D17,D19,D26,D29
17:06:15.244     6482259  FFFFFF6BD3FFF  D16,D17,D19,D24,D26,D29
17:06:16.249     6483253  FFFFFF63D3FFF  D16,D17,D19,D24,D25,D26,D29
17:06:16.249     6483255  FFFFFF67D3FFF  D16,D17,D19,D25,D26,D29
17:06:17.169     6484165  FFFFFF63D3FFF  D16,D17,D19,D24,D25,D26,D29
17:06:18.142     6485118  FFFFFF43D3FFF  D16,D17,D19,D24,D25,D26,D27,D29
17:06:18.142     6485121  FFFFFF4FD3FFF  D16,D17,D19,D26,D27,D29
17:06:18.142     6485123  FFFFFF5FD3FFF  D16,D17,D19,D27,D29
17:06:19.091     6486072  FFFFFF5BD3FFF  D16,D17,D19,D24,D27,D29
17:06:20.049     6487024  FFFFFF53D3FFF  D16,D17,D19,D24,D25,D27,D29
17:06:20.049     6487026  FFFFFF57D3FFF  D16,D17,D19,D25,D27,D29
17:06:21.007     6487977  FFFFFF53D3FFF  D16,D17,D19,D24,D25,D27,D29
17:06:21.978     6488930  FFFFFF43D3FFF  D16,D17,D19,D24,D25,D26,D27,D29
17:06:21.978     6488932  FFFFFF4FD3FFF  D16,D17,D19,D26,D27,D29
17:06:23.016     6489962  FFFFFF4BD3FFF  D16,D17,D19,D24,D26,D27,D29
17:06:25.008     6491630  FFFFFF43D3FFF  D16,D17,D19,D24,D25,D26,D27,D29
17:06:25.008     6491631  FFFFFF47D3FFF  D16,D17,D19,D25,D26,D27,D29
17:06:25.008     6491789  FFFFFF4793FFF  D16,D17,D19,D20,D25,D26,D27,D29
17:06:25.008     6491949  FFFFFF47B3FFF  D16,D17,D20,D25,D26,D27,D29
17:06:28.171     6495081  FFFFFF47B7FFF  D17,D20,D25,D26,D27,D29
17:06:38.804     6505645  FFFFFF47B3FFF  D16,D17,D20,D25,D26,D27,D29
17:06:42.660     6509456  FFFFFF43B3FFF  D16,D17,D20,D24,D25,D26,D27,D29
17:06:42.660     6509458  FFFFFF4BB3FFF  D16,D17,D20,D24,D26,D27,D29
17:06:44.288     6511085  FFFFFF4FB3FFF  D16,D17,D20,D26,D27,D29
17:06:45.382     6512155  FFFFFF47B3FFF  D16,D17,D20,D25,D26,D27,D29
17:06:45.382     6512157  FFFFFF43B3FFF  D16,D17,D20,D24,D25,D26,D27,D29
17:06:45.382     6512159  FFFFFF53B3FFF  D16,D17,D20,D24,D25,D27,D29
17:06:46.326     6513110  FFFFFF57B3FFF  D16,D17,D20,D25,D27,D29
17:06:47.286     6514062  FFFFFF53B3FFF  D16,D17,D20,D24,D25,D27,D29
17:06:47.286     6514063  FFFFFF5BB3FFF  D16,D17,D20,D24,D27,D29
17:06:48.227     6514987  FFFFFF5FB3FFF  D16,D17,D20,D27,D29
17:06:49.172     6515928  FFFFFF57B3FFF  D16,D17,D20,D25,D27,D29
17:06:49.172     6515930  FFFFFF63B3FFF  D16,D17,D20,D24,D25,D26,D29
17:06:50.137     6516882  FFFFFF67B3FFF  D16,D17,D20,D25,D26,D29
17:06:51.059     6517793  FFFFFF63B3FFF  D16,D17,D20,D24,D25,D26,D29
17:06:51.059     6517795  FFFFFF6BB3FFF  D16,D17,D20,D24,D26,D29
17:06:51.972     6518708  FFFFFF6FB3FFF  D16,D17,D20,D26,D29
17:06:52.888     6519619  FFFFFF67B3FFF  D16,D17,D20,D25,D26,D29
17:06:52.888     6519621  FFFFFF63B3FFF  D16,D17,D20,D24,D25,D26,D29
17:06:52.888     6519623  FFFFFF73B3FFF  D16,D17,D20,D24,D25,D29
17:06:53.817     6520535  FFFFFF77B3FFF  D16,D17,D20,D25,D29
17:06:54.729     6521446  FFFFFF73B3FFF  D16,D17,D20,D24,D25,D29
17:06:54.729     6521448  FFFFFF7BB3FFF  D16,D17,D20,D24,D29
17:06:55.610     6522320  FFFFFF7FB3FFF  D16,D17,D20,D29
17:06:56.570     6523272  FFFFFF47B3FFF  D16,D17,D20,D25,D26,D27,D29
17:06:56.570     6523274  FFFFFF83B3FFF  D16,D17,D20,D24,D25,D26,D27,D28
17:06:57.453     6524147  FFFFFF87B3FFF  D16,D17,D20,D25,D26,D27,D28
17:06:58.370     6524658  FFFFFF87B3FFF  D16,D17,D20,D25,D26,D27,D28
17:06:58.370     6525059  FFFFFF83B3FFF  D16,D17,D20,D24,D25,D26,D27,D28
17:06:58.370     6525061  FFFFFF8BB3FFF  D16,D17,D20,D24,D26,D27,D28
17:06:59.288     6525973  FFFFFF8FB3FFF  D16,D17,D20,D26,D27,D28
17:07:00.217     6526885  FFFFFF8BB3FFF  D16,D17,D20,D24,D26,D27,D28
17:07:00.218     6526887  FFFFFF83B3FFF  D16,D17,D20,D24,D25,D26,D27,D28
17:07:00.218     6526889  FFFFFF93B3FFF  D16,D17,D20,D24,D25,D27,D28
17:07:01.136     6527800  FFFFFF97B3FFF  D16,D17,D20,D25,D27,D28
17:07:02.008     6528672  FFFFFF93B3FFF  D16,D17,D20,D24,D25,D27,D28
17:07:02.008     6528674  FFFFFF9BB3FFF  D16,D17,D20,D24,D27,D28
17:07:02.970     6529626  FFFFFF9FB3FFF  D16,D17,D20,D27,D28
17:07:03.976     6530617  FFFFFF83B3FFF  D16,D17,D20,D24,D25,D26,D27,D28
17:07:03.976     6530619  FFFFFFA3B3FFF  D16,D17,D20,D24,D25,D26,D28
17:07:05.499     6532127  FFFFFFA7B3FFF  D16,D17,D20,D25,D26,D28
17:07:08.332     6534942  FFFFFFA7B7FFF  D17,D20,D25,D26,D28
17:07:17.167     6543721  FFFFFFA7F7FFF  D17,D25,D26,D28
17:07:58.172     6584409  FFFFFFA7F7FFF  D17,D25,D26,D28
17:08:58.278     6644069  FFFFFFA7F7FFF  D17,D25,D26,D28
17:09:58.508     6703851  FFFFFFA7F7FFF  D17,D25,D26,D28
17:10:06.778     6712068  FFFFFFA7B7FFF  D17,D20,D25,D26,D28
17:10:07.694     6712971  FFFFFFA7B3FFF  D16,D17,D20,D25,D26,D28
17:10:11.905     6717150  FFFFFFA3B3FFF  D16,D17,D20,D24,D25,D26,D28
17:10:11.905     6717152  FFFFFFABB3FFF  D16,D17,D20,D24,D26,D28
17:10:13.527     6718769  FFFFFFAFB3FFF  D16,D17,D20,D26,D28
17:10:14.457     6719690  FFFFFFA3B3FFF  D16,D17,D20,D24,D25,D26,D28
17:10:14.457     6719693  FFFFFFB3B3FFF  D16,D17,D20,D24,D25,D28
17:10:15.368     6720595  FFFFFFB7B3FFF  D16,D17,D20,D25,D28
17:10:16.293     6721507  FFFFFFB3B3FFF  D16,D17,D20,D24,D25,D28
17:10:16.293     6721509  FFFFFFBBB3FFF  D16,D17,D20,D24,D28
17:10:17.206     6722421  FFFFFFBFB3FFF  D16,D17,D20,D28
17:10:18.148     6723343  FFFFFFFFB3FFF  D16,D17,D20
17:10:18.148     6723345  FFFFFFC3B3FFF  D16,D17,D20,D24,D25,D26,D27
17:10:19.045     6724247  FFFFFFC7B3FFF  D16,D17,D20,D25,D26,D27
17:10:20.068     6725249  FFFFFFC3B3FFF  D16,D17,D20,D24,D25,D26,D27
17:10:20.068     6725251  FFFFFFCBB3FFF  D16,D17,D20,D24,D26,D27
17:10:21.573     6726749  FFFFFFCFB3FFF  D16,D17,D20,D26,D27
17:10:24.402     6729564  FFFFFFCFB7FFF  D17,D20,D26,D27
17:10:35.170     6740246  FFFFFFCFB3FFF  D16,D17,D20,D26,D27
17:10:38.972     6744017  FFFFFFCBB3FFF  D16,D17,D20,D24,D26,D27
17:10:38.972     6744019  FFFFFFC3B3FFF  D16,D17,D20,D24,D25,D26,D27
17:10:38.972     6744022  FFFFFFD3B3FFF  D16,D17,D20,D24,D25,D27
17:10:40.860     6745895  FFFFFFD7B3FFF  D16,D17,D20,D25,D27
17:10:42.307     6747324  FFFFFFD3B3FFF  D16,D17,D20,D24,D25,D27
17:10:42.307     6747326  FFFFFFDBB3FFF  D16,D17,D20,D24,D27
17:10:43.770     6748783  FFFFFFDFB3FFF  D16,D17,D20,D27
17:10:44.975     6749973  FFFFFFC7B3FFF  D16,D17,D20,D25,D26,D27
17:10:44.975     6749975  FFFFFFE3B3FFF  D16,D17,D20,D24,D25,D26
17:10:45.983     6750978  FFFFFFE7B3FFF  D16,D17,D20,D25,D26
17:10:46.980     6751959  FFFFFFE3B3FFF  D16,D17,D20,D24,D25,D26
17:10:46.980     6751960  FFFFFFEBB3FFF  D16,D17,D20,D24,D26
17:10:48.292     6753270  FFFFFFEFB3FFF  D16,D17,D20,D26
17:10:49.738     6754698  FFFFFFE3B3FFF  D16,D17,D20,D24,D25,D26
17:10:49.738     6754701  FFFFFFF3B3FFF  D16,D17,D20,D24,D25
17:10:51.743     6756536  FFFFFFF7B3FFF  D16,D17,D20,D25
17:10:51.744     6756694  FFFFFFF793FFF  D16,D17,D19,D20,D25
17:10:51.744     6756696  FFFFFFF7D3FFF  D16,D17,D19,D25
17:10:55.201     6760134  FFFFFFF7D7FFF  D17,D19,D25
17:10:58.748     6763654  FFFFFFF7D7FFF  D17,D19,D25
===== capture stopped 2026-08-08 17:11:00, 2760 changes in 113.6 min =====
# lift: 3

===== capture started 2026-09-06 18:31:30  lift=3  port=COM21 =====
--- listening (one-way) 18:31:37 ---
18:31:38.639     2581295  FFFFFFA3D3FFF  D16,D17,D19,D24,D25,D26,D28
18:31:38.639     2581297  FFFFFFAFD3FFF  D16,D17,D19,D26,D28
18:31:39.561     2582218  FFFFFFABD3FFF  D16,D17,D19,D24,D26,D28
18:31:40.956     2583608  FFFFFFA3D3FFF  D16,D17,D19,D24,D25,D26,D28
18:31:40.956     2583610  FFFFFFA7D3FFF  D16,D17,D19,D25,D26,D28
18:31:44.054     2584947  FFFFFFA3D3FFF  D16,D17,D19,D24,D25,D26,D28
18:31:44.978     2585871  FFFFFF83D3FFF  D16,D17,D19,D24,D25,D26,D27,D28
18:31:44.978     2585873  FFFFFF8FD3FFF  D16,D17,D19,D26,D27,D28
18:31:44.978     2585875  FFFFFF9FD3FFF  D16,D17,D19,D27,D28
18:31:45.908     2586783  FFFFFF9BD3FFF  D16,D17,D19,D24,D27,D28
18:31:46.815     2587687  FFFFFF93D3FFF  D16,D17,D19,D24,D25,D27,D28
18:31:46.815     2587688  FFFFFF97D3FFF  D16,D17,D19,D25,D27,D28
18:31:47.694     2588570  FFFFFF93D3FFF  D16,D17,D19,D24,D25,D27,D28
18:31:48.612     2589484  FFFFFF83D3FFF  D16,D17,D19,D24,D25,D26,D27,D28
18:31:48.612     2589486  FFFFFF8FD3FFF  D16,D17,D19,D26,D27,D28
18:31:49.521     2590387  FFFFFF8BD3FFF  D16,D17,D19,D24,D26,D27,D28
18:31:50.453     2591300  FFFFFF83D3FFF  D16,D17,D19,D24,D25,D26,D27,D28
18:31:50.453     2591302  FFFFFF87D3FFF  D16,D17,D19,D25,D26,D27,D28
18:31:51.386     2592223  FFFFFF83D3FFF  D16,D17,D19,D24,D25,D26,D27,D28
18:31:52.311     2593135  FFFFFF03D3FFF  D16,D17,D19,D24,D25,D26,D27,D28,D29
18:31:52.311     2593137  FFFFFF67D3FFF  D16,D17,D19,D25,D26,D29
18:31:52.311     2593139  FFFFFF7FD3FFF  D16,D17,D19,D29
18:31:53.206     2594039  FFFFFF7BD3FFF  D16,D17,D19,D24,D29
18:31:54.139     2594952  FFFFFF73D3FFF  D16,D17,D19,D24,D25,D29
18:31:54.139     2594954  FFFFFF77D3FFF  D16,D17,D19,D25,D29
18:31:55.018     2595835  FFFFFF73D3FFF  D16,D17,D19,D24,D25,D29
18:31:55.929     2596739  FFFFFF63D3FFF  D16,D17,D19,D24,D25,D26,D29
18:31:55.929     2596741  FFFFFF6FD3FFF  D16,D17,D19,D26,D29
18:31:56.969     2597781  FFFFFF6BD3FFF  D16,D17,D19,D24,D26,D29
18:31:58.454     2599239  FFFFFF63D3FFF  D16,D17,D19,D24,D25,D26,D29
18:31:58.454     2599241  FFFFFF67D3FFF  D16,D17,D19,D25,D26,D29
18:32:01.425     2602184  FFFFFF67D7FFF  D17,D19,D25,D26,D29
--- FW IODebug 1.2.2 2026-08-31 LIFT=3 18:32:09 ---
18:32:10.166     2610873  FFFFFF67F7FFF  D17,D25,D26,D29
18:32:13.041     2613731  FFFFFF67B7FFF  D17,D20,D25,D26,D29
18:32:14.060     2614733  FFFFFF67B3FFF  D16,D17,D20,D25,D26,D29
18:32:17.364     2618018  FFFFFF63B3FFF  D16,D17,D20,D24,D25,D26,D29
18:32:17.364     2618020  FFFFFF6BB3FFF  D16,D17,D20,D24,D26,D29
18:32:18.856     2619499  FFFFFF6FB3FFF  D16,D17,D20,D26,D29
18:32:19.837     2620479  FFFFFF67B3FFF  D16,D17,D20,D25,D26,D29
18:32:19.837     2620481  FFFFFF63B3FFF  D16,D17,D20,D24,D25,D26,D29
18:32:19.837     2620483  FFFFFF73B3FFF  D16,D17,D20,D24,D25,D29
18:32:20.805     2621433  FFFFFF77B3FFF  D16,D17,D20,D25,D29
18:32:21.688     2622306  FFFFFF73B3FFF  D16,D17,D20,D24,D25,D29
18:32:21.688     2622308  FFFFFF7BB3FFF  D16,D17,D20,D24,D29
18:32:22.603     2623220  FFFFFF7FB3FFF  D16,D17,D20,D29
18:32:23.534     2624132  FFFFFF27B3FFF  D16,D17,D20,D25,D26,D28,D29
18:32:23.534     2624134  FFFFFF03B3FFF  D16,D17,D20,D24,D25,D26,D27,D28,D29
18:32:23.534     2624136  FFFFFF83B3FFF  D16,D17,D20,D24,D25,D26,D27,D28
18:32:24.465     2625057  FFFFFF87B3FFF  D16,D17,D20,D25,D26,D27,D28
18:32:25.381     2625958  FFFFFF83B3FFF  D16,D17,D20,D24,D25,D26,D27,D28
18:32:25.381     2625960  FFFFFF8BB3FFF  D16,D17,D20,D24,D26,D27,D28
18:32:26.291     2626873  FFFFFF8FB3FFF  D16,D17,D20,D26,D27,D28
18:32:27.212     2627784  FFFFFF83B3FFF  D16,D17,D20,D24,D25,D26,D27,D28
18:32:27.213     2627787  FFFFFF93B3FFF  D16,D17,D20,D24,D25,D27,D28
18:32:28.128     2628700  FFFFFF97B3FFF  D16,D17,D20,D25,D27,D28
18:32:29.134     2629690  FFFFFF93B3FFF  D16,D17,D20,D24,D25,D27,D28
18:32:29.134     2629692  FFFFFF9BB3FFF  D16,D17,D20,D24,D27,D28
18:32:30.655     2631200  FFFFFF9FB3FFF  D16,D17,D20,D27,D28
18:32:33.429     2633975  FFFFFF9FB7FFF  D17,D20,D27,D28
18:32:37.575     2638078  FFFFFF9FB3FFF  D16,D17,D20,D27,D28
--- FW IODebug 1.2.2 2026-08-31 LIFT=3 18:32:39 ---
18:32:40.893     2641362  FFFFFF8FB3FFF  D16,D17,D20,D26,D27,D28
18:32:40.893     2641363  FFFFFFA3B3FFF  D16,D17,D20,D24,D25,D26,D28
18:32:42.388     2642843  FFFFFFA7B3FFF  D16,D17,D20,D25,D26,D28
18:32:43.855     2644300  FFFFFFA3B3FFF  D16,D17,D20,D24,D25,D26,D28
18:32:43.855     2644302  FFFFFFABB3FFF  D16,D17,D20,D24,D26,D28
18:32:45.204     2645651  FFFFFFAFB3FFF  D16,D17,D20,D26,D28
18:32:46.138     2646563  FFFFFFA3B3FFF  D16,D17,D20,D24,D25,D26,D28
18:32:46.138     2646566  FFFFFFB3B3FFF  D16,D17,D20,D24,D25,D28
18:32:47.052     2647478  FFFFFFB7B3FFF  D16,D17,D20,D25,D28
18:32:47.979     2648400  FFFFFFB3B3FFF  D16,D17,D20,D24,D25,D28
18:32:47.979     2648402  FFFFFFBBB3FFF  D16,D17,D20,D24,D28
18:32:48.897     2649304  FFFFFFBFB3FFF  D16,D17,D20,D28
18:32:49.800     2650215  FFFFFFA7B3FFF  D16,D17,D20,D25,D26,D28
18:32:49.800     2650217  FFFFFFC3B3FFF  D16,D17,D20,D24,D25,D26,D27
18:32:50.716     2651130  FFFFFFC7B3FFF  D16,D17,D20,D25,D26,D27
18:32:51.659     2652052  FFFFFFC3B3FFF  D16,D17,D20,D24,D25,D26,D27
18:32:51.660     2652055  FFFFFFCBB3FFF  D16,D17,D20,D24,D26,D27
18:32:52.535     2652916  FFFFFFCFB3FFF  D16,D17,D20,D26,D27
18:32:53.647     2654026  FFFFFFC7B3FFF  D16,D17,D20,D25,D26,D27
18:32:53.647     2654028  FFFFFFC3B3FFF  D16,D17,D20,D24,D25,D26,D27
18:32:53.647     2654030  FFFFFFD3B3FFF  D16,D17,D20,D24,D25,D27
18:32:55.087     2655458  FFFFFFD7B3FFF  D16,D17,D20,D25,D27
18:32:56.530     2656885  FFFFFFD3B3FFF  D16,D17,D20,D24,D25,D27
18:32:56.530     2656888  FFFFFFDBB3FFF  D16,D17,D20,D24,D27
18:32:58.009     2658356  FFFFFFDFB3FFF  D16,D17,D20,D27
18:32:59.210     2659545  FFFFFFD7B3FFF  D16,D17,D20,D25,D27
18:32:59.210     2659547  FFFFFFE3B3FFF  D16,D17,D20,D24,D25,D26
18:33:00.217     2660540  FFFFFFE7B3FFF  D16,D17,D20,D25,D26
18:33:01.268     2661580  FFFFFFE3B3FFF  D16,D17,D20,D24,D25,D26
18:33:01.268     2661582  FFFFFFEBB3FFF  D16,D17,D20,D24,D26
18:33:02.527     2662842  FFFFFFEFB3FFF  D16,D17,D20,D26
18:33:03.977     2664270  FFFFFFE3B3FFF  D16,D17,D20,D24,D25,D26
18:33:03.977     2664273  FFFFFFF3B3FFF  D16,D17,D20,D24,D25
18:33:05.840     2666058  FFFFFFF7B3FFF  D16,D17,D20,D25
18:33:05.840     2666136  FFFFFFF793FFF  D16,D17,D19,D20,D25
18:33:05.840     2666138  FFFFFFF7D3FFF  D16,D17,D19,D25
18:33:09.744     2669666  FFFFFFF7D7FFF  D17,D19,D25
--- FW IODebug 1.2.2 2026-08-31 LIFT=3 18:33:09 ---
18:33:22.215     2682374  FFFFFFF7D3FFF  D16,D17,D19,D25
18:33:26.249     2686384  FFFFFFF3D3FFF  D16,D17,D19,D24,D25
18:33:28.041     2688171  FFFFFFE3D3FFF  D16,D17,D19,D24,D25,D26
18:33:28.041     2688172  FFFFFFEFD3FFF  D16,D17,D19,D26
18:33:29.542     2689639  FFFFFFEBD3FFF  D16,D17,D19,D24,D26
18:33:30.799     2690910  FFFFFFE3D3FFF  D16,D17,D19,D24,D25,D26
18:33:30.800     2690912  FFFFFFE7D3FFF  D16,D17,D19,D25,D26
18:33:31.842     2691942  FFFFFFE3D3FFF  D16,D17,D19,D24,D25,D26
18:33:32.840     2692934  FFFFFFC3D3FFF  D16,D17,D19,D24,D25,D26,D27
18:33:32.840     2692936  FFFFFFCFD3FFF  D16,D17,D19,D26,D27
18:33:32.840     2692937  FFFFFFDFD3FFF  D16,D17,D19,D27
18:33:34.074     2694135  FFFFFFDBD3FFF  D16,D17,D19,D24,D27
18:33:35.496     2695564  FFFFFFD3D3FFF  D16,D17,D19,D24,D25,D27
18:33:35.496     2695566  FFFFFFD7D3FFF  D16,D17,D19,D25,D27
18:33:36.971     2697024  FFFFFFD3D3FFF  D16,D17,D19,D24,D25,D27
18:33:38.453     2698492  FFFFFFC3D3FFF  D16,D17,D19,D24,D25,D26,D27
18:33:38.453     2698493  FFFFFFCFD3FFF  D16,D17,D19,D26,D27
--- FW IODebug 1.2.2 2026-08-31 LIFT=3 18:33:40 ---
18:33:40.205     2700239  FFFFFFCBD3FFF  D16,D17,D19,D24,D26,D27
18:33:43.165     2703174  FFFFFFCBD7FFF  D17,D19,D24,D26,D27
18:33:51.912     2711873  FFFFFFCBF7FFF  D17,D24,D26,D27
18:33:57.534     2717429  FFFFFFCBB7FFF  D17,D20,D24,D26,D27
18:33:58.541     2718433  FFFFFFCBB3FFF  D16,D17,D20,D24,D26,D27
18:34:01.845     2721719  FFFFFFCFB3FFF  D16,D17,D20,D26,D27
18:34:03.655     2723514  FFFFFFC7B3FFF  D16,D17,D20,D25,D26,D27
18:34:03.655     2723516  FFFFFFC3B3FFF  D16,D17,D20,D24,D25,D26,D27
18:34:03.655     2723518  FFFFFFD3B3FFF  D16,D17,D20,D24,D25,D27
18:34:05.682     2725450  FFFFFFD7B3FFF  D16,D17,D20,D25,D27
18:34:05.682     2725529  FFFFFFD793FFF  D16,D17,D19,D20,D25,D27
18:34:05.682     2725531  FFFFFFD7D3FFF  D16,D17,D19,D25,D27
18:34:08.951     2728781  FFFFFFD7D7FFF  D17,D19,D25,D27
--- FW IODebug 1.2.2 2026-08-31 LIFT=3 18:34:10 ---
18:34:20.139     2739871  FFFFFFD7D3FFF  D16,D17,D19,D25,D27
18:34:23.971     2743683  FFFFFFD3D3FFF  D16,D17,D19,D24,D25,D27
18:34:25.759     2745458  FFFFFFC3D3FFF  D16,D17,D19,D24,D25,D26,D27
18:34:25.759     2745460  FFFFFFCFD3FFF  D16,D17,D19,D26,D27
18:34:26.965     2746649  FFFFFFCBD3FFF  D16,D17,D19,D24,D26,D27
18:34:27.962     2747642  FFFFFFC3D3FFF  D16,D17,D19,D24,D25,D26,D27
18:34:27.962     2747643  FFFFFFC7D3FFF  D16,D17,D19,D25,D26,D27
18:34:29.476     2749151  FFFFFFC3D3FFF  D16,D17,D19,D24,D25,D26,D27
18:34:32.448     2752096  FFFFFFC3D7FFF  D17,D19,D24,D25,D26,D27
--- FW IODebug 1.2.2 2026-08-31 LIFT=3 18:34:40 ---
18:34:41.203     2760784  FFFFFFC3F7FFF  D17,D24,D25,D26,D27
18:34:43.113     2762688  FFFFFFC3D7FFF  D17,D19,D24,D25,D26,D27
18:34:44.135     2763692  FFFFFFC3D3FFF  D16,D17,D19,D24,D25,D26,D27
18:34:47.409     2766937  FFFFFF83D3FFF  D16,D17,D19,D24,D25,D26,D27,D28
18:34:47.409     2766939  FFFFFFAFD3FFF  D16,D17,D19,D26,D28
18:34:47.409     2766941  FFFFFFBFD3FFF  D16,D17,D19,D28
18:34:48.936     2768456  FFFFFFBBD3FFF  D16,D17,D19,D24,D28
18:34:49.925     2769437  FFFFFFB3D3FFF  D16,D17,D19,D24,D25,D28
18:34:49.925     2769439  FFFFFFB7D3FFF  D16,D17,D19,D25,D28
18:34:50.852     2770362  FFFFFFB3D3FFF  D16,D17,D19,D24,D25,D28
18:34:51.763     2771264  FFFFFFA3D3FFF  D16,D17,D19,D24,D25,D26,D28
18:34:51.763     2771266  FFFFFFAFD3FFF  D16,D17,D19,D26,D28
18:34:52.690     2772177  FFFFFFABD3FFF  D16,D17,D19,D24,D26,D28
18:34:54.049     2773537  FFFFFFA3D3FFF  D16,D17,D19,D24,D25,D26,D28
18:34:54.049     2773539  FFFFFFA7D3FFF  D16,D17,D19,D25,D26,D28
18:34:55.517     2774996  FFFFFFA3D3FFF  D16,D17,D19,D24,D25,D26,D28
18:34:57.059     2776505  FFFFFF83D3FFF  D16,D17,D19,D24,D25,D26,D27,D28
18:34:57.059     2776507  FFFFFF8FD3FFF  D16,D17,D19,D26,D27,D28
18:34:57.059     2776509  FFFFFF9FD3FFF  D16,D17,D19,D27,D28
18:35:00.077     2779440  FFFFFF9FD7FFF  D17,D19,D27,D28
18:35:00.077     2779524  FFFFFF9FF7FFF  D17,D27,D28
--- FW IODebug 1.2.2 2026-08-31 LIFT=3 18:35:10 ---
18:35:13.666     2793020  FFFFFF9FD7FFF  D17,D19,D27,D28
18:35:14.680     2794013  FFFFFF9FD3FFF  D16,D17,D19,D27,D28
18:35:17.956     2797268  FFFFFF9BD3FFF  D16,D17,D19,D24,D27,D28
18:35:19.444     2798737  FFFFFF93D3FFF  D16,D17,D19,D24,D25,D27,D28
18:35:19.444     2798739  FFFFFF97D3FFF  D16,D17,D19,D25,D27,D28
18:35:20.481     2799769  FFFFFF93D3FFF  D16,D17,D19,D24,D25,D27,D28
18:35:21.405     2800683  FFFFFF83D3FFF  D16,D17,D19,D24,D25,D26,D27,D28
18:35:21.405     2800685  FFFFFF8FD3FFF  D16,D17,D19,D26,D27,D28
18:35:22.324     2801596  FFFFFF8BD3FFF  D16,D17,D19,D24,D26,D27,D28
18:35:23.241     2802508  FFFFFF83D3FFF  D16,D17,D19,D24,D25,D26,D27,D28
18:35:23.241     2802510  FFFFFF87D3FFF  D16,D17,D19,D25,D26,D27,D28
18:35:24.161     2803422  FFFFFF83D3FFF  D16,D17,D19,D24,D25,D26,D27,D28
18:35:25.087     2804344  FFFFFF43D3FFF  D16,D17,D19,D24,D25,D26,D27,D29
18:35:25.087     2804346  FFFFFF67D3FFF  D16,D17,D19,D25,D26,D29
18:35:25.087     2804348  FFFFFF7FD3FFF  D16,D17,D19,D29
18:35:25.952     2805209  FFFFFF7BD3FFF  D16,D17,D19,D24,D29
18:35:27.029     2806251  FFFFFF73D3FFF  D16,D17,D19,D24,D25,D29
18:35:27.029     2806252  FFFFFF77D3FFF  D16,D17,D19,D25,D29
18:35:28.486     2807710  FFFFFF73D3FFF  D16,D17,D19,D24,D25,D29
18:35:31.600     2810644  FFFFFF73D7FFF  D17,D19,D24,D25,D29
18:35:31.600     2810808  FFFFFF73F7FFF  D17,D24,D25,D29
--- FW IODebug 1.2.2 2026-08-31 LIFT=3 18:35:40 ---
--- FW IODebug 1.2.2 2026-08-31 LIFT=3 18:36:11 ---
18:36:32.034     2870808  FFFFFF73F7FFF  D17,D24,D25,D29
--- FW IODebug 1.2.2 2026-08-31 LIFT=3 18:36:41 ---
--- FW IODebug 1.2.2 2026-08-31 LIFT=3 18:37:11 ---
18:37:32.502     2930808  FFFFFF73F7FFF  D17,D24,D25,D29
--- FW IODebug 1.2.2 2026-08-31 LIFT=3 18:37:41 ---
--- FW IODebug 1.2.2 2026-08-31 LIFT=3 18:38:11 ---
18:38:32.273     2990143  FFFFFF73FFFFF  D24,D25,D29
18:38:32.954     2990811  FFFFFF73F7FFF  D17,D24,D25,D29
--- FW IODebug 1.2.2 2026-08-31 LIFT=3 18:38:42 ---
--- FW IODebug 1.2.2 2026-08-31 LIFT=3 18:39:12 ---
18:39:33.386     3050811  FFFFFF73F7FFF  D17,D24,D25,D29
--- FW IODebug 1.2.2 2026-08-31 LIFT=3 18:39:42 ---
--- FW IODebug 1.2.2 2026-08-31 LIFT=3 18:40:12 ---
18:40:33.833     3110811  FFFFFF73F7FFF  D17,D24,D25,D29
--- FW IODebug 1.2.2 2026-08-31 LIFT=3 18:40:43 ---
--- FW IODebug 1.2.2 2026-08-31 LIFT=3 18:41:13 ---
18:41:34.302     3170811  FFFFFF73F7FFF  D17,D24,D25,D29
--- FW IODebug 1.2.2 2026-08-31 LIFT=3 18:41:43 ---
--- FW IODebug 1.2.2 2026-08-31 LIFT=3 18:42:13 ---
18:42:34.732     3230811  FFFFFF73F7FFF  D17,D24,D25,D29
--- FW IODebug 1.2.2 2026-08-31 LIFT=3 18:42:43 ---
--- FW IODebug 1.2.2 2026-08-31 LIFT=3 18:43:14 ---
18:43:35.201     3290811  FFFFFF73F7FFF  D17,D24,D25,D29
--- FW IODebug 1.2.2 2026-08-31 LIFT=3 18:43:44 ---
--- FW IODebug 1.2.2 2026-08-31 LIFT=3 18:44:14 ---
18:44:35.646     3350811  FFFFFF73F7FFF  D17,D24,D25,D29
--- FW IODebug 1.2.2 2026-08-31 LIFT=3 18:44:44 ---
--- FW IODebug 1.2.2 2026-08-31 LIFT=3 18:45:15 ---
18:45:25.977     3400765  FFFFFF73D7FFF  D17,D19,D24,D25,D29
18:45:27.379     3402164  FFFFFF73D3FFF  D16,D17,D19,D24,D25,D29
18:45:30.707     3405449  FFFFFF63D3FFF  D16,D17,D19,D24,D25,D26,D29
18:45:30.707     3405451  FFFFFF6FD3FFF  D16,D17,D19,D26,D29
18:45:32.166     3406918  FFFFFF6BD3FFF  D16,D17,D19,D24,D26,D29
18:45:33.228     3407961  FFFFFF63D3FFF  D16,D17,D19,D24,D25,D26,D29
18:45:33.228     3407962  FFFFFF67D3FFF  D16,D17,D19,D25,D26,D29
18:45:34.116     3408865  FFFFFF63D3FFF  D16,D17,D19,D24,D25,D26,D29
18:45:35.106     3409816  FFFFFF43D3FFF  D16,D17,D19,D24,D25,D26,D27,D29
18:45:35.106     3409818  FFFFFF4FD3FFF  D16,D17,D19,D26,D27,D29
18:45:35.106     3409820  FFFFFF5FD3FFF  D16,D17,D19,D27,D29
18:45:36.043     3410769  FFFFFF5BD3FFF  D16,D17,D19,D24,D27,D29
18:45:37.006     3411722  FFFFFF53D3FFF  D16,D17,D19,D24,D25,D27,D29
18:45:37.006     3411724  FFFFFF57D3FFF  D16,D17,D19,D25,D27,D29
18:45:37.965     3412675  FFFFFF53D3FFF  D16,D17,D19,D24,D25,D27,D29
18:45:38.890     3413598  FFFFFF43D3FFF  D16,D17,D19,D24,D25,D26,D27,D29
18:45:38.890     3413600  FFFFFF4FD3FFF  D16,D17,D19,D26,D27,D29
18:45:39.974     3414661  FFFFFF4BD3FFF  D16,D17,D19,D24,D26,D27,D29
18:45:41.964     3416328  FFFFFF43D3FFF  D16,D17,D19,D24,D25,D26,D27,D29
18:45:41.965     3416330  FFFFFF47D3FFF  D16,D17,D19,D25,D26,D27,D29
18:45:41.965     3416486  FFFFFF4793FFF  D16,D17,D19,D20,D25,D26,D27,D29
18:45:41.965     3416646  FFFFFF47B3FFF  D16,D17,D20,D25,D26,D27,D29
18:45:45.334     3419779  FFFFFF47B7FFF  D17,D20,D25,D26,D27,D29
--- FW IODebug 1.2.2 2026-08-31 LIFT=3 18:45:45 ---
18:46:03.249     3437768  FFFFFF47F7FFF  D17,D25,D26,D27,D29
--- FW IODebug 1.2.2 2026-08-31 LIFT=3 18:46:15 ---
18:46:18.115     3452535  FFFFFF47B7FFF  D17,D20,D25,D26,D27,D29
18:46:19.098     3453488  FFFFFF47B3FFF  D16,D17,D20,D25,D26,D27,D29
18:46:22.946     3457310  FFFFFF43B3FFF  D16,D17,D20,D24,D25,D26,D27,D29
18:46:22.946     3457311  FFFFFF4BB3FFF  D16,D17,D20,D24,D26,D27,D29
18:46:24.572     3458938  FFFFFF4FB3FFF  D16,D17,D20,D26,D27,D29
18:46:25.651     3459998  FFFFFF47B3FFF  D16,D17,D20,D25,D26,D27,D29
18:46:25.651     3460000  FFFFFF43B3FFF  D16,D17,D20,D24,D25,D26,D27,D29
18:46:25.651     3460002  FFFFFF53B3FFF  D16,D17,D20,D24,D25,D27,D29
18:46:26.613     3460953  FFFFFF57B3FFF  D16,D17,D20,D25,D27,D29
18:46:27.581     3461904  FFFFFF53B3FFF  D16,D17,D20,D24,D25,D27,D29
18:46:27.581     3461906  FFFFFF5BB3FFF  D16,D17,D20,D24,D27,D29
18:46:28.489     3462829  FFFFFF5FB3FFF  D16,D17,D20,D27,D29
18:46:29.447     3463770  FFFFFF47B3FFF  D16,D17,D20,D25,D26,D27,D29
18:46:29.447     3463772  FFFFFF63B3FFF  D16,D17,D20,D24,D25,D26,D29
18:46:30.413     3464724  FFFFFF67B3FFF  D16,D17,D20,D25,D26,D29
18:46:31.333     3465636  FFFFFF63B3FFF  D16,D17,D20,D24,D25,D26,D29
18:46:31.333     3465638  FFFFFF6BB3FFF  D16,D17,D20,D24,D26,D29
18:46:32.266     3466561  FFFFFF6FB3FFF  D16,D17,D20,D26,D29
18:46:33.176     3467462  FFFFFF67B3FFF  D16,D17,D20,D25,D26,D29
18:46:33.177     3467464  FFFFFF63B3FFF  D16,D17,D20,D24,D25,D26,D29
18:46:33.177     3467465  FFFFFF73B3FFF  D16,D17,D20,D24,D25,D29
18:46:34.097     3468387  FFFFFF77B3FFF  D16,D17,D20,D25,D29
18:46:35.146     3469418  FFFFFF73B3FFF  D16,D17,D20,D24,D25,D29
18:46:35.146     3469420  FFFFFF7BB3FFF  D16,D17,D20,D24,D29
18:46:36.605     3470878  FFFFFF7FB3FFF  D16,D17,D20,D29
18:46:39.573     3473702  FFFFFF7FB7FFF  D17,D20,D29
18:46:39.573     3473818  FFFFFF7FF7FFF  D17,D29
--- FW IODebug 1.2.2 2026-08-31 LIFT=3 18:46:45 ---
--- FW IODebug 1.2.2 2026-08-31 LIFT=3 18:47:16 ---
18:47:40.012     3533818  FFFFFF7FF7FFF  D17,D29
--- FW IODebug 1.2.2 2026-08-31 LIFT=3 18:47:46 ---
--- FW IODebug 1.2.2 2026-08-31 LIFT=3 18:48:16 ---
18:48:40.454     3593818  FFFFFF7FF7FFF  D17,D29
--- FW IODebug 1.2.2 2026-08-31 LIFT=3 18:48:46 ---
18:49:03.812     3617000  FFFFFF7FE7FFF  D17,D18,D29
18:49:03.812     3617002  FFFFFF7FF7FFF  D17,D29
--- FW IODebug 1.2.2 2026-08-31 LIFT=3 18:49:16 ---
18:49:40.240     3653142  FFFFFF7FFFFFF  D29
18:49:40.909     3653819  FFFFFF7FF7FFF  D17,D29
--- FW IODebug 1.2.2 2026-08-31 LIFT=3 18:49:47 ---
--- FW IODebug 1.2.2 2026-08-31 LIFT=3 18:50:17 ---
18:50:41.376     3713819  FFFFFF7FF7FFF  D17,D29
--- FW IODebug 1.2.2 2026-08-31 LIFT=3 18:50:47 ---
--- FW IODebug 1.2.2 2026-08-31 LIFT=3 18:51:17 ---
18:51:41.813     3773819  FFFFFF7FF7FFF  D17,D29
--- FW IODebug 1.2.2 2026-08-31 LIFT=3 18:51:48 ---
--- FW IODebug 1.2.2 2026-08-31 LIFT=3 18:52:18 ---
18:52:38.589     3830172  FFFFFF7FD7FFF  D17,D19,D29
18:52:39.967     3831522  FFFFFF7FD3FFF  D16,D17,D19,D29
18:52:43.302     3834856  FFFFFF7BD3FFF  D16,D17,D19,D24,D29
18:52:45.469     3836763  FFFFFF73D3FFF  D16,D17,D19,D24,D25,D29
18:52:45.469     3836764  FFFFFF77D3FFF  D16,D17,D19,D25,D29
18:52:45.469     3836843  FFFFFF7793FFF  D16,D17,D19,D20,D25,D29
18:52:45.469     3837002  FFFFFF77B3FFF  D16,D17,D20,D25,D29
18:52:48.493     3839657  FFFFFF77B7FFF  D17,D20,D25,D29
--- FW IODebug 1.2.2 2026-08-31 LIFT=3 18:52:48 ---
18:52:58.837     3850261  FFFFFF77B3FFF  D16,D17,D20,D25,D29
18:53:02.180     3853596  FFFFFF73B3FFF  D16,D17,D20,D24,D25,D29
18:53:02.181     3853598  FFFFFF7BB3FFF  D16,D17,D20,D24,D29
18:53:03.679     3855067  FFFFFF7FB3FFF  D16,D17,D20,D29
18:53:04.723     3856097  FFFFFF67B3FFF  D16,D17,D20,D25,D26,D29
18:53:04.723     3856099  FFFFFF83B3FFF  D16,D17,D20,D24,D25,D26,D27,D28
18:53:05.631     3857011  FFFFFF87B3FFF  D16,D17,D20,D25,D26,D27,D28
18:53:06.518     3857884  FFFFFF83B3FFF  D16,D17,D20,D24,D25,D26,D27,D28
18:53:06.518     3857886  FFFFFF8BB3FFF  D16,D17,D20,D24,D26,D27,D28
18:53:07.440     3858798  FFFFFF8FB3FFF  D16,D17,D20,D26,D27,D28
18:53:08.354     3859710  FFFFFF83B3FFF  D16,D17,D20,D24,D25,D26,D27,D28
18:53:08.354     3859714  FFFFFF93B3FFF  D16,D17,D20,D24,D25,D27,D28
18:53:09.263     3860625  FFFFFF97B3FFF  D16,D17,D20,D25,D27,D28
18:53:10.189     3861536  FFFFFF93B3FFF  D16,D17,D20,D24,D25,D27,D28
18:53:10.189     3861538  FFFFFF9BB3FFF  D16,D17,D20,D24,D27,D28
18:53:11.109     3862451  FFFFFF9FB3FFF  D16,D17,D20,D27,D28
18:53:12.026     3863362  FFFFFF87B3FFF  D16,D17,D20,D25,D26,D27,D28
18:53:12.026     3863364  FFFFFFA3B3FFF  D16,D17,D20,D24,D25,D26,D28
18:53:12.907     3864237  FFFFFFA7B3FFF  D16,D17,D20,D25,D26,D28
18:53:14.303     3865625  FFFFFFA3B3FFF  D16,D17,D20,D24,D25,D26,D28
18:53:14.303     3865628  FFFFFFABB3FFF  D16,D17,D20,D24,D26,D28
18:53:15.669     3866977  FFFFFFAFB3FFF  D16,D17,D20,D26,D28
18:53:16.602     3867888  FFFFFFA3B3FFF  D16,D17,D20,D24,D25,D26,D28
18:53:16.602     3867891  FFFFFFB3B3FFF  D16,D17,D20,D24,D25,D28
18:53:17.509     3868813  FFFFFFB7B3FFF  D16,D17,D20,D25,D28
18:53:18.711     3869675  FFFFFFB3B3FFF  D16,D17,D20,D24,D25,D28
18:53:18.711     3869677  FFFFFFBBB3FFF  D16,D17,D20,D24,D28
--- FW IODebug 1.2.2 2026-08-31 LIFT=3 18:53:18 ---
18:53:19.313     3870589  FFFFFFBFB3FFF  D16,D17,D20,D28
18:53:20.253     3871511  FFFFFFC3B3FFF  D16,D17,D20,D24,D25,D26,D27
18:53:21.146     3872425  FFFFFFC7B3FFF  D16,D17,D20,D25,D26,D27
18:53:22.085     3873328  FFFFFFC3B3FFF  D16,D17,D20,D24,D25,D26,D27
18:53:22.085     3873330  FFFFFFCBB3FFF  D16,D17,D20,D24,D26,D27
18:53:23.016     3874242  FFFFFFCFB3FFF  D16,D17,D20,D26,D27
18:53:24.119     3875352  FFFFFFC3B3FFF  D16,D17,D20,D24,D25,D26,D27
18:53:24.119     3875355  FFFFFFD3B3FFF  D16,D17,D20,D24,D25,D27
18:53:25.513     3876754  FFFFFFD7B3FFF  D16,D17,D20,D25,D27
18:53:26.989     3878211  FFFFFFD3B3FFF  D16,D17,D20,D24,D25,D27
18:53:26.989     3878213  FFFFFFDBB3FFF  D16,D17,D20,D24,D27
18:53:28.444     3879641  FFFFFFDFB3FFF  D16,D17,D20,D27
18:53:29.625     3880830  FFFFFFC3B3FFF  D16,D17,D20,D24,D25,D26,D27
18:53:29.625     3880833  FFFFFFE3B3FFF  D16,D17,D20,D24,D25,D26
18:53:30.681     3881865  FFFFFFE7B3FFF  D16,D17,D20,D25,D26
18:53:31.660     3882856  FFFFFFE3B3FFF  D16,D17,D20,D24,D25,D26
18:53:31.660     3882858  FFFFFFEBB3FFF  D16,D17,D20,D24,D26
18:53:32.967     3884138  FFFFFFEFB3FFF  D16,D17,D20,D26
18:53:34.448     3885605  FFFFFFE3B3FFF  D16,D17,D20,D24,D25,D26
18:53:34.448     3885608  FFFFFFF3B3FFF  D16,D17,D20,D24,D25
18:53:36.364     3887393  FFFFFFF7B3FFF  D16,D17,D20,D25
18:53:36.364     3887512  FFFFFFF793FFF  D16,D17,D19,D20,D25
18:53:36.364     3887514  FFFFFFF7D3FFF  D16,D17,D19,D25
18:53:39.822     3890952  FFFFFFF7D7FFF  D17,D19,D25
18:53:48.933     3899741  FFFFFFF7F7FFF  D17,D25
--- FW IODebug 1.2.2 2026-08-31 LIFT=3 18:53:48 ---
--- FW IODebug 1.2.2 2026-08-31 LIFT=3 18:54:19 ---
18:54:49.390     3959741  FFFFFFF7F7FFF  D17,D25
--- FW IODebug 1.2.2 2026-08-31 LIFT=3 18:54:49 ---
--- FW IODebug 1.2.2 2026-08-31 LIFT=3 18:55:19 ---
18:55:40.830     4011061  FFFFFFF7D7FFF  D17,D19,D25
18:55:41.788     4012014  FFFFFFF7D3FFF  D16,D17,D19,D25
18:55:45.867     4016053  FFFFFFF3D3FFF  D16,D17,D19,D24,D25
18:55:47.653     4017839  FFFFFFE3D3FFF  D16,D17,D19,D24,D25,D26
18:55:47.653     4017841  FFFFFFEFD3FFF  D16,D17,D19,D26
18:55:49.091     4019268  FFFFFFEBD3FFF  D16,D17,D19,D24,D26
--- FW IODebug 1.2.2 2026-08-31 LIFT=3 18:55:49 ---
18:55:50.439     4020589  FFFFFFE3D3FFF  D16,D17,D19,D24,D25,D26
18:55:50.439     4020591  FFFFFFE7D3FFF  D16,D17,D19,D25,D26
18:55:51.430     4021581  FFFFFFE3D3FFF  D16,D17,D19,D24,D25,D26
18:55:52.469     4022603  FFFFFFC3D3FFF  D16,D17,D19,D24,D25,D26,D27
18:55:52.469     4022605  FFFFFFCFD3FFF  D16,D17,D19,D26,D27
18:55:52.469     4022607  FFFFFFDFD3FFF  D16,D17,D19,D27
18:55:53.660     4023804  FFFFFFDBD3FFF  D16,D17,D19,D24,D27
18:55:55.493     4025621  FFFFFFD3D3FFF  D16,D17,D19,D24,D25,D27
18:55:55.494     4025622  FFFFFFD7D3FFF  D16,D17,D19,D25,D27
18:55:59.074     4029162  FFFFFFD7D7FFF  D17,D19,D25,D27
18:56:09.809     4039804  FFFFFFD7D3FFF  D16,D17,D19,D25,D27
18:56:13.623     4043616  FFFFFFD3D3FFF  D16,D17,D19,D24,D25,D27
18:56:15.471     4045431  FFFFFFC3D3FFF  D16,D17,D19,D24,D25,D26,D27
18:56:15.471     4045433  FFFFFFCFD3FFF  D16,D17,D19,D26,D27
18:56:16.622     4046594  FFFFFFCBD3FFF  D16,D17,D19,D24,D26,D27
18:56:17.531     4047496  FFFFFFC3D3FFF  D16,D17,D19,D24,D25,D26,D27
18:56:17.531     4047498  FFFFFFC7D3FFF  D16,D17,D19,D25,D26,D27
18:56:18.533     4048489  FFFFFFC3D3FFF  D16,D17,D19,D24,D25,D26,D27
--- FW IODebug 1.2.2 2026-08-31 LIFT=3 18:56:20 ---
18:56:20.064     4050007  FFFFFF83D3FFF  D16,D17,D19,D24,D25,D26,D27,D28
18:56:20.064     4050009  FFFFFFAFD3FFF  D16,D17,D19,D26,D28
18:56:20.064     4050011  FFFFFFBFD3FFF  D16,D17,D19,D28
18:56:22.975     4052892  FFFFFFBFD7FFF  D17,D19,D28
18:56:31.718     4061561  FFFFFFBFF7FFF  D17,D28
18:56:32.978     4062831  FFFFFFBFD7FFF  D17,D19,D28
18:56:33.947     4063773  FFFFFFBFD3FFF  D16,D17,D19,D28
18:56:37.264     4067079  FFFFFFBBD3FFF  D16,D17,D19,D24,D28
18:56:38.763     4068548  FFFFFFB3D3FFF  D16,D17,D19,D24,D25,D28
18:56:38.764     4068550  FFFFFFB7D3FFF  D16,D17,D19,D25,D28
18:56:39.785     4069570  FFFFFFB3D3FFF  D16,D17,D19,D24,D25,D28
18:56:40.722     4070493  FFFFFFA3D3FFF  D16,D17,D19,D24,D25,D26,D28
18:56:40.722     4070495  FFFFFFAFD3FFF  D16,D17,D19,D26,D28
18:56:41.628     4071406  FFFFFFABD3FFF  D16,D17,D19,D24,D26,D28
18:56:42.981     4072745  FFFFFFA3D3FFF  D16,D17,D19,D24,D25,D26,D28
18:56:42.981     4072748  FFFFFFA7D3FFF  D16,D17,D19,D25,D26,D28
18:56:44.455     4074214  FFFFFFA3D3FFF  D16,D17,D19,D24,D25,D26,D28
18:56:45.989     4075734  FFFFFF83D3FFF  D16,D17,D19,D24,D25,D26,D27,D28
18:56:45.989     4075736  FFFFFF8FD3FFF  D16,D17,D19,D26,D27,D28
18:56:45.989     4075738  FFFFFF9FD3FFF  D16,D17,D19,D27,D28
18:56:48.977     4078618  FFFFFF9FD7FFF  D17,D19,D27,D28
18:56:48.977     4078711  FFFFFF9F97FFF  D17,D19,D20,D27,D28
18:56:48.977     4078713  FFFFFF9FB7FFF  D17,D20,D27,D28
--- FW IODebug 1.2.2 2026-08-31 LIFT=3 18:56:50 ---
18:56:52.986     4082683  FFFFFF9FF7FFF  D17,D27,D28
18:56:57.941     4087604  FFFFFF9FB7FFF  D17,D20,D27,D28
18:56:58.883     4088548  FFFFFF9FB3FFF  D16,D17,D20,D27,D28
18:57:02.218     4091841  FFFFFF83B3FFF  D16,D17,D20,D24,D25,D26,D27,D28
18:57:02.218     4091843  FFFFFFA3B3FFF  D16,D17,D20,D24,D25,D26,D28
18:57:03.720     4093323  FFFFFFA7B3FFF  D16,D17,D20,D25,D26,D28
18:57:05.190     4094780  FFFFFFA3B3FFF  D16,D17,D20,D24,D25,D26,D28
18:57:05.191     4094782  FFFFFFABB3FFF  D16,D17,D20,D24,D26,D28
18:57:06.539     4096141  FFFFFFAFB3FFF  D16,D17,D20,D26,D28
18:57:07.467     4097042  FFFFFFA7B3FFF  D16,D17,D20,D25,D26,D28
18:57:07.467     4097044  FFFFFFA3B3FFF  D16,D17,D20,D24,D25,D26,D28
18:57:07.467     4097046  FFFFFFB3B3FFF  D16,D17,D20,D24,D25,D28
18:57:08.394     4097968  FFFFFFB7B3FFF  D16,D17,D20,D25,D28
18:57:09.332     4098879  FFFFFFB3B3FFF  D16,D17,D20,D24,D25,D28
18:57:09.332     4098881  FFFFFFBBB3FFF  D16,D17,D20,D24,D28
18:57:10.235     4099783  FFFFFFBFB3FFF  D16,D17,D20,D28
18:57:11.138     4100695  FFFFFFD7B3FFF  D16,D17,D20,D25,D27
18:57:11.138     4100697  FFFFFFC3B3FFF  D16,D17,D20,D24,D25,D26,D27
18:57:12.025     4101579  FFFFFFC7B3FFF  D16,D17,D20,D25,D26,D27
18:57:12.979     4102532  FFFFFFC3B3FFF  D16,D17,D20,D24,D25,D26,D27
18:57:12.979     4102534  FFFFFFCBB3FFF  D16,D17,D20,D24,D26,D27
18:57:13.861     4103396  FFFFFFCFB3FFF  D16,D17,D20,D26,D27
18:57:14.973     4104506  FFFFFFC3B3FFF  D16,D17,D20,D24,D25,D26,D27
18:57:14.973     4104509  FFFFFFD3B3FFF  D16,D17,D20,D24,D25,D27
18:57:16.412     4105936  FFFFFFD7B3FFF  D16,D17,D20,D25,D27
18:57:17.856     4107365  FFFFFFD3B3FFF  D16,D17,D20,D24,D25,D27
18:57:17.856     4107367  FFFFFFDBB3FFF  D16,D17,D20,D24,D27
18:57:19.346     4108835  FFFFFFDFB3FFF  D16,D17,D20,D27
--- FW IODebug 1.2.2 2026-08-31 LIFT=3 18:57:20 ---
18:57:20.535     4110024  FFFFFFC7B3FFF  D16,D17,D20,D25,D26,D27
18:57:20.535     4110026  FFFFFFE3B3FFF  D16,D17,D20,D24,D25,D26
18:57:21.541     4111019  FFFFFFE7B3FFF  D16,D17,D20,D25,D26
18:57:22.576     4112050  FFFFFFE3B3FFF  D16,D17,D20,D24,D25,D26
18:57:22.576     4112052  FFFFFFEBB3FFF  D16,D17,D20,D24,D26
18:57:23.863     4113321  FFFFFFEFB3FFF  D16,D17,D20,D26
18:57:25.299     4114749  FFFFFFEBB3FFF  D16,D17,D20,D24,D26
18:57:25.299     4114751  FFFFFFE3B3FFF  D16,D17,D20,D24,D25,D26
18:57:25.299     4114753  FFFFFFF3B3FFF  D16,D17,D20,D24,D25
18:57:27.215     4116537  FFFFFFF7B3FFF  D16,D17,D20,D25
18:57:27.215     4116655  FFFFFFF793FFF  D16,D17,D19,D20,D25
18:57:27.215     4116657  FFFFFFF7D3FFF  D16,D17,D19,D25
18:57:30.901     4120145  FFFFFFF7D7FFF  D17,D19,D25
18:57:30.901     4120308  FFFFFFF7F7FFF  D17,D25
--- FW IODebug 1.2.2 2026-08-31 LIFT=3 18:57:50 ---
18:58:02.519     4151688  FFFFFFF7D7FFF  D17,D19,D25
18:58:02.519     4151690  FFFFFFF7F7FFF  D17,D25
--- FW IODebug 1.2.2 2026-08-31 LIFT=3 18:58:20 ---
--- FW IODebug 1.2.2 2026-08-31 LIFT=3 18:58:51 ---
18:59:02.963     4211690  FFFFFFF7F7FFF  D17,D25
--- FW IODebug 1.2.2 2026-08-31 LIFT=3 18:59:21 ---
--- FW IODebug 1.2.2 2026-08-31 LIFT=3 18:59:51 ---
19:00:03.410     4271690  FFFFFFF7F7FFF  D17,D25
--- FW IODebug 1.2.2 2026-08-31 LIFT=3 19:00:21 ---
19:00:31.562     4299632  FFFFFFF7FFFFF  D25
19:00:32.233     4300310  FFFFFFF7F7FFF  D17,D25
--- FW IODebug 1.2.2 2026-08-31 LIFT=3 19:00:52 ---
--- FW IODebug 1.2.2 2026-08-31 LIFT=3 19:01:22 ---
19:01:32.695     4360310  FFFFFFF7F7FFF  D17,D25
--- FW IODebug 1.2.2 2026-08-31 LIFT=3 19:01:52 ---
--- FW IODebug 1.2.2 2026-08-31 LIFT=3 19:02:22 ---
19:02:33.141     4420310  FFFFFFF7F7FFF  D17,D25
--- FW IODebug 1.2.2 2026-08-31 LIFT=3 19:02:52 ---
--- FW IODebug 1.2.2 2026-08-31 LIFT=3 19:03:23 ---
19:03:33.595     4480310  FFFFFFF7F7FFF  D17,D25
--- FW IODebug 1.2.2 2026-08-31 LIFT=3 19:03:53 ---
19:03:55.193     4501762  FFFFFFF7D7FFF  D17,D19,D25
19:04:07.838     4514298  FFFFFFF7F7FFF  D17,D25
19:04:20.019     4526376  FFFFFFF7D7FFF  D17,D19,D25
19:04:21.065     4527438  FFFFFFF7D3FFF  D16,D17,D19,D25
--- FW IODebug 1.2.2 2026-08-31 LIFT=3 19:04:23 ---
19:04:25.181     4531497  FFFFFFF3D3FFF  D16,D17,D19,D24,D25
19:04:26.959     4533274  FFFFFFE3D3FFF  D16,D17,D19,D24,D25,D26
19:04:26.959     4533275  FFFFFFEFD3FFF  D16,D17,D19,D26
19:04:28.411     4534703  FFFFFFEBD3FFF  D16,D17,D19,D24,D26
19:04:29.710     4536014  FFFFFFE3D3FFF  D16,D17,D19,D24,D25,D26
19:04:29.711     4536015  FFFFFFE7D3FFF  D16,D17,D19,D25,D26
19:04:30.721     4537016  FFFFFFE3D3FFF  D16,D17,D19,D24,D25,D26
19:04:31.761     4538039  FFFFFFC3D3FFF  D16,D17,D19,D24,D25,D26,D27
19:04:31.761     4538040  FFFFFFCFD3FFF  D16,D17,D19,D26,D27
19:04:31.761     4538042  FFFFFFDFD3FFF  D16,D17,D19,D27
19:04:32.972     4539240  FFFFFFDBD3FFF  D16,D17,D19,D24,D27
19:04:34.399     4540668  FFFFFFD3D3FFF  D16,D17,D19,D24,D25,D27
19:04:34.400     4540670  FFFFFFD7D3FFF  D16,D17,D19,D25,D27
19:04:35.894     4542138  FFFFFFD3D3FFF  D16,D17,D19,D24,D25,D27
19:04:37.287     4543527  FFFFFFC3D3FFF  D16,D17,D19,D24,D25,D26,D27
19:04:37.287     4543528  FFFFFFCFD3FFF  D16,D17,D19,D26,D27
19:04:38.422     4544640  FFFFFFCBD3FFF  D16,D17,D19,D24,D26,D27
19:04:39.329     4545542  FFFFFFC3D3FFF  D16,D17,D19,D24,D25,D26,D27
19:04:39.329     4545544  FFFFFFC7D3FFF  D16,D17,D19,D25,D26,D27
19:04:40.355     4546574  FFFFFFC3D3FFF  D16,D17,D19,D24,D25,D26,D27
19:04:41.849     4548043  FFFFFF83D3FFF  D16,D17,D19,D24,D25,D26,D27,D28
19:04:41.850     4548044  FFFFFFAFD3FFF  D16,D17,D19,D26,D28
19:04:41.850     4548046  FFFFFFBFD3FFF  D16,D17,D19,D28
19:04:44.800     4550988  FFFFFFBFD7FFF  D17,D19,D28
19:04:53.872     4559726  FFFFFFBFF7FFF  D17,D28
--- FW IODebug 1.2.2 2026-08-31 LIFT=3 19:04:53 ---
19:04:57.914     4564013  FFFFFFBFD7FFF  D17,D19,D28
19:04:58.891     4564966  FFFFFFBFD3FFF  D16,D17,D19,D28
19:05:02.255     4568300  FFFFFFBBD3FFF  D16,D17,D19,D24,D28
19:05:03.674     4569719  FFFFFFB3D3FFF  D16,D17,D19,D24,D25,D28
19:05:03.675     4569721  FFFFFFB7D3FFF  D16,D17,D19,D25,D28
19:05:04.699     4570752  FFFFFFB3D3FFF  D16,D17,D19,D24,D25,D28
19:05:05.650     4571674  FFFFFFA3D3FFF  D16,D17,D19,D24,D25,D26,D28
19:05:05.650     4571676  FFFFFFAFD3FFF  D16,D17,D19,D26,D28
19:05:06.561     4572589  FFFFFFABD3FFF  D16,D17,D19,D24,D26,D28
19:05:07.910     4573928  FFFFFFA3D3FFF  D16,D17,D19,D24,D25,D26,D28
19:05:07.910     4573929  FFFFFFA7D3FFF  D16,D17,D19,D25,D26,D28
19:05:09.389     4575396  FFFFFFA3D3FFF  D16,D17,D19,D24,D25,D26,D28
19:05:10.944     4576915  FFFFFF83D3FFF  D16,D17,D19,D24,D25,D26,D27,D28
19:05:10.944     4576917  FFFFFF8FD3FFF  D16,D17,D19,D26,D27,D28
19:05:10.944     4576919  FFFFFF9FD3FFF  D16,D17,D19,D27,D28
19:05:13.928     4579800  FFFFFF9FD7FFF  D17,D19,D27,D28
19:05:13.928     4579895  FFFFFF9FF7FFF  D17,D27,D28
--- FW IODebug 1.2.2 2026-08-31 LIFT=3 19:05:24 ---
--- FW IODebug 1.2.2 2026-08-31 LIFT=3 19:05:54 ---
19:06:04.591     4630177  FFFFFF9FE7FFF  D17,D18,D27,D28
19:06:04.591     4630179  FFFFFF9FF7FFF  D17,D27,D28
19:06:23.042     4648486  FFFFFF9FB7FFF  D17,D20,D27,D28
19:06:23.979     4649439  FFFFFF9FB3FFF  D16,D17,D20,D27,D28
--- FW IODebug 1.2.2 2026-08-31 LIFT=3 19:06:24 ---
19:06:27.325     4652733  FFFFFF8FB3FFF  D16,D17,D20,D26,D27,D28
19:06:27.325     4652735  FFFFFFA3B3FFF  D16,D17,D20,D24,D25,D26,D28
19:06:28.790     4654204  FFFFFFA7B3FFF  D16,D17,D20,D25,D26,D28
19:06:30.274     4655672  FFFFFFA3B3FFF  D16,D17,D20,D24,D25,D26,D28
19:06:30.274     4655674  FFFFFFABB3FFF  D16,D17,D20,D24,D26,D28
19:06:31.640     4657024  FFFFFFAFB3FFF  D16,D17,D20,D26,D28
19:06:32.544     4657934  FFFFFFA3B3FFF  D16,D17,D20,D24,D25,D26,D28
19:06:32.544     4657938  FFFFFFB3B3FFF  D16,D17,D20,D24,D25,D28
19:06:33.494     4658849  FFFFFFB7B3FFF  D16,D17,D20,D25,D28
19:06:34.401     4659761  FFFFFFB3B3FFF  D16,D17,D20,D24,D25,D28
19:06:34.401     4659763  FFFFFFBBB3FFF  D16,D17,D20,D24,D28
19:06:35.313     4660675  FFFFFFBFB3FFF  D16,D17,D20,D28
19:06:36.194     4661548  FFFFFFE7B3FFF  D16,D17,D20,D25,D26
19:06:36.194     4661549  FFFFFFC3B3FFF  D16,D17,D20,D24,D25,D26,D27
19:06:37.143     4662501  FFFFFFC7B3FFF  D16,D17,D20,D25,D26,D27
19:06:38.035     4663373  FFFFFFC3B3FFF  D16,D17,D20,D24,D25,D26,D27
19:06:38.035     4663375  FFFFFFCBB3FFF  D16,D17,D20,D24,D26,D27
19:06:38.958     4664288  FFFFFFCFB3FFF  D16,D17,D20,D26,D27
19:06:40.128     4665438  FFFFFFC7B3FFF  D16,D17,D20,D25,D26,D27
19:06:40.129     4665440  FFFFFFC3B3FFF  D16,D17,D20,D24,D25,D26,D27
19:06:40.129     4665441  FFFFFFD3B3FFF  D16,D17,D20,D24,D25,D27
19:06:41.513     4666829  FFFFFFD7B3FFF  D16,D17,D20,D25,D27
19:06:42.991     4668297  FFFFFFD3B3FFF  D16,D17,D20,D24,D25,D27
19:06:42.991     4668299  FFFFFFDBB3FFF  D16,D17,D20,D24,D27
19:06:44.432     4669727  FFFFFFDFB3FFF  D16,D17,D20,D27
19:06:45.631     4670916  FFFFFFCFB3FFF  D16,D17,D20,D26,D27
19:06:45.632     4670918  FFFFFFE3B3FFF  D16,D17,D20,D24,D25,D26
19:06:46.640     4671910  FFFFFFE7B3FFF  D16,D17,D20,D25,D26
19:06:47.667     4672942  FFFFFFE3B3FFF  D16,D17,D20,D24,D25,D26
19:06:47.667     4672944  FFFFFFEBB3FFF  D16,D17,D20,D24,D26
19:06:48.959     4674213  FFFFFFEFB3FFF  D16,D17,D20,D26
19:06:50.389     4675641  FFFFFFE3B3FFF  D16,D17,D20,D24,D25,D26
19:06:50.389     4675644  FFFFFFF3B3FFF  D16,D17,D20,D24,D25
19:06:52.303     4677429  FFFFFFF7B3FFF  D16,D17,D20,D25
19:06:52.303     4677548  FFFFFFF793FFF  D16,D17,D19,D20,D25
19:06:52.303     4677549  FFFFFFF7D3FFF  D16,D17,D19,D25
--- FW IODebug 1.2.2 2026-08-31 LIFT=3 19:06:54 ---
19:06:55.987     4681077  FFFFFFF7D7FFF  D17,D19,D25
19:06:55.987     4681201  FFFFFFF7F7FFF  D17,D25
--- FW IODebug 1.2.2 2026-08-31 LIFT=3 19:07:24 ---
--- FW IODebug 1.2.2 2026-08-31 LIFT=3 19:07:55 ---
19:07:56.425     4741201  FFFFFFF7F7FFF  D17,D25
--- FW IODebug 1.2.2 2026-08-31 LIFT=3 19:08:25 ---
19:08:47.438     4791819  FFFFFFF7D7FFF  D17,D19,D25
19:08:47.438     4791821  FFFFFFF7F7FFF  D17,D25
19:08:50.981     4795320  FFFFFFF7E7FFF  D17,D18,D25
19:08:50.981     4795321  FFFFFFF7F7FFF  D17,D25
19:08:51.954     4796292  FFFFFFF7E7FFF  D17,D18,D25
19:08:51.954     4796294  FFFFFFF7F7FFF  D17,D25
--- FW IODebug 1.2.2 2026-08-31 LIFT=3 19:08:55 ---
19:08:59.677     4803964  FFFFFFF7E7FFF  D17,D18,D25
19:08:59.677     4803966  FFFFFFF7F7FFF  D17,D25
19:09:05.187     4809444  FFFFFFF7E7FFF  D17,D18,D25
19:09:05.187     4809446  FFFFFFF7F7FFF  D17,D25
19:09:05.925     4810174  FFFFFFF7E7FFF  D17,D18,D25
19:09:05.925     4810176  FFFFFFF7F7FFF  D17,D25
19:09:11.077     4815156  FFFFFFF7D7FFF  D17,D19,D25
19:09:11.077     4815157  FFFFFFF7F7FFF  D17,D25
19:09:11.078     4815227  FFFFFFF7E7FFF  D17,D18,D25
19:09:11.078     4815229  FFFFFFF7F7FFF  D17,D25
19:09:11.078     4815275  FFFFFFF7D7FFF  D17,D19,D25
19:09:11.078     4815277  FFFFFFF7F7FFF  D17,D25
19:09:12.269     4816479  FFFFFFF7E7FFF  D17,D18,D25
19:09:12.269     4816480  FFFFFFF7F7FFF  D17,D25
19:09:15.448     4819620  FFFFFFF7E7FFF  D17,D18,D25
19:09:15.448     4819621  FFFFFFF7F7FFF  D17,D25
19:09:18.358     4822519  FFFFFFF7E7FFF  D17,D18,D25
19:09:18.358     4822521  FFFFFFF7F7FFF  D17,D25
19:09:22.979     4827095  FFFFFFF7E7FFF  D17,D18,D25
19:09:22.979     4827096  FFFFFFF7F7FFF  D17,D25
--- FW IODebug 1.2.2 2026-08-31 LIFT=3 19:09:25 ---
19:09:38.107     4842117  FFFFFFF7D7FFF  D17,D19,D25
19:09:38.107     4842118  FFFFFFF7F7FFF  D17,D25
19:09:52.448     4856350  FFFFFFF7E7FFF  D17,D18,D25
19:09:52.448     4856352  FFFFFFF7F7FFF  D17,D25
--- FW IODebug 1.2.2 2026-08-31 LIFT=3 19:09:56 ---
19:09:56.658     4860525  FFFFFFF7FFFFF  D25
19:09:57.364     4861202  FFFFFFF7F7FFF  D17,D25
19:10:20.100     4883766  FFFFFFF7D7FFF  D17,D19,D25
19:10:20.100     4883768  FFFFFFF7F7FFF  D17,D25
19:10:22.068     4885757  FFFFFFF7E7FFF  D17,D18,D25
19:10:22.068     4885760  FFFFFFF7F7FFF  D17,D25
--- FW IODebug 1.2.2 2026-08-31 LIFT=3 19:10:26 ---
19:10:41.158     4904685  FFFFFFF7E7FFF  D17,D18,D25
19:10:41.159     4904687  FFFFFFF7F7FFF  D17,D25
19:10:46.209     4909714  FFFFFFF7D7FFF  D17,D19,D25
19:10:46.209     4909716  FFFFFFF7F7FFF  D17,D25
19:10:53.955     4917392  FFFFFFF7E7FFF  D17,D18,D25
19:10:53.955     4917394  FFFFFFF7F7FFF  D17,D25
19:10:55.542     4918966  FFFFFFF7E7FFF  D17,D18,D25
19:10:55.542     4918968  FFFFFFF7F7FFF  D17,D25
--- FW IODebug 1.2.2 2026-08-31 LIFT=3 19:10:56 ---
19:11:16.860     4940115  FFFFFFF7E7FFF  D17,D18,D25
19:11:16.860     4940118  FFFFFFF7F7FFF  D17,D25
19:11:17.534     4940791  FFFFFFF7E7FFF  D17,D18,D25
19:11:17.534     4940793  FFFFFFF7F7FFF  D17,D25
--- FW IODebug 1.2.2 2026-08-31 LIFT=3 19:11:26 ---
19:11:33.652     4956811  FFFFFFF7D7FFF  D17,D19,D25
19:11:33.652     4956813  FFFFFFF7F7FFF  D17,D25
19:11:48.904     4971934  FFFFFFF7D7FFF  D17,D19,D25
19:11:48.905     4971936  FFFFFFF7F7FFF  D17,D25
--- FW IODebug 1.2.2 2026-08-31 LIFT=3 19:11:57 ---
19:12:01.285     4984226  FFFFFFF7D7FFF  D17,D19,D25
19:12:01.286     4984228  FFFFFFF7F7FFF  D17,D25
19:12:04.756     4987678  FFFFFFF7D7FFF  D17,D19,D25
19:12:04.756     4987680  FFFFFFF7F7FFF  D17,D25
19:12:22.194     5004989  FFFFFFF7E7FFF  D17,D18,D25
19:12:22.194     5004991  FFFFFFF7F7FFF  D17,D25
19:12:26.054     5008805  FFFFFFF7E7FFF  D17,D18,D25
19:12:26.054     5008807  FFFFFFF7F7FFF  D17,D25
--- FW IODebug 1.2.2 2026-08-31 LIFT=3 19:12:27 ---
19:12:32.403     5015114  FFFFFFF7E7FFF  D17,D18,D25
19:12:32.403     5015116  FFFFFFF7F7FFF  D17,D25
19:12:35.990     5018685  FFFFFFF7E7FFF  D17,D18,D25
19:12:35.990     5018687  FFFFFFF7F7FFF  D17,D25
19:12:38.808     5021457  FFFFFFF7F3FFF  D16,D17,D25
19:12:38.808     5021458  FFFFFFF7F7FFF  D17,D25
19:12:54.700     5037157  FFFFFFF7D7FFF  D17,D19,D25
19:12:54.701     5037159  FFFFFFF7F7FFF  D17,D25
19:12:54.701     5037230  FFFFFFF7E7FFF  D17,D18,D25
19:12:54.701     5037232  FFFFFFF7F7FFF  D17,D25
19:12:56.654     5039193  FFFFFFF7E7FFF  D17,D18,D25
19:12:56.654     5039195  FFFFFFF7F7FFF  D17,D25
--- FW IODebug 1.2.2 2026-08-31 LIFT=3 19:12:57 ---
19:13:04.704     5047166  FFFFFFF7D7FFF  D17,D19,D25
19:13:04.704     5047169  FFFFFFF7F7FFF  D17,D25
19:13:06.230     5048684  FFFFFFF7D7FFF  D17,D19,D25
19:13:06.230     5048686  FFFFFFF7F7FFF  D17,D25
19:13:11.734     5054151  FFFFFFF7D7FFF  D17,D19,D25
19:13:11.734     5054153  FFFFFFF7F7FFF  D17,D25
19:13:17.692     5060064  FFFFFFF7E7FFF  D17,D18,D25
19:13:17.692     5060065  FFFFFFF7F7FFF  D17,D25
--- FW IODebug 1.2.2 2026-08-31 LIFT=3 19:13:27 ---
19:13:38.911     5081128  FFFFFFF7D7FFF  D17,D19,D25
19:13:38.911     5081129  FFFFFFF7F7FFF  D17,D25
19:13:39.935     5082139  FFFFFFF7E7FFF  D17,D18,D25
19:13:39.935     5082141  FFFFFFF7F7FFF  D17,D25
19:13:46.244     5088408  FFFFFFF7E7FFF  D17,D18,D25
19:13:46.244     5088410  FFFFFFF7F7FFF  D17,D25
19:13:48.834     5090967  FFFFFFF7E7FFF  D17,D18,D25
19:13:48.834     5090969  FFFFFFF7F7FFF  D17,D25
19:13:55.877     5097966  FFFFFFF7F3FFF  D16,D17,D25
19:13:55.877     5097968  FFFFFFF7F7FFF  D17,D25
--- FW IODebug 1.2.2 2026-08-31 LIFT=3 19:13:57 ---
19:14:04.988     5107020  FFFFFFF7E7FFF  D17,D18,D25
19:14:04.988     5107022  FFFFFFF7F7FFF  D17,D25
19:14:15.031     5116985  FFFFFFF7E7FFF  D17,D18,D25
19:14:15.031     5116987  FFFFFFF7F7FFF  D17,D25
19:14:20.527     5122200  FFFFFFF7E7FFF  D17,D18,D25
19:14:20.527     5122202  FFFFFFF7F7FFF  D17,D25
19:14:20.527     5122439  FFFFFFF7E7FFF  D17,D18,D25
19:14:20.527     5122441  FFFFFFF7F7FFF  D17,D25
--- FW IODebug 1.2.2 2026-08-31 LIFT=3 19:14:28 ---
19:14:36.860     5138643  FFFFFFF7E7FFF  D17,D18,D25
19:14:36.860     5138646  FFFFFFF7F7FFF  D17,D25
--- FW IODebug 1.2.2 2026-08-31 LIFT=3 19:14:58 ---
19:15:01.267     5162875  FFFFFFF7E7FFF  D17,D18,D25
19:15:01.268     5162876  FFFFFFF7F7FFF  D17,D25
19:15:15.417     5176907  FFFFFFF7E7FFF  D17,D18,D25
19:15:15.417     5176909  FFFFFFF7F7FFF  D17,D25
19:15:19.744     5181193  FFFFFFF7E7FFF  D17,D18,D25
19:15:19.744     5181195  FFFFFFF7F7FFF  D17,D25
19:15:24.682     5186115  FFFFFFF7E7FFF  D17,D18,D25
19:15:24.682     5186116  FFFFFFF7F7FFF  D17,D25
--- FW IODebug 1.2.2 2026-08-31 LIFT=3 19:15:28 ---
19:15:30.194     5191574  FFFFFFF7E7FFF  D17,D18,D25
19:15:30.194     5191576  FFFFFFF7F7FFF  D17,D25
19:15:52.661     5213890  FFFFFFF7E7FFF  D17,D18,D25
19:15:52.662     5213892  FFFFFFF7F7FFF  D17,D25
--- FW IODebug 1.2.2 2026-08-31 LIFT=3 19:15:58 ---
19:16:03.497     5224636  FFFFFFF7E7FFF  D17,D18,D25
19:16:03.497     5224638  FFFFFFF7F7FFF  D17,D25
19:16:05.071     5226205  FFFFFFF7E7FFF  D17,D18,D25
19:16:05.071     5226207  FFFFFFF7F7FFF  D17,D25
19:16:10.639     5231704  FFFFFFF7E7FFF  D17,D18,D25
19:16:10.639     5231706  FFFFFFF7F7FFF  D17,D25
19:16:17.607     5238638  FFFFFFF7D7FFF  D17,D19,D25
19:16:17.607     5238640  FFFFFFF7F7FFF  D17,D25
19:16:18.359     5239383  FFFFFFF7D7FFF  D17,D19,D25
19:16:18.359     5239385  FFFFFFF7F7FFF  D17,D25
--- FW IODebug 1.2.2 2026-08-31 LIFT=3 19:16:29 ---
19:16:39.171     5260024  FFFFFFF7D7FFF  D17,D19,D25
19:16:39.171     5260026  FFFFFFF7F7FFF  D17,D25
19:16:41.112     5261974  FFFFFFF7D7FFF  D17,D19,D25
19:16:41.112     5261976  FFFFFFF7F7FFF  D17,D25
--- FW IODebug 1.2.2 2026-08-31 LIFT=3 19:16:59 ---
19:17:00.276     5281003  FFFFFFF7E7FFF  D17,D18,D25
19:17:00.276     5281005  FFFFFFF7F7FFF  D17,D25
19:17:02.040     5282750  FFFFFFF7E7FFF  D17,D18,D25
19:17:02.040     5282752  FFFFFFF7F7FFF  D17,D25
19:17:05.775     5286454  FFFFFFF7D7FFF  D17,D19,D25
19:17:05.775     5286456  FFFFFFF7F7FFF  D17,D25
19:17:21.089     5301640  FFFFFFF7E7FFF  D17,D18,D25
19:17:21.089     5301641  FFFFFFF7F7FFF  D17,D25
19:17:22.727     5303277  FFFFFFF7E7FFF  D17,D18,D25
19:17:22.727     5303279  FFFFFFF7F7FFF  D17,D25
19:17:25.452     5305987  FFFFFFF7D7FFF  D17,D19,D25
19:17:25.452     5305989  FFFFFFF7F7FFF  D17,D25
--- FW IODebug 1.2.2 2026-08-31 LIFT=3 19:17:29 ---
19:17:34.896     5315354  FFFFFFF7E7FFF  D17,D18,D25
19:17:34.896     5315356  FFFFFFF7F7FFF  D17,D25
19:17:37.674     5318083  FFFFFFF7D7FFF  D17,D19,D25
19:17:37.674     5318084  FFFFFFF7F7FFF  D17,D25
19:17:41.415     5321814  FFFFFFF7D7FFF  D17,D19,D25
19:17:41.415     5321816  FFFFFFF7F7FFF  D17,D25
19:17:44.439     5324807  FFFFFFF7D7FFF  D17,D19,D25
19:17:44.440     5324808  FFFFFFF7F7FFF  D17,D25
19:17:46.107     5326486  FFFFFFF7E7FFF  D17,D18,D25
19:17:46.107     5326488  FFFFFFF7F7FFF  D17,D25
19:17:56.251     5336548  FFFFFFF7F3FFF  D16,D17,D25
19:17:56.251     5336549  FFFFFFF7F7FFF  D17,D25
--- FW IODebug 1.2.2 2026-08-31 LIFT=3 19:17:59 ---
19:18:18.796     5358923  FFFFFFF7E7FFF  D17,D18,D25
19:18:18.796     5358924  FFFFFFF7F7FFF  D17,D25
--- FW IODebug 1.2.2 2026-08-31 LIFT=3 19:18:29 ---
19:18:45.294     5385218  FFFFFFF7E7FFF  D17,D18,D25
19:18:45.294     5385220  FFFFFFF7F7FFF  D17,D25
19:18:46.246     5386168  FFFFFFF7E7FFF  D17,D18,D25
19:18:46.246     5386170  FFFFFFF7F7FFF  D17,D25
19:18:52.678     5392552  FFFFFFF7E7FFF  D17,D18,D25
19:18:52.678     5392555  FFFFFFF7F7FFF  D17,D25
--- FW IODebug 1.2.2 2026-08-31 LIFT=3 19:19:00 ---
19:19:03.472     5403269  FFFFFFF7D7FFF  D17,D19,D25
19:19:16.341     5415816  FFFFFFF7F7FFF  D17,D25
19:19:16.341     5416041  FFFFFFF7E7FFF  D17,D18,D25
19:19:16.341     5416043  FFFFFFF7F7FFF  D17,D25
19:19:27.718     5427330  FFFFFFF7E7FFF  D17,D18,D25
19:19:27.718     5427332  FFFFFFF7F7FFF  D17,D25
--- FW IODebug 1.2.2 2026-08-31 LIFT=3 19:19:30 ---
19:19:55.793     5455197  FFFFFFF7D7FFF  D17,D19,D25
19:19:56.951     5456349  FFFFFFF7D3FFF  D16,D17,D19,D25
--- FW IODebug 1.2.2 2026-08-31 LIFT=3 19:20:01 ---
19:20:01.033     5460398  FFFFFFF3D3FFF  D16,D17,D19,D24,D25
19:20:02.826     5462183  FFFFFFE3D3FFF  D16,D17,D19,D24,D25,D26
19:20:02.826     5462185  FFFFFFEFD3FFF  D16,D17,D19,D26
19:20:04.257     5463613  FFFFFFEBD3FFF  D16,D17,D19,D24,D26
19:20:05.589     5464924  FFFFFFE3D3FFF  D16,D17,D19,D24,D25,D26
19:20:05.589     5464925  FFFFFFE7D3FFF  D16,D17,D19,D25,D26
19:20:06.627     5465956  FFFFFFE3D3FFF  D16,D17,D19,D24,D25,D26
19:20:07.647     5466948  FFFFFFC3D3FFF  D16,D17,D19,D24,D25,D26,D27
19:20:07.647     5466950  FFFFFFCFD3FFF  D16,D17,D19,D26,D27
19:20:07.647     5466952  FFFFFFDFD3FFF  D16,D17,D19,D27
19:20:08.825     5468139  FFFFFFDBD3FFF  D16,D17,D19,D24,D27
19:20:10.274     5469569  FFFFFFD3D3FFF  D16,D17,D19,D24,D25,D27
19:20:10.274     5469571  FFFFFFD7D3FFF  D16,D17,D19,D25,D27
19:20:11.735     5471037  FFFFFFD3D3FFF  D16,D17,D19,D24,D25,D27
19:20:13.236     5472506  FFFFFFC3D3FFF  D16,D17,D19,D24,D25,D26,D27
19:20:13.236     5472507  FFFFFFCFD3FFF  D16,D17,D19,D26,D27
19:20:15.315     5474252  FFFFFFCBD3FFF  D16,D17,D19,D24,D26,D27
19:20:15.315     5474412  FFFFFFCB93FFF  D16,D17,D19,D20,D24,D26,D27
19:20:15.315     5474572  FFFFFFCBB3FFF  D16,D17,D20,D24,D26,D27
19:20:17.993     5477227  FFFFFFCBB7FFF  D17,D20,D24,D26,D27
19:20:28.575     5487751  FFFFFFCBB3FFF  D16,D17,D20,D24,D26,D27
--- FW IODebug 1.2.2 2026-08-31 LIFT=3 19:20:30 ---
19:20:31.958     5491097  FFFFFFCFB3FFF  D16,D17,D20,D26,D27
19:20:33.697     5492802  FFFFFFC7B3FFF  D16,D17,D20,D25,D26,D27
19:20:33.697     5492804  FFFFFFC3B3FFF  D16,D17,D20,D24,D25,D26,D27
19:20:33.697     5492806  FFFFFFD3B3FFF  D16,D17,D20,D24,D25,D27
19:20:35.139     5494142  FFFFFFD393FFF  D16,D17,D19,D20,D24,D25,D27
19:20:35.139     5494145  FFFFFFD3B3FFF  D16,D17,D20,D24,D25,D27
19:20:35.139     5494263  FFFFFFD7B3FFF  D16,D17,D20,D25,D27
19:20:36.629     5495731  FFFFFFD3B3FFF  D16,D17,D20,D24,D25,D27
19:20:36.629     5495733  FFFFFFDBB3FFF  D16,D17,D20,D24,D27
19:20:38.071     5497160  FFFFFFDFB3FFF  D16,D17,D20,D27
19:20:39.264     5498350  FFFFFFC3B3FFF  D16,D17,D20,D24,D25,D26,D27
19:20:39.264     5498352  FFFFFFE3B3FFF  D16,D17,D20,D24,D25,D26
19:20:40.274     5499344  FFFFFFE7B3FFF  D16,D17,D20,D25,D26
19:20:41.313     5500376  FFFFFFE3B3FFF  D16,D17,D20,D24,D25,D26
19:20:41.313     5500377  FFFFFFEBB3FFF  D16,D17,D20,D24,D26
19:20:42.577     5501647  FFFFFFEFB3FFF  D16,D17,D20,D26
19:20:44.077     5503115  FFFFFFE3B3FFF  D16,D17,D20,D24,D25,D26
19:20:44.077     5503118  FFFFFFF3B3FFF  D16,D17,D20,D24,D25
19:20:46.038     5504912  FFFFFFF7B3FFF  D16,D17,D20,D25
19:20:46.038     5505070  FFFFFFF793FFF  D16,D17,D19,D20,D25
19:20:46.038     5505072  FFFFFFF7D3FFF  D16,D17,D19,D25
19:20:49.513     5508520  FFFFFFF7D7FFF  D17,D19,D25
--- FW IODebug 1.2.2 2026-08-31 LIFT=3 19:21:01 ---
19:21:01.386     5520306  FFFFFFF7F7FFF  D17,D25
19:21:03.097     5521997  FFFFFFF7E7FFF  D17,D18,D25
19:21:03.097     5521999  FFFFFFF7F7FFF  D17,D25
19:21:05.343     5524242  FFFFFFF7E7FFF  D17,D18,D25
19:21:05.343     5524244  FFFFFFF7F7FFF  D17,D25
19:21:13.657     5532457  FFFFFFF7D7FFF  D17,D19,D25
19:21:13.657     5532459  FFFFFFF7F7FFF  D17,D25
19:21:16.365     5535165  FFFFFFF7E7FFF  D17,D18,D25
19:21:16.365     5535166  FFFFFFF7F7FFF  D17,D25
19:21:23.892     5542643  FFFFFFF7E7FFF  D17,D18,D25
19:21:23.892     5542645  FFFFFFF7F7FFF  D17,D25
--- FW IODebug 1.2.2 2026-08-31 LIFT=3 19:21:31 ---
19:21:39.451     5558064  FFFFFFF7E7FFF  D17,D18,D25
19:21:39.451     5558066  FFFFFFF7F7FFF  D17,D25
19:21:45.115     5563698  FFFFFFF7D7FFF  D17,D19,D25
19:21:45.115     5563700  FFFFFFF7F7FFF  D17,D25
19:21:54.504     5573013  FFFFFFF7E7FFF  D17,D18,D25
19:21:54.505     5573015  FFFFFFF7F7FFF  D17,D25
19:22:00.682     5579167  FFFFFFF7F3FFF  D16,D17,D25
19:22:00.682     5579169  FFFFFFF7F7FFF  D17,D25
--- FW IODebug 1.2.2 2026-08-31 LIFT=3 19:22:01 ---
19:22:03.257     5581709  FFFFFFF7D7FFF  D17,D19,D25
19:22:03.257     5581710  FFFFFFF7F7FFF  D17,D25
19:22:19.533     5597873  FFFFFFF7E7FFF  D17,D18,D25
19:22:19.534     5597875  FFFFFFF7F7FFF  D17,D25
19:22:25.260     5603559  FFFFFFF7D7FFF  D17,D19,D25
19:22:25.260     5603561  FFFFFFF7F7FFF  D17,D25
--- FW IODebug 1.2.2 2026-08-31 LIFT=3 19:22:31 ---
19:22:34.727     5612952  FFFFFFF7E7FFF  D17,D18,D25
19:22:34.727     5612954  FFFFFFF7F7FFF  D17,D25
19:22:43.074     5621085  FFFFFFF7D7FFF  D17,D19,D25
19:22:43.074     5621087  FFFFFFF7F7FFF  D17,D25
19:22:43.075     5621209  FFFFFFF7E7FFF  D17,D18,D25
19:22:43.075     5621210  FFFFFFF7F7FFF  D17,D25
19:22:56.692     5634744  FFFFFFF7E7FFF  D17,D18,D25
19:22:56.692     5634746  FFFFFFF7F7FFF  D17,D25
--- FW IODebug 1.2.2 2026-08-31 LIFT=3 19:23:01 ---
19:23:24.231     5662090  FFFFFFF7D7FFF  D17,D19,D25
19:23:24.231     5662092  FFFFFFF7F7FFF  D17,D25
--- FW IODebug 1.2.2 2026-08-31 LIFT=3 19:23:32 ---
19:23:37.546     5675295  FFFFFFF7E7FFF  D17,D18,D25
19:23:37.546     5675296  FFFFFFF7F7FFF  D17,D25
19:23:39.382     5677129  FFFFFFF7E7FFF  D17,D18,D25
19:23:39.382     5677131  FFFFFFF7F7FFF  D17,D25
19:23:40.159     5677897  FFFFFFF7E7FFF  D17,D18,D25
19:23:40.159     5677899  FFFFFFF7F7FFF  D17,D25
19:23:43.754     5681454  FFFFFFF7D7FFF  D17,D19,D25
19:23:43.754     5681455  FFFFFFF7F7FFF  D17,D25
19:23:52.489     5690139  FFFFFFF7E7FFF  D17,D18,D25
19:23:52.489     5690141  FFFFFFF7F7FFF  D17,D25
19:24:01.461     5699031  FFFFFFF7FFFFF  D25
19:24:02.439     5699707  FFFFFFF7F7FFF  D17,D25
--- FW IODebug 1.2.2 2026-08-31 LIFT=3 19:24:02 ---
--- FW IODebug 1.2.2 2026-08-31 LIFT=3 19:24:32 ---
19:24:47.638     5744449  FFFFFFF7E7FFF  D17,D18,D25
19:24:47.638     5744451  FFFFFFF7F7FFF  D17,D25
19:24:47.638     5744867  FFFFFFF7F3FFF  D16,D17,D25
19:24:47.638     5744869  FFFFFFF7F7FFF  D17,D25
19:24:54.278     5751455  FFFFFFF7E7FFF  D17,D18,D25
19:24:54.279     5751457  FFFFFFF7F7FFF  D17,D25
--- FW IODebug 1.2.2 2026-08-31 LIFT=3 19:25:02 ---
--- FW IODebug 1.2.2 2026-08-31 LIFT=3 19:25:33 ---
19:25:42.713     5799523  FFFFFFF7E7FFF  D17,D18,D25
19:25:42.713     5799525  FFFFFFF7F7FFF  D17,D25
19:25:45.518     5802324  FFFFFFF7D7FFF  D17,D19,D25
19:25:45.518     5802327  FFFFFFF7F7FFF  D17,D25
19:25:53.466     5810213  FFFFFFF7D7FFF  D17,D19,D25
19:25:53.466     5810215  FFFFFFF7F7FFF  D17,D25
--- FW IODebug 1.2.2 2026-08-31 LIFT=3 19:26:03 ---
19:26:09.461     5826077  FFFFFFF7E7FFF  D17,D18,D25
19:26:09.461     5826079  FFFFFFF7F7FFF  D17,D25
19:26:21.566     5838086  FFFFFFF7E7FFF  D17,D18,D25
19:26:21.567     5838088  FFFFFFF7F7FFF  D17,D25
--- FW IODebug 1.2.2 2026-08-31 LIFT=3 19:26:33 ---
19:26:37.860     5854279  FFFFFFF7D7FFF  D17,D19,D25
19:26:37.860     5854281  FFFFFFF7F7FFF  D17,D25
19:26:42.144     5858525  FFFFFFF7D7FFF  D17,D19,D25
19:26:42.144     5858527  FFFFFFF7F7FFF  D17,D25
19:26:51.123     5867439  FFFFFFF7D7FFF  D17,D19,D25
--- FW IODebug 1.2.2 2026-08-31 LIFT=3 19:27:03 ---
19:27:05.041     5881254  FFFFFFF7D3FFF  D16,D17,D19,D25
19:27:06.434     5882631  FFFFFFF7C3FFF  D16,D17,D18,D19,D25
19:27:06.434     5882633  FFFFFFF7D3FFF  D16,D17,D19,D25
19:27:09.128     5885304  FFFFFFF3D3FFF  D16,D17,D19,D24,D25
19:27:10.920     5887090  FFFFFFE3D3FFF  D16,D17,D19,D24,D25,D26
19:27:10.920     5887092  FFFFFFEFD3FFF  D16,D17,D19,D26
19:27:12.363     5888520  FFFFFFEBD3FFF  D16,D17,D19,D24,D26
19:27:13.705     5889829  FFFFFFE3D3FFF  D16,D17,D19,D24,D25,D26
19:27:13.705     5889831  FFFFFFE7D3FFF  D16,D17,D19,D25,D26
19:27:14.705     5890822  FFFFFFE3D3FFF  D16,D17,D19,D24,D25,D26
19:27:15.750     5891865  FFFFFFC3D3FFF  D16,D17,D19,D24,D25,D26,D27
19:27:15.750     5891867  FFFFFFCFD3FFF  D16,D17,D19,D26,D27
19:27:15.750     5891868  FFFFFFDFD3FFF  D16,D17,D19,D27
19:27:16.879     5893006  FFFFFFDBD3FFF  D16,D17,D19,D24,D27
19:27:18.374     5894474  FFFFFFD3D3FFF  D16,D17,D19,D24,D25,D27
19:27:18.374     5894476  FFFFFFD7D3FFF  D16,D17,D19,D25,D27
19:27:19.850     5895943  FFFFFFD3D3FFF  D16,D17,D19,D24,D25,D27
19:27:21.333     5897412  FFFFFFC3D3FFF  D16,D17,D19,D24,D25,D26,D27
19:27:21.333     5897413  FFFFFFCFD3FFF  D16,D17,D19,D26,D27
19:27:23.083     5899159  FFFFFFCBD3FFF  D16,D17,D19,D24,D26,D27
19:27:26.002     5902054  FFFFFFCBD7FFF  D17,D19,D24,D26,D27
--- FW IODebug 1.2.2 2026-08-31 LIFT=3 19:27:34 ---
19:27:34.821     5910792  FFFFFFCBF7FFF  D17,D24,D26,D27
19:27:37.696     5913649  FFFFFFCBD7FFF  D17,D19,D24,D26,D27
19:27:38.750     5914682  FFFFFFCBD3FFF  D16,D17,D19,D24,D26,D27
19:27:42.012     5917937  FFFFFFC3D3FFF  D16,D17,D19,D24,D25,D26,D27
19:27:42.012     5917939  FFFFFFC7D3FFF  D16,D17,D19,D25,D26,D27
19:27:43.524     5919446  FFFFFFC3D3FFF  D16,D17,D19,D24,D25,D26,D27
19:27:44.534     5920439  FFFFFFA3D3FFF  D16,D17,D19,D24,D25,D26,D28
19:27:44.534     5920440  FFFFFFAFD3FFF  D16,D17,D19,D26,D28
19:27:44.534     5920442  FFFFFFBFD3FFF  D16,D17,D19,D28
19:27:45.444     5921351  FFFFFFBBD3FFF  D16,D17,D19,D24,D28
19:27:46.371     5922264  FFFFFFB3D3FFF  D16,D17,D19,D24,D25,D28
19:27:46.371     5922266  FFFFFFB7D3FFF  D16,D17,D19,D25,D28
19:27:47.275     5923178  FFFFFFB3D3FFF  D16,D17,D19,D24,D25,D28
19:27:48.204     5924090  FFFFFFA3D3FFF  D16,D17,D19,D24,D25,D26,D28
19:27:48.204     5924092  FFFFFFAFD3FFF  D16,D17,D19,D26,D28
19:27:49.127     5925004  FFFFFFABD3FFF  D16,D17,D19,D24,D26,D28
19:27:50.503     5926353  FFFFFFA3D3FFF  D16,D17,D19,D24,D25,D26,D28
19:27:50.503     5926355  FFFFFFA7D3FFF  D16,D17,D19,D25,D26,D28
19:27:51.968     5927822  FFFFFFA3D3FFF  D16,D17,D19,D24,D25,D26,D28
19:27:53.492     5929331  FFFFFF83D3FFF  D16,D17,D19,D24,D25,D26,D27,D28
19:27:53.492     5929333  FFFFFF8FD3FFF  D16,D17,D19,D26,D27,D28
19:27:53.492     5929335  FFFFFF9FD3FFF  D16,D17,D19,D27,D28
19:27:56.564     5932266  FFFFFF9FD7FFF  D17,D19,D27,D28
19:27:56.564     5932389  FFFFFF9FF7FFF  D17,D27,D28
--- FW IODebug 1.2.2 2026-08-31 LIFT=3 19:28:04 ---
19:28:14.969     5950650  FFFFFF9FB7FFF  D17,D20,D27,D28
19:28:16.025     5951682  FFFFFF9FB3FFF  D16,D17,D20,D27,D28
19:28:19.349     5954987  FFFFFF87B3FFF  D16,D17,D20,D25,D26,D27,D28
19:28:19.349     5954989  FFFFFFA3B3FFF  D16,D17,D20,D24,D25,D26,D28
19:28:20.813     5956458  FFFFFFA7B3FFF  D16,D17,D20,D25,D26,D28
19:28:22.405     5958044  FFFFFFA3B3FFF  D16,D17,D20,D24,D25,D26,D28
19:28:22.405     5958046  FFFFFFABB3FFF  D16,D17,D20,D24,D26,D28
19:28:24.489     5960099  FFFFFFAFB3FFF  D16,D17,D20,D26,D28
19:28:27.316     5962913  FFFFFFAFB7FFF  D17,D20,D26,D28
--- FW IODebug 1.2.2 2026-08-31 LIFT=3 19:28:34 ---
19:28:38.013     5973522  FFFFFFAFA7FFF  D17,D18,D20,D26,D28
19:28:38.013     5973524  FFFFFFAFB7FFF  D17,D20,D26,D28
19:28:38.849     5974350  FFFFFFAFB3FFF  D16,D17,D20,D26,D28
19:28:42.211     5977684  FFFFFFA7B3FFF  D16,D17,D20,D25,D26,D28
19:28:42.211     5977687  FFFFFFA3B3FFF  D16,D17,D20,D24,D25,D26,D28
19:28:42.211     5977689  FFFFFFB3B3FFF  D16,D17,D20,D24,D25,D28
19:28:43.697     5979165  FFFFFFB7B3FFF  D16,D17,D20,D25,D28
19:28:44.698     5980156  FFFFFFB3B3FFF  D16,D17,D20,D24,D25,D28
19:28:44.698     5980158  FFFFFFBBB3FFF  D16,D17,D20,D24,D28
19:28:45.639     5981101  FFFFFFBFB3FFF  D16,D17,D20,D28
19:28:46.537     5981972  FFFFFFE3B3FFF  D16,D17,D20,D24,D25,D26
19:28:46.537     5981974  FFFFFFC3B3FFF  D16,D17,D20,D24,D25,D26,D27
19:28:47.446     5982886  FFFFFFC7B3FFF  D16,D17,D20,D25,D26,D27
19:28:48.363     5983809  FFFFFFC3B3FFF  D16,D17,D20,D24,D25,D26,D27
19:28:48.363     5983811  FFFFFFCBB3FFF  D16,D17,D20,D24,D26,D27
19:28:49.273     5984713  FFFFFFCFB3FFF  D16,D17,D20,D26,D27
19:28:50.404     5985823  FFFFFFC7B3FFF  D16,D17,D20,D25,D26,D27
19:28:50.404     5985825  FFFFFFC3B3FFF  D16,D17,D20,D24,D25,D26,D27
19:28:50.404     5985827  FFFFFFD3B3FFF  D16,D17,D20,D24,D25,D27
19:28:51.815     5987214  FFFFFFD7B3FFF  D16,D17,D20,D25,D27
19:28:53.275     5988225  FFFFFFD7A3FFF  D16,D17,D18,D20,D25,D27
19:28:53.276     5988227  FFFFFFD7B3FFF  D16,D17,D20,D25,D27
19:28:53.276     5988682  FFFFFFD3B3FFF  D16,D17,D20,D24,D25,D27
19:28:53.276     5988684  FFFFFFDBB3FFF  D16,D17,D20,D24,D27
19:28:54.789     5990162  FFFFFFDFB3FFF  D16,D17,D20,D27
19:28:55.922     5991302  FFFFFFC3B3FFF  D16,D17,D20,D24,D25,D26,D27
19:28:55.923     5991304  FFFFFFE3B3FFF  D16,D17,D20,D24,D25,D26
19:28:56.964     5992336  FFFFFFE7B3FFF  D16,D17,D20,D25,D26
19:28:57.982     5993337  FFFFFFE3B3FFF  D16,D17,D20,D24,D25,D26
19:28:57.982     5993338  FFFFFFEBB3FFF  D16,D17,D20,D24,D26
19:28:59.292     5994638  FFFFFFEFB3FFF  D16,D17,D20,D26
19:29:00.724     5996065  FFFFFFE7B3FFF  D16,D17,D20,D25,D26
19:29:00.724     5996067  FFFFFFE3B3FFF  D16,D17,D20,D24,D25,D26
19:29:00.724     5996069  FFFFFFF3B3FFF  D16,D17,D20,D24,D25
19:29:02.220     5997536  FFFFFFF7B3FFF  D16,D17,D20,D25
19:29:04.693     5999520  FFFFFFF3B3FFF  D16,D17,D20,D24,D25
19:29:04.693     5999522  FFFFFFFBB3FFF  D16,D17,D20,D24
19:29:04.693     5999559  FFFFFFFB93FFF  D16,D17,D19,D20,D24
19:29:04.693     5999561  FFFFFFFBD3FFF  D16,D17,D19,D24
--- FW IODebug 1.2.2 2026-08-31 LIFT=3 19:29:04 ---
19:29:07.520     6002811  FFFFFFFBD7FFF  D17,D19,D24
19:29:12.822     6008083  FFFFFFFBC7FFF  D17,D18,D19,D24
19:29:12.822     6008085  FFFFFFFBD7FFF  D17,D19,D24
19:29:21.203     6016394  FFFFFFFBF7FFF  D17,D24
19:29:22.066     6017250  FFFFFFFBE7FFF  D17,D18,D24
19:29:22.066     6017252  FFFFFFFBF7FFF  D17,D24
19:29:22.804     6017980  FFFFFFFBD7FFF  D17,D19,D24
19:29:23.850     6019023  FFFFFFFBD3FFF  D16,D17,D19,D24
19:29:27.657     6022794  FFFFFFF3D3FFF  D16,D17,D19,D24,D25
19:29:27.657     6022796  FFFFFFF7D3FFF  D16,D17,D19,D25
19:29:28.509     6023648  FFFFFFF7C3FFF  D16,D17,D18,D19,D25
19:29:28.509     6023649  FFFFFFF7D3FFF  D16,D17,D19,D25
19:29:29.651     6024779  FFFFFFF3D3FFF  D16,D17,D19,D24,D25
19:29:31.127     6026237  FFFFFFE3D3FFF  D16,D17,D19,D24,D25,D26
19:29:31.127     6026240  FFFFFFEFD3FFF  D16,D17,D19,D26
19:29:32.562     6027667  FFFFFFEBD3FFF  D16,D17,D19,D24,D26
19:29:33.881     6028977  FFFFFFE3D3FFF  D16,D17,D19,D24,D25,D26
19:29:33.882     6028979  FFFFFFE7D3FFF  D16,D17,D19,D25,D26
19:29:34.921     6029980  FFFFFFE3D3FFF  D16,D17,D19,D24,D25,D26
--- FW IODebug 1.2.2 2026-08-31 LIFT=3 19:29:34 ---
19:29:35.925     6031001  FFFFFFC3D3FFF  D16,D17,D19,D24,D25,D26,D27
19:29:35.925     6031003  FFFFFFCFD3FFF  D16,D17,D19,D26,D27
19:29:35.925     6031005  FFFFFFDFD3FFF  D16,D17,D19,D27
19:29:37.146     6032203  FFFFFFDBD3FFF  D16,D17,D19,D24,D27
19:29:38.588     6033632  FFFFFFD3D3FFF  D16,D17,D19,D24,D25,D27
19:29:38.588     6033634  FFFFFFD7D3FFF  D16,D17,D19,D25,D27
19:29:40.050     6035101  FFFFFFD3D3FFF  D16,D17,D19,D24,D25,D27
19:29:41.443     6036490  FFFFFFC3D3FFF  D16,D17,D19,D24,D25,D26,D27
19:29:41.443     6036492  FFFFFFCFD3FFF  D16,D17,D19,D26,D27
19:29:42.568     6037602  FFFFFFCBD3FFF  D16,D17,D19,D24,D26,D27
19:29:43.481     6038505  FFFFFFC3D3FFF  D16,D17,D19,D24,D25,D26,D27
19:29:43.481     6038506  FFFFFFC7D3FFF  D16,D17,D19,D25,D26,D27
19:29:44.406     6039418  FFFFFFC3D3FFF  D16,D17,D19,D24,D25,D26,D27
19:29:45.351     6040341  FFFFFFA3D3FFF  D16,D17,D19,D24,D25,D26,D28
19:29:45.352     6040343  FFFFFFAFD3FFF  D16,D17,D19,D26,D28
19:29:45.352     6040345  FFFFFFBFD3FFF  D16,D17,D19,D28
19:29:46.258     6041254  FFFFFFBBD3FFF  D16,D17,D19,D24,D28
19:29:47.128     6042117  FFFFFFB3D3FFF  D16,D17,D19,D24,D25,D28
19:29:47.128     6042119  FFFFFFB7D3FFF  D16,D17,D19,D25,D28
19:29:48.045     6043040  FFFFFFB3D3FFF  D16,D17,D19,D24,D25,D28
19:29:48.982     6043954  FFFFFFA3D3FFF  D16,D17,D19,D24,D25,D26,D28
19:29:48.982     6043956  FFFFFFAFD3FFF  D16,D17,D19,D26,D28
19:29:49.873     6044857  FFFFFFABD3FFF  D16,D17,D19,D24,D26,D28
19:29:51.264     6046216  FFFFFFA3D3FFF  D16,D17,D19,D24,D25,D26,D28
19:29:51.264     6046218  FFFFFFA7D3FFF  D16,D17,D19,D25,D26,D28
19:29:52.718     6047675  FFFFFFA3D3FFF  D16,D17,D19,D24,D25,D26,D28
19:29:54.271     6049195  FFFFFF83D3FFF  D16,D17,D19,D24,D25,D26,D27,D28
19:29:54.271     6049197  FFFFFF8FD3FFF  D16,D17,D19,D26,D27,D28
19:29:54.271     6049199  FFFFFF9FD3FFF  D16,D17,D19,D27,D28
19:29:57.376     6052118  FFFFFF9FD7FFF  D17,D19,D27,D28
19:29:57.376     6052282  FFFFFF9FF7FFF  D17,D27,D28
19:30:00.672     6055572  FFFFFF9FD7FFF  D17,D19,D27,D28
19:30:00.672     6055574  FFFFFF9FF7FFF  D17,D27,D28
19:30:02.657     6057534  FFFFFF9FD7FFF  D17,D19,D27,D28
19:30:02.657     6057536  FFFFFF9FF7FFF  D17,D27,D28
19:30:04.032     6058878  FFFFFF9FD7FFF  D17,D19,D27,D28
19:30:04.032     6058881  FFFFFF9FF7FFF  D17,D27,D28
--- FW IODebug 1.2.2 2026-08-31 LIFT=3 19:30:05 ---
19:30:20.915     6075667  FFFFFF9FF3FFF  D16,D17,D27,D28
19:30:20.915     6075669  FFFFFF9FF7FFF  D17,D27,D28
19:30:22.321     6077057  FFFFFF9FE7FFF  D17,D18,D27,D28
19:30:22.321     6077058  FFFFFF9FF7FFF  D17,D27,D28
19:30:31.132     6085796  FFFFFF9FE7FFF  D17,D18,D27,D28
19:30:31.132     6085797  FFFFFF9FF7FFF  D17,D27,D28
19:30:33.288     6087939  FFFFFF9FE7FFF  D17,D18,D27,D28
19:30:33.288     6087941  FFFFFF9FF7FFF  D17,D27,D28
--- FW IODebug 1.2.2 2026-08-31 LIFT=3 19:30:35 ---
19:30:39.644     6094245  FFFFFF9FD7FFF  D17,D19,D27,D28
19:30:39.644     6094247  FFFFFF9FF7FFF  D17,D27,D28
19:30:59.385     6113837  FFFFFF9FE7FFF  D17,D18,D27,D28
19:30:59.386     6113839  FFFFFF9FF7FFF  D17,D27,D28
19:31:02.299     6116732  FFFFFF9FD7FFF  D17,D19,D27,D28
19:31:02.299     6116734  FFFFFF9FF7FFF  D17,D27,D28
--- FW IODebug 1.2.2 2026-08-31 LIFT=3 19:31:05 ---
19:31:32.201     6146404  FFFFFF9FD7FFF  D17,D19,D27,D28
19:31:32.201     6146406  FFFFFF9FF7FFF  D17,D27,D28
--- FW IODebug 1.2.2 2026-08-31 LIFT=3 19:31:35 ---
19:31:36.671     6150852  FFFFFF9FD7FFF  D17,D19,D27,D28
19:31:36.671     6150854  FFFFFF9FF7FFF  D17,D27,D28
19:31:57.058     6171086  FFFFFF9FD7FFF  D17,D19,D27,D28
19:31:57.058     6171088  FFFFFF9FF7FFF  D17,D27,D28
19:31:59.064     6173060  FFFFFF9FE7FFF  D17,D18,D27,D28
19:31:59.064     6173062  FFFFFF9FF7FFF  D17,D27,D28
--- FW IODebug 1.2.2 2026-08-31 LIFT=3 19:32:06 ---
19:32:28.727     6202511  FFFFFF9FE7FFF  D17,D18,D27,D28
19:32:28.727     6202513  FFFFFF9FF7FFF  D17,D27,D28
--- FW IODebug 1.2.2 2026-08-31 LIFT=3 19:32:36 ---
19:32:37.165     6210893  FFFFFF9FD7FFF  D17,D19,D27,D28
19:32:37.166     6210895  FFFFFF9FF7FFF  D17,D27,D28
19:32:58.048     6231318  FFFFFF9FE7FFF  D17,D18,D27,D28
19:32:58.049     6231320  FFFFFF9FF7FFF  D17,D27,D28
19:32:58.049     6231601  FFFFFF9FFFFFF  D27,D28
19:32:58.714     6232279  FFFFFF9FF7FFF  D17,D27,D28
--- FW IODebug 1.2.2 2026-08-31 LIFT=3 19:33:06 ---
19:33:24.408     6256963  FFFFFF9FD7FFF  D17,D19,D27,D28
19:33:24.408     6256964  FFFFFF9FF7FFF  D17,D27,D28
19:33:24.408     6257291  FFFFFF9FE7FFF  D17,D18,D27,D28
19:33:24.408     6257293  FFFFFF9FF7FFF  D17,D27,D28
19:33:24.409     6257786  FFFFFF9FE7FFF  D17,D18,D27,D28
19:33:24.409     6257788  FFFFFF9FF7FFF  D17,D27,D28
19:33:30.432     6263767  FFFFFF9FE7FFF  D17,D18,D27,D28
19:33:30.432     6263769  FFFFFF9FF7FFF  D17,D27,D28
--- FW IODebug 1.2.2 2026-08-31 LIFT=3 19:33:36 ---
19:33:45.879     6279099  FFFFFF9FE7FFF  D17,D18,D27,D28
19:33:45.880     6279101  FFFFFF9FF7FFF  D17,D27,D28
--- FW IODebug 1.2.2 2026-08-31 LIFT=3 19:34:06 ---
19:34:27.146     6320051  FFFFFF9FD7FFF  D17,D19,D27,D28
19:34:27.146     6320053  FFFFFF9FF7FFF  D17,D27,D28
19:34:30.535     6323391  FFFFFF9FE7FFF  D17,D18,D27,D28
19:34:30.535     6323393  FFFFFF9FF7FFF  D17,D27,D28
--- FW IODebug 1.2.2 2026-08-31 LIFT=3 19:34:37 ---
19:34:48.004     6340756  FFFFFF9FD7FFF  D17,D19,D27,D28
19:34:48.004     6340757  FFFFFF9FF7FFF  D17,D27,D28
19:34:50.677     6343405  FFFFFF9FD7FFF  D17,D19,D27,D28
19:34:50.677     6343407  FFFFFF9FF7FFF  D17,D27,D28
19:34:51.869     6344597  FFFFFF9FD7FFF  D17,D19,D27,D28
19:34:51.869     6344599  FFFFFF9FF7FFF  D17,D27,D28
19:34:52.713     6345422  FFFFFF9FB7FFF  D17,D20,D27,D28
19:34:54.120     6346812  FFFFFF9FB3FFF  D16,D17,D20,D27,D28
19:34:57.619     6350147  FFFFFF83B3FFF  D16,D17,D20,D24,D25,D26,D27,D28
19:34:57.619     6350148  FFFFFFA3B3FFF  D16,D17,D20,D24,D25,D26,D28
19:34:57.619     6350295  FFFFFFA3A3FFF  D16,D17,D18,D20,D24,D25,D26,D28
19:34:57.619     6350297  FFFFFFA3B3FFF  D16,D17,D20,D24,D25,D26,D28
19:34:58.894     6351578  FFFFFFA7B3FFF  D16,D17,D20,D25,D26,D28
19:35:00.445     6353084  FFFFFFA3B3FFF  D16,D17,D20,D24,D25,D26,D28
19:35:00.445     6353087  FFFFFFABB3FFF  D16,D17,D20,D24,D26,D28
19:35:01.788     6354436  FFFFFFAFB3FFF  D16,D17,D20,D26,D28
19:35:02.714     6355357  FFFFFFA3B3FFF  D16,D17,D20,D24,D25,D26,D28
19:35:02.714     6355360  FFFFFFB3B3FFF  D16,D17,D20,D24,D25,D28
19:35:03.628     6356261  FFFFFFB7B3FFF  D16,D17,D20,D25,D28
19:35:04.552     6357174  FFFFFFB3B3FFF  D16,D17,D20,D24,D25,D28
19:35:04.553     6357176  FFFFFFBBB3FFF  D16,D17,D20,D24,D28
19:35:05.488     6358088  FFFFFFBFB3FFF  D16,D17,D20,D28
19:35:06.347     6358959  FFFFFFB7B3FFF  D16,D17,D20,D25,D28
19:35:06.347     6358961  FFFFFFC3B3FFF  D16,D17,D20,D24,D25,D26,D27
19:35:07.405     6359874  FFFFFFC7B3FFF  D16,D17,D20,D25,D26,D27
--- FW IODebug 1.2.2 2026-08-31 LIFT=3 19:35:07 ---
19:35:08.211     6360786  FFFFFFC3B3FFF  D16,D17,D20,D24,D25,D26,D27
19:35:08.211     6360788  FFFFFFCBB3FFF  D16,D17,D20,D24,D26,D27
19:35:09.118     6361701  FFFFFFCFB3FFF  D16,D17,D20,D26,D27
19:35:10.228     6362821  FFFFFFC3B3FFF  D16,D17,D20,D24,D25,D26,D27
19:35:10.228     6362824  FFFFFFD3B3FFF  D16,D17,D20,D24,D25,D27
19:35:11.679     6364252  FFFFFFD7B3FFF  D16,D17,D20,D25,D27
19:35:13.305     6365679  FFFFFFD3B3FFF  D16,D17,D20,D24,D25,D27
19:35:13.305     6365681  FFFFFFDBB3FFF  D16,D17,D20,D24,D27
19:35:13.305     6365860  FFFFFFDBA3FFF  D16,D17,D18,D20,D24,D27
19:35:13.305     6365862  FFFFFFDBB3FFF  D16,D17,D20,D24,D27
19:35:14.598     6367139  FFFFFFDFB3FFF  D16,D17,D20,D27
19:35:15.744     6368288  FFFFFFD7B3FFF  D16,D17,D20,D25,D27
19:35:15.744     6368290  FFFFFFE3B3FFF  D16,D17,D20,D24,D25,D26
19:35:16.798     6369333  FFFFFFE7B3FFF  D16,D17,D20,D25,D26
19:35:17.791     6370315  FFFFFFE3B3FFF  D16,D17,D20,D24,D25,D26
19:35:17.791     6370316  FFFFFFEBB3FFF  D16,D17,D20,D24,D26
19:35:19.365     6371625  FFFFFFEFB3FFF  D16,D17,D20,D26
19:35:19.366     6371880  FFFFFFEF93FFF  D16,D17,D19,D20,D26
19:35:19.366     6371881  FFFFFFEFB3FFF  D16,D17,D20,D26
19:35:20.543     6373053  FFFFFFE3B3FFF  D16,D17,D20,D24,D25,D26
19:35:20.543     6373056  FFFFFFF3B3FFF  D16,D17,D20,D24,D25
19:35:22.461     6374841  FFFFFFF7B3FFF  D16,D17,D20,D25
19:35:22.462     6374959  FFFFFFF793FFF  D16,D17,D19,D20,D25
19:35:22.462     6374961  FFFFFFF7D3FFF  D16,D17,D19,D25
19:35:26.133     6378449  FFFFFFF7D7FFF  D17,D19,D25
19:35:26.133     6378612  FFFFFFF7F7FFF  D17,D25
19:35:27.185     6379614  FFFFFFF7E7FFF  D17,D18,D25
19:35:27.185     6379616  FFFFFFF7F7FFF  D17,D25
19:35:27.185     6379654  FFFFFFF7D7FFF  D17,D19,D25
19:35:27.186     6379655  FFFFFFF7F7FFF  D17,D25
--- FW IODebug 1.2.2 2026-08-31 LIFT=3 19:35:37 ---
19:35:38.388     6390758  FFFFFFF7E7FFF  D17,D18,D25
19:35:38.388     6390760  FFFFFFF7F7FFF  D17,D25
19:35:53.985     6406227  FFFFFFF7D7FFF  D17,D19,D25
19:35:53.985     6406230  FFFFFFF7F7FFF  D17,D25
--- FW IODebug 1.2.2 2026-08-31 LIFT=3 19:36:07 ---
19:36:18.299     6430372  FFFFFFF7E7FFF  D17,D18,D25
19:36:18.299     6430374  FFFFFFF7F7FFF  D17,D25
--- FW IODebug 1.2.2 2026-08-31 LIFT=3 19:36:38 ---
19:36:44.215     6456095  FFFFFFF7D7FFF  D17,D19,D25
19:36:44.215     6456097  FFFFFFF7F7FFF  D17,D25
19:36:57.072     6468850  FFFFFFF7D7FFF  D17,D19,D25
19:36:57.072     6468852  FFFFFFF7F7FFF  D17,D25
19:37:00.198     6471962  FFFFFFF7D7FFF  D17,D19,D25
19:37:00.198     6471964  FFFFFFF7F7FFF  D17,D25
19:37:03.185     6474928  FFFFFFF7D7FFF  D17,D19,D25
19:37:03.185     6474930  FFFFFFF7F7FFF  D17,D25
19:37:07.200     6478918  FFFFFFF7E7FFF  D17,D18,D25
19:37:07.201     6478920  FFFFFFF7F7FFF  D17,D25
--- FW IODebug 1.2.2 2026-08-31 LIFT=3 19:37:08 ---
19:37:24.533     6496114  FFFFFFF7E7FFF  D17,D18,D25
19:37:24.533     6496116  FFFFFFF7F7FFF  D17,D25
19:37:28.692     6500250  FFFFFFF7D7FFF  D17,D19,D25
19:37:29.764     6501294  FFFFFFF7D3FFF  D16,D17,D19,D25
19:37:33.820     6505332  FFFFFFF3D3FFF  D16,D17,D19,D24,D25
19:37:35.625     6507118  FFFFFFE3D3FFF  D16,D17,D19,D24,D25,D26
19:37:35.625     6507120  FFFFFFEFD3FFF  D16,D17,D19,D26
19:37:37.084     6508548  FFFFFFEBD3FFF  D16,D17,D19,D24,D26
19:37:38.519     6509868  FFFFFFE3D3FFF  D16,D17,D19,D24,D25,D26
19:37:38.519     6509870  FFFFFFE7D3FFF  D16,D17,D19,D25,D26
--- FW IODebug 1.2.2 2026-08-31 LIFT=3 19:37:38 ---
19:37:39.405     6510861  FFFFFFE3D3FFF  D16,D17,D19,D24,D25,D26
19:37:40.410     6511883  FFFFFFC3D3FFF  D16,D17,D19,D24,D25,D26,D27
19:37:40.410     6511885  FFFFFFCFD3FFF  D16,D17,D19,D26,D27
19:37:40.410     6511887  FFFFFFDFD3FFF  D16,D17,D19,D27
19:37:41.624     6513074  FFFFFFDBD3FFF  D16,D17,D19,D24,D27
19:37:43.456     6514900  FFFFFFD3D3FFF  D16,D17,D19,D24,D25,D27
19:37:43.456     6514902  FFFFFFD7D3FFF  D16,D17,D19,D25,D27
19:37:47.021     6518440  FFFFFFD7D7FFF  D17,D19,D25,D27
19:37:57.188     6528529  FFFFFFD7F7FFF  D17,D25,D27
19:38:01.817     6533114  FFFFFFD7E7FFF  D17,D18,D25,D27
19:38:01.817     6533116  FFFFFFD7F7FFF  D17,D25,D27
19:38:04.703     6535981  FFFFFFD7D7FFF  D17,D19,D25,D27
19:38:05.750     6537023  FFFFFFD7D3FFF  D16,D17,D19,D25,D27
--- FW IODebug 1.2.2 2026-08-31 LIFT=3 19:38:08 ---
19:38:09.627     6540864  FFFFFFD3D3FFF  D16,D17,D19,D24,D25,D27
19:38:11.412     6542650  FFFFFFC3D3FFF  D16,D17,D19,D24,D25,D26,D27
19:38:11.412     6542652  FFFFFFCFD3FFF  D16,D17,D19,D26,D27
19:38:12.586     6543801  FFFFFFCBD3FFF  D16,D17,D19,D24,D26,D27
19:38:13.462     6544685  FFFFFFC3D3FFF  D16,D17,D19,D24,D25,D26,D27
19:38:13.462     6544687  FFFFFFC7D3FFF  D16,D17,D19,D25,D26,D27
19:38:14.385     6545598  FFFFFFC3D3FFF  D16,D17,D19,D24,D25,D26,D27
19:38:15.293     6546501  FFFFFF83D3FFF  D16,D17,D19,D24,D25,D26,D27,D28
19:38:15.293     6546502  FFFFFFAFD3FFF  D16,D17,D19,D26,D28
19:38:15.293     6546504  FFFFFFBFD3FFF  D16,D17,D19,D28
19:38:16.219     6547415  FFFFFFBBD3FFF  D16,D17,D19,D24,D28
19:38:17.132     6548327  FFFFFFB3D3FFF  D16,D17,D19,D24,D25,D28
19:38:17.132     6548329  FFFFFFB7D3FFF  D16,D17,D19,D25,D28
19:38:18.053     6549240  FFFFFFB3D3FFF  D16,D17,D19,D24,D25,D28
19:38:18.963     6550153  FFFFFFA3D3FFF  D16,D17,D19,D24,D25,D26,D28
19:38:18.963     6550155  FFFFFFAFD3FFF  D16,D17,D19,D26,D28
19:38:19.885     6551066  FFFFFFABD3FFF  D16,D17,D19,D24,D26,D28
19:38:21.265     6552417  FFFFFFA3D3FFF  D16,D17,D19,D24,D25,D26,D28
19:38:21.266     6552418  FFFFFFA7D3FFF  D16,D17,D19,D25,D26,D28
19:38:22.629     6553765  FFFFFFA3D3FFF  D16,D17,D19,D24,D25,D26,D28
19:38:23.538     6554679  FFFFFF83D3FFF  D16,D17,D19,D24,D25,D26,D27,D28
19:38:23.538     6554681  FFFFFF8FD3FFF  D16,D17,D19,D26,D27,D28
19:38:23.538     6554683  FFFFFF9FD3FFF  D16,D17,D19,D27,D28
19:38:24.444     6555592  FFFFFF9BD3FFF  D16,D17,D19,D24,D27,D28
19:38:25.381     6556505  FFFFFF93D3FFF  D16,D17,D19,D24,D25,D27,D28
19:38:25.381     6556507  FFFFFF97D3FFF  D16,D17,D19,D25,D27,D28
19:38:26.299     6557418  FFFFFF93D3FFF  D16,D17,D19,D24,D25,D27,D28
19:38:27.216     6558331  FFFFFF83D3FFF  D16,D17,D19,D24,D25,D26,D27,D28
19:38:27.216     6558332  FFFFFF8FD3FFF  D16,D17,D19,D26,D27,D28
19:38:28.142     6559245  FFFFFF8BD3FFF  D16,D17,D19,D24,D26,D27,D28
19:38:29.042     6560117  FFFFFF83D3FFF  D16,D17,D19,D24,D25,D26,D27,D28
19:38:29.042     6560119  FFFFFF87D3FFF  D16,D17,D19,D25,D26,D27,D28
19:38:29.938     6561031  FFFFFF83D3FFF  D16,D17,D19,D24,D25,D26,D27,D28
19:38:30.862     6561944  FFFFFF43D3FFF  D16,D17,D19,D24,D25,D26,D27,D29
19:38:30.862     6561945  FFFFFF6FD3FFF  D16,D17,D19,D26,D29
19:38:30.862     6561947  FFFFFF7FD3FFF  D16,D17,D19,D29
19:38:31.890     6562976  FFFFFF7BD3FFF  D16,D17,D19,D24,D29
19:38:33.383     6564446  FFFFFF73D3FFF  D16,D17,D19,D24,D25,D29
19:38:33.383     6564447  FFFFFF77D3FFF  D16,D17,D19,D25,D29
19:38:36.336     6567379  FFFFFF77D7FFF  D17,D19,D25,D29
--- FW IODebug 1.2.2 2026-08-31 LIFT=3 19:38:38 ---
19:38:47.737     6578699  FFFFFF77F7FFF  D17,D25,D29
19:38:56.794     6587682  FFFFFF77E7FFF  D17,D18,D25,D29
19:38:56.794     6587684  FFFFFF77F7FFF  D17,D25,D29
--- FW IODebug 1.2.2 2026-08-31 LIFT=3 19:39:09 ---
19:39:27.334     6617991  FFFFFF77E7FFF  D17,D18,D25,D29
19:39:27.334     6617993  FFFFFF77F7FFF  D17,D25,D29
19:39:28.802     6619447  FFFFFF77E7FFF  D17,D18,D25,D29
19:39:28.802     6619449  FFFFFF77F7FFF  D17,D25,D29
19:39:32.297     6622919  FFFFFF77D7FFF  D17,D19,D25,D29
19:39:32.297     6622921  FFFFFF77F7FFF  D17,D25,D29
--- FW IODebug 1.2.2 2026-08-31 LIFT=3 19:39:39 ---
--- FW IODebug 1.2.2 2026-08-31 LIFT=3 19:40:09 ---
19:40:16.583     6666247  FFFFFF77E7FFF  D17,D18,D25,D29
19:40:16.583     6666249  FFFFFF77F7FFF  D17,D25,D29
19:40:16.583     6666694  FFFFFF77E7FFF  D17,D18,D25,D29
19:40:16.583     6666696  FFFFFF77F7FFF  D17,D25,D29
19:40:16.583     6666883  FFFFFF77E7FFF  D17,D18,D25,D29
19:40:16.583     6666885  FFFFFF77F7FFF  D17,D25,D29
19:40:20.067     6670337  FFFFFF77E7FFF  D17,D18,D25,D29
19:40:20.067     6670339  FFFFFF77F7FFF  D17,D25,D29
19:40:27.057     6677275  FFFFFF77E7FFF  D17,D18,D25,D29
19:40:27.057     6677277  FFFFFF77F7FFF  D17,D25,D29
19:40:36.145     6686296  FFFFFF77E7FFF  D17,D18,D25,D29
19:40:36.145     6686298  FFFFFF77F7FFF  D17,D25,D29
--- FW IODebug 1.2.2 2026-08-31 LIFT=3 19:40:40 ---
19:40:40.214     6690341  FFFFFF77E7FFF  D17,D18,D25,D29
19:40:40.214     6690342  FFFFFF77F7FFF  D17,D25,D29
19:41:09.532     6719428  FFFFFF77D7FFF  D17,D19,D25,D29
19:41:09.532     6719430  FFFFFF77F7FFF  D17,D25,D29
--- FW IODebug 1.2.2 2026-08-31 LIFT=3 19:41:10 ---
19:41:17.892     6727733  FFFFFF77E7FFF  D17,D18,D25,D29
19:41:17.892     6727735  FFFFFF77F7FFF  D17,D25,D29
19:41:23.193     6732976  FFFFFF77E7FFF  D17,D18,D25,D29
19:41:23.193     6732978  FFFFFF77F7FFF  D17,D25,D29
19:41:28.581     6738335  FFFFFF77E7FFF  D17,D18,D25,D29
19:41:28.581     6738337  FFFFFF77F7FFF  D17,D25,D29
--- FW IODebug 1.2.2 2026-08-31 LIFT=3 19:41:40 ---
19:41:47.806     6757422  FFFFFF77FFFFF  D25,D29
19:41:48.483     6758098  FFFFFF77F7FFF  D17,D25,D29
19:42:03.255     6772747  FFFFFF77D7FFF  D17,D19,D25,D29
19:42:03.255     6772749  FFFFFF77F7FFF  D17,D25,D29
--- FW IODebug 1.2.2 2026-08-31 LIFT=3 19:42:10 ---
19:42:18.640     6788008  FFFFFF77E7FFF  D17,D18,D25,D29
19:42:18.640     6788011  FFFFFF77F7FFF  D17,D25,D29
--- FW IODebug 1.2.2 2026-08-31 LIFT=3 19:42:40 ---
19:42:49.261     6818418  FFFFFF77D7FFF  D17,D19,D25,D29
19:42:49.261     6818420  FFFFFF77F7FFF  D17,D25,D29
19:43:00.226     6829294  FFFFFF77E7FFF  D17,D18,D25,D29
19:43:00.226     6829296  FFFFFF77F7FFF  D17,D25,D29
19:43:02.778     6831821  FFFFFF77B7FFF  D17,D20,D25,D29
19:43:04.124     6833171  FFFFFF77B3FFF  D16,D17,D20,D25,D29
19:43:07.501     6836506  FFFFFF73B3FFF  D16,D17,D20,D24,D25,D29
19:43:07.501     6836508  FFFFFF7BB3FFF  D16,D17,D20,D24,D29
19:43:08.964     6837977  FFFFFF7FB3FFF  D16,D17,D20,D29
19:43:09.974     6838967  FFFFFF03B3FFF  D16,D17,D20,D24,D25,D26,D27,D28,D29
19:43:09.974     6838969  FFFFFF83B3FFF  D16,D17,D20,D24,D25,D26,D27,D28
19:43:11.004     6839881  FFFFFF87B3FFF  D16,D17,D20,D25,D26,D27,D28
--- FW IODebug 1.2.2 2026-08-31 LIFT=3 19:43:11 ---
19:43:11.809     6840794  FFFFFF83B3FFF  D16,D17,D20,D24,D25,D26,D27,D28
19:43:11.810     6840796  FFFFFF8BB3FFF  D16,D17,D20,D24,D26,D27,D28
19:43:12.721     6841708  FFFFFF8FB3FFF  D16,D17,D20,D26,D27,D28
19:43:13.656     6842619  FFFFFF87B3FFF  D16,D17,D20,D25,D26,D27,D28
19:43:13.657     6842621  FFFFFF83B3FFF  D16,D17,D20,D24,D25,D26,D27,D28
19:43:13.657     6842622  FFFFFF93B3FFF  D16,D17,D20,D24,D25,D27,D28
19:43:14.562     6843534  FFFFFF97B3FFF  D16,D17,D20,D25,D27,D28
19:43:15.485     6844446  FFFFFF93B3FFF  D16,D17,D20,D24,D25,D27,D28
19:43:15.485     6844448  FFFFFF9BB3FFF  D16,D17,D20,D24,D27,D28
19:43:16.381     6845321  FFFFFF9FB3FFF  D16,D17,D20,D27,D28
19:43:17.287     6846232  FFFFFF83B3FFF  D16,D17,D20,D24,D25,D26,D27,D28
19:43:17.287     6846233  FFFFFFA3B3FFF  D16,D17,D20,D24,D25,D26,D28
19:43:18.213     6847147  FFFFFFA7B3FFF  D16,D17,D20,D25,D26,D28
19:43:19.603     6848535  FFFFFFA3B3FFF  D16,D17,D20,D24,D25,D26,D28
19:43:19.604     6848537  FFFFFFABB3FFF  D16,D17,D20,D24,D26,D28
19:43:20.977     6849886  FFFFFFAFB3FFF  D16,D17,D20,D26,D28
19:43:21.900     6850797  FFFFFFA7B3FFF  D16,D17,D20,D25,D26,D28
19:43:21.900     6850799  FFFFFFA3B3FFF  D16,D17,D20,D24,D25,D26,D28
19:43:21.900     6850801  FFFFFFB3B3FFF  D16,D17,D20,D24,D25,D28
19:43:22.813     6851713  FFFFFFB7B3FFF  D16,D17,D20,D25,D28
19:43:23.696     6852584  FFFFFFB3B3FFF  D16,D17,D20,D24,D25,D28
19:43:23.696     6852586  FFFFFFBBB3FFF  D16,D17,D20,D24,D28
19:43:24.605     6853498  FFFFFFBFB3FFF  D16,D17,D20,D28
19:43:25.525     6854411  FFFFFFEFB3FFF  D16,D17,D20,D26
19:43:25.525     6854412  FFFFFFC3B3FFF  D16,D17,D20,D24,D25,D26,D27
19:43:26.445     6855325  FFFFFFC7B3FFF  D16,D17,D20,D25,D26,D27
19:43:27.356     6856237  FFFFFFC3B3FFF  D16,D17,D20,D24,D25,D26,D27
19:43:27.356     6856239  FFFFFFCBB3FFF  D16,D17,D20,D24,D26,D27
19:43:28.274     6857151  FFFFFFCFB3FFF  D16,D17,D20,D26,D27
19:43:29.413     6858261  FFFFFFC3B3FFF  D16,D17,D20,D24,D25,D26,D27
19:43:29.414     6858265  FFFFFFD3B3FFF  D16,D17,D20,D24,D25,D27
19:43:30.798     6859653  FFFFFFD7B3FFF  D16,D17,D20,D25,D27
19:43:32.281     6861120  FFFFFFD3B3FFF  D16,D17,D20,D24,D25,D27
19:43:32.281     6861122  FFFFFFDBB3FFF  D16,D17,D20,D24,D27
19:43:33.719     6862550  FFFFFFDFB3FFF  D16,D17,D20,D27
19:43:34.922     6863739  FFFFFFCFB3FFF  D16,D17,D20,D26,D27
19:43:34.922     6863741  FFFFFFE3B3FFF  D16,D17,D20,D24,D25,D26
19:43:35.964     6864774  FFFFFFE7B3FFF  D16,D17,D20,D25,D26
19:43:36.958     6865765  FFFFFFE3B3FFF  D16,D17,D20,D24,D25,D26
19:43:36.958     6865766  FFFFFFEBB3FFF  D16,D17,D20,D24,D26
19:43:38.243     6867037  FFFFFFEFB3FFF  D16,D17,D20,D26
19:43:39.683     6868463  FFFFFFE7B3FFF  D16,D17,D20,D25,D26
19:43:39.683     6868465  FFFFFFE3B3FFF  D16,D17,D20,D24,D25,D26
19:43:39.683     6868467  FFFFFFF3B3FFF  D16,D17,D20,D24,D25
--- FW IODebug 1.2.2 2026-08-31 LIFT=3 19:43:41 ---
19:43:41.664     6870292  FFFFFFF7B3FFF  D16,D17,D20,D25
19:43:41.664     6870410  FFFFFFF793FFF  D16,D17,D19,D20,D25
19:43:41.664     6870412  FFFFFFF7D3FFF  D16,D17,D19,D25
19:43:45.164     6873860  FFFFFFF7D7FFF  D17,D19,D25
19:43:45.164     6873905  FFFFFFF7F7FFF  D17,D25
19:44:06.117     6894703  FFFFFFF7D7FFF  D17,D19,D25
19:44:06.117     6894705  FFFFFFF7F7FFF  D17,D25
--- FW IODebug 1.2.2 2026-08-31 LIFT=3 19:44:11 ---
19:44:31.779     6920169  FFFFFFF7E7FFF  D17,D18,D25
19:44:31.780     6920171  FFFFFFF7F7FFF  D17,D25
--- FW IODebug 1.2.2 2026-08-31 LIFT=3 19:44:41 ---
19:44:44.617     6932911  FFFFFFF7E7FFF  D17,D18,D25
19:44:44.617     6932913  FFFFFFF7F7FFF  D17,D25
19:44:46.413     6934349  FFFFFFF7D7FFF  D17,D19,D25
19:44:46.414     6934351  FFFFFFF7F7FFF  D17,D25
19:44:46.414     6934696  FFFFFFF7D7FFF  D17,D19,D25
19:44:46.414     6934699  FFFFFFF7F7FFF  D17,D25
19:44:49.139     6937406  FFFFFFF7D7FFF  D17,D19,D25
19:44:49.139     6937407  FFFFFFF7F7FFF  D17,D25
19:45:05.156     6953298  FFFFFFF7D7FFF  D17,D19,D25
19:45:05.156     6953300  FFFFFFF7F7FFF  D17,D25
--- FW IODebug 1.2.2 2026-08-31 LIFT=3 19:45:11 ---
19:45:12.676     6960759  FFFFFFF7D7FFF  D17,D19,D25
19:45:12.676     6960761  FFFFFFF7F7FFF  D17,D25
19:45:16.833     6964896  FFFFFFF7E7FFF  D17,D18,D25
19:45:16.833     6964898  FFFFFFF7F7FFF  D17,D25
--- FW IODebug 1.2.2 2026-08-31 LIFT=3 19:45:42 ---
19:46:00.038     7007434  FFFFFFF7D7FFF  D17,D19,D25
19:46:00.038     7007436  FFFFFFF7F7FFF  D17,D25
19:46:00.038     7007771  FFFFFFF7D7FFF  D17,D19,D25
19:46:00.038     7007772  FFFFFFF7F7FFF  D17,D25
--- FW IODebug 1.2.2 2026-08-31 LIFT=3 19:46:12 ---
19:46:39.318     7046761  FFFFFFF7E7FFF  D17,D18,D25
19:46:39.318     7046763  FFFFFFF7F7FFF  D17,D25
--- FW IODebug 1.2.2 2026-08-31 LIFT=3 19:46:42 ---
19:46:44.020     7051417  FFFFFFF7E7FFF  D17,D18,D25
19:46:44.020     7051419  FFFFFFF7F7FFF  D17,D25
19:46:45.838     7053222  FFFFFFF7FFFFF  D25
19:46:46.906     7053900  FFFFFFF7F7FFF  D17,D25
19:46:46.906     7054286  FFFFFFF7D7FFF  D17,D19,D25
19:46:46.906     7054288  FFFFFFF7F7FFF  D17,D25
19:46:47.996     7055380  FFFFFFF7E7FFF  D17,D18,D25
19:46:47.996     7055382  FFFFFFF7F7FFF  D17,D25
19:46:57.092     7064396  FFFFFFF7D7FFF  D17,D19,D25
19:46:57.092     7064397  FFFFFFF7F7FFF  D17,D25
19:47:06.083     7073316  FFFFFFF7D7FFF  D17,D19,D25
19:47:06.084     7073318  FFFFFFF7F7FFF  D17,D25
--- FW IODebug 1.2.2 2026-08-31 LIFT=3 19:47:12 ---
19:47:30.007     7097069  FFFFFFF7E7FFF  D17,D18,D25
19:47:30.008     7097071  FFFFFFF7F7FFF  D17,D25
19:47:34.918     7101925  FFFFFFF7E7FFF  D17,D18,D25
19:47:34.918     7101927  FFFFFFF7F7FFF  D17,D25
19:47:36.769     7103791  FFFFFFF7E7FFF  D17,D18,D25
19:47:36.770     7103793  FFFFFFF7F7FFF  D17,D25
19:47:43.044     7109724  FFFFFFF7E7FFF  D17,D18,D25
19:47:43.044     7109726  FFFFFFF7F7FFF  D17,D25
--- FW IODebug 1.2.2 2026-08-31 LIFT=3 19:47:43 ---
19:47:44.454     7111411  FFFFFFF7E7FFF  D17,D18,D25
19:47:44.454     7111413  FFFFFFF7F7FFF  D17,D25
19:47:57.405     7124265  FFFFFFF7E7FFF  D17,D18,D25
19:47:57.405     7124268  FFFFFFF7F7FFF  D17,D25
--- FW IODebug 1.2.2 2026-08-31 LIFT=3 19:48:13 ---
19:48:14.649     7141388  FFFFFFF7E7FFF  D17,D18,D25
19:48:14.650     7141390  FFFFFFF7F7FFF  D17,D25
19:48:18.793     7145488  FFFFFFF7D7FFF  D17,D19,D25
19:48:18.793     7145490  FFFFFFF7F7FFF  D17,D25
19:48:22.251     7148926  FFFFFFF7E7FFF  D17,D18,D25
19:48:22.251     7148928  FFFFFFF7F7FFF  D17,D25
19:48:27.613     7154249  FFFFFFF7E7FFF  D17,D18,D25
19:48:27.613     7154251  FFFFFFF7F7FFF  D17,D25
19:48:29.426     7156043  FFFFFFF7E7FFF  D17,D18,D25
19:48:29.426     7156045  FFFFFFF7F7FFF  D17,D25
19:48:39.495     7166029  FFFFFFF7E7FFF  D17,D18,D25
19:48:39.495     7166031  FFFFFFF7F7FFF  D17,D25
--- FW IODebug 1.2.2 2026-08-31 LIFT=3 19:48:43 ---
19:48:50.760     7177232  FFFFFFF7D7FFF  D17,D19,D25
19:48:50.760     7177234  FFFFFFF7F7FFF  D17,D25
--- FW IODebug 1.2.2 2026-08-31 LIFT=3 19:49:13 ---
19:49:16.496     7202770  FFFFFFF7E7FFF  D17,D18,D25
19:49:16.496     7202772  FFFFFFF7F7FFF  D17,D25
19:49:21.895     7208109  FFFFFFF7D7FFF  D17,D19,D25
19:49:21.895     7208111  FFFFFFF7F7FFF  D17,D25
--- FW IODebug 1.2.2 2026-08-31 LIFT=3 19:49:43 ---
19:49:55.904     7241869  FFFFFFF7E7FFF  D17,D18,D25
19:49:55.904     7241871  FFFFFFF7F7FFF  D17,D25
19:50:06.771     7252658  FFFFFFF7E7FFF  D17,D18,D25
19:50:06.771     7252660  FFFFFFF7F7FFF  D17,D25
19:50:08.903     7254778  FFFFFFF7E7FFF  D17,D18,D25
19:50:08.904     7254780  FFFFFFF7F7FFF  D17,D25
--- FW IODebug 1.2.2 2026-08-31 LIFT=3 19:50:14 ---
19:50:25.872     7271614  FFFFFFF7E7FFF  D17,D18,D25
19:50:25.872     7271616  FFFFFFF7F7FFF  D17,D25
19:50:31.227     7276936  FFFFFFF7E7FFF  D17,D18,D25
19:50:31.227     7276937  FFFFFFF7F7FFF  D17,D25
19:50:41.454     7287098  FFFFFFF7E7FFF  D17,D18,D25
19:50:41.454     7287099  FFFFFFF7F7FFF  D17,D25
--- FW IODebug 1.2.2 2026-08-31 LIFT=3 19:50:44 ---
19:51:11.082     7316492  FFFFFFF7E7FFF  D17,D18,D25
19:51:11.082     7316494  FFFFFFF7F7FFF  D17,D25
--- FW IODebug 1.2.2 2026-08-31 LIFT=3 19:51:14 ---
19:51:21.651     7326987  FFFFFFF7E7FFF  D17,D18,D25
19:51:21.651     7326989  FFFFFFF7F7FFF  D17,D25
19:51:23.147     7328470  FFFFFFF7D7FFF  D17,D19,D25
19:51:23.147     7328472  FFFFFFF7F7FFF  D17,D25
--- FW IODebug 1.2.2 2026-08-31 LIFT=3 19:51:44 ---
19:51:48.000     7353142  FFFFFFF7D7FFF  D17,D19,D25
19:51:48.000     7353144  FFFFFFF7F7FFF  D17,D25
19:51:53.164     7358274  FFFFFFF7E7FFF  D17,D18,D25
19:51:53.164     7358276  FFFFFFF7F7FFF  D17,D25
19:51:58.428     7363488  FFFFFFF7D7FFF  D17,D19,D25
19:51:58.429     7363490  FFFFFFF7F7FFF  D17,D25
19:52:03.222     7368236  FFFFFFF7D7FFF  D17,D19,D25
19:52:03.222     7368238  FFFFFFF7F7FFF  D17,D25
19:52:04.865     7369874  FFFFFFF7D7FFF  D17,D19,D25
19:52:04.865     7369876  FFFFFFF7F7FFF  D17,D25
19:52:08.854     7373846  FFFFFFF7E7FFF  D17,D18,D25
19:52:08.854     7373848  FFFFFFF7F7FFF  D17,D25
--- FW IODebug 1.2.2 2026-08-31 LIFT=3 19:52:15 ---
19:52:28.311     7393139  FFFFFFF7D7FFF  D17,D19,D25
19:52:28.312     7393140  FFFFFFF7F7FFF  D17,D25
19:52:41.174     7405902  FFFFFFF7D7FFF  D17,D19,D25
19:52:41.174     7405904  FFFFFFF7F7FFF  D17,D25
19:52:42.314     7407043  FFFFFFF7E7FFF  D17,D18,D25
19:52:42.314     7407044  FFFFFFF7F7FFF  D17,D25
--- FW IODebug 1.2.2 2026-08-31 LIFT=3 19:52:45 ---
19:52:58.270     7422881  FFFFFFF7E7FFF  D17,D18,D25
19:52:58.270     7422883  FFFFFFF7F7FFF  D17,D25
19:52:58.992     7423605  FFFFFFF7D7FFF  D17,D19,D25
19:52:58.992     7423607  FFFFFFF7F7FFF  D17,D25
19:53:03.006     7427570  FFFFFFF7D7FFF  D17,D19,D25
19:53:03.006     7427572  FFFFFFF7F7FFF  D17,D25
19:53:07.857     7432397  FFFFFFF7E7FFF  D17,D18,D25
19:53:07.857     7432399  FFFFFFF7F7FFF  D17,D25
--- FW IODebug 1.2.2 2026-08-31 LIFT=3 19:53:15 ---
19:53:19.426     7443872  FFFFFFF7D7FFF  D17,D19,D25
19:53:19.426     7443874  FFFFFFF7F7FFF  D17,D25
--- FW IODebug 1.2.2 2026-08-31 LIFT=3 19:53:45 ---
19:53:52.147     7476345  FFFFFFF7E7FFF  D17,D18,D25
19:53:52.147     7476347  FFFFFFF7F7FFF  D17,D25
19:54:09.208     7493292  FFFFFFF7E7FFF  D17,D18,D25
19:54:09.208     7493293  FFFFFFF7F7FFF  D17,D25
19:54:15.423     7499458  FFFFFFF7E7FFF  D17,D18,D25
19:54:15.423     7499460  FFFFFFF7F7FFF  D17,D25
--- FW IODebug 1.2.2 2026-08-31 LIFT=3 19:54:15 ---
19:54:21.745     7505720  FFFFFFF7E7FFF  D17,D18,D25
19:54:21.746     7505722  FFFFFFF7F7FFF  D17,D25
19:54:23.337     7507311  FFFFFFF7D7FFF  D17,D19,D25
19:54:23.337     7507313  FFFFFFF7F7FFF  D17,D25
19:54:26.898     7510842  FFFFFFF7D7FFF  D17,D19,D25
19:54:28.290     7512231  FFFFFFF7D3FFF  D16,D17,D19,D25
19:54:32.381     7516280  FFFFFFF3D3FFF  D16,D17,D19,D24,D25
19:54:34.180     7518067  FFFFFFE3D3FFF  D16,D17,D19,D24,D25,D26
19:54:34.180     7518069  FFFFFFEFD3FFF  D16,D17,D19,D26
19:54:35.606     7519497  FFFFFFEBD3FFF  D16,D17,D19,D24,D26
19:54:36.939     7520806  FFFFFFE3D3FFF  D16,D17,D19,D24,D25,D26
19:54:36.939     7520808  FFFFFFE7D3FFF  D16,D17,D19,D25,D26
19:54:37.971     7521849  FFFFFFE3D3FFF  D16,D17,D19,D24,D25,D26
19:54:38.962     7522831  FFFFFFC3D3FFF  D16,D17,D19,D24,D25,D26,D27
19:54:38.962     7522833  FFFFFFCFD3FFF  D16,D17,D19,D26,D27
19:54:38.962     7522835  FFFFFFDFD3FFF  D16,D17,D19,D27
19:54:40.169     7524022  FFFFFFDBD3FFF  D16,D17,D19,D24,D27
19:54:42.001     7525849  FFFFFFD3D3FFF  D16,D17,D19,D24,D25,D27
19:54:42.001     7525851  FFFFFFD7D3FFF  D16,D17,D19,D25,D27
19:54:45.567     7529378  FFFFFFD7D7FFF  D17,D19,D25,D27
--- FW IODebug 1.2.2 2026-08-31 LIFT=3 19:54:46 ---
19:54:55.851     7539427  FFFFFFD7F7FFF  D17,D25,D27
19:54:55.851     7539584  FFFFFFD7D7FFF  D17,D19,D25,D27
19:54:56.769     7540497  FFFFFFD7D3FFF  D16,D17,D19,D25,D27
19:55:00.635     7544348  FFFFFFD3D3FFF  D16,D17,D19,D24,D25,D27
19:55:02.465     7546144  FFFFFFC3D3FFF  D16,D17,D19,D24,D25,D26,D27
19:55:02.465     7546146  FFFFFFCFD3FFF  D16,D17,D19,D26,D27
19:55:03.610     7547286  FFFFFFCBD3FFF  D16,D17,D19,D24,D26,D27
19:55:04.549     7548210  FFFFFFC3D3FFF  D16,D17,D19,D24,D25,D26,D27
19:55:04.549     7548211  FFFFFFC7D3FFF  D16,D17,D19,D25,D26,D27
19:55:05.409     7549072  FFFFFFC3D3FFF  D16,D17,D19,D24,D25,D26,D27
19:55:06.344     7549985  FFFFFF83D3FFF  D16,D17,D19,D24,D25,D26,D27,D28
19:55:06.344     7549987  FFFFFFAFD3FFF  D16,D17,D19,D26,D28
19:55:06.344     7549989  FFFFFFBFD3FFF  D16,D17,D19,D28
19:55:07.254     7550899  FFFFFFBBD3FFF  D16,D17,D19,D24,D28
19:55:08.181     7551812  FFFFFFB3D3FFF  D16,D17,D19,D24,D25,D28
19:55:08.181     7551813  FFFFFFB7D3FFF  D16,D17,D19,D25,D28
19:55:09.088     7552724  FFFFFFB3D3FFF  D16,D17,D19,D24,D25,D28
19:55:10.014     7553638  FFFFFFA3D3FFF  D16,D17,D19,D24,D25,D26,D28
19:55:10.014     7553640  FFFFFFAFD3FFF  D16,D17,D19,D26,D28
19:55:10.943     7554562  FFFFFFABD3FFF  D16,D17,D19,D24,D26,D28
19:55:12.282     7555900  FFFFFFA3D3FFF  D16,D17,D19,D24,D25,D26,D28
19:55:12.282     7555902  FFFFFFA7D3FFF  D16,D17,D19,D25,D26,D28
19:55:13.660     7557261  FFFFFFA3D3FFF  D16,D17,D19,D24,D25,D26,D28
19:55:14.585     7558164  FFFFFF83D3FFF  D16,D17,D19,D24,D25,D26,D27,D28
19:55:14.585     7558165  FFFFFF8FD3FFF  D16,D17,D19,D26,D27,D28
19:55:14.585     7558167  FFFFFF9FD3FFF  D16,D17,D19,D27,D28
19:55:15.493     7559076  FFFFFF9BD3FFF  D16,D17,D19,D24,D27,D28
19:55:16.417     7559990  FFFFFF93D3FFF  D16,D17,D19,D24,D25,D27,D28
19:55:16.417     7559992  FFFFFF97D3FFF  D16,D17,D19,D25,D27,D28
--- FW IODebug 1.2.2 2026-08-31 LIFT=3 19:55:16 ---
19:55:17.339     7560913  FFFFFF93D3FFF  D16,D17,D19,D24,D25,D27,D28
19:55:18.324     7561895  FFFFFF83D3FFF  D16,D17,D19,D24,D25,D26,D27,D28
19:55:18.324     7561896  FFFFFF8FD3FFF  D16,D17,D19,D26,D27,D28
19:55:19.839     7563404  FFFFFF8BD3FFF  D16,D17,D19,D24,D26,D27,D28
19:55:22.773     7566309  FFFFFF8BD7FFF  D17,D19,D24,D26,D27,D28
19:55:31.972     7574998  FFFFFF8BF7FFF  D17,D24,D26,D27,D28
19:55:31.972     7575439  FFFFFF8BE7FFF  D17,D18,D24,D26,D27,D28
19:55:31.972     7575441  FFFFFF8BF7FFF  D17,D24,D26,D27,D28
19:55:37.617     7581031  FFFFFF8BB7FFF  D17,D20,D24,D26,D27,D28
19:55:38.881     7582033  FFFFFF8BB3FFF  D16,D17,D20,D24,D26,D27,D28
19:55:38.882     7582278  FFFFFF8BA3FFF  D16,D17,D18,D20,D24,D26,D27,D28
19:55:38.882     7582280  FFFFFF8BB3FFF  D16,D17,D20,D24,D26,D27,D28
19:55:41.926     7585319  FFFFFF8FB3FFF  D16,D17,D20,D26,D27,D28
19:55:43.432     7586797  FFFFFF83B3FFF  D16,D17,D20,D24,D25,D26,D27,D28
19:55:43.432     7586800  FFFFFF93B3FFF  D16,D17,D20,D24,D25,D27,D28
19:55:44.410     7587780  FFFFFF97B3FFF  D16,D17,D20,D25,D27,D28
19:55:45.351     7588704  FFFFFF93B3FFF  D16,D17,D20,D24,D25,D27,D28
19:55:45.351     7588706  FFFFFF9BB3FFF  D16,D17,D20,D24,D27,D28
19:55:46.663     7589607  FFFFFF9FB3FFF  D16,D17,D20,D27,D28
--- FW IODebug 1.2.2 2026-08-31 LIFT=3 19:55:46 ---
19:55:47.169     7590518  FFFFFF83B3FFF  D16,D17,D20,D24,D25,D26,D27,D28
19:55:47.169     7590520  FFFFFFA3B3FFF  D16,D17,D20,D24,D25,D26,D28
19:55:48.077     7591433  FFFFFFA7B3FFF  D16,D17,D20,D25,D26,D28
19:55:49.449     7592782  FFFFFFA3B3FFF  D16,D17,D20,D24,D25,D26,D28
19:55:49.449     7592783  FFFFFFABB3FFF  D16,D17,D20,D24,D26,D28
19:55:50.821     7594133  FFFFFFAFB3FFF  D16,D17,D20,D26,D28
19:55:51.750     7595055  FFFFFFA7B3FFF  D16,D17,D20,D25,D26,D28
19:55:51.750     7595056  FFFFFFA3B3FFF  D16,D17,D20,D24,D25,D26,D28
19:55:51.750     7595058  FFFFFFB3B3FFF  D16,D17,D20,D24,D25,D28
19:55:52.707     7596009  FFFFFFB7B3FFF  D16,D17,D20,D25,D28
19:55:53.696     7596990  FFFFFFB3B3FFF  D16,D17,D20,D24,D25,D28
19:55:53.696     7596992  FFFFFFBBB3FFF  D16,D17,D20,D24,D28
19:55:55.154     7598459  FFFFFFBFB3FFF  D16,D17,D20,D28
19:55:58.040     7601314  FFFFFFBFB7FFF  D17,D20,D28
19:56:08.801     7611996  FFFFFFBFB3FFF  D16,D17,D20,D28
19:56:12.131     7615291  FFFFFFE3B3FFF  D16,D17,D20,D24,D25,D26
19:56:12.132     7615293  FFFFFFC3B3FFF  D16,D17,D20,D24,D25,D26,D27
19:56:13.609     7616761  FFFFFFC7B3FFF  D16,D17,D20,D25,D26,D27
19:56:14.648     7617792  FFFFFFC3B3FFF  D16,D17,D20,D24,D25,D26,D27
19:56:14.648     7617794  FFFFFFCBB3FFF  D16,D17,D20,D24,D26,D27
19:56:15.542     7618667  FFFFFFCFB3FFF  D16,D17,D20,D26,D27
19:56:16.878     7619827  FFFFFFC3B3FFF  D16,D17,D20,D24,D25,D26,D27
19:56:16.878     7619830  FFFFFFD3B3FFF  D16,D17,D20,D24,D25,D27
--- FW IODebug 1.2.2 2026-08-31 LIFT=3 19:56:16 ---
19:56:18.527     7621644  FFFFFFD7B3FFF  D16,D17,D20,D25,D27
19:56:21.881     7624975  FFFFFFD7B7FFF  D17,D20,D25,D27
19:56:30.727     7633753  FFFFFFD7F7FFF  D17,D25,D27
19:56:32.649     7635657  FFFFFFD7D7FFF  D17,D19,D25,D27
19:56:33.640     7636651  FFFFFFD7D3FFF  D16,D17,D19,D25,D27
19:56:37.497     7640471  FFFFFFD3D3FFF  D16,D17,D19,D24,D25,D27
19:56:39.298     7642247  FFFFFFC3D3FFF  D16,D17,D19,D24,D25,D26,D27
19:56:39.298     7642249  FFFFFFC7D3FFF  D16,D17,D19,D25,D26,D27
19:56:39.298     7642250  FFFFFFCFD3FFF  D16,D17,D19,D26,D27
19:56:40.455     7643399  FFFFFFCBD3FFF  D16,D17,D19,D24,D26,D27
19:56:41.367     7644312  FFFFFFC3D3FFF  D16,D17,D19,D24,D25,D26,D27
19:56:41.367     7644313  FFFFFFC7D3FFF  D16,D17,D19,D25,D26,D27
19:56:42.278     7645224  FFFFFFC3D3FFF  D16,D17,D19,D24,D25,D26,D27
19:56:43.178     7646098  FFFFFF83D3FFF  D16,D17,D19,D24,D25,D26,D27,D28
19:56:43.178     7646100  FFFFFFAFD3FFF  D16,D17,D19,D26,D28
19:56:43.178     7646102  FFFFFFBFD3FFF  D16,D17,D19,D28
19:56:44.086     7647010  FFFFFFBBD3FFF  D16,D17,D19,D24,D28
19:56:45.012     7647925  FFFFFFB3D3FFF  D16,D17,D19,D24,D25,D28
19:56:45.012     7647927  FFFFFFB7D3FFF  D16,D17,D19,D25,D28
19:56:45.921     7648837  FFFFFFB3D3FFF  D16,D17,D19,D24,D25,D28
19:56:47.099     7649751  FFFFFFA3D3FFF  D16,D17,D19,D24,D25,D26,D28
19:56:47.099     7649752  FFFFFFAFD3FFF  D16,D17,D19,D26,D28
--- FW IODebug 1.2.2 2026-08-31 LIFT=3 19:56:47 ---
19:56:47.779     7650663  FFFFFFABD3FFF  D16,D17,D19,D24,D26,D28
19:56:49.127     7652014  FFFFFFA3D3FFF  D16,D17,D19,D24,D25,D26,D28
19:56:49.127     7652016  FFFFFFA7D3FFF  D16,D17,D19,D25,D26,D28
19:56:50.484     7653363  FFFFFFA3D3FFF  D16,D17,D19,D24,D25,D26,D28
19:56:51.394     7654277  FFFFFF83D3FFF  D16,D17,D19,D24,D25,D26,D27,D28
19:56:51.394     7654279  FFFFFF8FD3FFF  D16,D17,D19,D26,D27,D28
19:56:51.394     7654281  FFFFFF9FD3FFF  D16,D17,D19,D27,D28
19:56:52.326     7655189  FFFFFF9BD3FFF  D16,D17,D19,D24,D27,D28
19:56:53.234     7656102  FFFFFF93D3FFF  D16,D17,D19,D24,D25,D27,D28
19:56:53.234     7656103  FFFFFF97D3FFF  D16,D17,D19,D25,D27,D28
19:56:54.160     7657016  FFFFFF93D3FFF  D16,D17,D19,D24,D25,D27,D28
19:56:55.085     7657928  FFFFFF83D3FFF  D16,D17,D19,D24,D25,D26,D27,D28
19:56:55.085     7657930  FFFFFF8FD3FFF  D16,D17,D19,D26,D27,D28
19:56:56.012     7658842  FFFFFF8BD3FFF  D16,D17,D19,D24,D26,D27,D28
19:56:56.879     7659714  FFFFFF83D3FFF  D16,D17,D19,D24,D25,D26,D27,D28
19:56:56.879     7659716  FFFFFF87D3FFF  D16,D17,D19,D25,D26,D27,D28
19:56:57.802     7660628  FFFFFF83D3FFF  D16,D17,D19,D24,D25,D26,D27,D28
19:56:58.740     7661540  FFFFFFC3D3FFF  D16,D17,D19,D24,D25,D26,D27
19:56:58.740     7661542  FFFFFF67D3FFF  D16,D17,D19,D25,D26,D29
19:56:58.740     7661544  FFFFFF7FD3FFF  D16,D17,D19,D29
19:56:59.655     7662454  FFFFFF7BD3FFF  D16,D17,D19,D24,D29
19:57:00.565     7663368  FFFFFF73D3FFF  D16,D17,D19,D24,D25,D29
19:57:00.565     7663370  FFFFFF77D3FFF  D16,D17,D19,D25,D29
19:57:01.490     7664290  FFFFFF73D3FFF  D16,D17,D19,D24,D25,D29
19:57:02.397     7665193  FFFFFF63D3FFF  D16,D17,D19,D24,D25,D26,D29
19:57:02.397     7665196  FFFFFF6FD3FFF  D16,D17,D19,D26,D29
19:57:03.322     7666107  FFFFFF6BD3FFF  D16,D17,D19,D24,D26,D29
19:57:04.328     7667098  FFFFFF63D3FFF  D16,D17,D19,D24,D25,D26,D29
19:57:04.328     7667100  FFFFFF67D3FFF  D16,D17,D19,D25,D26,D29
19:57:05.845     7668608  FFFFFF63D3FFF  D16,D17,D19,D24,D25,D26,D29
19:57:08.802     7671502  FFFFFF63D7FFF  D17,D19,D24,D25,D26,D29
19:57:08.802     7671546  FFFFFF63F7FFF  D17,D24,D25,D26,D29
19:57:12.150     7674866  FFFFFF63D7FFF  D17,D19,D24,D25,D26,D29
19:57:12.150     7674868  FFFFFF63F7FFF  D17,D24,D25,D26,D29
--- FW IODebug 1.2.2 2026-08-31 LIFT=3 19:57:17 ---
19:57:23.088     7685225  FFFFFF63E7FFF  D17,D18,D24,D25,D26,D29
19:57:23.088     7685226  FFFFFF63F7FFF  D17,D24,D25,D26,D29
19:57:23.088     7685361  FFFFFF63B7FFF  D17,D20,D24,D25,D26,D29
19:57:23.088     7685734  FFFFFF63A7FFF  D17,D18,D20,D24,D25,D26,D29
19:57:23.089     7685735  FFFFFF63B7FFF  D17,D20,D24,D25,D26,D29
19:57:23.732     7686353  FFFFFF63B3FFF  D16,D17,D20,D24,D25,D26,D29
19:57:27.090     7689690  FFFFFF67B3FFF  D16,D17,D20,D25,D26,D29
19:57:28.568     7691157  FFFFFF63B3FFF  D16,D17,D20,D24,D25,D26,D29
19:57:28.568     7691159  FFFFFF6BB3FFF  D16,D17,D20,D24,D26,D29
19:57:29.575     7692150  FFFFFF6FB3FFF  D16,D17,D20,D26,D29
19:57:30.487     7693062  FFFFFF67B3FFF  D16,D17,D20,D25,D26,D29
19:57:30.487     7693064  FFFFFF63B3FFF  D16,D17,D20,D24,D25,D26,D29
19:57:30.487     7693066  FFFFFF73B3FFF  D16,D17,D20,D24,D25,D29
19:57:31.393     7693976  FFFFFF77B3FFF  D16,D17,D20,D25,D29
19:57:32.316     7694888  FFFFFF73B3FFF  D16,D17,D20,D24,D25,D29
19:57:32.316     7694891  FFFFFF7BB3FFF  D16,D17,D20,D24,D29
19:57:33.244     7695803  FFFFFF7FB3FFF  D16,D17,D20,D29
19:57:34.163     7696714  FFFFFF07B3FFF  D16,D17,D20,D25,D26,D27,D28,D29
19:57:34.163     7696716  FFFFFF83B3FFF  D16,D17,D20,D24,D25,D26,D27,D28
19:57:35.090     7697629  FFFFFF87B3FFF  D16,D17,D20,D25,D26,D27,D28
19:57:36.014     7698541  FFFFFF83B3FFF  D16,D17,D20,D24,D25,D26,D27,D28
19:57:36.014     7698543  FFFFFF8BB3FFF  D16,D17,D20,D24,D26,D27,D28
19:57:36.924     7699456  FFFFFF8FB3FFF  D16,D17,D20,D26,D27,D28
19:57:37.800     7700327  FFFFFF87B3FFF  D16,D17,D20,D25,D26,D27,D28
19:57:37.800     7700329  FFFFFF83B3FFF  D16,D17,D20,D24,D25,D26,D27,D28
19:57:37.800     7700331  FFFFFF93B3FFF  D16,D17,D20,D24,D25,D27,D28
19:57:38.735     7701241  FFFFFF97B3FFF  D16,D17,D20,D25,D27,D28
19:57:39.645     7702154  FFFFFF93B3FFF  D16,D17,D20,D24,D25,D27,D28
19:57:39.645     7702156  FFFFFF9BB3FFF  D16,D17,D20,D24,D27,D28
19:57:40.571     7703068  FFFFFF9FB3FFF  D16,D17,D20,D27,D28
19:57:41.479     7703980  FFFFFF87B3FFF  D16,D17,D20,D25,D26,D27,D28
19:57:41.479     7703982  FFFFFFA3B3FFF  D16,D17,D20,D24,D25,D26,D28
19:57:42.403     7704894  FFFFFFA7B3FFF  D16,D17,D20,D25,D26,D28
19:57:43.776     7706243  FFFFFFA3B3FFF  D16,D17,D20,D24,D25,D26,D28
19:57:43.776     7706245  FFFFFFABB3FFF  D16,D17,D20,D24,D26,D28
19:57:45.125     7707593  FFFFFFAFB3FFF  D16,D17,D20,D26,D28
19:57:46.044     7708506  FFFFFFA3B3FFF  D16,D17,D20,D24,D25,D26,D28
19:57:46.044     7708509  FFFFFFB3B3FFF  D16,D17,D20,D24,D25,D28
19:57:46.960     7709420  FFFFFFB7B3FFF  D16,D17,D20,D25,D28
--- FW IODebug 1.2.2 2026-08-31 LIFT=3 19:57:47 ---
19:57:47.880     7710332  FFFFFFB3B3FFF  D16,D17,D20,D24,D25,D28
19:57:47.880     7710334  FFFFFFBBB3FFF  D16,D17,D20,D24,D28
19:57:48.799     7711246  FFFFFFBFB3FFF  D16,D17,D20,D28
19:57:49.732     7712157  FFFFFFB7B3FFF  D16,D17,D20,D25,D28
19:57:49.733     7712159  FFFFFFC3B3FFF  D16,D17,D20,D24,D25,D26,D27
19:57:50.608     7713033  FFFFFFC7B3FFF  D16,D17,D20,D25,D26,D27
19:57:51.513     7713944  FFFFFFC3B3FFF  D16,D17,D20,D24,D25,D26,D27
19:57:51.513     7713946  FFFFFFCBB3FFF  D16,D17,D20,D24,D26,D27
19:57:52.448     7714859  FFFFFFCFB3FFF  D16,D17,D20,D26,D27
19:57:53.606     7716008  FFFFFFC7B3FFF  D16,D17,D20,D25,D26,D27
19:57:53.606     7716011  FFFFFFC3B3FFF  D16,D17,D20,D24,D25,D26,D27
19:57:53.606     7716013  FFFFFFD3B3FFF  D16,D17,D20,D24,D25,D27
19:57:54.999     7717399  FFFFFFD7B3FFF  D16,D17,D20,D25,D27
19:57:56.447     7718828  FFFFFFD3B3FFF  D16,D17,D20,D24,D25,D27
19:57:56.448     7718830  FFFFFFDBB3FFF  D16,D17,D20,D24,D27
19:57:57.923     7720297  FFFFFFDFB3FFF  D16,D17,D20,D27
19:57:59.143     7721487  FFFFFFC7B3FFF  D16,D17,D20,D25,D26,D27
19:57:59.143     7721489  FFFFFFE3B3FFF  D16,D17,D20,D24,D25,D26
19:58:00.135     7722481  FFFFFFE7B3FFF  D16,D17,D20,D25,D26
19:58:01.136     7723472  FFFFFFE3B3FFF  D16,D17,D20,D24,D25,D26
19:58:01.136     7723474  FFFFFFEBB3FFF  D16,D17,D20,D24,D26
19:58:02.427     7724783  FFFFFFEFB3FFF  D16,D17,D20,D26
19:58:03.886     7726212  FFFFFFE3B3FFF  D16,D17,D20,D24,D25,D26
19:58:03.886     7726215  FFFFFFF3B3FFF  D16,D17,D20,D24,D25
19:58:05.764     7728038  FFFFFFF7B3FFF  D16,D17,D20,D25
19:58:05.764     7728078  FFFFFFF793FFF  D16,D17,D19,D20,D25
19:58:05.764     7728079  FFFFFFF7D3FFF  D16,D17,D19,D25
19:58:09.443     7731617  FFFFFFF7D7FFF  D17,D19,D25
19:58:09.443     7731731  FFFFFFF7F7FFF  D17,D25
--- FW IODebug 1.2.2 2026-08-31 LIFT=3 19:58:17 ---
19:58:18.588     7740797  FFFFFFF7E7FFF  D17,D18,D25
19:58:18.588     7740798  FFFFFFF7F7FFF  D17,D25
19:58:24.248     7746414  FFFFFFF7D7FFF  D17,D19,D25
19:58:24.248     7746416  FFFFFFF7F7FFF  D17,D25
19:58:41.785     7763843  FFFFFFF7E7FFF  D17,D18,D25
19:58:41.785     7763845  FFFFFFF7F7FFF  D17,D25
19:58:45.336     7767339  FFFFFFF7D7FFF  D17,D19,D25
19:58:45.336     7767341  FFFFFFF7F7FFF  D17,D25
--- FW IODebug 1.2.2 2026-08-31 LIFT=3 19:58:47 ---
19:59:05.826     7787694  FFFFFFF7D7FFF  D17,D19,D25
19:59:05.826     7787696  FFFFFFF7F7FFF  D17,D25
19:59:11.091     7792899  FFFFFFF7E7FFF  D17,D18,D25
19:59:11.091     7792900  FFFFFFF7F7FFF  D17,D25
19:59:13.092     7794711  FFFFFFF7E7FFF  D17,D18,D25
19:59:13.092     7794713  FFFFFFF7F7FFF  D17,D25
19:59:13.093     7794905  FFFFFFF7E7FFF  D17,D18,D25
19:59:13.093     7794906  FFFFFFF7F7FFF  D17,D25
--- FW IODebug 1.2.2 2026-08-31 LIFT=3 19:59:18 ---
19:59:24.790     7806511  FFFFFFF7D7FFF  D17,D19,D25
19:59:24.790     7806513  FFFFFFF7F7FFF  D17,D25
19:59:26.130     7807835  FFFFFFF7E7FFF  D17,D18,D25
19:59:26.130     7807837  FFFFFFF7F7FFF  D17,D25
19:59:26.692     7808401  FFFFFFF7E7FFF  D17,D18,D25
19:59:26.693     7808403  FFFFFFF7F7FFF  D17,D25
19:59:34.877     7816534  FFFFFFF7D7FFF  D17,D19,D25
19:59:34.877     7816536  FFFFFFF7F7FFF  D17,D25
--- FW IODebug 1.2.2 2026-08-31 LIFT=3 19:59:48 ---
19:59:50.374     7831921  FFFFFFF7D7FFF  D17,D19,D25
19:59:50.374     7831922  FFFFFFF7F7FFF  D17,D25
19:59:54.796     7836297  FFFFFFF7D7FFF  D17,D19,D25
19:59:54.796     7836298  FFFFFFF7F7FFF  D17,D25
--- FW IODebug 1.2.2 2026-08-31 LIFT=3 20:00:18 ---
20:00:34.773     7875958  FFFFFFF7E7FFF  D17,D18,D25
20:00:34.773     7875959  FFFFFFF7F7FFF  D17,D25
20:00:41.174     7882337  FFFFFFF7E7FFF  D17,D18,D25
20:00:41.174     7882339  FFFFFFF7F7FFF  D17,D25
--- FW IODebug 1.2.2 2026-08-31 LIFT=3 20:00:48 ---
20:01:10.114     7911059  FFFFFFF7FFFFF  D25
20:01:10.793     7911727  FFFFFFF7F7FFF  D17,D25
--- FW IODebug 1.2.2 2026-08-31 LIFT=3 20:01:19 ---
20:01:21.657     7922500  FFFFFFF7E7FFF  D17,D18,D25
20:01:21.657     7922502  FFFFFFF7F7FFF  D17,D25
20:01:22.380     7923229  FFFFFFF7D7FFF  D17,D19,D25
20:01:22.380     7923231  FFFFFFF7F7FFF  D17,D25
20:01:23.137     7923984  FFFFFFF7E7FFF  D17,D18,D25
20:01:23.137     7923986  FFFFFFF7F7FFF  D17,D25
--- FW IODebug 1.2.2 2026-08-31 LIFT=3 20:01:49 ---
20:01:57.410     7957998  FFFFFFF7D7FFF  D17,D19,D25
20:01:57.410     7958000  FFFFFFF7F7FFF  D17,D25
20:02:05.575     7966094  FFFFFFF7E7FFF  D17,D18,D25
20:02:05.575     7966096  FFFFFFF7F7FFF  D17,D25
20:02:07.136     7967630  FFFFFFF7E7FFF  D17,D18,D25
20:02:07.136     7967632  FFFFFFF7F7FFF  D17,D25
--- FW IODebug 1.2.2 2026-08-31 LIFT=3 20:02:20 ---
20:02:20.184     7980140  FFFFFFF7E7FFF  D17,D18,D25
20:02:20.184     7980141  FFFFFFF7F7FFF  D17,D25
20:02:20.184     7980604  FFFFFFF7E7FFF  D17,D18,D25
20:02:20.185     7980605  FFFFFFF7F7FFF  D17,D25
20:02:23.999     7984381  FFFFFFF7D7FFF  D17,D19,D25
20:02:23.999     7984384  FFFFFFF7F7FFF  D17,D25
--- FW IODebug 1.2.2 2026-08-31 LIFT=3 20:02:49 ---
20:03:12.784     8032816  FFFFFFF7D7FFF  D17,D19,D25
20:03:12.784     8032818  FFFFFFF7F7FFF  D17,D25
--- FW IODebug 1.2.2 2026-08-31 LIFT=3 20:03:20 ---
20:03:31.267     8051151  FFFFFFF7E7FFF  D17,D18,D25
20:03:31.267     8051153  FFFFFFF7F7FFF  D17,D25
20:03:32.736     8052609  FFFFFFF7D7FFF  D17,D19,D25
20:03:32.736     8052611  FFFFFFF7F7FFF  D17,D25
20:03:40.437     8060262  FFFFFFF7D7FFF  D17,D19,D25
20:03:40.437     8060264  FFFFFFF7F7FFF  D17,D25
20:03:44.413     8064202  FFFFFFF7D7FFF  D17,D19,D25
20:03:44.413     8064204  FFFFFFF7F7FFF  D17,D25
--- FW IODebug 1.2.2 2026-08-31 LIFT=3 20:03:50 ---
--- FW IODebug 1.2.2 2026-08-31 LIFT=3 20:04:20 ---
20:04:20.621     8100141  FFFFFFF7D7FFF  D17,D19,D25
20:04:21.978     8101491  FFFFFFF7D3FFF  D16,D17,D19,D25
20:04:26.065     8105540  FFFFFFF3D3FFF  D16,D17,D19,D24,D25
20:04:27.911     8107366  FFFFFFE3D3FFF  D16,D17,D19,D24,D25,D26
20:04:27.912     8107368  FFFFFFEFD3FFF  D16,D17,D19,D26
20:04:29.344     8108795  FFFFFFEBD3FFF  D16,D17,D19,D24,D26
20:04:30.637     8110066  FFFFFFE3D3FFF  D16,D17,D19,D24,D25,D26
20:04:30.637     8110068  FFFFFFE7D3FFF  D16,D17,D19,D25,D26
20:04:31.665     8111097  FFFFFFE3D3FFF  D16,D17,D19,D24,D25,D26
20:04:32.656     8112091  FFFFFFC3D3FFF  D16,D17,D19,D24,D25,D26,D27
20:04:32.656     8112093  FFFFFFCFD3FFF  D16,D17,D19,D26,D27
20:04:32.656     8112095  FFFFFFDFD3FFF  D16,D17,D19,D27
20:04:33.875     8113282  FFFFFFDBD3FFF  D16,D17,D19,D24,D27
20:04:35.316     8114710  FFFFFFD3D3FFF  D16,D17,D19,D24,D25,D27
20:04:35.316     8114712  FFFFFFD7D3FFF  D16,D17,D19,D25,D27
20:04:36.799     8116178  FFFFFFD3D3FFF  D16,D17,D19,D24,D25,D27
20:04:38.178     8117568  FFFFFFC3D3FFF  D16,D17,D19,D24,D25,D26,D27
20:04:38.178     8117570  FFFFFFCFD3FFF  D16,D17,D19,D26,D27
20:04:39.347     8118720  FFFFFFCBD3FFF  D16,D17,D19,D24,D26,D27
20:04:40.341     8119713  FFFFFFC3D3FFF  D16,D17,D19,D24,D25,D26,D27
20:04:40.341     8119715  FFFFFFC7D3FFF  D16,D17,D19,D25,D26,D27
20:04:42.053     8121182  FFFFFFC3D3FFF  D16,D17,D19,D24,D25,D26,D27
20:04:42.053     8121262  FFFFFFC393FFF  D16,D17,D19,D20,D24,D25,D26,D27
20:04:42.053     8121421  FFFFFFC3B3FFF  D16,D17,D20,D24,D25,D26,D27
20:04:44.812     8124155  FFFFFFC3B7FFF  D17,D20,D24,D25,D26,D27
20:04:48.825     8128125  FFFFFFC397FFF  D17,D19,D20,D24,D25,D26,D27
20:04:48.825     8128128  FFFFFFC3B7FFF  D17,D20,D24,D25,D26,D27
--- FW IODebug 1.2.2 2026-08-31 LIFT=3 20:04:50 ---
20:04:55.538     8134719  FFFFFFC3B3FFF  D16,D17,D20,D24,D25,D26,D27
20:04:55.538     8134797  FFFFFFC3A3FFF  D16,D17,D18,D20,D24,D25,D26,D27
20:04:55.538     8134799  FFFFFFC3B3FFF  D16,D17,D20,D24,D25,D26,D27
20:04:57.035     8136286  FFFFFFC393FFF  D16,D17,D19,D20,D24,D25,D26,D27
20:04:57.035     8136288  FFFFFFC3B3FFF  D16,D17,D20,D24,D25,D26,D27
20:04:58.800     8138015  FFFFFFC7B3FFF  D16,D17,D20,D25,D26,D27
20:05:00.269     8139483  FFFFFFC3B3FFF  D16,D17,D20,D24,D25,D26,D27
20:05:00.269     8139485  FFFFFFCBB3FFF  D16,D17,D20,D24,D26,D27
20:05:01.297     8140517  FFFFFFCFB3FFF  D16,D17,D20,D26,D27
20:05:02.455     8141667  FFFFFFC3B3FFF  D16,D17,D20,D24,D25,D26,D27
20:05:02.455     8141670  FFFFFFD3B3FFF  D16,D17,D20,D24,D25,D27
20:05:04.288     8143494  FFFFFFD7B3FFF  D16,D17,D20,D25,D27
20:05:07.717     8146864  FFFFFFD7B7FFF  D17,D20,D25,D27
20:05:16.462     8155564  FFFFFFD7F7FFF  D17,D25,D27
20:05:17.912     8157009  FFFFFFD7D7FFF  D17,D19,D25,D27
20:05:17.912     8157011  FFFFFFD7F7FFF  D17,D25,D27
--- FW IODebug 1.2.2 2026-08-31 LIFT=3 20:05:20 ---
20:05:22.088     8161146  FFFFFFD7E7FFF  D17,D18,D25,D27
20:05:22.088     8161148  FFFFFFD7F7FFF  D17,D25,D27
20:05:22.693     8161756  FFFFFFD7B7FFF  D17,D20,D25,D27
20:05:23.672     8162707  FFFFFFD7B3FFF  D16,D17,D20,D25,D27
20:05:27.544     8166558  FFFFFFD3B3FFF  D16,D17,D20,D24,D25,D27
20:05:27.544     8166560  FFFFFFDBB3FFF  D16,D17,D20,D24,D27
20:05:29.393     8168386  FFFFFFDFB3FFF  D16,D17,D20,D27
20:05:30.579     8169575  FFFFFFC7B3FFF  D16,D17,D20,D25,D26,D27
20:05:30.579     8169577  FFFFFFE3B3FFF  D16,D17,D20,D24,D25,D26
20:05:31.617     8170609  FFFFFFE7B3FFF  D16,D17,D20,D25,D26
20:05:32.627     8171600  FFFFFFE3B3FFF  D16,D17,D20,D24,D25,D26
20:05:32.628     8171602  FFFFFFEBB3FFF  D16,D17,D20,D24,D26
20:05:33.934     8172911  FFFFFFEFB3FFF  D16,D17,D20,D26
20:05:35.733     8174340  FFFFFFE3B3FFF  D16,D17,D20,D24,D25,D26
20:05:35.733     8174343  FFFFFFF3B3FFF  D16,D17,D20,D24,D25
20:05:35.733     8174686  FFFFFFF3A3FFF  D16,D17,D18,D20,D24,D25
20:05:35.733     8174688  FFFFFFF3B3FFF  D16,D17,D20,D24,D25
20:05:37.170     8176126  FFFFFFF7B3FFF  D16,D17,D20,D25
20:05:40.944     8179735  FFFFFFF7B7FFF  D17,D20,D25
20:05:40.944     8179860  FFFFFFF7F7FFF  D17,D25
--- FW IODebug 1.2.2 2026-08-31 LIFT=3 20:05:51 ---
--- FW IODebug 1.2.2 2026-08-31 LIFT=3 20:06:21 ---
20:06:41.393     8239860  FFFFFFF7F7FFF  D17,D25
20:06:43.972     8242432  FFFFFFF7E7FFF  D17,D18,D25
20:06:43.972     8242433  FFFFFFF7F7FFF  D17,D25
20:06:49.815     8248232  FFFFFFF7D7FFF  D17,D19,D25
20:06:49.815     8248233  FFFFFFF7F7FFF  D17,D25
--- FW IODebug 1.2.2 2026-08-31 LIFT=3 20:06:51 ---
20:06:58.051     8256395  FFFFFFF7F3FFF  D16,D17,D25
20:06:58.051     8256396  FFFFFFF7F7FFF  D17,D25
20:07:13.220     8271443  FFFFFFF7E7FFF  D17,D18,D25
20:07:13.220     8271446  FFFFFFF7F7FFF  D17,D25
--- FW IODebug 1.2.2 2026-08-31 LIFT=3 20:07:21 ---
20:07:35.270     8293346  FFFFFFF7D7FFF  D17,D19,D25
20:07:35.270     8293348  FFFFFFF7F7FFF  D17,D25
20:07:36.782     8294834  FFFFFFF7D7FFF  D17,D19,D25
20:07:36.782     8294836  FFFFFFF7F7FFF  D17,D25
20:07:49.576     8307535  FFFFFFF7E7FFF  D17,D18,D25
20:07:49.576     8307536  FFFFFFF7F7FFF  D17,D25
--- FW IODebug 1.2.2 2026-08-31 LIFT=3 20:07:52 ---
20:08:10.640     8328446  FFFFFFF7E7FFF  D17,D18,D25
20:08:10.640     8328449  FFFFFFF7F7FFF  D17,D25
--- FW IODebug 1.2.2 2026-08-31 LIFT=3 20:08:22 ---
20:08:33.589     8351222  FFFFFFF7D7FFF  D17,D19,D25
20:08:33.589     8351224  FFFFFFF7F7FFF  D17,D25
20:08:34.208     8351832  FFFFFFF7D7FFF  D17,D19,D25
20:08:34.209     8351834  FFFFFFF7F7FFF  D17,D25
20:08:41.636     8359187  FFFFFFF7FFFFF  D25
20:08:42.306     8359855  FFFFFFF7F7FFF  D17,D25
20:08:44.000     8361551  FFFFFFF7E7FFF  D17,D18,D25
20:08:44.000     8361552  FFFFFFF7F7FFF  D17,D25
20:08:46.475     8364006  FFFFFFF7E7FFF  D17,D18,D25
20:08:46.475     8364008  FFFFFFF7F7FFF  D17,D25
--- FW IODebug 1.2.2 2026-08-31 LIFT=3 20:08:52 ---
20:08:56.989     8374453  FFFFFFF7E7FFF  D17,D18,D25
20:08:56.989     8374455  FFFFFFF7F7FFF  D17,D25
20:09:00.834     8378248  FFFFFFF7E7FFF  D17,D18,D25
20:09:00.834     8378249  FFFFFFF7F7FFF  D17,D25
20:09:09.356     8386713  FFFFFFF7D7FFF  D17,D19,D25
20:09:09.356     8386715  FFFFFFF7F7FFF  D17,D25
20:09:10.904     8388261  FFFFFFF7E7FFF  D17,D18,D25
20:09:10.905     8388263  FFFFFFF7F7FFF  D17,D25
20:09:17.943     8395235  FFFFFFF7E7FFF  D17,D18,D25
20:09:17.943     8395237  FFFFFFF7F7FFF  D17,D25
--- FW IODebug 1.2.2 2026-08-31 LIFT=3 20:09:22 ---
20:09:25.155     8402398  FFFFFFF7E7FFF  D17,D18,D25
20:09:25.156     8402400  FFFFFFF7F7FFF  D17,D25
20:09:43.327     8420436  FFFFFFF7D7FFF  D17,D19,D25
--- FW IODebug 1.2.2 2026-08-31 LIFT=3 20:09:52 ---
20:09:57.435     8434451  FFFFFFF7D3FFF  D16,D17,D19,D25
20:10:01.535     8438500  FFFFFFF3D3FFF  D16,D17,D19,D24,D25
20:10:03.324     8440286  FFFFFFE3D3FFF  D16,D17,D19,D24,D25,D26
20:10:03.325     8440288  FFFFFFEFD3FFF  D16,D17,D19,D26
20:10:04.765     8441715  FFFFFFEBD3FFF  D16,D17,D19,D24,D26
20:10:06.074     8443026  FFFFFFE3D3FFF  D16,D17,D19,D24,D25,D26
20:10:06.074     8443027  FFFFFFE7D3FFF  D16,D17,D19,D25,D26
20:10:07.090     8444017  FFFFFFE3D3FFF  D16,D17,D19,D24,D25,D26
20:10:08.122     8445049  FFFFFFC3D3FFF  D16,D17,D19,D24,D25,D26,D27
20:10:08.122     8445051  FFFFFFCFD3FFF  D16,D17,D19,D26,D27
20:10:08.122     8445053  FFFFFFDFD3FFF  D16,D17,D19,D27
20:10:09.326     8446241  FFFFFFDBD3FFF  D16,D17,D19,D24,D27
20:10:10.773     8447670  FFFFFFD3D3FFF  D16,D17,D19,D24,D25,D27
20:10:10.773     8447672  FFFFFFD7D3FFF  D16,D17,D19,D25,D27
20:10:12.204     8449099  FFFFFFD3D3FFF  D16,D17,D19,D24,D25,D27
20:10:13.657     8450528  FFFFFFC3D3FFF  D16,D17,D19,D24,D25,D26,D27
20:10:13.657     8450530  FFFFFFCFD3FFF  D16,D17,D19,D26,D27
20:10:14.751     8451640  FFFFFFCBD3FFF  D16,D17,D19,D24,D26,D27
20:10:15.677     8452553  FFFFFFC3D3FFF  D16,D17,D19,D24,D25,D26,D27
20:10:15.677     8452555  FFFFFFC7D3FFF  D16,D17,D19,D25,D26,D27
20:10:16.594     8453467  FFFFFFC3D3FFF  D16,D17,D19,D24,D25,D26,D27
20:10:17.547     8454379  FFFFFF83D3FFF  D16,D17,D19,D24,D25,D26,D27,D28
20:10:17.547     8454381  FFFFFFAFD3FFF  D16,D17,D19,D26,D28
20:10:17.547     8454383  FFFFFFBFD3FFF  D16,D17,D19,D28
20:10:18.438     8455291  FFFFFFBBD3FFF  D16,D17,D19,D24,D28
20:10:19.374     8456205  FFFFFFB3D3FFF  D16,D17,D19,D24,D25,D28
20:10:19.375     8456207  FFFFFFB7D3FFF  D16,D17,D19,D25,D28
20:10:20.290     8457118  FFFFFFB3D3FFF  D16,D17,D19,D24,D25,D28
20:10:21.169     8457992  FFFFFFA3D3FFF  D16,D17,D19,D24,D25,D26,D28
20:10:21.169     8457993  FFFFFFAFD3FFF  D16,D17,D19,D26,D28
20:10:22.086     8458905  FFFFFFABD3FFF  D16,D17,D19,D24,D26,D28
--- FW IODebug 1.2.2 2026-08-31 LIFT=3 20:10:23 ---
20:10:23.506     8460295  FFFFFFA3D3FFF  D16,D17,D19,D24,D25,D26,D28
20:10:23.506     8460297  FFFFFFA7D3FFF  D16,D17,D19,D25,D26,D28
20:10:24.837     8461644  FFFFFFA3D3FFF  D16,D17,D19,D24,D25,D26,D28
20:10:25.763     8462558  FFFFFF83D3FFF  D16,D17,D19,D24,D25,D26,D27,D28
20:10:25.764     8462560  FFFFFF8FD3FFF  D16,D17,D19,D26,D27,D28
20:10:25.764     8462562  FFFFFF9FD3FFF  D16,D17,D19,D27,D28
20:10:26.707     8463480  FFFFFF9BD3FFF  D16,D17,D19,D24,D27,D28
20:10:27.564     8464344  FFFFFF93D3FFF  D16,D17,D19,D24,D25,D27,D28
20:10:27.564     8464346  FFFFFF97D3FFF  D16,D17,D19,D25,D27,D28
20:10:28.472     8465257  FFFFFF93D3FFF  D16,D17,D19,D24,D25,D27,D28
20:10:29.409     8466169  FFFFFF83D3FFF  D16,D17,D19,D24,D25,D26,D27,D28
20:10:29.409     8466171  FFFFFF8FD3FFF  D16,D17,D19,D26,D27,D28
20:10:30.322     8467083  FFFFFF8BD3FFF  D16,D17,D19,D24,D26,D27,D28
20:10:31.238     8467996  FFFFFF83D3FFF  D16,D17,D19,D24,D25,D26,D27,D28
20:10:31.239     8467998  FFFFFF87D3FFF  D16,D17,D19,D25,D26,D27,D28
20:10:32.166     8468910  FFFFFF83D3FFF  D16,D17,D19,D24,D25,D26,D27,D28
20:10:33.105     8469822  FFFFFF43D3FFF  D16,D17,D19,D24,D25,D26,D27,D29
20:10:33.105     8469824  FFFFFF6FD3FFF  D16,D17,D19,D26,D29
20:10:33.105     8469826  FFFFFF7FD3FFF  D16,D17,D19,D29
20:10:33.965     8470695  FFFFFF7BD3FFF  D16,D17,D19,D24,D29
20:10:34.888     8471609  FFFFFF73D3FFF  D16,D17,D19,D24,D25,D29
20:10:34.889     8471611  FFFFFF77D3FFF  D16,D17,D19,D25,D29
20:10:35.818     8472532  FFFFFF73D3FFF  D16,D17,D19,D24,D25,D29
20:10:36.742     8473435  FFFFFF63D3FFF  D16,D17,D19,D24,D25,D26,D29
20:10:36.742     8473437  FFFFFF6FD3FFF  D16,D17,D19,D26,D29
20:10:37.646     8474348  FFFFFF6BD3FFF  D16,D17,D19,D24,D26,D29
20:10:38.561     8475261  FFFFFF63D3FFF  D16,D17,D19,D24,D25,D26,D29
20:10:38.561     8475262  FFFFFF67D3FFF  D16,D17,D19,D25,D26,D29
20:10:39.487     8476184  FFFFFF63D3FFF  D16,D17,D19,D24,D25,D26,D29
20:10:40.449     8477127  FFFFFF43D3FFF  D16,D17,D19,D24,D25,D26,D27,D29
20:10:40.450     8477128  FFFFFF4FD3FFF  D16,D17,D19,D26,D27,D29
20:10:40.450     8477130  FFFFFF5FD3FFF  D16,D17,D19,D27,D29
20:10:41.393     8478080  FFFFFF5BD3FFF  D16,D17,D19,D24,D27,D29
20:10:42.374     8479033  FFFFFF53D3FFF  D16,D17,D19,D24,D25,D27,D29
20:10:42.374     8479034  FFFFFF57D3FFF  D16,D17,D19,D25,D27,D29
20:10:43.411     8480065  FFFFFF53D3FFF  D16,D17,D19,D24,D25,D27,D29
20:10:44.922     8481572  FFFFFF43D3FFF  D16,D17,D19,D24,D25,D26,D27,D29
20:10:44.923     8481574  FFFFFF4FD3FFF  D16,D17,D19,D26,D27,D29
20:10:47.952     8484587  FFFFFF4FD7FFF  D17,D19,D26,D27,D29
20:10:52.606     8489192  FFFFFF4FC7FFF  D17,D18,D19,D26,D27,D29
20:10:52.607     8489194  FFFFFF4FD7FFF  D17,D19,D26,D27,D29
--- FW IODebug 1.2.2 2026-08-31 LIFT=3 20:10:53 ---
20:10:56.605     8493167  FFFFFF4FF7FFF  D17,D26,D27,D29
20:11:02.692     8499201  FFFFFF4FB7FFF  D17,D20,D26,D27,D29
20:11:03.636     8500153  FFFFFF4FB3FFF  D16,D17,D20,D26,D27,D29
20:11:07.044     8503527  FFFFFF43B3FFF  D16,D17,D20,D24,D25,D26,D27,D29
20:11:07.044     8503530  FFFFFF53B3FFF  D16,D17,D20,D24,D25,D27,D29
20:11:08.523     8504997  FFFFFF57B3FFF  D16,D17,D20,D25,D27,D29
20:11:09.578     8506029  FFFFFF53B3FFF  D16,D17,D20,D24,D25,D27,D29
20:11:09.578     8506030  FFFFFF5BB3FFF  D16,D17,D20,D24,D27,D29
20:11:10.522     8506982  FFFFFF5FB3FFF  D16,D17,D20,D27,D29
20:11:11.561     8507934  FFFFFF43B3FFF  D16,D17,D20,D24,D25,D26,D27,D29
20:11:11.561     8507935  FFFFFF63B3FFF  D16,D17,D20,D24,D25,D26,D29
20:11:11.561     8508000  FFFFFF63A3FFF  D16,D17,D18,D20,D24,D25,D26,D29
20:11:11.561     8508002  FFFFFF63B3FFF  D16,D17,D20,D24,D25,D26,D29
20:11:12.431     8508888  FFFFFF67B3FFF  D16,D17,D20,D25,D26,D29
20:11:13.367     8509800  FFFFFF63B3FFF  D16,D17,D20,D24,D25,D26,D29
20:11:13.367     8509802  FFFFFF6BB3FFF  D16,D17,D20,D24,D26,D29
20:11:14.281     8510713  FFFFFF6FB3FFF  D16,D17,D20,D26,D29
20:11:15.207     8511626  FFFFFF63B3FFF  D16,D17,D20,D24,D25,D26,D29
20:11:15.207     8511629  FFFFFF73B3FFF  D16,D17,D20,D24,D25,D29
20:11:16.116     8512540  FFFFFF77B3FFF  D16,D17,D20,D25,D29
20:11:17.006     8513412  FFFFFF73B3FFF  D16,D17,D20,D24,D25,D29
20:11:17.007     8513414  FFFFFF7BB3FFF  D16,D17,D20,D24,D29
20:11:17.916     8514326  FFFFFF7FB3FFF  D16,D17,D20,D29
20:11:18.857     8515238  FFFFFF23B3FFF  D16,D17,D20,D24,D25,D26,D28,D29
20:11:18.857     8515240  FFFFFF83B3FFF  D16,D17,D20,D24,D25,D26,D27,D28
20:11:19.771     8516153  FFFFFF87B3FFF  D16,D17,D20,D25,D26,D27,D28
20:11:20.696     8517064  FFFFFF83B3FFF  D16,D17,D20,D24,D25,D26,D27,D28
20:11:20.696     8517066  FFFFFF8BB3FFF  D16,D17,D20,D24,D26,D27,D28
20:11:21.624     8517979  FFFFFF8FB3FFF  D16,D17,D20,D26,D27,D28
20:11:22.519     8518891  FFFFFF83B3FFF  D16,D17,D20,D24,D25,D26,D27,D28
20:11:22.519     8518894  FFFFFF93B3FFF  D16,D17,D20,D24,D25,D27,D28
20:11:23.651     8519766  FFFFFF97B3FFF  D16,D17,D20,D25,D27,D28
--- FW IODebug 1.2.2 2026-08-31 LIFT=3 20:11:23 ---
20:11:24.441     8520797  FFFFFF93B3FFF  D16,D17,D20,D24,D25,D27,D28
20:11:24.441     8520799  FFFFFF9BB3FFF  D16,D17,D20,D24,D27,D28
20:11:25.976     8522306  FFFFFF9FB3FFF  D16,D17,D20,D27,D28
20:11:28.910     8525120  FFFFFF9FB7FFF  D17,D20,D27,D28
20:11:28.910     8525245  FFFFFF9FF7FFF  D17,D27,D28
20:11:30.002     8526315  FFFFFF9FD7FFF  D17,D19,D27,D28
20:11:30.002     8526316  FFFFFF9FF7FFF  D17,D27,D28
20:11:51.224     8547374  FFFFFF9FD7FFF  D17,D19,D27,D28
20:11:51.224     8547376  FFFFFF9FF7FFF  D17,D27,D28
--- FW IODebug 1.2.2 2026-08-31 LIFT=3 20:11:53 ---
20:12:11.971     8567957  FFFFFF9FE7FFF  D17,D18,D27,D28
20:12:11.971     8567959  FFFFFF9FF7FFF  D17,D27,D28
20:12:14.101     8570091  FFFFFF9FE7FFF  D17,D18,D27,D28
20:12:14.101     8570093  FFFFFF9FF7FFF  D17,D27,D28
--- FW IODebug 1.2.2 2026-08-31 LIFT=3 20:12:24 ---
20:12:40.074     8595713  FFFFFF9FE7FFF  D17,D18,D27,D28
20:12:40.074     8595715  FFFFFF9FF7FFF  D17,D27,D28
20:12:40.074     8595852  FFFFFF9FD7FFF  D17,D19,D27,D28
20:12:40.074     8595853  FFFFFF9FF7FFF  D17,D27,D28
20:12:43.470     8598790  FFFFFF9FE7FFF  D17,D18,D27,D28
20:12:43.470     8598792  FFFFFF9FF7FFF  D17,D27,D28
20:12:43.470     8599233  FFFFFF9FD7FFF  D17,D19,D27,D28
20:12:43.470     8599234  FFFFFF9FF7FFF  D17,D27,D28
--- FW IODebug 1.2.2 2026-08-31 LIFT=3 20:12:54 ---
20:13:12.569     8628123  FFFFFF9FD7FFF  D17,D19,D27,D28
20:13:12.569     8628125  FFFFFF9FF7FFF  D17,D27,D28
20:13:15.427     8630624  FFFFFF9FE7FFF  D17,D18,D27,D28
20:13:15.427     8630626  FFFFFF9FF7FFF  D17,D27,D28
20:13:15.427     8630942  FFFFFF9FD7FFF  D17,D19,D27,D28
20:13:15.427     8630944  FFFFFF9FF7FFF  D17,D27,D28
20:13:24.558     8639537  FFFFFF9FD7FFF  D17,D19,D27,D28
20:13:24.558     8639538  FFFFFF9FF7FFF  D17,D27,D28
--- FW IODebug 1.2.2 2026-08-31 LIFT=3 20:13:24 ---
20:13:26.539     8641968  FFFFFF9FD7FFF  D17,D19,D27,D28
20:13:26.539     8641970  FFFFFF9FF7FFF  D17,D27,D28
20:13:44.783     8660086  FFFFFF9FE7FFF  D17,D18,D27,D28
20:13:44.783     8660088  FFFFFF9FF7FFF  D17,D27,D28
20:13:45.486     8660781  FFFFFF9FD7FFF  D17,D19,D27,D28
20:13:45.487     8660783  FFFFFF9FF7FFF  D17,D27,D28
--- FW IODebug 1.2.2 2026-08-31 LIFT=3 20:13:55 ---
20:13:55.267     8670493  FFFFFF9FD7FFF  D17,D19,D27,D28
20:13:55.267     8670495  FFFFFF9FF7FFF  D17,D27,D28
20:14:17.154     8692202  FFFFFF9FD7FFF  D17,D19,D27,D28
20:14:17.154     8692204  FFFFFF9FF7FFF  D17,D27,D28
--- FW IODebug 1.2.2 2026-08-31 LIFT=3 20:14:24 ---
20:14:29.584     8704563  FFFFFF9FFFFFF  D27,D28
20:14:30.292     8705240  FFFFFF9FF7FFF  D17,D27,D28
20:14:36.881     8711810  FFFFFF9FD7FFF  D17,D19,D27,D28
20:14:36.881     8711811  FFFFFF9FF7FFF  D17,D27,D28
--- FW IODebug 1.2.2 2026-08-31 LIFT=3 20:14:55 ---
20:14:58.923     8733685  FFFFFF9FD7FFF  D17,D19,D27,D28
20:14:58.923     8733687  FFFFFF9FF7FFF  D17,D27,D28
20:15:02.079     8736523  FFFFFF9FD7FFF  D17,D19,D27,D28
20:15:02.079     8736525  FFFFFF9FF7FFF  D17,D27,D28
20:15:02.079     8736801  FFFFFF9FE7FFF  D17,D18,D27,D28
20:15:02.079     8736803  FFFFFF9FF7FFF  D17,D27,D28
20:15:06.313     8741008  FFFFFF9FD7FFF  D17,D19,D27,D28
20:15:06.314     8741010  FFFFFF9FF7FFF  D17,D27,D28
20:15:06.930     8741624  FFFFFF9FE7FFF  D17,D18,D27,D28
20:15:06.930     8741626  FFFFFF9FF7FFF  D17,D27,D28
--- FW IODebug 1.2.2 2026-08-31 LIFT=3 20:15:25 ---
20:15:30.870     8765387  FFFFFF9FD7FFF  D17,D19,D27,D28
20:15:30.870     8765388  FFFFFF9FF7FFF  D17,D27,D28
20:15:35.985     8770469  FFFFFF9FE7FFF  D17,D18,D27,D28
20:15:35.985     8770471  FFFFFF9FF7FFF  D17,D27,D28
20:15:37.550     8772015  FFFFFF9FB7FFF  D17,D20,D27,D28
20:15:38.825     8773285  FFFFFF9FB3FFF  D16,D17,D20,D27,D28
20:15:42.144     8776580  FFFFFF83B3FFF  D16,D17,D20,D24,D25,D26,D27,D28
20:15:42.144     8776582  FFFFFFA3B3FFF  D16,D17,D20,D24,D25,D26,D28
20:15:43.631     8778051  FFFFFFA7B3FFF  D16,D17,D20,D25,D26,D28
20:15:45.108     8779518  FFFFFFA3B3FFF  D16,D17,D20,D24,D25,D26,D28
20:15:45.108     8779521  FFFFFFABB3FFF  D16,D17,D20,D24,D26,D28
20:15:46.497     8780869  FFFFFFAFB3FFF  D16,D17,D20,D26,D28
20:15:47.406     8781780  FFFFFFA3B3FFF  D16,D17,D20,D24,D25,D26,D28
20:15:47.407     8781784  FFFFFFB3B3FFF  D16,D17,D20,D24,D25,D28
20:15:48.300     8782695  FFFFFFB7B3FFF  D16,D17,D20,D25,D28
20:15:49.226     8783607  FFFFFFB3B3FFF  D16,D17,D20,D24,D25,D28
20:15:49.226     8783609  FFFFFFBBB3FFF  D16,D17,D20,D24,D28
20:15:50.152     8784522  FFFFFFBFB3FFF  D16,D17,D20,D28
20:15:51.073     8785432  FFFFFFE3B3FFF  D16,D17,D20,D24,D25,D26
20:15:51.073     8785434  FFFFFFC3B3FFF  D16,D17,D20,D24,D25,D26,D27
20:15:51.989     8786348  FFFFFFC7B3FFF  D16,D17,D20,D25,D26,D27
20:15:52.877     8787219  FFFFFFC3B3FFF  D16,D17,D20,D24,D25,D26,D27
20:15:52.877     8787222  FFFFFFCBB3FFF  D16,D17,D20,D24,D26,D27
20:15:53.789     8788134  FFFFFFCFB3FFF  D16,D17,D20,D26,D27
20:15:54.921     8789243  FFFFFFC7B3FFF  D16,D17,D20,D25,D26,D27
20:15:54.922     8789245  FFFFFFC3B3FFF  D16,D17,D20,D24,D25,D26,D27
20:15:54.922     8789248  FFFFFFD3B3FFF  D16,D17,D20,D24,D25,D27
--- FW IODebug 1.2.2 2026-08-31 LIFT=3 20:15:55 ---
20:15:56.347     8790675  FFFFFFD7B3FFF  D16,D17,D20,D25,D27
20:15:57.807     8792102  FFFFFFD3B3FFF  D16,D17,D20,D24,D25,D27
20:15:57.807     8792104  FFFFFFDBB3FFF  D16,D17,D20,D24,D27
20:15:59.267     8793573  FFFFFFDFB3FFF  D16,D17,D20,D27
20:16:00.478     8794773  FFFFFFC3B3FFF  D16,D17,D20,D24,D25,D26,D27
20:16:00.478     8794774  FFFFFFE3B3FFF  D16,D17,D20,D24,D25,D26
20:16:01.466     8795756  FFFFFFE7B3FFF  D16,D17,D20,D25,D26
20:16:02.511     8796787  FFFFFFE3B3FFF  D16,D17,D20,D24,D25,D26
20:16:02.511     8796789  FFFFFFEBB3FFF  D16,D17,D20,D24,D26
20:16:03.785     8797826  FFFFFFEB93FFF  D16,D17,D19,D20,D24,D26
20:16:03.785     8797828  FFFFFFEBB3FFF  D16,D17,D20,D24,D26
20:16:03.785     8798059  FFFFFFEFB3FFF  D16,D17,D20,D26
20:16:05.238     8799486  FFFFFFE7B3FFF  D16,D17,D20,D25,D26
20:16:05.238     8799489  FFFFFFE3B3FFF  D16,D17,D20,D24,D25,D26
20:16:05.238     8799490  FFFFFFF3B3FFF  D16,D17,D20,D24,D25
20:16:07.159     8801314  FFFFFFF7B3FFF  D16,D17,D20,D25
20:16:07.160     8801392  FFFFFFF793FFF  D16,D17,D19,D20,D25
20:16:07.160     8801394  FFFFFFF7D3FFF  D16,D17,D19,D25
20:16:10.665     8804883  FFFFFFF7D7FFF  D17,D19,D25
20:16:23.466     8817590  FFFFFFF7D3FFF  D16,D17,D19,D25
--- FW IODebug 1.2.2 2026-08-31 LIFT=3 20:16:25 ---
20:16:27.538     8821639  FFFFFFF3D3FFF  D16,D17,D19,D24,D25
20:16:29.358     8823426  FFFFFFE3D3FFF  D16,D17,D19,D24,D25,D26
20:16:29.358     8823428  FFFFFFEFD3FFF  D16,D17,D19,D26
20:16:30.787     8824855  FFFFFFEBD3FFF  D16,D17,D19,D24,D26
20:16:32.101     8826165  FFFFFFE3D3FFF  D16,D17,D19,D24,D25,D26
20:16:32.101     8826166  FFFFFFE7D3FFF  D16,D17,D19,D25,D26
20:16:33.118     8827157  FFFFFFE3D3FFF  D16,D17,D19,D24,D25,D26
20:16:34.153     8828190  FFFFFFC3D3FFF  D16,D17,D19,D24,D25,D26,D27
20:16:34.153     8828191  FFFFFFCFD3FFF  D16,D17,D19,D26,D27
20:16:34.153     8828193  FFFFFFDFD3FFF  D16,D17,D19,D27
20:16:35.361     8829390  FFFFFFDBD3FFF  D16,D17,D19,D24,D27
20:16:36.790     8830810  FFFFFFD3D3FFF  D16,D17,D19,D24,D25,D27
20:16:36.790     8830812  FFFFFFD7D3FFF  D16,D17,D19,D25,D27
20:16:38.274     8832279  FFFFFFD3D3FFF  D16,D17,D19,D24,D25,D27
20:16:39.659     8833668  FFFFFFC3D3FFF  D16,D17,D19,D24,D25,D26,D27
20:16:39.659     8833670  FFFFFFC7D3FFF  D16,D17,D19,D25,D26,D27
20:16:39.659     8833672  FFFFFFCFD3FFF  D16,D17,D19,D26,D27
20:16:40.785     8834780  FFFFFFCBD3FFF  D16,D17,D19,D24,D26,D27
20:16:41.707     8835692  FFFFFFC3D3FFF  D16,D17,D19,D24,D25,D26,D27
20:16:41.707     8835694  FFFFFFC7D3FFF  D16,D17,D19,D25,D26,D27
20:16:42.635     8836605  FFFFFFC3D3FFF  D16,D17,D19,D24,D25,D26,D27
20:16:43.544     8837519  FFFFFFA3D3FFF  D16,D17,D19,D24,D25,D26,D28
20:16:43.544     8837521  FFFFFFAFD3FFF  D16,D17,D19,D26,D28
20:16:43.544     8837523  FFFFFFBFD3FFF  D16,D17,D19,D28
20:16:44.482     8838443  FFFFFFBBD3FFF  D16,D17,D19,D24,D28
20:16:45.472     8839424  FFFFFFB3D3FFF  D16,D17,D19,D24,D25,D28
20:16:45.472     8839426  FFFFFFB7D3FFF  D16,D17,D19,D25,D28
20:16:47.003     8840944  FFFFFFB3D3FFF  D16,D17,D19,D24,D25,D28
20:16:49.945     8843868  FFFFFFB3D7FFF  D17,D19,D24,D25,D28
--- FW IODebug 1.2.2 2026-08-31 LIFT=3 20:16:56 ---
20:16:58.661     8852527  FFFFFFB3F7FFF  D17,D24,D25,D28
20:17:02.509     8856337  FFFFFFB3D7FFF  D17,D19,D24,D25,D28
20:17:03.471     8857289  FFFFFFB3D3FFF  D16,D17,D19,D24,D25,D28
20:17:06.775     8860583  FFFFFFA3D3FFF  D16,D17,D19,D24,D25,D26,D28
20:17:06.775     8860585  FFFFFFAFD3FFF  D16,D17,D19,D26,D28
20:17:08.271     8862053  FFFFFFABD3FFF  D16,D17,D19,D24,D26,D28
20:17:09.764     8863522  FFFFFFA3D3FFF  D16,D17,D19,D24,D25,D26,D28
20:17:09.764     8863523  FFFFFFA7D3FFF  D16,D17,D19,D25,D26,D28
20:17:11.146     8864912  FFFFFFA3D3FFF  D16,D17,D19,D24,D25,D26,D28
20:17:12.083     8865824  FFFFFF83D3FFF  D16,D17,D19,D24,D25,D26,D27,D28
20:17:12.083     8865826  FFFFFF8FD3FFF  D16,D17,D19,D26,D27,D28
20:17:12.083     8865828  FFFFFF9FD3FFF  D16,D17,D19,D27,D28
20:17:12.991     8866738  FFFFFF9BD3FFF  D16,D17,D19,D24,D27,D28
20:17:13.866     8867610  FFFFFF93D3FFF  D16,D17,D19,D24,D25,D27,D28
20:17:13.866     8867612  FFFFFF97D3FFF  D16,D17,D19,D25,D27,D28
20:17:14.780     8868525  FFFFFF93D3FFF  D16,D17,D19,D24,D25,D27,D28
20:17:15.720     8869437  FFFFFF83D3FFF  D16,D17,D19,D24,D25,D26,D27,D28
20:17:15.720     8869438  FFFFFF87D3FFF  D16,D17,D19,D25,D26,D27,D28
20:17:15.720     8869440  FFFFFF8FD3FFF  D16,D17,D19,D26,D27,D28
20:17:16.624     8870350  FFFFFF8BD3FFF  D16,D17,D19,D24,D26,D27,D28
20:17:17.551     8871263  FFFFFF83D3FFF  D16,D17,D19,D24,D25,D26,D27,D28
20:17:17.551     8871265  FFFFFF87D3FFF  D16,D17,D19,D25,D26,D27,D28
20:17:18.411     8872137  FFFFFF83D3FFF  D16,D17,D19,D24,D25,D26,D27,D28
20:17:19.383     8873089  FFFFFFC3D3FFF  D16,D17,D19,D24,D25,D26,D27
20:17:19.383     8873091  FFFFFF67D3FFF  D16,D17,D19,D25,D26,D29
20:17:19.383     8873093  FFFFFF7FD3FFF  D16,D17,D19,D29
20:17:20.309     8874003  FFFFFF7BD3FFF  D16,D17,D19,D24,D29
20:17:21.300     8874995  FFFFFF73D3FFF  D16,D17,D19,D24,D25,D29
20:17:21.300     8874996  FFFFFF77D3FFF  D16,D17,D19,D25,D29
20:17:22.794     8876465  FFFFFF73D3FFF  D16,D17,D19,D24,D25,D29
20:17:26.345     8879409  FFFFFF73D7FFF  D17,D19,D24,D25,D29
20:17:26.345     8879522  FFFFFF73F7FFF  D17,D24,D25,D29
--- FW IODebug 1.2.2 2026-08-31 LIFT=3 20:17:26 ---
20:17:29.886     8883502  FFFFFF73D7FFF  D17,D19,D24,D25,D29
20:17:29.886     8883504  FFFFFF73F7FFF  D17,D24,D25,D29
--- FW IODebug 1.2.2 2026-08-31 LIFT=3 20:17:56 ---
20:18:13.076     8926382  FFFFFF73D7FFF  D17,D19,D24,D25,D29
20:18:13.077     8926384  FFFFFF73F7FFF  D17,D24,D25,D29
--- FW IODebug 1.2.2 2026-08-31 LIFT=3 20:18:26 ---
20:18:47.855     8960901  FFFFFF73E7FFF  D17,D18,D24,D25,D29
20:18:47.856     8960902  FFFFFF73F7FFF  D17,D24,D25,D29
20:18:53.223     8966225  FFFFFF73B7FFF  D17,D20,D24,D25,D29
20:18:54.224     8967178  FFFFFF73B3FFF  D16,D17,D20,D24,D25,D29
20:18:54.224     8967205  FFFFFF7393FFF  D16,D17,D19,D20,D24,D25,D29
20:18:54.224     8967207  FFFFFF73B3FFF  D16,D17,D20,D24,D25,D29
--- FW IODebug 1.2.2 2026-08-31 LIFT=3 20:18:57 ---
20:18:57.503     8970474  FFFFFF77B3FFF  D16,D17,D20,D25,D29
20:18:58.995     8971941  FFFFFF73B3FFF  D16,D17,D20,D24,D25,D29
20:18:58.996     8971943  FFFFFF7BB3FFF  D16,D17,D20,D24,D29
20:19:00.016     8972975  FFFFFF7FB3FFF  D16,D17,D20,D29
20:19:00.945     8973886  FFFFFF67B3FFF  D16,D17,D20,D25,D26,D29
20:19:00.946     8973888  FFFFFF83B3FFF  D16,D17,D20,D24,D25,D26,D27,D28
20:19:01.855     8974800  FFFFFF87B3FFF  D16,D17,D20,D25,D26,D27,D28
20:19:02.743     8975673  FFFFFF83B3FFF  D16,D17,D20,D24,D25,D26,D27,D28
20:19:02.743     8975675  FFFFFF8BB3FFF  D16,D17,D20,D24,D26,D27,D28
20:19:03.648     8976587  FFFFFF8FB3FFF  D16,D17,D20,D26,D27,D28
20:19:04.603     8977500  FFFFFF87B3FFF  D16,D17,D20,D25,D26,D27,D28
20:19:04.603     8977501  FFFFFF83B3FFF  D16,D17,D20,D24,D25,D26,D27,D28
20:19:04.603     8977503  FFFFFF93B3FFF  D16,D17,D20,D24,D25,D27,D28
20:19:05.496     8978413  FFFFFF97B3FFF  D16,D17,D20,D25,D27,D28
20:19:06.421     8979325  FFFFFF93B3FFF  D16,D17,D20,D24,D25,D27,D28
20:19:06.421     8979328  FFFFFF9BB3FFF  D16,D17,D20,D24,D27,D28
20:19:07.338     8980240  FFFFFF9FB3FFF  D16,D17,D20,D27,D28
20:19:08.231     8981111  FFFFFF87B3FFF  D16,D17,D20,D25,D26,D27,D28
20:19:08.231     8981113  FFFFFFA3B3FFF  D16,D17,D20,D24,D25,D26,D28
20:19:09.146     8982026  FFFFFFA7B3FFF  D16,D17,D20,D25,D26,D28
20:19:10.532     8983415  FFFFFFA3B3FFF  D16,D17,D20,D24,D25,D26,D28
20:19:10.532     8983416  FFFFFFABB3FFF  D16,D17,D20,D24,D26,D28
20:19:11.896     8984765  FFFFFFAFB3FFF  D16,D17,D20,D26,D28
20:19:12.829     8985676  FFFFFFA7B3FFF  D16,D17,D20,D25,D26,D28
20:19:12.829     8985678  FFFFFFA3B3FFF  D16,D17,D20,D24,D25,D26,D28
20:19:12.829     8985680  FFFFFFB3B3FFF  D16,D17,D20,D24,D25,D28
20:19:13.751     8986592  FFFFFFB7B3FFF  D16,D17,D20,D25,D28
20:19:14.744     8987583  FFFFFFB3B3FFF  D16,D17,D20,D24,D25,D28
20:19:14.744     8987585  FFFFFFBBB3FFF  D16,D17,D20,D24,D28
20:19:16.276     8989092  FFFFFFBFB3FFF  D16,D17,D20,D28
20:19:19.096     8991907  FFFFFFBFB7FFF  D17,D20,D28
--- FW IODebug 1.2.2 2026-08-31 LIFT=3 20:19:27 ---
20:19:30.171     9002907  FFFFFFBFB3FFF  D16,D17,D20,D28
20:19:32.700     9005414  FFFFFFBFA3FFF  D16,D17,D18,D20,D28
20:19:32.700     9005416  FFFFFFBFB3FFF  D16,D17,D20,D28
20:19:33.504     9006201  FFFFFFE7B3FFF  D16,D17,D20,D25,D26
20:19:33.504     9006203  FFFFFFC3B3FFF  D16,D17,D20,D24,D25,D26,D27
20:19:34.968     9007672  FFFFFFC7B3FFF  D16,D17,D20,D25,D26,D27
20:19:36.185     9008862  FFFFFFC3B3FFF  D16,D17,D20,D24,D25,D26,D27
20:19:36.185     9008864  FFFFFFCBB3FFF  D16,D17,D20,D24,D26,D27
20:19:37.701     9010371  FFFFFFCFB3FFF  D16,D17,D20,D26,D27
20:19:40.530     9013186  FFFFFFCFB7FFF  D17,D20,D26,D27
20:19:51.288     9023869  FFFFFFCFB3FFF  D16,D17,D20,D26,D27
20:19:55.059     9027600  FFFFFFC7B3FFF  D16,D17,D20,D25,D26,D27
20:19:55.059     9027601  FFFFFFC3B3FFF  D16,D17,D20,D24,D25,D26,D27
20:19:55.059     9027603  FFFFFFD3B3FFF  D16,D17,D20,D24,D25,D27
20:19:56.943     9029468  FFFFFFD7B3FFF  D16,D17,D20,D25,D27
--- FW IODebug 1.2.2 2026-08-31 LIFT=3 20:19:57 ---
20:19:58.386     9030895  FFFFFFD3B3FFF  D16,D17,D20,D24,D25,D27
20:19:58.387     9030897  FFFFFFDBB3FFF  D16,D17,D20,D24,D27
20:19:59.850     9032366  FFFFFFDFB3FFF  D16,D17,D20,D27
20:20:01.062     9033555  FFFFFFC7B3FFF  D16,D17,D20,D25,D26,D27
20:20:01.062     9033556  FFFFFFE3B3FFF  D16,D17,D20,D24,D25,D26
20:20:02.050     9034549  FFFFFFE7B3FFF  D16,D17,D20,D25,D26
20:20:03.059     9035540  FFFFFFE3B3FFF  D16,D17,D20,D24,D25,D26
20:20:03.059     9035542  FFFFFFEBB3FFF  D16,D17,D20,D24,D26
20:20:04.373     9036851  FFFFFFEFB3FFF  D16,D17,D20,D26
20:20:05.902     9038278  FFFFFFE7B3FFF  D16,D17,D20,D25,D26
20:20:05.902     9038280  FFFFFFE3B3FFF  D16,D17,D20,D24,D25,D26
20:20:05.902     9038282  FFFFFFF3B3FFF  D16,D17,D20,D24,D25
20:20:05.902     9038369  FFFFFFF3A3FFF  D16,D17,D18,D20,D24,D25
20:20:05.902     9038371  FFFFFFF3B3FFF  D16,D17,D20,D24,D25
20:20:07.769     9040107  FFFFFFF7B3FFF  D16,D17,D20,D25
20:20:07.769     9040225  FFFFFFF793FFF  D16,D17,D19,D20,D25
20:20:07.769     9040226  FFFFFFF7D3FFF  D16,D17,D19,D25
20:20:11.292     9043715  FFFFFFF7D7FFF  D17,D19,D25
20:20:22.340     9054676  FFFFFFF7F7FFF  D17,D25
20:20:27.707     9059915  FFFFFFF7D7FFF  D17,D19,D25
--- FW IODebug 1.2.2 2026-08-31 LIFT=3 20:20:27 ---
20:20:28.573     9060869  FFFFFFF7D3FFF  D16,D17,D19,D25
20:20:32.620     9064879  FFFFFFF3D3FFF  D16,D17,D19,D24,D25
20:20:34.427     9066664  FFFFFFE3D3FFF  D16,D17,D19,D24,D25,D26
20:20:34.427     9066665  FFFFFFEFD3FFF  D16,D17,D19,D26
20:20:35.857     9068093  FFFFFFEBD3FFF  D16,D17,D19,D24,D26
20:20:37.178     9069403  FFFFFFE3D3FFF  D16,D17,D19,D24,D25,D26
20:20:37.178     9069405  FFFFFFE7D3FFF  D16,D17,D19,D25,D26
20:20:38.214     9070436  FFFFFFE3D3FFF  D16,D17,D19,D24,D25,D26
20:20:39.217     9071428  FFFFFFC3D3FFF  D16,D17,D19,D24,D25,D26,D27
20:20:39.217     9071430  FFFFFFCFD3FFF  D16,D17,D19,D26,D27
20:20:39.217     9071432  FFFFFFDFD3FFF  D16,D17,D19,D27
20:20:40.408     9072620  FFFFFFDBD3FFF  D16,D17,D19,D24,D27
20:20:41.868     9074049  FFFFFFD3D3FFF  D16,D17,D19,D24,D25,D27
20:20:41.868     9074051  FFFFFFD7D3FFF  D16,D17,D19,D25,D27
20:20:43.337     9075518  FFFFFFD3D3FFF  D16,D17,D19,D24,D25,D27
20:20:44.741     9076907  FFFFFFC3D3FFF  D16,D17,D19,D24,D25,D26,D27
20:20:44.741     9076909  FFFFFFCFD3FFF  D16,D17,D19,D26,D27
20:20:45.901     9078068  FFFFFFCBD3FFF  D16,D17,D19,D24,D26,D27
20:20:46.775     9078931  FFFFFFC3D3FFF  D16,D17,D19,D24,D25,D26,D27
20:20:46.775     9078933  FFFFFFC7D3FFF  D16,D17,D19,D25,D26,D27
20:20:47.690     9079844  FFFFFFC3D3FFF  D16,D17,D19,D24,D25,D26,D27
20:20:48.625     9080758  FFFFFFA3D3FFF  D16,D17,D19,D24,D25,D26,D28
20:20:48.625     9080759  FFFFFFAFD3FFF  D16,D17,D19,D26,D28
20:20:48.625     9080761  FFFFFFBFD3FFF  D16,D17,D19,D28
20:20:49.539     9081680  FFFFFFBBD3FFF  D16,D17,D19,D24,D28
20:20:50.457     9082584  FFFFFFB3D3FFF  D16,D17,D19,D24,D25,D28
20:20:50.457     9082586  FFFFFFB7D3FFF  D16,D17,D19,D25,D28
20:20:51.341     9083457  FFFFFFB3D3FFF  D16,D17,D19,D24,D25,D28
20:20:52.286     9084409  FFFFFFA3D3FFF  D16,D17,D19,D24,D25,D26,D28
20:20:52.286     9084411  FFFFFFAFD3FFF  D16,D17,D19,D26,D28
20:20:53.212     9085324  FFFFFFABD3FFF  D16,D17,D19,D24,D26,D28
20:20:54.578     9086672  FFFFFFA3D3FFF  D16,D17,D19,D24,D25,D26,D28
20:20:54.578     9086674  FFFFFFA7D3FFF  D16,D17,D19,D25,D26,D28
20:20:55.939     9088033  FFFFFFA3D3FFF  D16,D17,D19,D24,D25,D26,D28
20:20:56.858     9088936  FFFFFF83D3FFF  D16,D17,D19,D24,D25,D26,D27,D28
20:20:56.858     9088937  FFFFFF8FD3FFF  D16,D17,D19,D26,D27,D28
20:20:56.858     9088940  FFFFFF9FD3FFF  D16,D17,D19,D27,D28
20:20:57.924     9089849  FFFFFF9BD3FFF  D16,D17,D19,D24,D27,D28
--- FW IODebug 1.2.2 2026-08-31 LIFT=3 20:20:57 ---
20:20:58.693     9090762  FFFFFF93D3FFF  D16,D17,D19,D24,D25,D27,D28
20:20:58.693     9090763  FFFFFF97D3FFF  D16,D17,D19,D25,D27,D28
20:20:59.620     9091676  FFFFFF93D3FFF  D16,D17,D19,D24,D25,D27,D28
20:21:00.492     9092548  FFFFFF83D3FFF  D16,D17,D19,D24,D25,D26,D27,D28
20:21:00.492     9092549  FFFFFF87D3FFF  D16,D17,D19,D25,D26,D27,D28
20:21:00.492     9092551  FFFFFF8FD3FFF  D16,D17,D19,D26,D27,D28
20:21:01.403     9093462  FFFFFF8BD3FFF  D16,D17,D19,D24,D26,D27,D28
20:21:02.324     9094374  FFFFFF83D3FFF  D16,D17,D19,D24,D25,D26,D27,D28
20:21:02.324     9094376  FFFFFF87D3FFF  D16,D17,D19,D25,D26,D27,D28
20:21:03.264     9095287  FFFFFF83D3FFF  D16,D17,D19,D24,D25,D26,D27,D28
20:21:04.168     9096200  FFFFFF43D3FFF  D16,D17,D19,D24,D25,D26,D27,D29
20:21:04.168     9096202  FFFFFF67D3FFF  D16,D17,D19,D25,D26,D29
20:21:04.168     9096204  FFFFFF7FD3FFF  D16,D17,D19,D29
20:21:05.091     9097114  FFFFFF7BD3FFF  D16,D17,D19,D24,D29
20:21:06.097     9098106  FFFFFF73D3FFF  D16,D17,D19,D24,D25,D29
20:21:06.097     9098107  FFFFFF77D3FFF  D16,D17,D19,D25,D29
20:21:07.621     9099625  FFFFFF73D3FFF  D16,D17,D19,D24,D25,D29
20:21:10.667     9102550  FFFFFF73D7FFF  D17,D19,D24,D25,D29
20:21:10.667     9102644  FFFFFF73F7FFF  D17,D24,D25,D29
20:21:18.001     9109922  FFFFFF73D7FFF  D17,D19,D24,D25,D29
20:21:18.001     9109924  FFFFFF73F7FFF  D17,D24,D25,D29
20:21:20.666     9112573  FFFFFF73E7FFF  D17,D18,D24,D25,D29
20:21:20.666     9112574  FFFFFF73F7FFF  D17,D24,D25,D29
--- FW IODebug 1.2.2 2026-08-31 LIFT=3 20:21:28 ---
20:21:39.684     9131455  FFFFFF73D7FFF  D17,D19,D24,D25,D29
20:21:39.684     9131457  FFFFFF73F7FFF  D17,D24,D25,D29
20:21:40.435     9132200  FFFFFF73E7FFF  D17,D18,D24,D25,D29
20:21:40.435     9132203  FFFFFF73F7FFF  D17,D24,D25,D29
20:21:50.361     9142043  FFFFFF73E7FFF  D17,D18,D24,D25,D29
20:21:50.361     9142045  FFFFFF73F7FFF  D17,D24,D25,D29
--- FW IODebug 1.2.2 2026-08-31 LIFT=3 20:21:58 ---
--- FW IODebug 1.2.2 2026-08-31 LIFT=3 20:22:28 ---
20:22:31.590     9182954  FFFFFF73E7FFF  D17,D18,D24,D25,D29
20:22:31.590     9182956  FFFFFF73F7FFF  D17,D24,D25,D29
--- FW IODebug 1.2.2 2026-08-31 LIFT=3 20:22:58 ---
20:23:01.355     9212500  FFFFFF73E7FFF  D17,D18,D24,D25,D29
20:23:01.355     9212503  FFFFFF73F7FFF  D17,D24,D25,D29
20:23:10.935     9222010  FFFFFF73E7FFF  D17,D18,D24,D25,D29
20:23:10.935     9222012  FFFFFF73F7FFF  D17,D24,D25,D29
20:23:12.167     9223241  FFFFFF73D7FFF  D17,D19,D24,D25,D29
20:23:12.167     9223243  FFFFFF73F7FFF  D17,D24,D25,D29
20:23:24.876     9235862  FFFFFF73E7FFF  D17,D18,D24,D25,D29
20:23:24.876     9235864  FFFFFF73F7FFF  D17,D24,D25,D29
--- FW IODebug 1.2.2 2026-08-31 LIFT=3 20:23:29 ---
20:23:37.402     9248294  FFFFFF73D7FFF  D17,D19,D24,D25,D29
20:23:37.402     9248296  FFFFFF73F7FFF  D17,D24,D25,D29
20:23:43.678     9254507  FFFFFF73E7FFF  D17,D18,D24,D25,D29
20:23:43.678     9254509  FFFFFF73F7FFF  D17,D24,D25,D29
--- FW IODebug 1.2.2 2026-08-31 LIFT=3 20:23:59 ---
20:24:11.309     9281951  FFFFFF73FFFFF  D24,D25,D29
20:24:11.997     9282628  FFFFFF73F7FFF  D17,D24,D25,D29
--- FW IODebug 1.2.2 2026-08-31 LIFT=3 20:24:29 ---
20:24:43.387     9313776  FFFFFF73E7FFF  D17,D18,D24,D25,D29
20:24:43.387     9313778  FFFFFF73F7FFF  D17,D24,D25,D29
20:24:46.279     9316644  FFFFFF73E7FFF  D17,D18,D24,D25,D29
20:24:46.279     9316646  FFFFFF73F7FFF  D17,D24,D25,D29
20:24:47.370     9317727  FFFFFF73E7FFF  D17,D18,D24,D25,D29
20:24:47.370     9317729  FFFFFF73F7FFF  D17,D24,D25,D29
20:24:51.157     9321488  FFFFFF73D7FFF  D17,D19,D24,D25,D29
20:24:51.157     9321490  FFFFFF73F7FFF  D17,D24,D25,D29
--- FW IODebug 1.2.2 2026-08-31 LIFT=3 20:24:59 ---
20:25:21.776     9351873  FFFFFF73D7FFF  D17,D19,D24,D25,D29
20:25:21.776     9351875  FFFFFF73F7FFF  D17,D24,D25,D29
--- FW IODebug 1.2.2 2026-08-31 LIFT=3 20:25:29 ---
20:25:38.232     9368199  FFFFFF73E7FFF  D17,D18,D24,D25,D29
20:25:38.232     9368201  FFFFFF73F7FFF  D17,D24,D25,D29
20:26:00.181     9389766  FFFFFF73D7FFF  D17,D19,D24,D25,D29
20:26:00.181     9389768  FFFFFF73F7FFF  D17,D24,D25,D29
--- FW IODebug 1.2.2 2026-08-31 LIFT=3 20:26:00 ---
20:26:03.811     9393607  FFFFFF73E7FFF  D17,D18,D24,D25,D29
20:26:03.811     9393609  FFFFFF73F7FFF  D17,D24,D25,D29
20:26:06.434     9396195  FFFFFF73D7FFF  D17,D19,D24,D25,D29
20:26:06.434     9396197  FFFFFF73F7FFF  D17,D24,D25,D29
20:26:10.077     9399806  FFFFFF73D7FFF  D17,D19,D24,D25,D29
20:26:10.078     9399809  FFFFFF73F7FFF  D17,D24,D25,D29
20:26:12.115     9401593  FFFFFF73E7FFF  D17,D18,D24,D25,D29
20:26:12.115     9401595  FFFFFF73F7FFF  D17,D24,D25,D29
20:26:12.115     9401838  FFFFFF73E7FFF  D17,D18,D24,D25,D29
20:26:12.115     9401840  FFFFFF73F7FFF  D17,D24,D25,D29
20:26:14.210     9403896  FFFFFF73E7FFF  D17,D18,D24,D25,D29
20:26:14.210     9403898  FFFFFF73F7FFF  D17,D24,D25,D29
--- FW IODebug 1.2.2 2026-08-31 LIFT=3 20:26:30 ---
20:26:52.549     9441963  FFFFFF73E7FFF  D17,D18,D24,D25,D29
20:26:52.549     9441965  FFFFFF73F7FFF  D17,D24,D25,D29
20:26:55.646     9445050  FFFFFF73E7FFF  D17,D18,D24,D25,D29
20:26:55.646     9445052  FFFFFF73F7FFF  D17,D24,D25,D29
--- FW IODebug 1.2.2 2026-08-31 LIFT=3 20:27:00 ---
20:27:02.841     9452188  FFFFFF73D7FFF  D17,D19,D24,D25,D29
20:27:02.841     9452189  FFFFFF73F7FFF  D17,D24,D25,D29
20:27:05.969     9455291  FFFFFF73E7FFF  D17,D18,D24,D25,D29
20:27:05.969     9455293  FFFFFF73F7FFF  D17,D24,D25,D29
20:27:07.260     9456575  FFFFFF73E7FFF  D17,D18,D24,D25,D29
20:27:07.260     9456577  FFFFFF73F7FFF  D17,D24,D25,D29
20:27:12.654     9461933  FFFFFF73E7FFF  D17,D18,D24,D25,D29
20:27:12.654     9461935  FFFFFF73F7FFF  D17,D24,D25,D29
--- FW IODebug 1.2.2 2026-08-31 LIFT=3 20:27:30 ---
20:27:34.171     9483294  FFFFFF73E7FFF  D17,D18,D24,D25,D29
20:27:34.171     9483296  FFFFFF73F7FFF  D17,D24,D25,D29
20:27:44.768     9493790  FFFFFF73D7FFF  D17,D19,D24,D25,D29
20:27:44.768     9493792  FFFFFF73F7FFF  D17,D24,D25,D29
--- FW IODebug 1.2.2 2026-08-31 LIFT=3 20:28:01 ---
20:28:16.299     9524625  FFFFFF73E7FFF  D17,D18,D24,D25,D29
20:28:16.299     9524627  FFFFFF73F7FFF  D17,D24,D25,D29
20:28:16.299     9525092  FFFFFF73D7FFF  D17,D19,D24,D25,D29
20:28:16.299     9525094  FFFFFF73F7FFF  D17,D24,D25,D29
20:28:24.155     9531999  FFFFFF73E7FFF  D17,D18,D24,D25,D29
20:28:24.155     9532000  FFFFFF73F7FFF  D17,D24,D25,D29
20:28:24.155     9532476  FFFFFF73E7FFF  D17,D18,D24,D25,D29
20:28:24.155     9532477  FFFFFF73F7FFF  D17,D24,D25,D29
20:28:24.156     9532905  FFFFFF73D7FFF  D17,D19,D24,D25,D29
20:28:24.156     9532907  FFFFFF73F7FFF  D17,D24,D25,D29
20:28:24.736     9533471  FFFFFF73D7FFF  D17,D19,D24,D25,D29
20:28:24.736     9533473  FFFFFF73F7FFF  D17,D24,D25,D29
--- FW IODebug 1.2.2 2026-08-31 LIFT=3 20:28:31 ---
20:28:40.261     9548888  FFFFFF73D7FFF  D17,D19,D24,D25,D29
20:28:40.261     9548890  FFFFFF73F7FFF  D17,D24,D25,D29
--- FW IODebug 1.2.2 2026-08-31 LIFT=3 20:29:01 ---
20:29:04.467     9572904  FFFFFF73E7FFF  D17,D18,D24,D25,D29
20:29:04.467     9572905  FFFFFF73F7FFF  D17,D24,D25,D29
20:29:16.701     9585028  FFFFFF73D7FFF  D17,D19,D24,D25,D29
20:29:16.701     9585030  FFFFFF73F7FFF  D17,D24,D25,D29
20:29:18.013     9586338  FFFFFF73E7FFF  D17,D18,D24,D25,D29
20:29:18.013     9586339  FFFFFF73F7FFF  D17,D24,D25,D29
20:29:28.429     9596702  FFFFFF73D7FFF  D17,D19,D24,D25,D29
20:29:28.429     9596704  FFFFFF73F7FFF  D17,D24,D25,D29
20:29:30.086     9598338  FFFFFF73E7FFF  D17,D18,D24,D25,D29
20:29:30.087     9598340  FFFFFF73F7FFF  D17,D24,D25,D29
--- FW IODebug 1.2.2 2026-08-31 LIFT=3 20:29:31 ---
--- FW IODebug 1.2.2 2026-08-31 LIFT=3 20:30:01 ---
20:30:07.075     9635052  FFFFFF73E7FFF  D17,D18,D24,D25,D29
20:30:07.075     9635054  FFFFFF73F7FFF  D17,D24,D25,D29
20:30:10.506     9638452  FFFFFF73E7FFF  D17,D18,D24,D25,D29
20:30:10.506     9638453  FFFFFF73F7FFF  D17,D24,D25,D29
20:30:17.353     9645255  FFFFFF73D7FFF  D17,D19,D24,D25,D29
20:30:17.353     9645257  FFFFFF73F7FFF  D17,D24,D25,D29
20:30:26.053     9653879  FFFFFF73D7FFF  D17,D19,D24,D25,D29
20:30:26.053     9653880  FFFFFF73F7FFF  D17,D24,D25,D29
20:30:30.541     9658349  FFFFFF73D7FFF  D17,D19,D24,D25,D29
20:30:30.541     9658350  FFFFFF73F7FFF  D17,D24,D25,D29
--- FW IODebug 1.2.2 2026-08-31 LIFT=3 20:30:32 ---
20:30:45.616     9673309  FFFFFF73D7FFF  D17,D19,D24,D25,D29
20:30:45.616     9673311  FFFFFF73F7FFF  D17,D24,D25,D29
20:30:56.517     9684123  FFFFFF73D7FFF  D17,D19,D24,D25,D29
20:30:56.517     9684124  FFFFFF73F7FFF  D17,D24,D25,D29
20:31:00.827     9687973  FFFFFF73D7FFF  D17,D19,D24,D25,D29
20:31:00.828     9687975  FFFFFF73F7FFF  D17,D24,D25,D29
20:31:00.828     9688393  FFFFFF73E7FFF  D17,D18,D24,D25,D29
20:31:00.828     9688395  FFFFFF73F7FFF  D17,D24,D25,D29
--- FW IODebug 1.2.2 2026-08-31 LIFT=3 20:31:02 ---
20:31:24.412     9711812  FFFFFF73E7FFF  D17,D18,D24,D25,D29
20:31:24.412     9711814  FFFFFF73F7FFF  D17,D24,D25,D29
--- FW IODebug 1.2.2 2026-08-31 LIFT=3 20:31:32 ---
20:31:39.362     9726636  FFFFFF73D7FFF  D17,D19,D24,D25,D29
20:31:39.362     9726638  FFFFFF73F7FFF  D17,D24,D25,D29
20:31:57.068     9744215  FFFFFF73D7FFF  D17,D19,D24,D25,D29
20:31:57.068     9744217  FFFFFF73F7FFF  D17,D24,D25,D29
20:31:58.561     9745545  FFFFFF73D7FFF  D17,D19,D24,D25,D29
20:31:58.562     9745547  FFFFFF73F7FFF  D17,D24,D25,D29
20:31:58.562     9745694  FFFFFF73E7FFF  D17,D18,D24,D25,D29
20:31:58.562     9745696  FFFFFF73F7FFF  D17,D24,D25,D29
--- FW IODebug 1.2.2 2026-08-31 LIFT=3 20:32:02 ---
20:32:17.499     9764506  FFFFFF73D7FFF  D17,D19,D24,D25,D29
20:32:17.499     9764508  FFFFFF73F7FFF  D17,D24,D25,D29
20:32:20.894     9767860  FFFFFF73D7FFF  D17,D19,D24,D25,D29
20:32:20.894     9767862  FFFFFF73F7FFF  D17,D24,D25,D29
20:32:21.967     9768941  FFFFFF73D7FFF  D17,D19,D24,D25,D29
20:32:21.967     9768943  FFFFFF73F7FFF  D17,D24,D25,D29
20:32:23.572     9770535  FFFFFF73D7FFF  D17,D19,D24,D25,D29
20:32:23.572     9770537  FFFFFF73F7FFF  D17,D24,D25,D29
--- FW IODebug 1.2.2 2026-08-31 LIFT=3 20:32:33 ---
20:32:39.263     9786093  FFFFFF73E7FFF  D17,D18,D24,D25,D29
20:32:39.263     9786095  FFFFFF73F7FFF  D17,D24,D25,D29
20:32:53.010     9799751  FFFFFF73D7FFF  D17,D19,D24,D25,D29
20:32:53.010     9799753  FFFFFF73F7FFF  D17,D24,D25,D29
20:32:59.633     9806328  FFFFFF73E7FFF  D17,D18,D24,D25,D29
20:32:59.633     9806330  FFFFFF73F7FFF  D17,D24,D25,D29
20:33:01.174     9807630  FFFFFF73E7FFF  D17,D18,D24,D25,D29
20:33:01.174     9807632  FFFFFF73F7FFF  D17,D24,D25,D29
20:33:01.174     9807849  FFFFFF73E7FFF  D17,D18,D24,D25,D29
20:33:01.174     9807851  FFFFFF73F7FFF  D17,D24,D25,D29
--- FW IODebug 1.2.2 2026-08-31 LIFT=3 20:33:03 ---
20:33:07.693     9814325  FFFFFF73D7FFF  D17,D19,D24,D25,D29
20:33:07.693     9814327  FFFFFF73F7FFF  D17,D24,D25,D29
20:33:08.721     9815345  FFFFFF73D7FFF  D17,D19,D24,D25,D29
20:33:08.722     9815347  FFFFFF73F7FFF  D17,D24,D25,D29
20:33:23.965     9830467  FFFFFF73D7FFF  D17,D19,D24,D25,D29
20:33:23.965     9830469  FFFFFF73F7FFF  D17,D24,D25,D29
--- FW IODebug 1.2.2 2026-08-31 LIFT=3 20:33:33 ---
--- FW IODebug 1.2.2 2026-08-31 LIFT=3 20:34:03 ---
20:34:05.274     9871475  FFFFFF73E7FFF  D17,D18,D24,D25,D29
20:34:05.274     9871476  FFFFFF73F7FFF  D17,D24,D25,D29
20:34:10.399     9876559  FFFFFF73E7FFF  D17,D18,D24,D25,D29
20:34:10.399     9876560  FFFFFF73F7FFF  D17,D24,D25,D29
20:34:24.280     9890329  FFFFFF73D7FFF  D17,D19,D24,D25,D29
20:34:24.280     9890331  FFFFFF73F7FFF  D17,D24,D25,D29
--- FW IODebug 1.2.2 2026-08-31 LIFT=3 20:34:34 ---
20:34:42.541     9908449  FFFFFF73D7FFF  D17,D19,D24,D25,D29
20:34:42.541     9908451  FFFFFF73F7FFF  D17,D24,D25,D29
20:35:04.251     9929920  FFFFFF73E7FFF  D17,D18,D24,D25,D29
20:35:04.251     9929922  FFFFFF73F7FFF  D17,D24,D25,D29
--- FW IODebug 1.2.2 2026-08-31 LIFT=3 20:35:04 ---
20:35:15.188     9940862  FFFFFF73E7FFF  D17,D18,D24,D25,D29
20:35:15.188     9940864  FFFFFF73F7FFF  D17,D24,D25,D29
20:35:34.460     9959627  FFFFFF73D7FFF  D17,D19,D24,D25,D29
20:35:34.460     9959629  FFFFFF73F7FFF  D17,D24,D25,D29
--- FW IODebug 1.2.2 2026-08-31 LIFT=3 20:35:34 ---
20:35:42.012     9967471  FFFFFF73E7FFF  D17,D18,D24,D25,D29
20:35:42.012     9967473  FFFFFF73F7FFF  D17,D24,D25,D29
--- FW IODebug 1.2.2 2026-08-31 LIFT=3 20:36:04 ---
20:36:13.225     9998451  FFFFFF73E7FFF  D17,D18,D24,D25,D29
20:36:13.225     9998453  FFFFFF73F7FFF  D17,D24,D25,D29
20:36:33.319    10018401  FFFFFF73E7FFF  D17,D18,D24,D25,D29
20:36:33.319    10018403  FFFFFF73F7FFF  D17,D24,D25,D29
--- FW IODebug 1.2.2 2026-08-31 LIFT=3 20:36:34 ---
20:36:36.510    10021576  FFFFFF73E7FFF  D17,D18,D24,D25,D29
20:36:36.510    10021578  FFFFFF73F7FFF  D17,D24,D25,D29
20:36:37.382    10022441  FFFFFF73E7FFF  D17,D18,D24,D25,D29
20:36:37.382    10022444  FFFFFF73F7FFF  D17,D24,D25,D29
--- FW IODebug 1.2.2 2026-08-31 LIFT=3 20:37:05 ---
--- FW IODebug 1.2.2 2026-08-31 LIFT=3 20:37:35 ---
20:37:37.837    10082444  FFFFFF73F7FFF  D17,D24,D25,D29
--- FW IODebug 1.2.2 2026-08-31 LIFT=3 20:38:05 ---
20:38:14.688    10119021  FFFFFF73D7FFF  D17,D19,D24,D25,D29
20:38:14.688    10119023  FFFFFF73F7FFF  D17,D24,D25,D29
20:38:18.894    10123194  FFFFFF73D7FFF  D17,D19,D24,D25,D29
20:38:18.894    10123196  FFFFFF73F7FFF  D17,D24,D25,D29
20:38:31.805    10136011  FFFFFF73E7FFF  D17,D18,D24,D25,D29
20:38:31.805    10136012  FFFFFF73F7FFF  D17,D24,D25,D29
--- FW IODebug 1.2.2 2026-08-31 LIFT=3 20:38:35 ---
20:38:42.241    10146372  FFFFFF73E7FFF  D17,D18,D24,D25,D29
20:38:42.241    10146374  FFFFFF73F7FFF  D17,D24,D25,D29
20:38:48.282    10152365  FFFFFF73E7FFF  D17,D18,D24,D25,D29
20:38:48.282    10152366  FFFFFF73F7FFF  D17,D24,D25,D29
20:38:56.198    10160218  FFFFFF73E7FFF  D17,D18,D24,D25,D29
20:38:56.198    10160220  FFFFFF73F7FFF  D17,D24,D25,D29
--- FW IODebug 1.2.2 2026-08-31 LIFT=3 20:39:06 ---
20:39:35.021    10198752  FFFFFF73E7FFF  D17,D18,D24,D25,D29
20:39:35.021    10198754  FFFFFF73F7FFF  D17,D24,D25,D29
20:39:36.277    10199896  FFFFFF73E7FFF  D17,D18,D24,D25,D29
20:39:36.277    10199898  FFFFFF73F7FFF  D17,D24,D25,D29
--- FW IODebug 1.2.2 2026-08-31 LIFT=3 20:39:36 ---
20:39:45.553    10209199  FFFFFF73D7FFF  D17,D19,D24,D25,D29
20:39:45.553    10209201  FFFFFF73F7FFF  D17,D24,D25,D29
20:40:02.585    10226095  FFFFFF73E7FFF  D17,D18,D24,D25,D29
20:40:02.585    10226097  FFFFFF73F7FFF  D17,D24,D25,D29
--- FW IODebug 1.2.2 2026-08-31 LIFT=3 20:40:06 ---
20:40:29.534    10252857  FFFFFF73E7FFF  D17,D18,D24,D25,D29
20:40:29.535    10252859  FFFFFF73F7FFF  D17,D24,D25,D29
20:40:35.926    10259195  FFFFFF73E7FFF  D17,D18,D24,D25,D29
20:40:35.926    10259197  FFFFFF73F7FFF  D17,D24,D25,D29
--- FW IODebug 1.2.2 2026-08-31 LIFT=3 20:40:36 ---
20:40:42.370    10265611  FFFFFF73E7FFF  D17,D18,D24,D25,D29
20:40:42.370    10265613  FFFFFF73F7FFF  D17,D24,D25,D29
20:40:52.264    10275425  FFFFFF73D7FFF  D17,D19,D24,D25,D29
20:40:52.264    10275427  FFFFFF73F7FFF  D17,D24,D25,D29
20:40:59.945    10283051  FFFFFF73D7FFF  D17,D19,D24,D25,D29
20:40:59.945    10283052  FFFFFF73F7FFF  D17,D24,D25,D29
20:41:04.018    10287072  FFFFFF73D7FFF  D17,D19,D24,D25,D29
20:41:04.019    10287074  FFFFFF73F7FFF  D17,D24,D25,D29
--- FW IODebug 1.2.2 2026-08-31 LIFT=3 20:41:06 ---
20:41:23.037    10305920  FFFFFF73E7FFF  D17,D18,D24,D25,D29
20:41:23.037    10305922  FFFFFF73F7FFF  D17,D24,D25,D29
20:41:23.037    10305950  FFFFFF73D7FFF  D17,D19,D24,D25,D29
20:41:23.037    10305952  FFFFFF73F7FFF  D17,D24,D25,D29
20:41:25.563    10308460  FFFFFF73E7FFF  D17,D18,D24,D25,D29
20:41:25.563    10308462  FFFFFF73F7FFF  D17,D24,D25,D29
20:41:29.082    10311960  FFFFFF73D7FFF  D17,D19,D24,D25,D29
20:41:29.082    10311961  FFFFFF73F7FFF  D17,D24,D25,D29
20:41:35.213    10318046  FFFFFF73E7FFF  D17,D18,D24,D25,D29
20:41:35.213    10318048  FFFFFF73F7FFF  D17,D24,D25,D29
--- FW IODebug 1.2.2 2026-08-31 LIFT=3 20:41:37 ---
20:41:39.738    10322542  FFFFFF73D7FFF  D17,D19,D24,D25,D29
20:41:39.738    10322544  FFFFFF73F7FFF  D17,D24,D25,D29
20:41:48.704    10331429  FFFFFF73D7FFF  D17,D19,D24,D25,D29
20:41:48.704    10331431  FFFFFF73F7FFF  D17,D24,D25,D29
20:41:57.763    10340431  FFFFFF73E7FFF  D17,D18,D24,D25,D29
20:41:57.763    10340432  FFFFFF73F7FFF  D17,D24,D25,D29
20:42:02.482    10345110  FFFFFF73D7FFF  D17,D19,D24,D25,D29
20:42:02.482    10345112  FFFFFF73F7FFF  D17,D24,D25,D29
20:42:05.907    10348504  FFFFFF73E7FFF  D17,D18,D24,D25,D29
20:42:05.907    10348506  FFFFFF73F7FFF  D17,D24,D25,D29
--- FW IODebug 1.2.2 2026-08-31 LIFT=3 20:42:07 ---
20:42:16.014    10358553  FFFFFF73F3FFF  D16,D17,D24,D25,D29
20:42:16.015    10358555  FFFFFF73F7FFF  D17,D24,D25,D29
20:42:16.571    10359099  FFFFFF73D7FFF  D17,D19,D24,D25,D29
20:42:16.571    10359101  FFFFFF73F7FFF  D17,D24,D25,D29
20:42:17.323    10359852  FFFFFF73D7FFF  D17,D19,D24,D25,D29
20:42:17.323    10359854  FFFFFF73F7FFF  D17,D24,D25,D29
20:42:18.748    10361254  FFFFFF73F3FFF  D16,D17,D24,D25,D29
20:42:18.748    10361256  FFFFFF73F7FFF  D17,D24,D25,D29
20:42:37.639    10379889  FFFFFF73D7FFF  D17,D19,D24,D25,D29
20:42:37.639    10379891  FFFFFF73F7FFF  D17,D24,D25,D29
--- FW IODebug 1.2.2 2026-08-31 LIFT=3 20:42:37 ---
20:42:41.421    10383366  FFFFFF73F3FFF  D16,D17,D24,D25,D29
20:42:41.421    10383368  FFFFFF73F7FFF  D17,D24,D25,D29
20:42:41.421    10383750  FFFFFF73E7FFF  D17,D18,D24,D25,D29
20:42:41.421    10383752  FFFFFF73F7FFF  D17,D24,D25,D29
20:43:01.257    10403459  FFFFFF73E7FFF  D17,D18,D24,D25,D29
20:43:01.257    10403461  FFFFFF73F7FFF  D17,D24,D25,D29
20:43:03.189    10405365  FFFFFF73D7FFF  D17,D19,D24,D25,D29
20:43:03.189    10405367  FFFFFF73F7FFF  D17,D24,D25,D29
20:43:04.239    10406419  FFFFFF73E7FFF  D17,D18,D24,D25,D29
20:43:04.239    10406421  FFFFFF73F7FFF  D17,D24,D25,D29
--- FW IODebug 1.2.2 2026-08-31 LIFT=3 20:43:07 ---
20:43:21.660    10423701  FFFFFF73D7FFF  D17,D19,D24,D25,D29
20:43:21.660    10423703  FFFFFF73F7FFF  D17,D24,D25,D29
20:43:26.328    10428324  FFFFFF73D7FFF  D17,D19,D24,D25,D29
20:43:26.328    10428326  FFFFFF73F7FFF  D17,D24,D25,D29
20:43:29.743    10431721  FFFFFF73E7FFF  D17,D18,D24,D25,D29
20:43:29.743    10431722  FFFFFF73F7FFF  D17,D24,D25,D29
20:43:37.211    10439121  FFFFFF73E7FFF  D17,D18,D24,D25,D29
20:43:37.212    10439123  FFFFFF73F7FFF  D17,D24,D25,D29
--- FW IODebug 1.2.2 2026-08-31 LIFT=3 20:43:38 ---
20:43:47.347    10449205  FFFFFF73E7FFF  D17,D18,D24,D25,D29
20:43:47.347    10449206  FFFFFF73F7FFF  D17,D24,D25,D29
20:43:49.075    10450919  FFFFFF73E7FFF  D17,D18,D24,D25,D29
20:43:49.076    10450921  FFFFFF73F7FFF  D17,D24,D25,D29
20:43:55.022    10456824  FFFFFF73E7FFF  D17,D18,D24,D25,D29
20:43:55.022    10456825  FFFFFF73F7FFF  D17,D24,D25,D29
20:44:00.880    10462621  FFFFFF73D7FFF  D17,D19,D24,D25,D29
20:44:00.880    10462623  FFFFFF73F7FFF  D17,D24,D25,D29
--- FW IODebug 1.2.2 2026-08-31 LIFT=3 20:44:08 ---
20:44:10.784    10472468  FFFFFF73D7FFF  D17,D19,D24,D25,D29
20:44:10.784    10472470  FFFFFF73F7FFF  D17,D24,D25,D29
20:44:14.950    10476600  FFFFFF73E7FFF  D17,D18,D24,D25,D29
20:44:14.950    10476602  FFFFFF73F7FFF  D17,D24,D25,D29
20:44:31.537    10493057  FFFFFF73E7FFF  D17,D18,D24,D25,D29
20:44:31.537    10493059  FFFFFF73F7FFF  D17,D24,D25,D29
20:44:34.871    10496367  FFFFFF73D7FFF  D17,D19,D24,D25,D29
20:44:34.872    10496369  FFFFFF73F7FFF  D17,D24,D25,D29
--- FW IODebug 1.2.2 2026-08-31 LIFT=3 20:44:38 ---
20:44:56.100    10517445  FFFFFF73E7FFF  D17,D18,D24,D25,D29
20:44:56.100    10517447  FFFFFF73F7FFF  D17,D24,D25,D29
20:45:06.382    10527635  FFFFFF73E7FFF  D17,D18,D24,D25,D29
20:45:06.382    10527637  FFFFFF73F7FFF  D17,D24,D25,D29
--- FW IODebug 1.2.2 2026-08-31 LIFT=3 20:45:08 ---
20:45:14.464    10535659  FFFFFF73D7FFF  D17,D19,D24,D25,D29
20:45:14.464    10535661  FFFFFF73F7FFF  D17,D24,D25,D29
20:45:19.411    10540562  FFFFFF73E7FFF  D17,D18,D24,D25,D29
20:45:19.412    10540564  FFFFFF73F7FFF  D17,D24,D25,D29
--- FW IODebug 1.2.2 2026-08-31 LIFT=3 20:45:39 ---
20:45:39.231    10560247  FFFFFF73E7FFF  D17,D18,D24,D25,D29
20:45:39.231    10560248  FFFFFF73F7FFF  D17,D24,D25,D29
20:45:49.025    10569967  FFFFFF73D7FFF  D17,D19,D24,D25,D29
20:45:49.025    10569968  FFFFFF73F7FFF  D17,D24,D25,D29
20:45:55.828    10576717  FFFFFF73F3FFF  D16,D17,D24,D25,D29
20:45:55.828    10576718  FFFFFF73F7FFF  D17,D24,D25,D29
20:46:07.341    10588140  FFFFFF73E7FFF  D17,D18,D24,D25,D29
20:46:07.341    10588142  FFFFFF73F7FFF  D17,D24,D25,D29
--- FW IODebug 1.2.2 2026-08-31 LIFT=3 20:46:09 ---
20:46:14.199    10594959  FFFFFF73E7FFF  D17,D18,D24,D25,D29
20:46:14.199    10594961  FFFFFF73F7FFF  D17,D24,D25,D29
20:46:26.477    10607128  FFFFFF73E7FFF  D17,D18,D24,D25,D29
20:46:26.477    10607130  FFFFFF73F7FFF  D17,D24,D25,D29
20:46:31.588    10612190  FFFFFF73E7FFF  D17,D18,D24,D25,D29
20:46:31.589    10612192  FFFFFF73F7FFF  D17,D24,D25,D29
20:46:36.745    10617330  FFFFFF73F3FFF  D16,D17,D24,D25,D29
20:46:36.745    10617332  FFFFFF73F7FFF  D17,D24,D25,D29
--- FW IODebug 1.2.2 2026-08-31 LIFT=3 20:46:39 ---
20:46:41.467    10622011  FFFFFF73B7FFF  D17,D20,D24,D25,D29
20:46:42.780    10623320  FFFFFF73B3FFF  D16,D17,D20,D24,D25,D29
20:46:46.134    10626656  FFFFFF77B3FFF  D16,D17,D20,D25,D29
20:46:47.631    10628124  FFFFFF73B3FFF  D16,D17,D20,D24,D25,D29
20:46:47.631    10628126  FFFFFF7BB3FFF  D16,D17,D20,D24,D29
20:46:48.662    10629156  FFFFFF7FB3FFF  D16,D17,D20,D29
20:46:49.591    10630069  FFFFFF6FB3FFF  D16,D17,D20,D26,D29
20:46:49.592    10630071  FFFFFF83B3FFF  D16,D17,D20,D24,D25,D26,D27,D28
20:46:50.473    10630943  FFFFFF87B3FFF  D16,D17,D20,D25,D26,D27,D28
20:46:51.381    10631857  FFFFFF83B3FFF  D16,D17,D20,D24,D25,D26,D27,D28
20:46:51.382    10631858  FFFFFF8BB3FFF  D16,D17,D20,D24,D26,D27,D28
20:46:52.287    10632769  FFFFFF8FB3FFF  D16,D17,D20,D26,D27,D28
20:46:53.212    10633681  FFFFFF87B3FFF  D16,D17,D20,D25,D26,D27,D28
20:46:53.212    10633683  FFFFFF83B3FFF  D16,D17,D20,D24,D25,D26,D27,D28
20:46:53.212    10633686  FFFFFF93B3FFF  D16,D17,D20,D24,D25,D27,D28
20:46:54.137    10634596  FFFFFF97B3FFF  D16,D17,D20,D25,D27,D28
20:46:55.050    10635508  FFFFFF93B3FFF  D16,D17,D20,D24,D25,D27,D28
20:46:55.050    10635510  FFFFFF9BB3FFF  D16,D17,D20,D24,D27,D28
20:46:55.988    10636422  FFFFFF9FB3FFF  D16,D17,D20,D27,D28
20:46:56.860    10637294  FFFFFF8FB3FFF  D16,D17,D20,D26,D27,D28
20:46:56.860    10637295  FFFFFFA3B3FFF  D16,D17,D20,D24,D25,D26,D28
20:46:57.773    10638209  FFFFFFA7B3FFF  D16,D17,D20,D25,D26,D28
20:46:59.184    10639597  FFFFFFA3B3FFF  D16,D17,D20,D24,D25,D26,D28
20:46:59.184    10639599  FFFFFFABB3FFF  D16,D17,D20,D24,D26,D28
20:47:00.549    10640948  FFFFFFAFB3FFF  D16,D17,D20,D26,D28
20:47:01.483    10641860  FFFFFFA7B3FFF  D16,D17,D20,D25,D26,D28
20:47:01.483    10641862  FFFFFFA3B3FFF  D16,D17,D20,D24,D25,D26,D28
20:47:01.483    10641864  FFFFFFB3B3FFF  D16,D17,D20,D24,D25,D28
20:47:02.380    10642774  FFFFFFB7B3FFF  D16,D17,D20,D25,D28
20:47:03.379    10643767  FFFFFFB3B3FFF  D16,D17,D20,D24,D25,D28
20:47:03.380    10643768  FFFFFFBBB3FFF  D16,D17,D20,D24,D28
20:47:05.268    10645275  FFFFFFBFB3FFF  D16,D17,D20,D28
20:47:05.268    10645651  FFFFFFBFA3FFF  D16,D17,D18,D20,D28
20:47:05.268    10645653  FFFFFFBFB3FFF  D16,D17,D20,D28
20:47:07.732    10648089  FFFFFFBFB7FFF  D17,D20,D28
--- FW IODebug 1.2.2 2026-08-31 LIFT=3 20:47:09 ---
20:47:18.499    10658771  FFFFFFBFB3FFF  D16,D17,D20,D28
20:47:21.824    10662067  FFFFFFE7B3FFF  D16,D17,D20,D25,D26
20:47:21.824    10662068  FFFFFFC3B3FFF  D16,D17,D20,D24,D25,D26,D27
20:47:23.321    10663537  FFFFFFC7B3FFF  D16,D17,D20,D25,D26,D27
20:47:24.329    10664568  FFFFFFC3B3FFF  D16,D17,D20,D24,D25,D26,D27
20:47:24.329    10664570  FFFFFFCBB3FFF  D16,D17,D20,D24,D26,D27
20:47:25.235    10665442  FFFFFFCFB3FFF  D16,D17,D20,D26,D27
20:47:26.390    10666602  FFFFFFC7B3FFF  D16,D17,D20,D25,D26,D27
20:47:26.390    10666604  FFFFFFC3B3FFF  D16,D17,D20,D24,D25,D26,D27
20:47:26.390    10666606  FFFFFFD3B3FFF  D16,D17,D20,D24,D25,D27
20:47:28.217    10668420  FFFFFFD7B3FFF  D16,D17,D20,D25,D27
20:47:31.570    10671751  FFFFFFD7B7FFF  D17,D20,D25,D27
20:47:32.487    10672650  FFFFFFD797FFF  D17,D19,D20,D25,D27
20:47:32.487    10672652  FFFFFFD7B7FFF  D17,D20,D25,D27
--- FW IODebug 1.2.2 2026-08-31 LIFT=3 20:47:39 ---
20:47:40.505    10680608  FFFFFFD7F7FFF  D17,D25,D27
20:47:42.429    10682512  FFFFFFD7D7FFF  D17,D19,D25,D27
20:47:43.345    10683425  FFFFFFD7D3FFF  D16,D17,D19,D25,D27
20:47:47.193    10687247  FFFFFFD3D3FFF  D16,D17,D19,D24,D25,D27
20:47:48.989    10689022  FFFFFFC3D3FFF  D16,D17,D19,D24,D25,D26,D27
20:47:48.989    10689025  FFFFFFCFD3FFF  D16,D17,D19,D26,D27
20:47:50.144    10690174  FFFFFFCBD3FFF  D16,D17,D19,D24,D26,D27
20:47:51.053    10691088  FFFFFFC3D3FFF  D16,D17,D19,D24,D25,D26,D27
20:47:51.053    10691089  FFFFFFC7D3FFF  D16,D17,D19,D25,D26,D27
20:47:51.976    10692001  FFFFFFC3D3FFF  D16,D17,D19,D24,D25,D26,D27
20:47:52.850    10692874  FFFFFF83D3FFF  D16,D17,D19,D24,D25,D26,D27,D28
20:47:52.850    10692875  FFFFFFAFD3FFF  D16,D17,D19,D26,D28
20:47:52.850    10692877  FFFFFFBFD3FFF  D16,D17,D19,D28
20:47:53.776    10693787  FFFFFFBBD3FFF  D16,D17,D19,D24,D28
20:47:54.706    10694701  FFFFFFB3D3FFF  D16,D17,D19,D24,D25,D28
20:47:54.707    10694702  FFFFFFB7D3FFF  D16,D17,D19,D25,D28
20:47:55.625    10695613  FFFFFFB3D3FFF  D16,D17,D19,D24,D25,D28
20:47:56.545    10696525  FFFFFFA3D3FFF  D16,D17,D19,D24,D25,D26,D28
20:47:56.546    10696527  FFFFFFAFD3FFF  D16,D17,D19,D26,D28
20:47:57.460    10697440  FFFFFFABD3FFF  D16,D17,D19,D24,D26,D28
20:47:58.819    10698788  FFFFFFA3D3FFF  D16,D17,D19,D24,D25,D26,D28
20:47:58.819    10698790  FFFFFFA7D3FFF  D16,D17,D19,D25,D26,D28
20:48:00.186    10700139  FFFFFFA3D3FFF  D16,D17,D19,D24,D25,D26,D28
20:48:01.113    10701062  FFFFFF83D3FFF  D16,D17,D19,D24,D25,D26,D27,D28
20:48:01.113    10701064  FFFFFF8FD3FFF  D16,D17,D19,D26,D27,D28
20:48:01.113    10701066  FFFFFF9FD3FFF  D16,D17,D19,D27,D28
20:48:02.018    10701965  FFFFFF9BD3FFF  D16,D17,D19,D24,D27,D28
20:48:02.937    10702877  FFFFFF93D3FFF  D16,D17,D19,D24,D25,D27,D28
20:48:02.937    10702879  FFFFFF97D3FFF  D16,D17,D19,D25,D27,D28
20:48:03.864    10703791  FFFFFF93D3FFF  D16,D17,D19,D24,D25,D27,D28
20:48:04.771    10704704  FFFFFF83D3FFF  D16,D17,D19,D24,D25,D26,D27,D28
20:48:04.771    10704706  FFFFFF8FD3FFF  D16,D17,D19,D26,D27,D28
20:48:05.654    10705577  FFFFFF8BD3FFF  D16,D17,D19,D24,D26,D27,D28
20:48:06.568    10706490  FFFFFF83D3FFF  D16,D17,D19,D24,D25,D26,D27,D28
20:48:06.568    10706492  FFFFFF87D3FFF  D16,D17,D19,D25,D26,D27,D28
20:48:07.507    10707404  FFFFFF83D3FFF  D16,D17,D19,D24,D25,D26,D27,D28
20:48:08.433    10708316  FFFFFF43D3FFF  D16,D17,D19,D24,D25,D26,D27,D29
20:48:08.433    10708318  FFFFFF6FD3FFF  D16,D17,D19,D26,D29
20:48:08.433    10708320  FFFFFF7FD3FFF  D16,D17,D19,D29
20:48:09.460    10709349  FFFFFF7BD3FFF  D16,D17,D19,D24,D29
--- FW IODebug 1.2.2 2026-08-31 LIFT=3 20:48:10 ---
20:48:10.944    10710818  FFFFFF73D3FFF  D16,D17,D19,D24,D25,D29
20:48:10.944    10710820  FFFFFF77D3FFF  D16,D17,D19,D25,D29
20:48:14.561    10713752  FFFFFF77D7FFF  D17,D19,D25,D29
20:48:14.561    10713797  FFFFFF77F7FFF  D17,D25,D29
20:48:14.561    10714172  FFFFFF77D7FFF  D17,D19,D25,D29
20:48:14.561    10714173  FFFFFF77F7FFF  D17,D25,D29
20:48:14.561    10714421  FFFFFF77D7FFF  D17,D19,D25,D29
20:48:14.561    10714423  FFFFFF77F7FFF  D17,D25,D29
20:48:19.084    10718906  FFFFFF77D7FFF  D17,D19,D25,D29
20:48:19.084    10718908  FFFFFF77F7FFF  D17,D25,D29
20:48:24.209    10723994  FFFFFF77D7FFF  D17,D19,D25,D29
20:48:24.209    10723996  FFFFFF77F7FFF  D17,D25,D29
--- FW IODebug 1.2.2 2026-08-31 LIFT=3 20:48:40 ---
20:49:05.490    10764961  FFFFFF77D7FFF  D17,D19,D25,D29
20:49:05.490    10764962  FFFFFF77F7FFF  D17,D25,D29
--- FW IODebug 1.2.2 2026-08-31 LIFT=3 20:49:10 ---
20:49:13.885    10773296  FFFFFF77D7FFF  D17,D19,D25,D29
20:49:13.885    10773298  FFFFFF77F7FFF  D17,D25,D29
20:49:29.913    10789200  FFFFFF77D7FFF  D17,D19,D25,D29
20:49:29.913    10789202  FFFFFF77F7FFF  D17,D25,D29
20:49:37.551    10796776  FFFFFF77D7FFF  D17,D19,D25,D29
20:49:37.552    10796778  FFFFFF77F7FFF  D17,D25,D29
20:49:40.776    10799826  FFFFFF77E7FFF  D17,D18,D25,D29
20:49:40.776    10799828  FFFFFF77F7FFF  D17,D25,D29
--- FW IODebug 1.2.2 2026-08-31 LIFT=3 20:49:40 ---
20:49:41.321    10800535  FFFFFF77D7FFF  D17,D19,D25,D29
20:49:41.321    10800536  FFFFFF77F7FFF  D17,D25,D29
20:49:54.746    10813853  FFFFFF77E7FFF  D17,D18,D25,D29
20:49:54.746    10813855  FFFFFF77F7FFF  D17,D25,D29
20:50:01.863    10820890  FFFFFF77E7FFF  D17,D18,D25,D29
20:50:01.864    10820892  FFFFFF77F7FFF  D17,D25,D29
--- FW IODebug 1.2.2 2026-08-31 LIFT=3 20:50:11 ---
20:50:39.799    10858556  FFFFFF77D7FFF  D17,D19,D25,D29
20:50:39.799    10858558  FFFFFF77F7FFF  D17,D25,D29
--- FW IODebug 1.2.2 2026-08-31 LIFT=3 20:50:41 ---
20:50:50.534    10869223  FFFFFF77E7FFF  D17,D18,D25,D29
20:50:50.534    10869225  FFFFFF77F7FFF  D17,D25,D29
20:50:52.098    10870770  FFFFFF77E7FFF  D17,D18,D25,D29
20:50:52.098    10870771  FFFFFF77F7FFF  D17,D25,D29
--- FW IODebug 1.2.2 2026-08-31 LIFT=3 20:51:11 ---
20:51:11.863    10890392  FFFFFF77D7FFF  D17,D19,D25,D29
20:51:11.863    10890394  FFFFFF77F7FFF  D17,D25,D29
20:51:14.597    10893115  FFFFFF77FFFFF  D25,D29
20:51:15.296    10893792  FFFFFF77F7FFF  D17,D25,D29
20:51:21.948    10900388  FFFFFF77D7FFF  D17,D19,D25,D29
20:51:21.948    10900390  FFFFFF77F7FFF  D17,D25,D29
20:51:31.211    10909590  FFFFFF77E7FFF  D17,D18,D25,D29
20:51:31.211    10909592  FFFFFF77F7FFF  D17,D25,D29
20:51:31.898    10910277  FFFFFF77D7FFF  D17,D19,D25,D29
20:51:31.898    10910279  FFFFFF77F7FFF  D17,D25,D29
20:51:41.694    10919618  FFFFFF77D7FFF  D17,D19,D25,D29
20:51:41.694    10919620  FFFFFF77F7FFF  D17,D25,D29
--- FW IODebug 1.2.2 2026-08-31 LIFT=3 20:51:41 ---
20:51:47.983    10926231  FFFFFF77D7FFF  D17,D19,D25,D29
20:51:47.983    10926233  FFFFFF77F7FFF  D17,D25,D29
20:51:50.645    10928883  FFFFFF77D7FFF  D17,D19,D25,D29
20:51:50.645    10928885  FFFFFF77F7FFF  D17,D25,D29
20:52:00.387    10938548  FFFFFF77E7FFF  D17,D18,D25,D29
20:52:00.387    10938550  FFFFFF77F7FFF  D17,D25,D29
20:52:08.741    10946847  FFFFFF77D7FFF  D17,D19,D25,D29
20:52:08.741    10946849  FFFFFF77F7FFF  D17,D25,D29
--- FW IODebug 1.2.2 2026-08-31 LIFT=3 20:52:11 ---
20:52:18.309    10956339  FFFFFF77E7FFF  D17,D18,D25,D29
20:52:18.309    10956341  FFFFFF77F7FFF  D17,D25,D29
20:52:33.908    10971810  FFFFFF77E7FFF  D17,D18,D25,D29
20:52:33.908    10971811  FFFFFF77F7FFF  D17,D25,D29
--- FW IODebug 1.2.2 2026-08-31 LIFT=3 20:52:42 ---
20:52:45.298    10983122  FFFFFF77D7FFF  D17,D19,D25,D29
20:52:45.299    10983124  FFFFFF77F7FFF  D17,D25,D29
--- FW IODebug 1.2.2 2026-08-31 LIFT=3 20:53:12 ---
20:53:26.280    11023793  FFFFFF77D7FFF  D17,D19,D25,D29
20:53:26.280    11023795  FFFFFF77F7FFF  D17,D25,D29
20:53:27.213    11024724  FFFFFF77E7FFF  D17,D18,D25,D29
20:53:27.214    11024727  FFFFFF77F7FFF  D17,D25,D29
--- FW IODebug 1.2.2 2026-08-31 LIFT=3 20:53:42 ---
20:53:42.965    11040372  FFFFFF77E7FFF  D17,D18,D25,D29
20:53:42.965    11040374  FFFFFF77F7FFF  D17,D25,D29
20:53:44.638    11042028  FFFFFF77E7FFF  D17,D18,D25,D29
20:53:44.638    11042030  FFFFFF77F7FFF  D17,D25,D29
20:53:55.497    11052806  FFFFFF77D7FFF  D17,D19,D25,D29
20:53:55.497    11052808  FFFFFF77F7FFF  D17,D25,D29
20:54:06.223    11063456  FFFFFF77E7FFF  D17,D18,D25,D29
20:54:06.223    11063458  FFFFFF77F7FFF  D17,D25,D29
--- FW IODebug 1.2.2 2026-08-31 LIFT=3 20:54:12 ---
20:54:38.684    11095671  FFFFFF77E7FFF  D17,D18,D25,D29
20:54:38.684    11095673  FFFFFF77F7FFF  D17,D25,D29
--- FW IODebug 1.2.2 2026-08-31 LIFT=3 20:54:43 ---
20:54:47.826    11104746  FFFFFF77E7FFF  D17,D18,D25,D29
20:54:47.826    11104748  FFFFFF77F7FFF  D17,D25,D29
20:54:56.278    11113123  FFFFFF77D7FFF  D17,D19,D25,D29
20:54:56.278    11113125  FFFFFF77F7FFF  D17,D25,D29
20:55:04.464    11121270  FFFFFF77D7FFF  D17,D19,D25,D29
--- FW IODebug 1.2.2 2026-08-31 LIFT=3 20:55:13 ---
20:55:16.662    11133370  FFFFFF77C7FFF  D17,D18,D19,D25,D29
20:55:16.662    11133371  FFFFFF77D7FFF  D17,D19,D25,D29
20:55:18.440    11135125  FFFFFF77D3FFF  D16,D17,D19,D25,D29
20:55:21.759    11138420  FFFFFF73D3FFF  D16,D17,D19,D24,D25,D29
20:55:23.276    11139929  FFFFFF63D3FFF  D16,D17,D19,D24,D25,D26,D29
20:55:23.276    11139931  FFFFFF6FD3FFF  D16,D17,D19,D26,D29
20:55:24.284    11140922  FFFFFF6BD3FFF  D16,D17,D19,D24,D26,D29
20:55:25.196    11141834  FFFFFF63D3FFF  D16,D17,D19,D24,D25,D26,D29
20:55:25.196    11141836  FFFFFF67D3FFF  D16,D17,D19,D25,D26,D29
20:55:26.117    11142748  FFFFFF63D3FFF  D16,D17,D19,D24,D25,D26,D29
20:55:27.093    11143700  FFFFFF43D3FFF  D16,D17,D19,D24,D25,D26,D27,D29
20:55:27.093    11143702  FFFFFF4FD3FFF  D16,D17,D19,D26,D27,D29
20:55:27.093    11143704  FFFFFF5FD3FFF  D16,D17,D19,D27,D29
20:55:28.037    11144653  FFFFFF5BD3FFF  D16,D17,D19,D24,D27,D29
20:55:29.009    11145606  FFFFFF53D3FFF  D16,D17,D19,D24,D25,D27,D29
20:55:29.010    11145608  FFFFFF57D3FFF  D16,D17,D19,D25,D27,D29
20:55:29.954    11146559  FFFFFF53D3FFF  D16,D17,D19,D24,D25,D27,D29
20:55:30.880    11147471  FFFFFF43D3FFF  D16,D17,D19,D24,D25,D26,D27,D29
20:55:30.880    11147473  FFFFFF4FD3FFF  D16,D17,D19,D26,D27,D29
20:55:31.955    11148544  FFFFFF4BD3FFF  D16,D17,D19,D24,D26,D27,D29
20:55:33.910    11150212  FFFFFF43D3FFF  D16,D17,D19,D24,D25,D26,D27,D29
20:55:33.910    11150213  FFFFFF47D3FFF  D16,D17,D19,D25,D26,D27,D29
20:55:33.910    11150330  FFFFFF4793FFF  D16,D17,D19,D20,D25,D26,D27,D29
20:55:33.910    11150490  FFFFFF47B3FFF  D16,D17,D20,D25,D26,D27,D29
20:55:37.089    11153414  FFFFFF47A3FFF  D16,D17,D18,D20,D25,D26,D27,D29
20:55:37.089    11153416  FFFFFF47B3FFF  D16,D17,D20,D25,D26,D27,D29
20:55:37.089    11153632  FFFFFF47B7FFF  D17,D20,D25,D26,D27,D29
20:55:43.492    11159792  FFFFFF47A7FFF  D17,D18,D20,D25,D26,D27,D29
20:55:43.492    11159794  FFFFFF47B7FFF  D17,D20,D25,D26,D27,D29
--- FW IODebug 1.2.2 2026-08-31 LIFT=3 20:55:43 ---
20:55:44.983    11161468  FFFFFF47A7FFF  D17,D18,D20,D25,D26,D27,D29
20:55:44.983    11161469  FFFFFF47B7FFF  D17,D20,D25,D26,D27,D29
20:55:45.764    11162243  FFFFFF47F7FFF  D17,D25,D26,D27,D29
--- FW IODebug 1.2.2 2026-08-31 LIFT=3 20:56:13 ---
20:56:24.652    11200843  FFFFFF47D7FFF  D17,D19,D25,D26,D27,D29
20:56:24.652    11200845  FFFFFF47F7FFF  D17,D25,D26,D27,D29
20:56:33.155    11209283  FFFFFF47F3FFF  D16,D17,D25,D26,D27,D29
20:56:33.155    11209285  FFFFFF47F7FFF  D17,D25,D26,D27,D29
--- FW IODebug 1.2.2 2026-08-31 LIFT=3 20:56:43 ---
20:57:01.426    11237349  FFFFFF47D7FFF  D17,D19,D25,D26,D27,D29
20:57:01.426    11237351  FFFFFF47F7FFF  D17,D25,D26,D27,D29
20:57:09.272    11245129  FFFFFF47D7FFF  D17,D19,D25,D26,D27,D29
20:57:09.272    11245131  FFFFFF47F7FFF  D17,D25,D26,D27,D29
20:57:13.070    11248893  FFFFFF47F3FFF  D16,D17,D25,D26,D27,D29
20:57:13.070    11248894  FFFFFF47F7FFF  D17,D25,D26,D27,D29
--- FW IODebug 1.2.2 2026-08-31 LIFT=3 20:57:14 ---
20:57:14.548    11250373  FFFFFF47B7FFF  D17,D20,D25,D26,D27,D29
20:57:20.302    11256075  FFFFFF47A7FFF  D17,D18,D20,D25,D26,D27,D29
20:57:20.302    11256077  FFFFFF47B7FFF  D17,D20,D25,D26,D27,D29
20:57:28.151    11263881  FFFFFF47B3FFF  D16,D17,D20,D25,D26,D27,D29
20:57:32.000    11267692  FFFFFF43B3FFF  D16,D17,D20,D24,D25,D26,D27,D29
20:57:32.000    11267694  FFFFFF4BB3FFF  D16,D17,D20,D24,D26,D27,D29
20:57:33.628    11269311  FFFFFF4FB3FFF  D16,D17,D20,D26,D27,D29
20:57:34.718    11270391  FFFFFF4BB3FFF  D16,D17,D20,D24,D26,D27,D29
20:57:34.718    11270393  FFFFFF43B3FFF  D16,D17,D20,D24,D25,D26,D27,D29
20:57:34.718    11270395  FFFFFF53B3FFF  D16,D17,D20,D24,D25,D27,D29
20:57:35.686    11271346  FFFFFF57B3FFF  D16,D17,D20,D25,D27,D29
20:57:36.652    11272298  FFFFFF53B3FFF  D16,D17,D20,D24,D25,D27,D29
20:57:36.652    11272299  FFFFFF5BB3FFF  D16,D17,D20,D24,D27,D29
20:57:37.559    11273211  FFFFFF5FB3FFF  D16,D17,D20,D27,D29
20:57:38.522    11274163  FFFFFF57B3FFF  D16,D17,D20,D25,D27,D29
20:57:38.523    11274165  FFFFFF63B3FFF  D16,D17,D20,D24,D25,D26,D29
20:57:39.518    11275157  FFFFFF67B3FFF  D16,D17,D20,D25,D26,D29
20:57:40.387    11276018  FFFFFF63B3FFF  D16,D17,D20,D24,D25,D26,D29
20:57:40.387    11276020  FFFFFF6BB3FFF  D16,D17,D20,D24,D26,D29
20:57:41.312    11276934  FFFFFF6FB3FFF  D16,D17,D20,D26,D29
20:57:42.365    11277974  FFFFFF63B3FFF  D16,D17,D20,D24,D25,D26,D29
20:57:42.365    11277977  FFFFFF73B3FFF  D16,D17,D20,D24,D25,D29
20:57:43.842    11279444  FFFFFF77B3FFF  D16,D17,D20,D25,D29
--- FW IODebug 1.2.2 2026-08-31 LIFT=3 20:57:44 ---
20:57:46.724    11282298  FFFFFF77B7FFF  D17,D20,D25,D29
20:57:55.532    11291037  FFFFFF77F7FFF  D17,D25,D29
20:58:02.215    11297428  FFFFFF77D7FFF  D17,D19,D25,D29
20:58:02.216    11297430  FFFFFF77F7FFF  D17,D25,D29
20:58:02.216    11297667  FFFFFF77E7FFF  D17,D18,D25,D29
20:58:02.216    11297669  FFFFFF77F7FFF  D17,D25,D29
--- FW IODebug 1.2.2 2026-08-31 LIFT=3 20:58:14 ---
20:58:21.285    11316232  FFFFFF77F3FFF  D16,D17,D25,D29
20:58:21.285    11316234  FFFFFF77F7FFF  D17,D25,D29
20:58:21.285    11316588  FFFFFF77D7FFF  D17,D19,D25,D29
20:58:21.285    11316590  FFFFFF77F7FFF  D17,D25,D29
20:58:31.621    11326861  FFFFFF77E7FFF  D17,D18,D25,D29
20:58:31.621    11326863  FFFFFF77F7FFF  D17,D25,D29
--- FW IODebug 1.2.2 2026-08-31 LIFT=3 20:58:44 ---
20:58:49.020    11344140  FFFFFF77E7FFF  D17,D18,D25,D29
20:58:49.020    11344142  FFFFFF77F7FFF  D17,D25,D29
20:58:50.313    11345429  FFFFFF77E7FFF  D17,D18,D25,D29
20:58:50.313    11345431  FFFFFF77F7FFF  D17,D25,D29
20:59:06.805    11361792  FFFFFF77E7FFF  D17,D18,D25,D29
20:59:06.805    11361794  FFFFFF77F7FFF  D17,D25,D29
--- FW IODebug 1.2.2 2026-08-31 LIFT=3 20:59:15 ---
20:59:29.889    11384698  FFFFFF77E7FFF  D17,D18,D25,D29
20:59:29.890    11384700  FFFFFF77F7FFF  D17,D25,D29
20:59:32.355    11387150  FFFFFF77E7FFF  D17,D18,D25,D29
20:59:32.355    11387152  FFFFFF77F7FFF  D17,D25,D29
--- FW IODebug 1.2.2 2026-08-31 LIFT=3 20:59:45 ---
20:59:50.118    11404781  FFFFFF77D7FFF  D17,D19,D25,D29
20:59:50.118    11404783  FFFFFF77F7FFF  D17,D25,D29
--- FW IODebug 1.2.2 2026-08-31 LIFT=3 21:00:15 ---
21:00:16.929    11431389  FFFFFF77D7FFF  D17,D19,D25,D29
21:00:16.929    11431391  FFFFFF77F7FFF  D17,D25,D29
21:00:17.620    11432082  FFFFFF77E7FFF  D17,D18,D25,D29
21:00:17.620    11432084  FFFFFF77F7FFF  D17,D25,D29
21:00:39.184    11453480  FFFFFF77E7FFF  D17,D18,D25,D29
21:00:39.184    11453481  FFFFFF77F7FFF  D17,D25,D29
--- FW IODebug 1.2.2 2026-08-31 LIFT=3 21:00:45 ---
21:00:48.641    11462854  FFFFFF77E7FFF  D17,D18,D25,D29
21:00:48.641    11462856  FFFFFF77F7FFF  D17,D25,D29
21:00:55.583    11469749  FFFFFF77FFFFF  D25,D29
21:00:56.254    11470427  FFFFFF77F7FFF  D17,D25,D29
21:00:56.954    11471099  FFFFFF77E7FFF  D17,D18,D25,D29
21:00:56.954    11471101  FFFFFF77F7FFF  D17,D25,D29
21:01:05.417    11479507  FFFFFF77E7FFF  D17,D18,D25,D29
21:01:05.417    11479508  FFFFFF77F7FFF  D17,D25,D29
21:01:14.931    11488730  FFFFFF77E7FFF  D17,D18,D25,D29
21:01:14.931    11488732  FFFFFF77F7FFF  D17,D25,D29
21:01:14.931    11488968  FFFFFF77E7FFF  D17,D18,D25,D29
21:01:14.931    11488970  FFFFFF77F7FFF  D17,D25,D29
--- FW IODebug 1.2.2 2026-08-31 LIFT=3 21:01:16 ---
21:01:22.524    11496489  FFFFFF77E7FFF  D17,D18,D25,D29
21:01:22.524    11496492  FFFFFF77F7FFF  D17,D25,D29
21:01:29.525    11503429  FFFFFF77E7FFF  D17,D18,D25,D29
21:01:29.525    11503431  FFFFFF77F7FFF  D17,D25,D29
21:01:35.068    11508942  FFFFFF77D7FFF  D17,D19,D25,D29
21:01:35.068    11508944  FFFFFF77F7FFF  D17,D25,D29
21:01:38.810    11512654  FFFFFF77E7FFF  D17,D18,D25,D29
21:01:38.811    11512656  FFFFFF77F7FFF  D17,D25,D29
--- FW IODebug 1.2.2 2026-08-31 LIFT=3 21:01:46 ---
21:01:48.904    11522675  FFFFFF77D7FFF  D17,D19,D25,D29
21:01:48.904    11522677  FFFFFF77F7FFF  D17,D25,D29
21:01:51.880    11525630  FFFFFF77E7FFF  D17,D18,D25,D29
21:01:51.881    11525633  FFFFFF77F7FFF  D17,D25,D29
21:02:15.383    11548969  FFFFFF77E7FFF  D17,D18,D25,D29
21:02:15.383    11548972  FFFFFF77F7FFF  D17,D25,D29
--- FW IODebug 1.2.2 2026-08-31 LIFT=3 21:02:16 ---
21:02:20.854    11554384  FFFFFF77E7FFF  D17,D18,D25,D29
21:02:20.854    11554386  FFFFFF77F7FFF  D17,D25,D29
21:02:26.523    11560007  FFFFFF77E7FFF  D17,D18,D25,D29
21:02:26.523    11560009  FFFFFF77F7FFF  D17,D25,D29
--- FW IODebug 1.2.2 2026-08-31 LIFT=3 21:02:46 ---
21:02:48.492    11581825  FFFFFF77D7FFF  D17,D19,D25,D29
21:02:48.492    11581827  FFFFFF77F7FFF  D17,D25,D29
21:02:52.465    11585768  FFFFFF77D7FFF  D17,D19,D25,D29
21:02:52.465    11585769  FFFFFF77F7FFF  D17,D25,D29
21:03:02.272    11595507  FFFFFF77E7FFF  D17,D18,D25,D29
21:03:02.272    11595509  FFFFFF77F7FFF  D17,D25,D29
21:03:11.839    11604997  FFFFFF77D7FFF  D17,D19,D25,D29
21:03:11.839    11604999  FFFFFF77F7FFF  D17,D25,D29
--- FW IODebug 1.2.2 2026-08-31 LIFT=3 21:03:16 ---
21:03:32.278    11625284  FFFFFF77D7FFF  D17,D19,D25,D29
21:03:32.278    11625286  FFFFFF77F7FFF  D17,D25,D29
21:03:40.731    11633675  FFFFFF77E7FFF  D17,D18,D25,D29
21:03:40.731    11633677  FFFFFF77F7FFF  D17,D25,D29
--- FW IODebug 1.2.2 2026-08-31 LIFT=3 21:03:47 ---
21:03:58.830    11651625  FFFFFF77D7FFF  D17,D19,D25,D29
21:03:58.830    11651628  FFFFFF77F7FFF  D17,D25,D29
21:04:05.164    11657919  FFFFFF77E7FFF  D17,D18,D25,D29
21:04:05.164    11657921  FFFFFF77F7FFF  D17,D25,D29
--- FW IODebug 1.2.2 2026-08-31 LIFT=3 21:04:17 ---
21:04:20.188    11672836  FFFFFF77D7FFF  D17,D19,D25,D29
21:04:20.188    11672838  FFFFFF77F7FFF  D17,D25,D29
21:04:32.795    11685339  FFFFFF77E7FFF  D17,D18,D25,D29
21:04:32.795    11685341  FFFFFF77F7FFF  D17,D25,D29
--- FW IODebug 1.2.2 2026-08-31 LIFT=3 21:04:47 ---
21:04:52.874    11705273  FFFFFF77E7FFF  D17,D18,D25,D29
21:04:52.874    11705274  FFFFFF77F7FFF  D17,D25,D29
21:05:05.757    11717521  FFFFFF77E7FFF  D17,D18,D25,D29
21:05:05.757    11717523  FFFFFF77F7FFF  D17,D25,D29
21:05:05.757    11717869  FFFFFF77D7FFF  D17,D19,D25,D29
21:05:05.757    11717871  FFFFFF77F7FFF  D17,D25,D29
21:05:05.757    11718057  FFFFFF77D7FFF  D17,D19,D25,D29
21:05:05.758    11718060  FFFFFF77F7FFF  D17,D25,D29
--- FW IODebug 1.2.2 2026-08-31 LIFT=3 21:05:17 ---
21:05:29.266    11741396  FFFFFF77E7FFF  D17,D18,D25,D29
21:05:29.266    11741399  FFFFFF77F7FFF  D17,D25,D29
--- FW IODebug 1.2.2 2026-08-31 LIFT=3 21:05:48 ---
21:05:51.953    11763918  FFFFFF77D7FFF  D17,D19,D25,D29
21:05:51.953    11763920  FFFFFF77F7FFF  D17,D25,D29
21:06:14.169    11785968  FFFFFF77E7FFF  D17,D18,D25,D29
21:06:14.170    11785970  FFFFFF77F7FFF  D17,D25,D29
--- FW IODebug 1.2.2 2026-08-31 LIFT=3 21:06:18 ---
21:06:32.080    11803729  FFFFFF77D7FFF  D17,D19,D25,D29
21:06:32.080    11803731  FFFFFF77F7FFF  D17,D25,D29
21:06:33.166    11804828  FFFFFF77E7FFF  D17,D18,D25,D29
21:06:33.166    11804830  FFFFFF77F7FFF  D17,D25,D29
21:06:41.254    11812843  FFFFFF77E7FFF  D17,D18,D25,D29
21:06:41.254    11812845  FFFFFF77F7FFF  D17,D25,D29
--- FW IODebug 1.2.2 2026-08-31 LIFT=3 21:06:48 ---
21:06:53.922    11825416  FFFFFF77E7FFF  D17,D18,D25,D29
21:06:53.922    11825418  FFFFFF77F7FFF  D17,D25,D29
21:07:01.070    11832516  FFFFFF77D7FFF  D17,D19,D25,D29
21:07:01.070    11832518  FFFFFF77F7FFF  D17,D25,D29
--- FW IODebug 1.2.2 2026-08-31 LIFT=3 21:07:18 ---
21:07:24.227    11855472  FFFFFF77D7FFF  D17,D19,D25,D29
21:07:24.227    11855474  FFFFFF77F7FFF  D17,D25,D29
21:07:29.216    11860327  FFFFFF77D7FFF  D17,D19,D25,D29
21:07:29.216    11860329  FFFFFF77F7FFF  D17,D25,D29
21:07:29.216    11860442  FFFFFF77E7FFF  D17,D18,D25,D29
21:07:29.216    11860444  FFFFFF77F7FFF  D17,D25,D29
21:07:31.379    11862589  FFFFFF77E7FFF  D17,D18,D25,D29
21:07:31.379    11862591  FFFFFF77F7FFF  D17,D25,D29
21:07:38.348    11869518  FFFFFF77D7FFF  D17,D19,D25,D29
21:07:38.348    11869519  FFFFFF77F7FFF  D17,D25,D29
--- FW IODebug 1.2.2 2026-08-31 LIFT=3 21:07:48 ---
21:08:01.214    11892203  FFFFFF77E7FFF  D17,D18,D25,D29
21:08:01.214    11892205  FFFFFF77F7FFF  D17,D25,D29
21:08:03.696    11894660  FFFFFF77E7FFF  D17,D18,D25,D29
21:08:03.696    11894662  FFFFFF77F7FFF  D17,D25,D29
--- FW IODebug 1.2.2 2026-08-31 LIFT=3 21:08:19 ---
21:08:29.693    11920477  FFFFFF77F3FFF  D16,D17,D25,D29
21:08:29.693    11920479  FFFFFF77F7FFF  D17,D25,D29
21:08:47.473    11938131  FFFFFF77E7FFF  D17,D18,D25,D29
21:08:47.473    11938134  FFFFFF77F7FFF  D17,D25,D29
--- FW IODebug 1.2.2 2026-08-31 LIFT=3 21:08:49 ---
21:08:57.202    11947776  FFFFFF77D7FFF  D17,D19,D25,D29
21:08:57.202    11947777  FFFFFF77F7FFF  D17,D25,D29
21:08:59.573    11950116  FFFFFF77E7FFF  D17,D18,D25,D29
21:08:59.573    11950118  FFFFFF77F7FFF  D17,D25,D29
21:09:18.569    11968975  FFFFFF77D7FFF  D17,D19,D25,D29
21:09:18.569    11968977  FFFFFF77F7FFF  D17,D25,D29
--- FW IODebug 1.2.2 2026-08-31 LIFT=3 21:09:19 ---
21:09:20.945    11971342  FFFFFF77E7FFF  D17,D18,D25,D29
21:09:20.945    11971344  FFFFFF77F7FFF  D17,D25,D29
21:09:33.877    11984191  FFFFFF77D7FFF  D17,D19,D25,D29
21:09:33.877    11984193  FFFFFF77F7FFF  D17,D25,D29
21:09:38.835    11989097  FFFFFF77E7FFF  D17,D18,D25,D29
21:09:38.835    11989098  FFFFFF77F7FFF  D17,D25,D29
--- FW IODebug 1.2.2 2026-08-31 LIFT=3 21:09:49 ---
21:10:07.574    12017636  FFFFFF77E7FFF  D17,D18,D25,D29
21:10:07.574    12017637  FFFFFF77F7FFF  D17,D25,D29
21:10:16.874    12026863  FFFFFF77E7FFF  D17,D18,D25,D29
21:10:16.874    12026865  FFFFFF77F7FFF  D17,D25,D29
--- FW IODebug 1.2.2 2026-08-31 LIFT=3 21:10:20 ---
21:10:20.555    12030509  FFFFFF77D7FFF  D17,D19,D25,D29
21:10:20.555    12030510  FFFFFF77F7FFF  D17,D25,D29
21:10:30.696    12040255  FFFFFF77E7FFF  D17,D18,D25,D29
21:10:30.696    12040257  FFFFFF77F7FFF  D17,D25,D29
21:10:30.696    12040560  FFFFFF77E7FFF  D17,D18,D25,D29
21:10:30.696    12040561  FFFFFF77F7FFF  D17,D25,D29
21:10:32.411    12042279  FFFFFF77D7FFF  D17,D19,D25,D29
21:10:32.411    12042281  FFFFFF77F7FFF  D17,D25,D29
21:10:37.904    12047726  FFFFFF77E7FFF  D17,D18,D25,D29
21:10:37.904    12047728  FFFFFF77F7FFF  D17,D25,D29
21:10:42.136    12051929  FFFFFF77E7FFF  D17,D18,D25,D29
21:10:42.136    12051931  FFFFFF77F7FFF  D17,D25,D29
21:10:43.358    12053139  FFFFFF77D7FFF  D17,D19,D25,D29
21:10:43.358    12053141  FFFFFF77F7FFF  D17,D25,D29
21:10:48.018    12057765  FFFFFF77D7FFF  D17,D19,D25,D29
21:10:48.018    12057767  FFFFFF77F7FFF  D17,D25,D29
21:10:48.553    12058308  FFFFFF77E7FFF  D17,D18,D25,D29
21:10:48.553    12058310  FFFFFF77F7FFF  D17,D25,D29
--- FW IODebug 1.2.2 2026-08-31 LIFT=3 21:10:50 ---
21:10:58.841    12068515  FFFFFF77E7FFF  D17,D18,D25,D29
21:10:58.842    12068517  FFFFFF77F7FFF  D17,D25,D29
21:11:06.806    12076423  FFFFFF77D7FFF  D17,D19,D25,D29
21:11:06.807    12076425  FFFFFF77F7FFF  D17,D25,D29
21:11:15.664    12085190  FFFFFF77E7FFF  D17,D18,D25,D29
21:11:15.664    12085192  FFFFFF77F7FFF  D17,D25,D29
--- FW IODebug 1.2.2 2026-08-31 LIFT=3 21:11:20 ---
21:11:25.309    12094780  FFFFFF77E7FFF  D17,D18,D25,D29
21:11:25.310    12094782  FFFFFF77F7FFF  D17,D25,D29
21:11:40.368    12109732  FFFFFF77E7FFF  D17,D18,D25,D29
21:11:40.368    12109734  FFFFFF77F7FFF  D17,D25,D29
--- FW IODebug 1.2.2 2026-08-31 LIFT=3 21:11:50 ---
21:11:52.787    12122054  FFFFFF77E7FFF  D17,D18,D25,D29
21:11:52.787    12122056  FFFFFF77F7FFF  D17,D25,D29
21:11:54.975    12124228  FFFFFF77E7FFF  D17,D18,D25,D29
21:11:54.975    12124229  FFFFFF77F7FFF  D17,D25,D29
21:12:04.271    12133448  FFFFFF77E7FFF  D17,D18,D25,D29
21:12:04.271    12133450  FFFFFF77F7FFF  D17,D25,D29
21:12:12.145    12141259  FFFFFF77E7FFF  D17,D18,D25,D29
21:12:12.145    12141261  FFFFFF77F7FFF  D17,D25,D29
21:12:12.657    12141765  FFFFFF77D7FFF  D17,D19,D25,D29
21:12:12.657    12141767  FFFFFF77F7FFF  D17,D25,D29
--- FW IODebug 1.2.2 2026-08-31 LIFT=3 21:12:20 ---
21:12:28.473    12157463  FFFFFF77E7FFF  D17,D18,D25,D29
21:12:28.473    12157465  FFFFFF77F7FFF  D17,D25,D29
21:12:30.237    12159216  FFFFFF77D7FFF  D17,D19,D25,D29
21:12:30.237    12159218  FFFFFF77F7FFF  D17,D25,D29
--- FW IODebug 1.2.2 2026-08-31 LIFT=3 21:12:51 ---
21:13:06.585    12195287  FFFFFF77E7FFF  D17,D18,D25,D29
21:13:06.585    12195289  FFFFFF77F7FFF  D17,D25,D29
21:13:11.127    12199808  FFFFFF77D7FFF  D17,D19,D25,D29
21:13:11.127    12199809  FFFFFF77F7FFF  D17,D25,D29
21:13:15.946    12204573  FFFFFF77D7FFF  D17,D19,D25,D29
21:13:15.946    12204575  FFFFFF77F7FFF  D17,D25,D29
--- FW IODebug 1.2.2 2026-08-31 LIFT=3 21:13:21 ---
21:13:39.478    12227945  FFFFFF77D7FFF  D17,D19,D25,D29
21:13:39.478    12227947  FFFFFF77F7FFF  D17,D25,D29
--- FW IODebug 1.2.2 2026-08-31 LIFT=3 21:13:51 ---
21:13:54.290    12242655  FFFFFF77E7FFF  D17,D18,D25,D29
21:13:54.290    12242657  FFFFFF77F7FFF  D17,D25,D29
21:14:01.588    12249887  FFFFFF77E7FFF  D17,D18,D25,D29
21:14:01.588    12249889  FFFFFF77F7FFF  D17,D25,D29
21:14:11.138    12259374  FFFFFF77D7FFF  D17,D19,D25,D29
21:14:11.138    12259376  FFFFFF77F7FFF  D17,D25,D29
21:14:16.937    12265119  FFFFFF77E7FFF  D17,D18,D25,D29
21:14:16.937    12265121  FFFFFF77F7FFF  D17,D25,D29
--- FW IODebug 1.2.2 2026-08-31 LIFT=3 21:14:21 ---
--- FW IODebug 1.2.2 2026-08-31 LIFT=3 21:14:52 ---
21:15:16.059    12323800  FFFFFF77E7FFF  D17,D18,D25,D29
21:15:16.059    12323801  FFFFFF77F7FFF  D17,D25,D29
--- FW IODebug 1.2.2 2026-08-31 LIFT=3 21:15:22 ---
21:15:23.351    12331048  FFFFFF77D7FFF  D17,D19,D25,D29
21:15:23.351    12331051  FFFFFF77F7FFF  D17,D25,D29
21:15:35.049    12342667  FFFFFF77E7FFF  D17,D18,D25,D29
21:15:35.049    12342668  FFFFFF77F7FFF  D17,D25,D29
21:15:46.840    12354355  FFFFFF77E7FFF  D17,D18,D25,D29
21:15:46.840    12354357  FFFFFF77F7FFF  D17,D25,D29
21:15:49.144    12356651  FFFFFF77E7FFF  D17,D18,D25,D29
21:15:49.144    12356653  FFFFFF77F7FFF  D17,D25,D29
--- FW IODebug 1.2.2 2026-08-31 LIFT=3 21:15:52 ---
21:16:12.454    12379781  FFFFFF77F3FFF  D16,D17,D25,D29
21:16:12.454    12379783  FFFFFF77F7FFF  D17,D25,D29
--- FW IODebug 1.2.2 2026-08-31 LIFT=3 21:16:22 ---
21:16:41.855    12408957  FFFFFF77D7FFF  D17,D19,D25,D29
21:16:41.856    12408960  FFFFFF77F7FFF  D17,D25,D29
21:16:44.514    12411586  FFFFFF77D7FFF  D17,D19,D25,D29
21:16:44.514    12411588  FFFFFF77F7FFF  D17,D25,D29
21:16:45.795    12412875  FFFFFF77E7FFF  D17,D18,D25,D29
21:16:45.795    12412877  FFFFFF77F7FFF  D17,D25,D29
--- FW IODebug 1.2.2 2026-08-31 LIFT=3 21:16:52 ---
21:16:55.956    12422956  FFFFFF77D7FFF  D17,D19,D25,D29
21:16:55.956    12422958  FFFFFF77F7FFF  D17,D25,D29
21:17:02.188    12429147  FFFFFF77D7FFF  D17,D19,D25,D29
21:17:02.188    12429149  FFFFFF77F7FFF  D17,D25,D29
21:17:05.194    12432110  FFFFFF77E7FFF  D17,D18,D25,D29
21:17:05.194    12432112  FFFFFF77F7FFF  D17,D25,D29
21:17:06.168    12433103  FFFFFF77E7FFF  D17,D18,D25,D29
21:17:06.168    12433105  FFFFFF77F7FFF  D17,D25,D29
21:17:12.601    12439476  FFFFFF77D7FFF  D17,D19,D25,D29
21:17:12.601    12439478  FFFFFF77F7FFF  D17,D25,D29
21:17:17.528    12444374  FFFFFF77D7FFF  D17,D19,D25,D29
21:17:17.528    12444376  FFFFFF77F7FFF  D17,D25,D29
21:17:18.392    12445220  FFFFFF77D7FFF  D17,D19,D25,D29
21:17:18.392    12445221  FFFFFF77F7FFF  D17,D25,D29
--- FW IODebug 1.2.2 2026-08-31 LIFT=3 21:17:23 ---
21:17:37.206    12463897  FFFFFF77E7FFF  D17,D18,D25,D29
21:17:37.206    12463899  FFFFFF77F7FFF  D17,D25,D29
21:17:43.136    12469782  FFFFFF77D7FFF  D17,D19,D25,D29
21:17:43.136    12469783  FFFFFF77F7FFF  D17,D25,D29
21:17:43.941    12470576  FFFFFF77D7FFF  D17,D19,D25,D29
21:17:43.941    12470578  FFFFFF77F7FFF  D17,D25,D29
21:17:51.326    12477920  FFFFFF77D7FFF  D17,D19,D25,D29
21:17:51.326    12477922  FFFFFF77F7FFF  D17,D25,D29
--- FW IODebug 1.2.2 2026-08-31 LIFT=3 21:17:53 ---
21:18:01.209    12487726  FFFFFF77D7FFF  D17,D19,D25,D29
21:18:01.209    12487728  FFFFFF77F7FFF  D17,D25,D29
21:18:05.733    12492204  FFFFFF77E7FFF  D17,D18,D25,D29
21:18:05.733    12492206  FFFFFF77F7FFF  D17,D25,D29
21:18:12.773    12499198  FFFFFF77E7FFF  D17,D18,D25,D29
21:18:12.773    12499201  FFFFFF77F7FFF  D17,D25,D29
21:18:14.355    12500774  FFFFFF77E7FFF  D17,D18,D25,D29
21:18:14.355    12500776  FFFFFF77F7FFF  D17,D25,D29
21:18:21.722    12508095  FFFFFF77E7FFF  D17,D18,D25,D29
21:18:21.722    12508097  FFFFFF77F7FFF  D17,D25,D29
--- FW IODebug 1.2.2 2026-08-31 LIFT=3 21:18:23 ---
21:18:36.611    12522869  FFFFFF77D7FFF  D17,D19,D25,D29
21:18:36.611    12522871  FFFFFF77F7FFF  D17,D25,D29
21:18:38.322    12524558  FFFFFF77E7FFF  D17,D18,D25,D29
21:18:38.322    12524559  FFFFFF77F7FFF  D17,D25,D29
--- FW IODebug 1.2.2 2026-08-31 LIFT=3 21:18:53 ---
21:19:21.029    12566941  FFFFFF77D7FFF  D17,D19,D25,D29
21:19:21.029    12566943  FFFFFF77F7FFF  D17,D25,D29
--- FW IODebug 1.2.2 2026-08-31 LIFT=3 21:19:24 ---
21:19:26.799    12572679  FFFFFF77D7FFF  D17,D19,D25,D29
21:19:26.799    12572681  FFFFFF77F7FFF  D17,D25,D29
21:19:27.419    12573292  FFFFFF77E7FFF  D17,D18,D25,D29
21:19:27.419    12573294  FFFFFF77F7FFF  D17,D25,D29
21:19:49.545    12595234  FFFFFF77B7FFF  D17,D20,D25,D29
21:19:50.958    12596664  FFFFFF77B3FFF  D16,D17,D20,D25,D29
21:19:54.330    12599999  FFFFFF73B3FFF  D16,D17,D20,D24,D25,D29
21:19:54.330    12600000  FFFFFF7BB3FFF  D16,D17,D20,D24,D29
--- FW IODebug 1.2.2 2026-08-31 LIFT=3 21:19:54 ---
21:19:55.815    12601468  FFFFFF7FB3FFF  D16,D17,D20,D29
21:19:57.123    12602499  FFFFFF6FB3FFF  D16,D17,D20,D26,D29
21:19:57.123    12602501  FFFFFF83B3FFF  D16,D17,D20,D24,D25,D26,D27,D28
21:19:57.123    12602770  FFFFFF83A3FFF  D16,D17,D18,D20,D24,D25,D26,D27,D28
21:19:57.123    12602771  FFFFFF83B3FFF  D16,D17,D20,D24,D25,D26,D27,D28
21:19:57.779    12603424  FFFFFF87B3FFF  D16,D17,D20,D25,D26,D27,D28
21:19:58.640    12604286  FFFFFF83B3FFF  D16,D17,D20,D24,D25,D26,D27,D28
21:19:58.640    12604288  FFFFFF8BB3FFF  D16,D17,D20,D24,D26,D27,D28
21:19:59.564    12605200  FFFFFF8FB3FFF  D16,D17,D20,D26,D27,D28
21:20:00.488    12606112  FFFFFF87B3FFF  D16,D17,D20,D25,D26,D27,D28
21:20:00.488    12606114  FFFFFF83B3FFF  D16,D17,D20,D24,D25,D26,D27,D28
21:20:00.488    12606116  FFFFFF93B3FFF  D16,D17,D20,D24,D25,D27,D28
21:20:01.397    12607027  FFFFFF97B3FFF  D16,D17,D20,D25,D27,D28
21:20:02.435    12608058  FFFFFF93B3FFF  D16,D17,D20,D24,D25,D27,D28
21:20:02.435    12608060  FFFFFF9BB3FFF  D16,D17,D20,D24,D27,D28
21:20:03.915    12609528  FFFFFF9FB3FFF  D16,D17,D20,D27,D28
21:20:06.762    12612342  FFFFFF9FB7FFF  D17,D20,D27,D28
21:20:13.042    12618573  FFFFFF9FA7FFF  D17,D18,D20,D27,D28
21:20:13.042    12618575  FFFFFF9FB7FFF  D17,D20,D27,D28
21:20:17.519    12623024  FFFFFF9FB3FFF  D16,D17,D20,D27,D28
21:20:20.888    12626358  FFFFFF8FB3FFF  D16,D17,D20,D26,D27,D28
21:20:20.888    12626360  FFFFFFA3B3FFF  D16,D17,D20,D24,D25,D26,D28
21:20:22.368    12627829  FFFFFFA7B3FFF  D16,D17,D20,D25,D26,D28
21:20:23.849    12629297  FFFFFFA3B3FFF  D16,D17,D20,D24,D25,D26,D28
21:20:23.849    12629299  FFFFFFABB3FFF  D16,D17,D20,D24,D26,D28
--- FW IODebug 1.2.2 2026-08-31 LIFT=3 21:20:24 ---
21:20:25.200    12630648  FFFFFFAFB3FFF  D16,D17,D20,D26,D28
21:20:26.125    12631560  FFFFFFA7B3FFF  D16,D17,D20,D25,D26,D28
21:20:26.125    12631561  FFFFFFA3B3FFF  D16,D17,D20,D24,D25,D26,D28
21:20:26.125    12631563  FFFFFFB3B3FFF  D16,D17,D20,D24,D25,D28
21:20:27.048    12632474  FFFFFFB7B3FFF  D16,D17,D20,D25,D28
21:20:27.967    12633385  FFFFFFB3B3FFF  D16,D17,D20,D24,D25,D28
21:20:27.967    12633388  FFFFFFBBB3FFF  D16,D17,D20,D24,D28
21:20:28.895    12634300  FFFFFFBFB3FFF  D16,D17,D20,D28
21:20:29.804    12635211  FFFFFFE3B3FFF  D16,D17,D20,D24,D25,D26
21:20:29.804    12635213  FFFFFFC3B3FFF  D16,D17,D20,D24,D25,D26,D27
21:20:30.726    12636127  FFFFFFC7B3FFF  D16,D17,D20,D25,D26,D27
21:20:31.608    12636998  FFFFFFC3B3FFF  D16,D17,D20,D24,D25,D26,D27
21:20:31.608    12637000  FFFFFFCBB3FFF  D16,D17,D20,D24,D26,D27
21:20:32.529    12637913  FFFFFFCFB3FFF  D16,D17,D20,D26,D27
21:20:33.651    12639023  FFFFFFC3B3FFF  D16,D17,D20,D24,D25,D26,D27
21:20:33.651    12639026  FFFFFFD3B3FFF  D16,D17,D20,D24,D25,D27
21:20:35.099    12640454  FFFFFFD7B3FFF  D16,D17,D20,D25,D27
21:20:36.529    12641882  FFFFFFD3B3FFF  D16,D17,D20,D24,D25,D27
21:20:36.529    12641884  FFFFFFDBB3FFF  D16,D17,D20,D24,D27
21:20:38.005    12643352  FFFFFFDFB3FFF  D16,D17,D20,D27
21:20:39.208    12644541  FFFFFFD7B3FFF  D16,D17,D20,D25,D27
21:20:39.208    12644543  FFFFFFE3B3FFF  D16,D17,D20,D24,D25,D26
21:20:40.202    12645535  FFFFFFE7B3FFF  D16,D17,D20,D25,D26
21:20:41.245    12646566  FFFFFFE3B3FFF  D16,D17,D20,D24,D25,D26
21:20:41.245    12646568  FFFFFFEBB3FFF  D16,D17,D20,D24,D26
21:20:42.532    12647837  FFFFFFEFB3FFF  D16,D17,D20,D26
21:20:43.956    12649266  FFFFFFE7B3FFF  D16,D17,D20,D25,D26
21:20:43.956    12649267  FFFFFFE3B3FFF  D16,D17,D20,D24,D25,D26
21:20:43.956    12649269  FFFFFFF3B3FFF  D16,D17,D20,D24,D25
21:20:45.858    12651094  FFFFFFF7B3FFF  D16,D17,D20,D25
21:20:45.858    12651131  FFFFFFF793FFF  D16,D17,D19,D20,D25
21:20:45.858    12651133  FFFFFFF7D3FFF  D16,D17,D19,D25
21:20:49.390    12654662  FFFFFFF7D7FFF  D17,D19,D25
--- FW IODebug 1.2.2 2026-08-31 LIFT=3 21:20:54 ---
21:20:57.546    12662737  FFFFFFF7C7FFF  D17,D18,D19,D25
21:20:57.546    12662739  FFFFFFF7D7FFF  D17,D19,D25
21:20:58.176    12663360  FFFFFFF7F7FFF  D17,D25
21:21:00.872    12666031  FFFFFFF7E7FFF  D17,D18,D25
21:21:00.872    12666033  FFFFFFF7F7FFF  D17,D25
21:21:19.479    12684522  FFFFFFF7E7FFF  D17,D18,D25
21:21:19.479    12684524  FFFFFFF7F7FFF  D17,D25
--- FW IODebug 1.2.2 2026-08-31 LIFT=3 21:21:24 ---
21:21:35.657    12700075  FFFFFFF7E7FFF  D17,D18,D25
21:21:35.657    12700077  FFFFFFF7F7FFF  D17,D25
21:21:35.657    12700571  FFFFFFF7E7FFF  D17,D18,D25
21:21:35.657    12700573  FFFFFFF7F7FFF  D17,D25
21:21:39.732    12704604  FFFFFFF7E7FFF  D17,D18,D25
21:21:39.732    12704606  FFFFFFF7F7FFF  D17,D25
--- FW IODebug 1.2.2 2026-08-31 LIFT=3 21:21:55 ---
21:22:08.223    12732886  FFFFFFF7E7FFF  D17,D18,D25
21:22:08.223    12732888  FFFFFFF7F7FFF  D17,D25
21:22:24.757    12749305  FFFFFFF7E7FFF  D17,D18,D25
21:22:24.757    12749307  FFFFFFF7F7FFF  D17,D25
--- FW IODebug 1.2.2 2026-08-31 LIFT=3 21:22:25 ---
21:22:26.748    12751291  FFFFFFF7D7FFF  D17,D19,D25
21:22:26.748    12751293  FFFFFFF7F7FFF  D17,D25
21:22:31.495    12755532  FFFFFFF7E7FFF  D17,D18,D25
21:22:31.495    12755534  FFFFFFF7F7FFF  D17,D25
21:22:31.495    12755996  FFFFFFF7E7FFF  D17,D18,D25
21:22:31.495    12755998  FFFFFFF7F7FFF  D17,D25
21:22:47.242    12771624  FFFFFFF7D7FFF  D17,D19,D25
21:22:47.242    12771627  FFFFFFF7F7FFF  D17,D25
21:22:55.067    12779395  FFFFFFF7E7FFF  D17,D18,D25
21:22:55.067    12779397  FFFFFFF7F7FFF  D17,D25
--- FW IODebug 1.2.2 2026-08-31 LIFT=3 21:22:55 ---
21:22:57.561    12781850  FFFFFFF7D7FFF  D17,D19,D25
21:22:57.561    12781851  FFFFFFF7F7FFF  D17,D25
21:23:02.920    12787194  FFFFFFF7E7FFF  D17,D18,D25
21:23:02.920    12787195  FFFFFFF7F7FFF  D17,D25
21:23:03.786    12788040  FFFFFFF7E7FFF  D17,D18,D25
21:23:03.786    12788042  FFFFFFF7F7FFF  D17,D25
21:23:08.203    12792432  FFFFFFF7E7FFF  D17,D18,D25
21:23:08.203    12792434  FFFFFFF7F7FFF  D17,D25
21:23:09.646    12793861  FFFFFFF7E7FFF  D17,D18,D25
21:23:09.646    12793862  FFFFFFF7F7FFF  D17,D25
--- FW IODebug 1.2.2 2026-08-31 LIFT=3 21:23:25 ---
21:23:40.554    12824527  FFFFFFF7E7FFF  D17,D18,D25
21:23:40.554    12824529  FFFFFFF7F7FFF  D17,D25
--- FW IODebug 1.2.2 2026-08-31 LIFT=3 21:23:56 ---
21:23:58.238    12842094  FFFFFFF7FFFFF  D25
21:23:58.904    12842761  FFFFFFF7F7FFF  D17,D25
21:24:07.934    12851693  FFFFFFF7D7FFF  D17,D19,D25
21:24:07.934    12851694  FFFFFFF7F7FFF  D17,D25
21:24:08.650    12852411  FFFFFFF7E7FFF  D17,D18,D25
21:24:08.650    12852412  FFFFFFF7F7FFF  D17,D25
21:24:22.705    12866373  FFFFFFF7D7FFF  D17,D19,D25
21:24:22.705    12866375  FFFFFFF7F7FFF  D17,D25
--- FW IODebug 1.2.2 2026-08-31 LIFT=3 21:24:26 ---
21:24:29.449    12873074  FFFFFFF7E7FFF  D17,D18,D25
21:24:29.449    12873076  FFFFFFF7F7FFF  D17,D25
21:24:30.282    12873888  FFFFFFF7D7FFF  D17,D19,D25
21:24:30.282    12873890  FFFFFFF7F7FFF  D17,D25
--- FW IODebug 1.2.2 2026-08-31 LIFT=3 21:24:56 ---
21:25:12.212    12915192  FFFFFFF7E7FFF  D17,D18,D25
21:25:12.212    12915194  FFFFFFF7F7FFF  D17,D25
21:25:12.212    12915517  FFFFFFF7E7FFF  D17,D18,D25
21:25:12.212    12915519  FFFFFFF7F7FFF  D17,D25
--- FW IODebug 1.2.2 2026-08-31 LIFT=3 21:25:26 ---
21:25:46.260    12949303  FFFFFFF7E7FFF  D17,D18,D25
21:25:46.260    12949304  FFFFFFF7F7FFF  D17,D25
21:25:53.166    12956163  FFFFFFF7E7FFF  D17,D18,D25
21:25:53.166    12956164  FFFFFFF7F7FFF  D17,D25
--- FW IODebug 1.2.2 2026-08-31 LIFT=3 21:25:57 ---
21:25:58.287    12961243  FFFFFFF7D7FFF  D17,D19,D25
21:25:58.287    12961245  FFFFFFF7F7FFF  D17,D25
21:26:04.468    12967374  FFFFFFF7E7FFF  D17,D18,D25
21:26:04.468    12967376  FFFFFFF7F7FFF  D17,D25
21:26:27.247    12989543  FFFFFFF7E7FFF  D17,D18,D25
21:26:27.247    12989545  FFFFFFF7F7FFF  D17,D25
21:26:27.247    12989602  FFFFFFF7F3FFF  D16,D17,D25
21:26:27.247    12989604  FFFFFFF7F7FFF  D17,D25
--- FW IODebug 1.2.2 2026-08-31 LIFT=3 21:26:27 ---
21:26:30.140    12992866  FFFFFFF7D7FFF  D17,D19,D25
21:26:31.522    12994215  FFFFFFF7D3FFF  D16,D17,D19,D25
21:26:35.713    12998384  FFFFFFF3D3FFF  D16,D17,D19,D24,D25
21:26:37.359    13000022  FFFFFFF3C3FFF  D16,D17,D18,D19,D24,D25
21:26:37.359    13000024  FFFFFFF3D3FFF  D16,D17,D19,D24,D25
21:26:39.499    13002152  FFFFFFF3D7FFF  D17,D19,D24,D25
21:26:55.554    13018075  FFFFFFF3D3FFF  D16,D17,D19,D24,D25
--- FW IODebug 1.2.2 2026-08-31 LIFT=3 21:26:57 ---
21:26:59.216    13021727  FFFFFFE3D3FFF  D16,D17,D19,D24,D25,D26
21:26:59.216    13021729  FFFFFFEFD3FFF  D16,D17,D19,D26
21:27:01.193    13023673  FFFFFFEBD3FFF  D16,D17,D19,D24,D26
21:27:02.472    13024943  FFFFFFE3D3FFF  D16,D17,D19,D24,D25,D26
21:27:02.472    13024945  FFFFFFE7D3FFF  D16,D17,D19,D25,D26
21:27:03.507    13025976  FFFFFFE3D3FFF  D16,D17,D19,D24,D25,D26
21:27:04.507    13026968  FFFFFFC3D3FFF  D16,D17,D19,D24,D25,D26,D27
21:27:04.507    13026970  FFFFFFCFD3FFF  D16,D17,D19,D26,D27
21:27:04.507    13026972  FFFFFFDFD3FFF  D16,D17,D19,D27
21:27:05.719    13028169  FFFFFFDBD3FFF  D16,D17,D19,D24,D27
21:27:07.193    13029628  FFFFFFD3D3FFF  D16,D17,D19,D24,D25,D27
21:27:07.193    13029630  FFFFFFD7D3FFF  D16,D17,D19,D25,D27
21:27:08.621    13031057  FFFFFFD3D3FFF  D16,D17,D19,D24,D25,D27
21:27:10.017    13032446  FFFFFFC3D3FFF  D16,D17,D19,D24,D25,D26,D27
21:27:10.017    13032449  FFFFFFCFD3FFF  D16,D17,D19,D26,D27
21:27:11.190    13033598  FFFFFFCBD3FFF  D16,D17,D19,D24,D26,D27
21:27:12.100    13034511  FFFFFFC3D3FFF  D16,D17,D19,D24,D25,D26,D27
21:27:12.100    13034513  FFFFFFC7D3FFF  D16,D17,D19,D25,D26,D27
21:27:12.977    13035384  FFFFFFC3D3FFF  D16,D17,D19,D24,D25,D26,D27
21:27:13.899    13036297  FFFFFF83D3FFF  D16,D17,D19,D24,D25,D26,D27,D28
21:27:13.899    13036299  FFFFFFAFD3FFF  D16,D17,D19,D26,D28
21:27:13.899    13036301  FFFFFFBFD3FFF  D16,D17,D19,D28
21:27:14.823    13037210  FFFFFFBBD3FFF  D16,D17,D19,D24,D28
21:27:15.755    13038124  FFFFFFB3D3FFF  D16,D17,D19,D24,D25,D28
21:27:15.755    13038126  FFFFFFB7D3FFF  D16,D17,D19,D25,D28
21:27:16.652    13039037  FFFFFFB3D3FFF  D16,D17,D19,D24,D25,D28
21:27:17.580    13039949  FFFFFFA3D3FFF  D16,D17,D19,D24,D25,D26,D28
21:27:17.580    13039951  FFFFFFAFD3FFF  D16,D17,D19,D26,D28
21:27:18.518    13040864  FFFFFFABD3FFF  D16,D17,D19,D24,D26,D28
21:27:19.857    13042212  FFFFFFA3D3FFF  D16,D17,D19,D24,D25,D26,D28
21:27:19.857    13042214  FFFFFFA7D3FFF  D16,D17,D19,D25,D26,D28
21:27:21.340    13043682  FFFFFFA3D3FFF  D16,D17,D19,D24,D25,D26,D28
21:27:22.870    13045190  FFFFFF83D3FFF  D16,D17,D19,D24,D25,D26,D27,D28
21:27:22.870    13045192  FFFFFF8FD3FFF  D16,D17,D19,D26,D27,D28
21:27:22.870    13045194  FFFFFF9FD3FFF  D16,D17,D19,D27,D28
21:27:25.790    13048085  FFFFFF9FD7FFF  D17,D19,D27,D28
--- FW IODebug 1.2.2 2026-08-31 LIFT=3 21:27:27 ---
21:27:36.216    13058451  FFFFFF9FF7FFF  D17,D27,D28
--- FW IODebug 1.2.2 2026-08-31 LIFT=3 21:27:57 ---
21:28:05.253    13087257  FFFFFF9FD7FFF  D17,D19,D27,D28
21:28:05.253    13087258  FFFFFF9FF7FFF  D17,D27,D28
21:28:20.786    13102663  FFFFFF9FE7FFF  D17,D18,D27,D28
21:28:20.786    13102665  FFFFFF9FF7FFF  D17,D27,D28
21:28:25.919    13107785  FFFFFF9FE7FFF  D17,D18,D27,D28
21:28:25.919    13107787  FFFFFF9FF7FFF  D17,D27,D28
21:28:28.155    13109901  FFFFFF9FB7FFF  D17,D20,D27,D28
--- FW IODebug 1.2.2 2026-08-31 LIFT=3 21:28:28 ---
21:28:38.551    13120316  FFFFFF9FA7FFF  D17,D18,D20,D27,D28
21:28:38.551    13120318  FFFFFF9FB7FFF  D17,D20,D27,D28
21:28:40.138    13121876  FFFFFF9FA7FFF  D17,D18,D20,D27,D28
21:28:40.138    13121879  FFFFFF9FB7FFF  D17,D20,D27,D28
21:28:41.580    13123319  FFFFFF9FB3FFF  D16,D17,D20,D27,D28
21:28:44.942    13126653  FFFFFF83B3FFF  D16,D17,D20,D24,D25,D26,D27,D28
21:28:44.942    13126656  FFFFFFA3B3FFF  D16,D17,D20,D24,D25,D26,D28
21:28:46.428    13128124  FFFFFFA7B3FFF  D16,D17,D20,D25,D26,D28
21:28:47.893    13129591  FFFFFFA3B3FFF  D16,D17,D20,D24,D25,D26,D28
21:28:47.893    13129593  FFFFFFABB3FFF  D16,D17,D20,D24,D26,D28
21:28:49.259    13130943  FFFFFFAFB3FFF  D16,D17,D20,D26,D28
21:28:50.183    13131854  FFFFFFA3B3FFF  D16,D17,D20,D24,D25,D26,D28
21:28:50.183    13131857  FFFFFFB3B3FFF  D16,D17,D20,D24,D25,D28
21:28:51.100    13132769  FFFFFFB7B3FFF  D16,D17,D20,D25,D28
21:28:52.040    13133680  FFFFFFB3B3FFF  D16,D17,D20,D24,D25,D28
21:28:52.040    13133682  FFFFFFBBB3FFF  D16,D17,D20,D24,D28
21:28:52.937    13134595  FFFFFFBFB3FFF  D16,D17,D20,D28
21:28:53.865    13135506  FFFFFFA7B3FFF  D16,D17,D20,D25,D26,D28
21:28:53.865    13135508  FFFFFFC3B3FFF  D16,D17,D20,D24,D25,D26,D27
21:28:54.734    13136381  FFFFFFC7B3FFF  D16,D17,D20,D25,D26,D27
21:28:55.680    13137294  FFFFFFC3B3FFF  D16,D17,D20,D24,D25,D26,D27
21:28:55.680    13137295  FFFFFFCBB3FFF  D16,D17,D20,D24,D26,D27
21:28:56.570    13138208  FFFFFFCFB3FFF  D16,D17,D20,D26,D27
21:28:57.742    13139367  FFFFFFC3B3FFF  D16,D17,D20,D24,D25,D26,D27
21:28:57.742    13139371  FFFFFFD3B3FFF  D16,D17,D20,D24,D25,D27
--- FW IODebug 1.2.2 2026-08-31 LIFT=3 21:28:58 ---
21:28:59.146    13140749  FFFFFFD7B3FFF  D16,D17,D20,D25,D27
21:29:00.584    13142176  FFFFFFD3B3FFF  D16,D17,D20,D24,D25,D27
21:29:00.584    13142178  FFFFFFDBB3FFF  D16,D17,D20,D24,D27
21:29:02.067    13143647  FFFFFFDFB3FFF  D16,D17,D20,D27
21:29:03.269    13144836  FFFFFFC7B3FFF  D16,D17,D20,D25,D26,D27
21:29:03.269    13144838  FFFFFFE3B3FFF  D16,D17,D20,D24,D25,D26
21:29:04.281    13145830  FFFFFFE7B3FFF  D16,D17,D20,D25,D26
21:29:05.250    13146821  FFFFFFE3B3FFF  D16,D17,D20,D24,D25,D26
21:29:05.250    13146823  FFFFFFEBB3FFF  D16,D17,D20,D24,D26
21:29:06.595    13148132  FFFFFFEFB3FFF  D16,D17,D20,D26
21:29:08.011    13149560  FFFFFFE7B3FFF  D16,D17,D20,D25,D26
21:29:08.011    13149561  FFFFFFE3B3FFF  D16,D17,D20,D24,D25,D26
21:29:08.011    13149563  FFFFFFF3B3FFF  D16,D17,D20,D24,D25
21:29:09.975    13151348  FFFFFFF7B3FFF  D16,D17,D20,D25
21:29:09.975    13151505  FFFFFFF793FFF  D16,D17,D19,D20,D25
21:29:09.975    13151508  FFFFFFF7D3FFF  D16,D17,D19,D25
21:29:13.472    13154956  FFFFFFF7D7FFF  D17,D19,D25
21:29:25.190    13166593  FFFFFFF7F7FFF  D17,D25
--- FW IODebug 1.2.2 2026-08-31 LIFT=3 21:29:28 ---
21:29:48.950    13190195  FFFFFFF7E7FFF  D17,D18,D25
21:29:48.950    13190197  FFFFFFF7F7FFF  D17,D25
21:29:49.927    13191154  FFFFFFF7E7FFF  D17,D18,D25
21:29:49.927    13191156  FFFFFFF7F7FFF  D17,D25
--- FW IODebug 1.2.2 2026-08-31 LIFT=3 21:29:58 ---
21:30:02.657    13203792  FFFFFFF7E7FFF  D17,D18,D25
21:30:02.657    13203794  FFFFFFF7F7FFF  D17,D25
21:30:24.215    13225187  FFFFFFF7E7FFF  D17,D18,D25
21:30:24.215    13225189  FFFFFFF7F7FFF  D17,D25
--- FW IODebug 1.2.2 2026-08-31 LIFT=3 21:30:29 ---
21:30:43.182    13244005  FFFFFFF7F3FFF  D16,D17,D25
21:30:43.182    13244007  FFFFFFF7F7FFF  D17,D25
21:30:53.242    13253987  FFFFFFF7D7FFF  D17,D19,D25
21:30:53.242    13253989  FFFFFFF7F7FFF  D17,D25
21:30:58.782    13259489  FFFFFFF7E7FFF  D17,D18,D25
21:30:58.782    13259491  FFFFFFF7F7FFF  D17,D25
--- FW IODebug 1.2.2 2026-08-31 LIFT=3 21:30:59 ---
21:31:02.300    13262982  FFFFFFF7D7FFF  D17,D19,D25
21:31:15.872    13276440  FFFFFFF7D3FFF  D16,D17,D19,D25
21:31:19.936    13280500  FFFFFFF3D3FFF  D16,D17,D19,D24,D25
21:31:21.750    13282286  FFFFFFE3D3FFF  D16,D17,D19,D24,D25,D26
21:31:21.750    13282288  FFFFFFEFD3FFF  D16,D17,D19,D26
21:31:23.184    13283716  FFFFFFEBD3FFF  D16,D17,D19,D24,D26
21:31:24.496    13285015  FFFFFFE3D3FFF  D16,D17,D19,D24,D25,D26
21:31:24.496    13285016  FFFFFFE7D3FFF  D16,D17,D19,D25,D26
21:31:25.502    13286007  FFFFFFE3D3FFF  D16,D17,D19,D24,D25,D26
21:31:26.545    13287050  FFFFFFC3D3FFF  D16,D17,D19,D24,D25,D26,D27
21:31:26.545    13287052  FFFFFFCFD3FFF  D16,D17,D19,D26,D27
21:31:26.545    13287054  FFFFFFDFD3FFF  D16,D17,D19,D27
21:31:27.739    13288242  FFFFFFDBD3FFF  D16,D17,D19,D24,D27
21:31:29.518    13289660  FFFFFFD3D3FFF  D16,D17,D19,D24,D25,D27
21:31:29.518    13289662  FFFFFFD7D3FFF  D16,D17,D19,D25,D27
--- FW IODebug 1.2.2 2026-08-31 LIFT=3 21:31:29 ---
21:31:30.661    13291140  FFFFFFD3D3FFF  D16,D17,D19,D24,D25,D27
21:31:32.070    13292528  FFFFFFC3D3FFF  D16,D17,D19,D24,D25,D26,D27
21:31:32.070    13292530  FFFFFFCFD3FFF  D16,D17,D19,D26,D27
21:31:33.182    13293630  FFFFFFCBD3FFF  D16,D17,D19,D24,D26,D27
21:31:34.098    13294543  FFFFFFC3D3FFF  D16,D17,D19,D24,D25,D26,D27
21:31:34.098    13294544  FFFFFFC7D3FFF  D16,D17,D19,D25,D26,D27
21:31:35.031    13295466  FFFFFFC3D3FFF  D16,D17,D19,D24,D25,D26,D27
21:31:35.937    13296379  FFFFFF83D3FFF  D16,D17,D19,D24,D25,D26,D27,D28
21:31:35.937    13296381  FFFFFFAFD3FFF  D16,D17,D19,D26,D28
21:31:35.937    13296384  FFFFFFBFD3FFF  D16,D17,D19,D28
21:31:36.865    13297293  FFFFFFBBD3FFF  D16,D17,D19,D24,D28
21:31:37.781    13298195  FFFFFFB3D3FFF  D16,D17,D19,D24,D25,D28
21:31:37.781    13298197  FFFFFFB7D3FFF  D16,D17,D19,D25,D28
21:31:38.696    13299119  FFFFFFB3D3FFF  D16,D17,D19,D24,D25,D28
21:31:39.573    13299992  FFFFFFA3D3FFF  D16,D17,D19,D24,D25,D26,D28
21:31:39.573    13299994  FFFFFFAFD3FFF  D16,D17,D19,D26,D28
21:31:40.479    13300895  FFFFFFABD3FFF  D16,D17,D19,D24,D26,D28
21:31:41.905    13302295  FFFFFFA3D3FFF  D16,D17,D19,D24,D25,D26,D28
21:31:41.905    13302297  FFFFFFA7D3FFF  D16,D17,D19,D25,D26,D28
21:31:43.361    13303753  FFFFFFA3D3FFF  D16,D17,D19,D24,D25,D26,D28
21:31:44.858    13305223  FFFFFF83D3FFF  D16,D17,D19,D24,D25,D26,D27,D28
21:31:44.858    13305225  FFFFFF8FD3FFF  D16,D17,D19,D26,D27,D28
21:31:44.858    13305227  FFFFFF9FD3FFF  D16,D17,D19,D27,D28
21:31:47.843    13308168  FFFFFF9FD7FFF  D17,D19,D27,D28
21:31:55.329    13315608  FFFFFF9FC7FFF  D17,D18,D19,D27,D28
21:31:55.329    13315609  FFFFFF9FD7FFF  D17,D19,D27,D28
21:31:57.196    13316985  FFFFFF9FF7FFF  D17,D27,D28
21:31:57.196    13317452  FFFFFF9FD7FFF  D17,D19,D27,D28
21:31:57.196    13317454  FFFFFF9FF7FFF  D17,D27,D28
--- FW IODebug 1.2.2 2026-08-31 LIFT=3 21:31:59 ---
21:32:01.716    13321954  FFFFFF9FD7FFF  D17,D19,D27,D28
21:32:01.716    13321956  FFFFFF9FF7FFF  D17,D27,D28
21:32:03.749    13323976  FFFFFF9FD7FFF  D17,D19,D27,D28
21:32:03.749    13323978  FFFFFF9FF7FFF  D17,D27,D28
21:32:05.346    13325562  FFFFFF9FE7FFF  D17,D18,D27,D28
21:32:05.346    13325564  FFFFFF9FF7FFF  D17,D27,D28
21:32:25.651    13345713  FFFFFF9FE7FFF  D17,D18,D27,D28
21:32:25.651    13345715  FFFFFF9FF7FFF  D17,D27,D28
--- FW IODebug 1.2.2 2026-08-31 LIFT=3 21:32:29 ---
21:32:45.071    13365000  FFFFFF9FE7FFF  D17,D18,D27,D28
21:32:45.071    13365002  FFFFFF9FF7FFF  D17,D27,D28
--- FW IODebug 1.2.2 2026-08-31 LIFT=3 21:33:00 ---
21:33:01.557    13381348  FFFFFF9FE7FFF  D17,D18,D27,D28
21:33:01.557    13381350  FFFFFF9FF7FFF  D17,D27,D28
21:33:20.233    13399892  FFFFFF9FE7FFF  D17,D18,D27,D28
21:33:20.233    13399895  FFFFFF9FF7FFF  D17,D27,D28
21:33:22.114    13401773  FFFFFF9FB7FFF  D17,D20,D27,D28
21:33:23.142    13402774  FFFFFF9FB3FFF  D16,D17,D20,D27,D28
21:33:26.442    13406059  FFFFFF83B3FFF  D16,D17,D20,D24,D25,D26,D27,D28
21:33:26.442    13406061  FFFFFFA3B3FFF  D16,D17,D20,D24,D25,D26,D28
21:33:27.942    13407541  FFFFFFA7B3FFF  D16,D17,D20,D25,D26,D28
21:33:29.419    13408998  FFFFFFA3B3FFF  D16,D17,D20,D24,D25,D26,D28
21:33:29.419    13408999  FFFFFFABB3FFF  D16,D17,D20,D24,D26,D28
--- FW IODebug 1.2.2 2026-08-31 LIFT=3 21:33:30 ---
21:33:30.766    13410349  FFFFFFAFB3FFF  D16,D17,D20,D26,D28
21:33:31.689    13411260  FFFFFFA7B3FFF  D16,D17,D20,D25,D26,D28
21:33:31.689    13411261  FFFFFFA3B3FFF  D16,D17,D20,D24,D25,D26,D28
21:33:31.689    13411263  FFFFFFB3B3FFF  D16,D17,D20,D24,D25,D28
21:33:32.609    13412175  FFFFFFB7B3FFF  D16,D17,D20,D25,D28
21:33:33.532    13413087  FFFFFFB3B3FFF  D16,D17,D20,D24,D25,D28
21:33:33.532    13413089  FFFFFFBBB3FFF  D16,D17,D20,D24,D28
21:33:34.444    13414001  FFFFFFBFB3FFF  D16,D17,D20,D28
21:33:35.380    13414912  FFFFFFB7B3FFF  D16,D17,D20,D25,D28
21:33:35.380    13414914  FFFFFFC3B3FFF  D16,D17,D20,D24,D25,D26,D27
21:33:36.295    13415827  FFFFFFC7B3FFF  D16,D17,D20,D25,D26,D27
21:33:37.172    13416698  FFFFFFC3B3FFF  D16,D17,D20,D24,D25,D26,D27
21:33:37.172    13416701  FFFFFFCBB3FFF  D16,D17,D20,D24,D26,D27
21:33:38.078    13417614  FFFFFFCFB3FFF  D16,D17,D20,D26,D27
21:33:39.246    13418763  FFFFFFC7B3FFF  D16,D17,D20,D25,D26,D27
21:33:39.246    13418765  FFFFFFC3B3FFF  D16,D17,D20,D24,D25,D26,D27
21:33:39.246    13418767  FFFFFFD3B3FFF  D16,D17,D20,D24,D25,D27
21:33:40.641    13420154  FFFFFFD7B3FFF  D16,D17,D20,D25,D27
21:33:42.140    13421622  FFFFFFD3B3FFF  D16,D17,D20,D24,D25,D27
21:33:42.140    13421624  FFFFFFDBB3FFF  D16,D17,D20,D24,D27
21:33:43.574    13423052  FFFFFFDFB3FFF  D16,D17,D20,D27
21:33:44.777    13424241  FFFFFFC3B3FFF  D16,D17,D20,D24,D25,D26,D27
21:33:44.777    13424243  FFFFFFE3B3FFF  D16,D17,D20,D24,D25,D26
21:33:46.152    13425236  FFFFFFE7B3FFF  D16,D17,D20,D25,D26
21:33:46.152    13425620  FFFFFFE7A3FFF  D16,D17,D18,D20,D25,D26
21:33:46.152    13425623  FFFFFFE7B3FFF  D16,D17,D20,D25,D26
21:33:46.814    13426267  FFFFFFE3B3FFF  D16,D17,D20,D24,D25,D26
21:33:46.814    13426269  FFFFFFEBB3FFF  D16,D17,D20,D24,D26
21:33:48.086    13427538  FFFFFFEFB3FFF  D16,D17,D20,D26
21:33:49.530    13428966  FFFFFFE7B3FFF  D16,D17,D20,D25,D26
21:33:49.530    13428968  FFFFFFE3B3FFF  D16,D17,D20,D24,D25,D26
21:33:49.530    13428970  FFFFFFF3B3FFF  D16,D17,D20,D24,D25
21:33:51.413    13430754  FFFFFFF7B3FFF  D16,D17,D20,D25
21:33:51.413    13430832  FFFFFFF793FFF  D16,D17,D19,D20,D25
21:33:51.413    13430834  FFFFFFF7D3FFF  D16,D17,D19,D25
21:33:55.075    13434362  FFFFFFF7D7FFF  D17,D19,D25
21:33:55.075    13434486  FFFFFFF7F7FFF  D17,D25
--- FW IODebug 1.2.2 2026-08-31 LIFT=3 21:34:00 ---
21:34:12.167    13451440  FFFFFFF7E7FFF  D17,D18,D25
21:34:12.167    13451442  FFFFFFF7F7FFF  D17,D25
21:34:15.597    13454838  FFFFFFF7E7FFF  D17,D18,D25
21:34:15.597    13454840  FFFFFFF7F7FFF  D17,D25
21:34:18.432    13457659  FFFFFFF7D7FFF  D17,D19,D25
21:34:18.432    13457661  FFFFFFF7F7FFF  D17,D25
21:34:19.820    13459030  FFFFFFF7E7FFF  D17,D18,D25
21:34:19.820    13459032  FFFFFFF7F7FFF  D17,D25
21:34:22.610    13461800  FFFFFFF7D7FFF  D17,D19,D25
21:34:22.610    13461803  FFFFFFF7F7FFF  D17,D25
--- FW IODebug 1.2.2 2026-08-31 LIFT=3 21:34:30 ---
21:34:40.558    13479618  FFFFFFF7E7FFF  D17,D18,D25
21:34:40.558    13479620  FFFFFFF7F7FFF  D17,D25
21:34:57.326    13496254  FFFFFFF7E7FFF  D17,D18,D25
21:34:57.327    13496255  FFFFFFF7F7FFF  D17,D25
--- FW IODebug 1.2.2 2026-08-31 LIFT=3 21:35:01 ---
21:35:06.843    13505712  FFFFFFF7E7FFF  D17,D18,D25
21:35:06.844    13505713  FFFFFFF7F7FFF  D17,D25
21:35:07.946    13506810  FFFFFFF7E7FFF  D17,D18,D25
21:35:07.946    13506812  FFFFFFF7F7FFF  D17,D25
21:35:20.583    13519331  FFFFFFF7D7FFF  D17,D19,D25
21:35:20.583    13519332  FFFFFFF7F7FFF  D17,D25
21:35:22.902    13521652  FFFFFFF7E7FFF  D17,D18,D25
21:35:22.902    13521654  FFFFFFF7F7FFF  D17,D25
--- FW IODebug 1.2.2 2026-08-31 LIFT=3 21:35:31 ---
21:35:39.850    13538471  FFFFFFF7E7FFF  D17,D18,D25
21:35:39.850    13538473  FFFFFFF7F7FFF  D17,D25
21:35:41.260    13539862  FFFFFFF7E7FFF  D17,D18,D25
21:35:41.260    13539864  FFFFFFF7F7FFF  D17,D25
21:35:42.168    13540774  FFFFFFF7E7FFF  D17,D18,D25
21:35:42.168    13540776  FFFFFFF7F7FFF  D17,D25
21:35:52.717    13551236  FFFFFFF7E7FFF  D17,D18,D25
21:35:52.717    13551237  FFFFFFF7F7FFF  D17,D25
21:35:55.818    13554297  FFFFFFF7E7FFF  D17,D18,D25
21:35:55.818    13554299  FFFFFFF7F7FFF  D17,D25
21:35:56.929    13555423  FFFFFFF7F3FFF  D16,D17,D25
21:35:56.930    13555425  FFFFFFF7F7FFF  D17,D25
21:35:58.575    13557050  FFFFFFF7E7FFF  D17,D18,D25
21:35:58.575    13557052  FFFFFFF7F7FFF  D17,D25
--- FW IODebug 1.2.2 2026-08-31 LIFT=3 21:36:01 ---
21:36:05.959    13564378  FFFFFFF7D7FFF  D17,D19,D25
21:36:05.960    13564380  FFFFFFF7F7FFF  D17,D25
21:36:11.136    13569507  FFFFFFF7E7FFF  D17,D18,D25
21:36:11.137    13569509  FFFFFFF7F7FFF  D17,D25
21:36:28.893    13587154  FFFFFFF7D7FFF  D17,D19,D25
21:36:28.893    13587156  FFFFFFF7F7FFF  D17,D25
--- FW IODebug 1.2.2 2026-08-31 LIFT=3 21:36:31 ---
21:36:33.064    13591290  FFFFFFF7E7FFF  D17,D18,D25
21:36:33.064    13591292  FFFFFFF7F7FFF  D17,D25
21:36:40.809    13598964  FFFFFFF7D7FFF  D17,D19,D25
21:36:40.809    13598966  FFFFFFF7F7FFF  D17,D25
21:36:46.221    13604348  FFFFFFF7E7FFF  D17,D18,D25
21:36:46.222    13604350  FFFFFFF7F7FFF  D17,D25
21:36:50.100    13608166  FFFFFFF7E7FFF  D17,D18,D25
21:36:50.101    13608168  FFFFFFF7F7FFF  D17,D25
21:36:55.756    13613805  FFFFFFF7FFFFF  D25
21:36:56.436    13614482  FFFFFFF7F7FFF  D17,D25
--- FW IODebug 1.2.2 2026-08-31 LIFT=3 21:37:02 ---
21:37:06.995    13624964  FFFFFFF7E7FFF  D17,D18,D25
21:37:06.995    13624966  FFFFFFF7F7FFF  D17,D25
21:37:13.971    13631878  FFFFFFF7F3FFF  D16,D17,D25
21:37:13.971    13631880  FFFFFFF7F7FFF  D17,D25
21:37:19.879    13637364  FFFFFFF7D7FFF  D17,D19,D25
21:37:19.879    13637365  FFFFFFF7F7FFF  D17,D25
21:37:19.879    13637738  FFFFFFF7E7FFF  D17,D18,D25
21:37:19.879    13637740  FFFFFFF7F7FFF  D17,D25
21:37:22.623    13640461  FFFFFFF7D7FFF  D17,D19,D25
21:37:22.623    13640463  FFFFFFF7F7FFF  D17,D25
21:37:24.070    13641909  FFFFFFF7E7FFF  D17,D18,D25
21:37:24.070    13641911  FFFFFFF7F7FFF  D17,D25
--- FW IODebug 1.2.2 2026-08-31 LIFT=3 21:37:32 ---
21:37:37.373    13655124  FFFFFFF7D7FFF  D17,D19,D25
21:37:37.373    13655127  FFFFFFF7F7FFF  D17,D25
21:37:52.228    13669731  FFFFFFF7E7FFF  D17,D18,D25
21:37:52.229    13669733  FFFFFFF7F7FFF  D17,D25
21:37:52.229    13669850  FFFFFFF7D7FFF  D17,D19,D25
21:37:52.229    13669852  FFFFFFF7F7FFF  D17,D25
21:37:56.582    13674168  FFFFFFF7D7FFF  D17,D19,D25
21:37:56.582    13674169  FFFFFFF7F7FFF  D17,D25
--- FW IODebug 1.2.2 2026-08-31 LIFT=3 21:38:02 ---
21:38:04.540    13682054  FFFFFFF7E7FFF  D17,D18,D25
21:38:04.540    13682056  FFFFFFF7F7FFF  D17,D25
21:38:14.161    13691637  FFFFFFF7E7FFF  D17,D18,D25
21:38:14.162    13691638  FFFFFFF7F7FFF  D17,D25
21:38:30.975    13708294  FFFFFFF7E7FFF  D17,D18,D25
21:38:30.975    13708296  FFFFFFF7F7FFF  D17,D25
--- FW IODebug 1.2.2 2026-08-31 LIFT=3 21:38:32 ---
21:38:34.268    13711575  FFFFFFF7D7FFF  D17,D19,D25
21:38:34.269    13711577  FFFFFFF7F7FFF  D17,D25
21:38:40.884    13718149  FFFFFFF7E7FFF  D17,D18,D25
21:38:40.885    13718151  FFFFFFF7F7FFF  D17,D25
21:38:57.248    13734378  FFFFFFF7D7FFF  D17,D19,D25
21:38:57.248    13734380  FFFFFFF7F7FFF  D17,D25
21:38:58.359    13735502  FFFFFFF7E7FFF  D17,D18,D25
21:38:58.359    13735504  FFFFFFF7F7FFF  D17,D25
--- FW IODebug 1.2.2 2026-08-31 LIFT=3 21:39:02 ---
--- FW IODebug 1.2.2 2026-08-31 LIFT=3 21:39:33 ---
21:39:42.194    13779010  FFFFFFF7D7FFF  D17,D19,D25
21:39:42.195    13779012  FFFFFFF7F7FFF  D17,D25
21:39:47.757    13784519  FFFFFFF7E7FFF  D17,D18,D25
21:39:47.758    13784521  FFFFFFF7F7FFF  D17,D25
--- FW IODebug 1.2.2 2026-08-31 LIFT=3 21:40:03 ---
21:40:09.235    13805835  FFFFFFF7E7FFF  D17,D18,D25
21:40:09.235    13805837  FFFFFFF7F7FFF  D17,D25
--- FW IODebug 1.2.2 2026-08-31 LIFT=3 21:40:33 ---
21:40:46.780    13843088  FFFFFFF7E7FFF  D17,D18,D25
21:40:46.780    13843090  FFFFFFF7F7FFF  D17,D25
21:40:59.658    13855876  FFFFFFF7E7FFF  D17,D18,D25
21:40:59.658    13855878  FFFFFFF7F7FFF  D17,D25
--- FW IODebug 1.2.2 2026-08-31 LIFT=3 21:41:03 ---
21:41:11.573    13867717  FFFFFFF7D7FFF  D17,D19,D25
21:41:11.573    13867719  FFFFFFF7F7FFF  D17,D25
21:41:23.549    13879599  FFFFFFF7E7FFF  D17,D18,D25
21:41:23.549    13879601  FFFFFFF7F7FFF  D17,D25
21:41:25.027    13881072  FFFFFFF7E7FFF  D17,D18,D25
21:41:25.027    13881074  FFFFFFF7F7FFF  D17,D25
--- FW IODebug 1.2.2 2026-08-31 LIFT=3 21:41:34 ---
21:41:39.318    13895252  FFFFFFF7E7FFF  D17,D18,D25
21:41:39.318    13895255  FFFFFFF7F7FFF  D17,D25
21:41:46.547    13902432  FFFFFFF7D7FFF  D17,D19,D25
21:41:46.547    13902434  FFFFFFF7F7FFF  D17,D25
21:41:47.402    13903271  FFFFFFF7D7FFF  D17,D19,D25
21:41:47.402    13903273  FFFFFFF7F7FFF  D17,D25
--- FW IODebug 1.2.2 2026-08-31 LIFT=3 21:42:04 ---
21:42:09.253    13924966  FFFFFFF7E7FFF  D17,D18,D25
21:42:09.253    13924968  FFFFFFF7F7FFF  D17,D25
21:42:12.004    13927686  FFFFFFF7E7FFF  D17,D18,D25
21:42:12.004    13927687  FFFFFFF7F7FFF  D17,D25
--- FW IODebug 1.2.2 2026-08-31 LIFT=3 21:42:34 ---
21:42:50.994    13966390  FFFFFFF7D7FFF  D17,D19,D25
21:42:50.994    13966392  FFFFFFF7F7FFF  D17,D25
21:42:52.996    13968382  FFFFFFF7E7FFF  D17,D18,D25
21:42:52.996    13968385  FFFFFFF7F7FFF  D17,D25
21:43:00.393    13975734  FFFFFFF7E7FFF  D17,D18,D25
21:43:00.393    13975736  FFFFFFF7F7FFF  D17,D25
--- FW IODebug 1.2.2 2026-08-31 LIFT=3 21:43:04 ---
21:43:08.900    13984163  FFFFFFF7E7FFF  D17,D18,D25
21:43:08.900    13984165  FFFFFFF7F7FFF  D17,D25
21:43:14.956    13990179  FFFFFFF7E7FFF  D17,D18,D25
21:43:14.956    13990181  FFFFFFF7F7FFF  D17,D25
21:43:34.947    14009754  FFFFFFF7D7FFF  D17,D19,D25
21:43:34.948    14009756  FFFFFFF7F7FFF  D17,D25
--- FW IODebug 1.2.2 2026-08-31 LIFT=3 21:43:34 ---
21:43:44.270    14019278  FFFFFFF7E7FFF  D17,D18,D25
21:43:44.270    14019280  FFFFFFF7F7FFF  D17,D25
21:43:47.574    14022553  FFFFFFF7D7FFF  D17,D19,D25
21:43:47.574    14022554  FFFFFFF7F7FFF  D17,D25
21:43:51.946    14026878  FFFFFFF7E7FFF  D17,D18,D25
21:43:51.947    14026880  FFFFFFF7F7FFF  D17,D25
21:44:03.330    14038182  FFFFFFF7D7FFF  D17,D19,D25
21:44:03.330    14038184  FFFFFFF7F7FFF  D17,D25
--- FW IODebug 1.2.2 2026-08-31 LIFT=3 21:44:05 ---
21:44:18.538    14053281  FFFFFFF7E7FFF  D17,D18,D25
21:44:18.539    14053283  FFFFFFF7F7FFF  D17,D25
21:44:25.464    14060149  FFFFFFF7E7FFF  D17,D18,D25
21:44:25.464    14060151  FFFFFFF7F7FFF  D17,D25
21:44:35.372    14069745  FFFFFFF7D7FFF  D17,D19,D25
21:44:35.372    14069747  FFFFFFF7F7FFF  D17,D25
--- FW IODebug 1.2.2 2026-08-31 LIFT=3 21:44:35 ---
--- FW IODebug 1.2.2 2026-08-31 LIFT=3 21:45:05 ---
21:45:23.195    14117457  FFFFFFF7D7FFF  D17,D19,D25
21:45:23.195    14117459  FFFFFFF7F7FFF  D17,D25
21:45:25.852    14120087  FFFFFFF7E7FFF  D17,D18,D25
21:45:25.852    14120089  FFFFFFF7F7FFF  D17,D25
21:45:25.852    14120099  FFFFFFF7D7FFF  D17,D19,D25
21:45:25.852    14120101  FFFFFFF7F7FFF  D17,D25
--- FW IODebug 1.2.2 2026-08-31 LIFT=3 21:45:35 ---
21:45:42.087    14136223  FFFFFFF7E7FFF  D17,D18,D25
21:45:42.087    14136225  FFFFFFF7F7FFF  D17,D25
21:45:43.792    14137889  FFFFFFF7D7FFF  D17,D19,D25
21:45:43.793    14137891  FFFFFFF7F7FFF  D17,D25
21:45:58.955    14152949  FFFFFFF7E7FFF  D17,D18,D25
21:45:58.955    14152951  FFFFFFF7F7FFF  D17,D25
--- FW IODebug 1.2.2 2026-08-31 LIFT=3 21:46:06 ---
21:46:17.395    14171255  FFFFFFF7E7FFF  D17,D18,D25
21:46:17.396    14171256  FFFFFFF7F7FFF  D17,D25
21:46:30.808    14184554  FFFFFFF7D7FFF  D17,D19,D25
21:46:30.808    14184556  FFFFFFF7F7FFF  D17,D25
--- FW IODebug 1.2.2 2026-08-31 LIFT=3 21:46:36 ---
21:46:49.489    14203114  FFFFFFF7D7FFF  D17,D19,D25
21:46:49.489    14203116  FFFFFFF7F7FFF  D17,D25
21:46:58.309    14211873  FFFFFFF7D7FFF  D17,D19,D25
21:46:58.309    14211875  FFFFFFF7F7FFF  D17,D25
--- FW IODebug 1.2.2 2026-08-31 LIFT=3 21:47:06 ---
--- FW IODebug 1.2.2 2026-08-31 LIFT=3 21:47:36 ---
21:47:38.869    14252116  FFFFFFF7D7FFF  D17,D19,D25
21:47:38.869    14252119  FFFFFFF7F7FFF  D17,D25
21:47:47.672    14260866  FFFFFFF7E7FFF  D17,D18,D25
21:47:47.672    14260868  FFFFFFF7F7FFF  D17,D25
21:47:53.356    14266505  FFFFFFF7E7FFF  D17,D18,D25
21:47:53.356    14266507  FFFFFFF7F7FFF  D17,D25
--- FW IODebug 1.2.2 2026-08-31 LIFT=3 21:48:07 ---
21:48:07.421    14280251  FFFFFFF7E7FFF  D17,D18,D25
21:48:07.421    14280253  FFFFFFF7F7FFF  D17,D25
21:48:07.421    14280449  FFFFFFF7D7FFF  D17,D19,D25
21:48:07.421    14280451  FFFFFFF7F7FFF  D17,D25
21:48:10.257    14283274  FFFFFFF7D7FFF  D17,D19,D25
21:48:35.305    14308116  FFFFFFF7D3FFF  D16,D17,D19,D25
--- FW IODebug 1.2.2 2026-08-31 LIFT=3 21:48:37 ---
21:48:39.375    14312175  FFFFFFF3D3FFF  D16,D17,D19,D24,D25
21:48:41.179    14313952  FFFFFFE3D3FFF  D16,D17,D19,D24,D25,D26
21:48:41.179    14313954  FFFFFFEFD3FFF  D16,D17,D19,D26
21:48:42.639    14315420  FFFFFFEBD3FFF  D16,D17,D19,D24,D26
21:48:43.938    14316691  FFFFFFE3D3FFF  D16,D17,D19,D24,D25,D26
21:48:43.938    14316693  FFFFFFE7D3FFF  D16,D17,D19,D25,D26
21:48:44.967    14317733  FFFFFFE3D3FFF  D16,D17,D19,D24,D25,D26
21:48:45.961    14318716  FFFFFFC3D3FFF  D16,D17,D19,D24,D25,D26,D27
21:48:45.962    14318717  FFFFFFCFD3FFF  D16,D17,D19,D26,D27
21:48:45.962    14318720  FFFFFFDFD3FFF  D16,D17,D19,D27
21:48:47.152    14319906  FFFFFFDBD3FFF  D16,D17,D19,D24,D27
21:48:48.608    14321336  FFFFFFD3D3FFF  D16,D17,D19,D24,D25,D27
21:48:48.608    14321337  FFFFFFD7D3FFF  D16,D17,D19,D25,D27
21:48:50.075    14322804  FFFFFFD3D3FFF  D16,D17,D19,D24,D25,D27
21:48:51.484    14324194  FFFFFFC3D3FFF  D16,D17,D19,D24,D25,D26,D27
21:48:51.484    14324196  FFFFFFCFD3FFF  D16,D17,D19,D26,D27
21:48:52.643    14325346  FFFFFFCBD3FFF  D16,D17,D19,D24,D26,D27
21:48:53.572    14326259  FFFFFFC3D3FFF  D16,D17,D19,D24,D25,D26,D27
21:48:53.572    14326261  FFFFFFC7D3FFF  D16,D17,D19,D25,D26,D27
21:48:54.435    14327132  FFFFFFC3D3FFF  D16,D17,D19,D24,D25,D26,D27
21:48:55.358    14328045  FFFFFF83D3FFF  D16,D17,D19,D24,D25,D26,D27,D28
21:48:55.358    14328047  FFFFFFAFD3FFF  D16,D17,D19,D26,D28
21:48:55.358    14328049  FFFFFFBFD3FFF  D16,D17,D19,D28
21:48:56.277    14328958  FFFFFFBBD3FFF  D16,D17,D19,D24,D28
21:48:57.206    14329871  FFFFFFB3D3FFF  D16,D17,D19,D24,D25,D28
21:48:57.207    14329873  FFFFFFB7D3FFF  D16,D17,D19,D25,D28
21:48:58.262    14330903  FFFFFFB3D3FFF  D16,D17,D19,D24,D25,D28
21:48:59.721    14332372  FFFFFFA3D3FFF  D16,D17,D19,D24,D25,D26,D28
21:48:59.721    14332375  FFFFFFAFD3FFF  D16,D17,D19,D26,D28
21:49:02.695    14335307  FFFFFFAFD7FFF  D17,D19,D26,D28
--- FW IODebug 1.2.2 2026-08-31 LIFT=3 21:49:07 ---
21:49:10.524    14343092  FFFFFFAFC7FFF  D17,D18,D19,D26,D28
21:49:10.524    14343094  FFFFFFAFD7FFF  D17,D19,D26,D28
21:49:11.682    14344244  FFFFFFAFF7FFF  D17,D26,D28
21:49:14.708    14347251  FFFFFFAFE7FFF  D17,D18,D26,D28
21:49:14.708    14347253  FFFFFFAFF7FFF  D17,D26,D28
21:49:32.452    14364854  FFFFFFAFE7FFF  D17,D18,D26,D28
21:49:32.452    14364856  FFFFFFAFF7FFF  D17,D26,D28
21:49:33.546    14365935  FFFFFFAFE7FFF  D17,D18,D26,D28
21:49:33.546    14365937  FFFFFFAFF7FFF  D17,D26,D28
--- FW IODebug 1.2.2 2026-08-31 LIFT=3 21:49:37 ---
21:49:45.432    14377747  FFFFFFAFD7FFF  D17,D19,D26,D28
21:49:45.432    14377749  FFFFFFAFF7FFF  D17,D26,D28
21:49:58.001    14390213  FFFFFFAFE7FFF  D17,D18,D26,D28
21:49:58.001    14390215  FFFFFFAFF7FFF  D17,D26,D28
21:50:07.130    14399272  FFFFFFAFD7FFF  D17,D19,D26,D28
21:50:07.130    14399273  FFFFFFAFF7FFF  D17,D26,D28
--- FW IODebug 1.2.2 2026-08-31 LIFT=3 21:50:07 ---
21:50:09.052    14401176  FFFFFFAFE7FFF  D17,D18,D26,D28
21:50:09.052    14401178  FFFFFFAFF7FFF  D17,D26,D28
21:50:30.751    14422724  FFFFFFAFE7FFF  D17,D18,D26,D28
21:50:30.752    14422726  FFFFFFAFF7FFF  D17,D26,D28
--- FW IODebug 1.2.2 2026-08-31 LIFT=3 21:50:38 ---
21:51:04.559    14456267  FFFFFFAFE7FFF  D17,D18,D26,D28
21:51:04.559    14456269  FFFFFFAFF7FFF  D17,D26,D28
21:51:05.419    14457127  FFFFFFAFE7FFF  D17,D18,D26,D28
21:51:05.419    14457129  FFFFFFAFF7FFF  D17,D26,D28
--- FW IODebug 1.2.2 2026-08-31 LIFT=3 21:51:08 ---
21:51:27.053    14478597  FFFFFFAFD7FFF  D17,D19,D26,D28
21:51:28.001    14479550  FFFFFFAFD3FFF  D16,D17,D19,D26,D28
21:51:31.324    14482835  FFFFFFABD3FFF  D16,D17,D19,D24,D26,D28
21:51:33.356    14484859  FFFFFFA3D3FFF  D16,D17,D19,D24,D25,D26,D28
21:51:33.356    14484860  FFFFFFA7D3FFF  D16,D17,D19,D25,D26,D28
21:51:34.764    14486249  FFFFFFA3D3FFF  D16,D17,D19,D24,D25,D26,D28
21:51:35.674    14487162  FFFFFF83D3FFF  D16,D17,D19,D24,D25,D26,D27,D28
21:51:35.674    14487163  FFFFFF8FD3FFF  D16,D17,D19,D26,D27,D28
21:51:35.674    14487165  FFFFFF9FD3FFF  D16,D17,D19,D27,D28
21:51:36.587    14488075  FFFFFF9BD3FFF  D16,D17,D19,D24,D27,D28
21:51:37.495    14488948  FFFFFF93D3FFF  D16,D17,D19,D24,D25,D27,D28
21:51:37.495    14488949  FFFFFF97D3FFF  D16,D17,D19,D25,D27,D28
21:51:38.537    14489871  FFFFFF93D3FFF  D16,D17,D19,D24,D25,D27,D28
--- FW IODebug 1.2.2 2026-08-31 LIFT=3 21:51:38 ---
21:51:39.331    14490775  FFFFFF83D3FFF  D16,D17,D19,D24,D25,D26,D27,D28
21:51:39.331    14490777  FFFFFF8FD3FFF  D16,D17,D19,D26,D27,D28
21:51:40.240    14491687  FFFFFF8BD3FFF  D16,D17,D19,D24,D26,D27,D28
21:51:41.165    14492610  FFFFFF83D3FFF  D16,D17,D19,D24,D25,D26,D27,D28
21:51:41.165    14492612  FFFFFF87D3FFF  D16,D17,D19,D25,D26,D27,D28
21:51:42.071    14493524  FFFFFF83D3FFF  D16,D17,D19,D24,D25,D26,D27,D28
21:51:43.006    14494427  FFFFFF43D3FFF  D16,D17,D19,D24,D25,D26,D27,D29
21:51:43.006    14494428  FFFFFF67D3FFF  D16,D17,D19,D25,D26,D29
21:51:43.006    14494430  FFFFFF7FD3FFF  D16,D17,D19,D29
21:51:43.923    14495340  FFFFFF7BD3FFF  D16,D17,D19,D24,D29
21:51:44.917    14496332  FFFFFF73D3FFF  D16,D17,D19,D24,D25,D29
21:51:44.917    14496334  FFFFFF77D3FFF  D16,D17,D19,D25,D29
21:51:46.445    14497851  FFFFFF73D3FFF  D16,D17,D19,D24,D25,D29
21:51:49.444    14500775  FFFFFF73D7FFF  D17,D19,D24,D25,D29
21:51:49.444    14500830  FFFFFF73F7FFF  D17,D24,D25,D29
21:51:59.825    14511128  FFFFFF73D7FFF  D17,D19,D24,D25,D29
21:51:59.825    14511130  FFFFFF73F7FFF  D17,D24,D25,D29
--- FW IODebug 1.2.2 2026-08-31 LIFT=3 21:52:09 ---
21:52:09.129    14520377  FFFFFF73D7FFF  D17,D19,D24,D25,D29
21:52:09.129    14520379  FFFFFF73F7FFF  D17,D24,D25,D29
21:52:20.304    14531458  FFFFFF73D7FFF  D17,D19,D24,D25,D29
21:52:20.304    14531460  FFFFFF73F7FFF  D17,D24,D25,D29
21:52:29.882    14540963  FFFFFF73E7FFF  D17,D18,D24,D25,D29
21:52:29.882    14540965  FFFFFF73F7FFF  D17,D24,D25,D29
21:52:32.721    14543779  FFFFFF73E7FFF  D17,D18,D24,D25,D29
21:52:32.721    14543781  FFFFFF73F7FFF  D17,D24,D25,D29
--- FW IODebug 1.2.2 2026-08-31 LIFT=3 21:52:38 ---
21:52:41.330    14552333  FFFFFF73E7FFF  D17,D18,D24,D25,D29
21:52:41.330    14552335  FFFFFF73F7FFF  D17,D24,D25,D29
21:52:56.725    14567611  FFFFFF73E7FFF  D17,D18,D24,D25,D29
21:52:56.725    14567612  FFFFFF73F7FFF  D17,D24,D25,D29
21:53:07.698    14578487  FFFFFF73E7FFF  D17,D18,D24,D25,D29
21:53:07.698    14578488  FFFFFF73F7FFF  D17,D24,D25,D29
21:53:10.213    14579518  FFFFFF73D7FFF  D17,D19,D24,D25,D29
21:53:10.213    14579519  FFFFFF73F7FFF  D17,D24,D25,D29
--- FW IODebug 1.2.2 2026-08-31 LIFT=3 21:53:10 ---
21:53:10.213    14580470  FFFFFF73E7FFF  D17,D18,D24,D25,D29
21:53:10.214    14580472  FFFFFF73F7FFF  D17,D24,D25,D29
21:53:10.214    14580976  FFFFFF73E7FFF  D17,D18,D24,D25,D29
21:53:10.214    14580978  FFFFFF73F7FFF  D17,D24,D25,D29
21:53:13.474    14584210  FFFFFF73E7FFF  D17,D18,D24,D25,D29
21:53:13.474    14584212  FFFFFF73F7FFF  D17,D24,D25,D29
21:53:17.970    14588694  FFFFFF73E7FFF  D17,D18,D24,D25,D29
21:53:17.970    14588695  FFFFFF73F7FFF  D17,D24,D25,D29
21:53:21.310    14592007  FFFFFF73F3FFF  D16,D17,D24,D25,D29
21:53:21.310    14592009  FFFFFF73F7FFF  D17,D24,D25,D29
21:53:28.323    14598970  FFFFFF73D7FFF  D17,D19,D24,D25,D29
21:53:28.323    14598972  FFFFFF73F7FFF  D17,D24,D25,D29
--- FW IODebug 1.2.2 2026-08-31 LIFT=3 21:53:39 ---
21:54:02.152    14632538  FFFFFF73D7FFF  D17,D19,D24,D25,D29
21:54:02.152    14632540  FFFFFF73F7FFF  D17,D24,D25,D29
21:54:03.187    14633570  FFFFFF73F3FFF  D16,D17,D24,D25,D29
21:54:03.187    14633572  FFFFFF73F7FFF  D17,D24,D25,D29
--- FW IODebug 1.2.2 2026-08-31 LIFT=3 21:54:09 ---
21:54:15.956    14645898  FFFFFF73E7FFF  D17,D18,D24,D25,D29
21:54:15.956    14645900  FFFFFF73F7FFF  D17,D24,D25,D29
21:54:15.956    14646246  FFFFFF73E7FFF  D17,D18,D24,D25,D29
21:54:15.956    14646248  FFFFFF73F7FFF  D17,D24,D25,D29
21:54:24.874    14654924  FFFFFF73E7FFF  D17,D18,D24,D25,D29
21:54:24.874    14654925  FFFFFF73F7FFF  D17,D24,D25,D29
21:54:24.874    14655098  FFFFFF73D7FFF  D17,D19,D24,D25,D29
21:54:24.874    14655100  FFFFFF73F7FFF  D17,D24,D25,D29
21:54:27.686    14657889  FFFFFF73D7FFF  D17,D19,D24,D25,D29
21:54:27.686    14657891  FFFFFF73F7FFF  D17,D24,D25,D29
--- FW IODebug 1.2.2 2026-08-31 LIFT=3 21:54:39 ---
21:54:43.161    14673253  FFFFFF73E7FFF  D17,D18,D24,D25,D29
21:54:43.161    14673255  FFFFFF73F7FFF  D17,D24,D25,D29
21:54:50.106    14680139  FFFFFF73FFFFF  D24,D25,D29
21:54:50.776    14680816  FFFFFF73F7FFF  D17,D24,D25,D29
21:54:52.601    14682603  FFFFFF73E7FFF  D17,D18,D24,D25,D29
21:54:52.601    14682605  FFFFFF73F7FFF  D17,D24,D25,D29
21:54:57.651    14687639  FFFFFF73E7FFF  D17,D18,D24,D25,D29
21:54:57.651    14687641  FFFFFF73F7FFF  D17,D24,D25,D29
21:55:08.328    14698220  FFFFFF73D7FFF  D17,D19,D24,D25,D29
21:55:08.328    14698221  FFFFFF73F7FFF  D17,D24,D25,D29
--- FW IODebug 1.2.2 2026-08-31 LIFT=3 21:55:10 ---
21:55:29.662    14719405  FFFFFF73D7FFF  D17,D19,D24,D25,D29
21:55:29.662    14719407  FFFFFF73F7FFF  D17,D24,D25,D29
21:55:31.644    14721371  FFFFFF73E7FFF  D17,D18,D24,D25,D29
21:55:31.645    14721372  FFFFFF73F7FFF  D17,D24,D25,D29
--- FW IODebug 1.2.2 2026-08-31 LIFT=3 21:55:40 ---
21:55:41.371    14731016  FFFFFF73E7FFF  D17,D18,D24,D25,D29
21:55:41.371    14731018  FFFFFF73F7FFF  D17,D24,D25,D29
21:55:45.916    14735535  FFFFFF73B7FFF  D17,D20,D24,D25,D29
21:55:47.144    14736754  FFFFFF73B3FFF  D16,D17,D20,D24,D25,D29
21:55:50.459    14740050  FFFFFF77B3FFF  D16,D17,D20,D25,D29
21:55:51.945    14741519  FFFFFF73B3FFF  D16,D17,D20,D24,D25,D29
21:55:51.945    14741520  FFFFFF7BB3FFF  D16,D17,D20,D24,D29
21:55:52.981    14742551  FFFFFF7FB3FFF  D16,D17,D20,D29
21:55:53.912    14743462  FFFFFF6FB3FFF  D16,D17,D20,D26,D29
21:55:53.912    14743464  FFFFFF83B3FFF  D16,D17,D20,D24,D25,D26,D27,D28
21:55:54.773    14744338  FFFFFF87B3FFF  D16,D17,D20,D25,D26,D27,D28
21:55:55.710    14745250  FFFFFF83B3FFF  D16,D17,D20,D24,D25,D26,D27,D28
21:55:55.710    14745252  FFFFFF8BB3FFF  D16,D17,D20,D24,D26,D27,D28
21:55:56.627    14746164  FFFFFF8FB3FFF  D16,D17,D20,D26,D27,D28
21:55:57.547    14747076  FFFFFF87B3FFF  D16,D17,D20,D25,D26,D27,D28
21:55:57.547    14747078  FFFFFF83B3FFF  D16,D17,D20,D24,D25,D26,D27,D28
21:55:57.547    14747080  FFFFFF93B3FFF  D16,D17,D20,D24,D25,D27,D28
21:55:58.462    14747990  FFFFFF97B3FFF  D16,D17,D20,D25,D27,D28
21:55:59.387    14748903  FFFFFF93B3FFF  D16,D17,D20,D24,D25,D27,D28
21:55:59.387    14748904  FFFFFF9BB3FFF  D16,D17,D20,D24,D27,D28
21:56:00.303    14749816  FFFFFF9FB3FFF  D16,D17,D20,D27,D28
21:56:01.185    14750689  FFFFFF87B3FFF  D16,D17,D20,D25,D26,D27,D28
21:56:01.185    14750691  FFFFFFA3B3FFF  D16,D17,D20,D24,D25,D26,D28
21:56:02.094    14751602  FFFFFFA7B3FFF  D16,D17,D20,D25,D26,D28
21:56:03.516    14752992  FFFFFFA3B3FFF  D16,D17,D20,D24,D25,D26,D28
21:56:03.516    14752994  FFFFFFABB3FFF  D16,D17,D20,D24,D26,D28
21:56:04.864    14754341  FFFFFFAFB3FFF  D16,D17,D20,D26,D28
21:56:05.771    14755254  FFFFFFA3B3FFF  D16,D17,D20,D24,D25,D26,D28
21:56:05.771    14755257  FFFFFFB3B3FFF  D16,D17,D20,D24,D25,D28
21:56:06.692    14756168  FFFFFFB7B3FFF  D16,D17,D20,D25,D28
21:56:07.621    14757081  FFFFFFB3B3FFF  D16,D17,D20,D24,D25,D28
21:56:07.621    14757083  FFFFFFBBB3FFF  D16,D17,D20,D24,D28
21:56:08.498    14757955  FFFFFFBFB3FFF  D16,D17,D20,D28
21:56:09.542    14758985  FFFFFFC7B3FFF  D16,D17,D20,D25,D26,D27
21:56:09.542    14758987  FFFFFFC3B3FFF  D16,D17,D20,D24,D25,D26,D27
--- FW IODebug 1.2.2 2026-08-31 LIFT=3 21:56:11 ---
21:56:11.064    14760496  FFFFFFC7B3FFF  D16,D17,D20,D25,D26,D27
21:56:13.906    14763311  FFFFFFC7B7FFF  D17,D20,D25,D26,D27
21:56:23.540    14772886  FFFFFFC7A7FFF  D17,D18,D20,D25,D26,D27
21:56:23.540    14772888  FFFFFFC7B7FFF  D17,D20,D25,D26,D27
21:56:24.648    14773993  FFFFFFC7B3FFF  D16,D17,D20,D25,D26,D27
21:56:28.031    14777328  FFFFFFC3B3FFF  D16,D17,D20,D24,D25,D26,D27
21:56:28.031    14777329  FFFFFFCBB3FFF  D16,D17,D20,D24,D26,D27
21:56:29.457    14778758  FFFFFFCFB3FFF  D16,D17,D20,D26,D27
21:56:30.733    14780026  FFFFFFC7B3FFF  D16,D17,D20,D25,D26,D27
21:56:30.734    14780028  FFFFFFC3B3FFF  D16,D17,D20,D24,D25,D26,D27
21:56:30.734    14780030  FFFFFFD3B3FFF  D16,D17,D20,D24,D25,D27
21:56:32.151    14781418  FFFFFFD7B3FFF  D16,D17,D20,D25,D27
21:56:33.621    14782885  FFFFFFD3B3FFF  D16,D17,D20,D24,D25,D27
21:56:33.621    14782887  FFFFFFDBB3FFF  D16,D17,D20,D24,D27
21:56:35.062    14784316  FFFFFFDFB3FFF  D16,D17,D20,D27
21:56:36.265    14785506  FFFFFFC3B3FFF  D16,D17,D20,D24,D25,D26,D27
21:56:36.265    14785507  FFFFFFE3B3FFF  D16,D17,D20,D24,D25,D26
21:56:37.251    14786499  FFFFFFE7B3FFF  D16,D17,D20,D25,D26
21:56:38.306    14787530  FFFFFFE3B3FFF  D16,D17,D20,D24,D25,D26
21:56:38.306    14787532  FFFFFFEBB3FFF  D16,D17,D20,D24,D26
21:56:39.588    14788802  FFFFFFEFB3FFF  D16,D17,D20,D26
--- FW IODebug 1.2.2 2026-08-31 LIFT=3 21:56:41 ---
21:56:41.023    14790230  FFFFFFE3B3FFF  D16,D17,D20,D24,D25,D26
21:56:41.023    14790233  FFFFFFF3B3FFF  D16,D17,D20,D24,D25
21:56:43.496    14792057  FFFFFFF7B3FFF  D16,D17,D20,D25
21:56:43.496    14792214  FFFFFFF793FFF  D16,D17,D19,D20,D25
21:56:43.496    14792216  FFFFFFF7D3FFF  D16,D17,D19,D25
21:56:43.496    14792692  FFFFFFF7C3FFF  D16,D17,D18,D19,D25
21:56:43.496    14792694  FFFFFFF7D3FFF  D16,D17,D19,D25
21:56:46.465    14795626  FFFFFFF7D7FFF  D17,D19,D25
21:56:55.334    14804444  FFFFFFF7F7FFF  D17,D25
21:56:57.114    14806189  FFFFFFF7D7FFF  D17,D19,D25
21:56:58.022    14807103  FFFFFFF7D3FFF  D16,D17,D19,D25
21:57:02.057    14811112  FFFFFFF3D3FFF  D16,D17,D19,D24,D25
21:57:03.856    14812898  FFFFFFE3D3FFF  D16,D17,D19,D24,D25,D26
21:57:03.856    14812900  FFFFFFEFD3FFF  D16,D17,D19,D26
21:57:05.317    14814327  FFFFFFEBD3FFF  D16,D17,D19,D24,D26
21:57:06.608    14815637  FFFFFFE3D3FFF  D16,D17,D19,D24,D25,D26
21:57:06.608    14815639  FFFFFFE7D3FFF  D16,D17,D19,D25,D26
21:57:07.652    14816670  FFFFFFE3D3FFF  D16,D17,D19,D24,D25,D26
21:57:08.661    14817662  FFFFFFC3D3FFF  D16,D17,D19,D24,D25,D26,D27
21:57:08.662    14817665  FFFFFFCFD3FFF  D16,D17,D19,D26,D27
21:57:08.662    14817667  FFFFFFDFD3FFF  D16,D17,D19,D27
21:57:09.852    14818853  FFFFFFDBD3FFF  D16,D17,D19,D24,D27
--- FW IODebug 1.2.2 2026-08-31 LIFT=3 21:57:11 ---
21:57:11.298    14820282  FFFFFFD3D3FFF  D16,D17,D19,D24,D25,D27
21:57:11.298    14820284  FFFFFFD7D3FFF  D16,D17,D19,D25,D27
21:57:12.777    14821751  FFFFFFD3D3FFF  D16,D17,D19,D24,D25,D27
21:57:14.171    14823141  FFFFFFC3D3FFF  D16,D17,D19,D24,D25,D26,D27
21:57:14.171    14823143  FFFFFFCFD3FFF  D16,D17,D19,D26,D27
21:57:15.329    14824293  FFFFFFCBD3FFF  D16,D17,D19,D24,D26,D27
21:57:16.224    14825165  FFFFFFC3D3FFF  D16,D17,D19,D24,D25,D26,D27
21:57:16.224    14825167  FFFFFFC7D3FFF  D16,D17,D19,D25,D26,D27
21:57:17.137    14826079  FFFFFFC3D3FFF  D16,D17,D19,D24,D25,D26,D27
21:57:18.080    14827001  FFFFFF83D3FFF  D16,D17,D19,D24,D25,D26,D27,D28
21:57:18.080    14827003  FFFFFFAFD3FFF  D16,D17,D19,D26,D28
21:57:18.080    14827005  FFFFFFBFD3FFF  D16,D17,D19,D28
21:57:18.982    14827905  FFFFFFBBD3FFF  D16,D17,D19,D24,D28
21:57:19.894    14828818  FFFFFFB3D3FFF  D16,D17,D19,D24,D25,D28
21:57:19.895    14828820  FFFFFFB7D3FFF  D16,D17,D19,D25,D28
21:57:20.818    14829731  FFFFFFB3D3FFF  D16,D17,D19,D24,D25,D28
21:57:21.742    14830644  FFFFFFA3D3FFF  D16,D17,D19,D24,D25,D26,D28
21:57:21.742    14830646  FFFFFFAFD3FFF  D16,D17,D19,D26,D28
21:57:22.661    14831558  FFFFFFABD3FFF  D16,D17,D19,D24,D26,D28
21:57:24.022    14832907  FFFFFFA3D3FFF  D16,D17,D19,D24,D25,D26,D28
21:57:24.022    14832909  FFFFFFA7D3FFF  D16,D17,D19,D25,D26,D28
21:57:25.376    14834257  FFFFFFA3D3FFF  D16,D17,D19,D24,D25,D26,D28
21:57:26.295    14835170  FFFFFF83D3FFF  D16,D17,D19,D24,D25,D26,D27,D28
21:57:26.295    14835172  FFFFFF8FD3FFF  D16,D17,D19,D26,D27,D28
21:57:26.295    14835174  FFFFFF9FD3FFF  D16,D17,D19,D27,D28
21:57:27.221    14836083  FFFFFF9BD3FFF  D16,D17,D19,D24,D27,D28
21:57:28.085    14836957  FFFFFF93D3FFF  D16,D17,D19,D24,D25,D27,D28
21:57:28.085    14836959  FFFFFF97D3FFF  D16,D17,D19,D25,D27,D28
21:57:29.052    14837910  FFFFFF93D3FFF  D16,D17,D19,D24,D25,D27,D28
21:57:29.932    14838782  FFFFFF83D3FFF  D16,D17,D19,D24,D25,D26,D27,D28
21:57:29.932    14838784  FFFFFF8FD3FFF  D16,D17,D19,D26,D27,D28
21:57:30.862    14839696  FFFFFF8BD3FFF  D16,D17,D19,D24,D26,D27,D28
21:57:31.778    14840609  FFFFFF83D3FFF  D16,D17,D19,D24,D25,D26,D27,D28
21:57:31.778    14840611  FFFFFF87D3FFF  D16,D17,D19,D25,D26,D27,D28
21:57:32.688    14841522  FFFFFF83D3FFF  D16,D17,D19,D24,D25,D26,D27,D28
21:57:33.630    14842434  FFFFFF43D3FFF  D16,D17,D19,D24,D25,D26,D27,D29
21:57:33.630    14842436  FFFFFF6FD3FFF  D16,D17,D19,D26,D29
21:57:33.630    14842438  FFFFFF7FD3FFF  D16,D17,D19,D29
21:57:34.535    14843348  FFFFFF7BD3FFF  D16,D17,D19,D24,D29
21:57:35.542    14844340  FFFFFF73D3FFF  D16,D17,D19,D24,D25,D29
21:57:35.542    14844342  FFFFFF77D3FFF  D16,D17,D19,D25,D29
21:57:37.063    14845849  FFFFFF73D3FFF  D16,D17,D19,D24,D25,D29
21:57:40.160    14848784  FFFFFF73D7FFF  D17,D19,D24,D25,D29
21:57:40.160    14848918  FFFFFF73F7FFF  D17,D24,D25,D29
--- FW IODebug 1.2.2 2026-08-31 LIFT=3 21:57:41 ---
21:57:41.684    14850451  FFFFFF73D7FFF  D17,D19,D24,D25,D29
21:57:41.684    14850453  FFFFFF73F7FFF  D17,D24,D25,D29
21:57:45.863    14854575  FFFFFF73E7FFF  D17,D18,D24,D25,D29
21:57:45.863    14854577  FFFFFF73F7FFF  D17,D24,D25,D29
21:57:49.475    14858177  FFFFFF73E7FFF  D17,D18,D24,D25,D29
21:57:49.475    14858179  FFFFFF73F7FFF  D17,D24,D25,D29
21:58:11.458    14879566  FFFFFF73E7FFF  D17,D18,D24,D25,D29
21:58:11.458    14879568  FFFFFF73F7FFF  D17,D24,D25,D29
--- FW IODebug 1.2.2 2026-08-31 LIFT=3 21:58:11 ---
21:58:15.907    14884416  FFFFFF73E7FFF  D17,D18,D24,D25,D29
21:58:15.907    14884418  FFFFFF73F7FFF  D17,D24,D25,D29
21:58:20.052    14888529  FFFFFF73E7FFF  D17,D18,D24,D25,D29
21:58:20.052    14888531  FFFFFF73F7FFF  D17,D24,D25,D29
--- FW IODebug 1.2.2 2026-08-31 LIFT=3 21:58:41 ---
21:59:10.676    14938764  FFFFFF73E7FFF  D17,D18,D24,D25,D29
21:59:10.676    14938765  FFFFFF73F7FFF  D17,D24,D25,D29
--- FW IODebug 1.2.2 2026-08-31 LIFT=3 21:59:11 ---
21:59:13.283    14941357  FFFFFF73E7FFF  D17,D18,D24,D25,D29
21:59:13.284    14941359  FFFFFF73F7FFF  D17,D24,D25,D29
21:59:16.312    14944361  FFFFFF73E7FFF  D17,D18,D24,D25,D29
21:59:16.312    14944363  FFFFFF73F7FFF  D17,D24,D25,D29
21:59:17.535    14945581  FFFFFF73F3FFF  D16,D17,D24,D25,D29
21:59:17.535    14945583  FFFFFF73F7FFF  D17,D24,D25,D29
21:59:29.879    14957838  FFFFFF73D7FFF  D17,D19,D24,D25,D29
21:59:29.879    14957840  FFFFFF73F7FFF  D17,D24,D25,D29
--- FW IODebug 1.2.2 2026-08-31 LIFT=3 21:59:42 ---
21:59:55.298    14983056  FFFFFF73D7FFF  D17,D19,D24,D25,D29
21:59:55.298    14983058  FFFFFF73F7FFF  D17,D24,D25,D29
21:59:56.636    14984183  FFFFFF73E7FFF  D17,D18,D24,D25,D29
21:59:56.636    14984185  FFFFFF73F7FFF  D17,D24,D25,D29
21:59:56.636    14984376  FFFFFF73E7FFF  D17,D18,D24,D25,D29
21:59:56.636    14984377  FFFFFF73F7FFF  D17,D24,D25,D29
22:00:10.361    14997999  FFFFFF73E7FFF  D17,D18,D24,D25,D29
22:00:10.361    14998001  FFFFFF73F7FFF  D17,D24,D25,D29
--- FW IODebug 1.2.2 2026-08-31 LIFT=3 22:00:12 ---
22:00:20.903    15008449  FFFFFF73D7FFF  D17,D19,D24,D25,D29
22:00:20.903    15008451  FFFFFF73F7FFF  D17,D24,D25,D29
22:00:24.597    15012139  FFFFFF73D7FFF  D17,D19,D24,D25,D29
22:00:24.597    15012141  FFFFFF73F7FFF  D17,D24,D25,D29
22:00:36.213    15023672  FFFFFF73E7FFF  D17,D18,D24,D25,D29
22:00:36.213    15023674  FFFFFF73F7FFF  D17,D24,D25,D29
22:00:40.819    15028227  FFFFFF73FFFFF  D24,D25,D29
22:00:41.490    15028904  FFFFFF73F7FFF  D17,D24,D25,D29
--- FW IODebug 1.2.2 2026-08-31 LIFT=3 22:00:42 ---
22:00:53.643    15040973  FFFFFF73F3FFF  D16,D17,D24,D25,D29
22:00:53.643    15040975  FFFFFF73F7FFF  D17,D24,D25,D29
--- FW IODebug 1.2.2 2026-08-31 LIFT=3 22:01:12 ---
--- FW IODebug 1.2.2 2026-08-31 LIFT=3 22:01:43 ---
22:01:53.637    15100503  FFFFFF73E7FFF  D17,D18,D24,D25,D29
22:01:53.637    15100505  FFFFFF73F7FFF  D17,D24,D25,D29
--- FW IODebug 1.2.2 2026-08-31 LIFT=3 22:02:13 ---
22:02:23.504    15130153  FFFFFF73E7FFF  D17,D18,D24,D25,D29
22:02:23.504    15130156  FFFFFF73F7FFF  D17,D24,D25,D29
22:02:24.616    15131265  FFFFFF73E7FFF  D17,D18,D24,D25,D29
22:02:24.616    15131267  FFFFFF73F7FFF  D17,D24,D25,D29
--- FW IODebug 1.2.2 2026-08-31 LIFT=3 22:02:43 ---
22:02:51.752    15158183  FFFFFF73E7FFF  D17,D18,D24,D25,D29
22:02:51.752    15158185  FFFFFF73F7FFF  D17,D24,D25,D29
22:02:56.514    15162911  FFFFFF73E7FFF  D17,D18,D24,D25,D29
22:02:56.514    15162913  FFFFFF73F7FFF  D17,D24,D25,D29
--- FW IODebug 1.2.2 2026-08-31 LIFT=3 22:03:14 ---
22:03:14.086    15180352  FFFFFF73E7FFF  D17,D18,D24,D25,D29
22:03:14.086    15180353  FFFFFF73F7FFF  D17,D24,D25,D29
22:03:43.952    15209739  FFFFFF73E7FFF  D17,D18,D24,D25,D29
22:03:43.952    15209741  FFFFFF73F7FFF  D17,D24,D25,D29
--- FW IODebug 1.2.2 2026-08-31 LIFT=3 22:03:43 ---
22:03:46.512    15212530  FFFFFF73E7FFF  D17,D18,D24,D25,D29
22:03:46.512    15212531  FFFFFF73F7FFF  D17,D24,D25,D29
22:03:52.699    15218683  FFFFFF73D7FFF  D17,D19,D24,D25,D29
22:03:52.699    15218685  FFFFFF73F7FFF  D17,D24,D25,D29
22:03:59.733    15225668  FFFFFF73D7FFF  D17,D19,D24,D25,D29
22:03:59.733    15225670  FFFFFF73F7FFF  D17,D24,D25,D29
--- FW IODebug 1.2.2 2026-08-31 LIFT=3 22:04:14 ---
22:04:22.860    15248625  FFFFFF73D7FFF  D17,D19,D24,D25,D29
22:04:22.860    15248627  FFFFFF73F7FFF  D17,D24,D25,D29
22:04:29.378    15255098  FFFFFF73E7FFF  D17,D18,D24,D25,D29
22:04:29.378    15255099  FFFFFF73F7FFF  D17,D24,D25,D29
22:04:40.474    15266097  FFFFFF73D7FFF  D17,D19,D24,D25,D29
22:04:40.474    15266099  FFFFFF73F7FFF  D17,D24,D25,D29
22:04:42.180    15267525  FFFFFF73D7FFF  D17,D19,D24,D25,D29
22:04:42.180    15267526  FFFFFF73F7FFF  D17,D24,D25,D29
22:04:42.180    15267782  FFFFFF73E7FFF  D17,D18,D24,D25,D29
22:04:42.180    15267784  FFFFFF73F7FFF  D17,D24,D25,D29
--- FW IODebug 1.2.2 2026-08-31 LIFT=3 22:04:44 ---
22:04:45.916    15271511  FFFFFF73E7FFF  D17,D18,D24,D25,D29
22:04:45.916    15271513  FFFFFF73F7FFF  D17,D24,D25,D29
22:05:01.841    15287307  FFFFFF73D7FFF  D17,D19,D24,D25,D29
22:05:01.841    15287309  FFFFFF73F7FFF  D17,D24,D25,D29
22:05:11.146    15296539  FFFFFF73E7FFF  D17,D18,D24,D25,D29
22:05:11.146    15296541  FFFFFF73F7FFF  D17,D24,D25,D29
--- FW IODebug 1.2.2 2026-08-31 LIFT=3 22:05:14 ---
22:05:15.801    15301174  FFFFFF73E7FFF  D17,D18,D24,D25,D29
22:05:15.801    15301176  FFFFFF73F7FFF  D17,D24,D25,D29
--- FW IODebug 1.2.2 2026-08-31 LIFT=3 22:05:44 ---
22:05:54.345    15339429  FFFFFF73D7FFF  D17,D19,D24,D25,D29
22:05:54.345    15339431  FFFFFF73F7FFF  D17,D24,D25,D29
22:05:54.871    15339947  FFFFFF73E7FFF  D17,D18,D24,D25,D29
22:05:54.871    15339949  FFFFFF73F7FFF  D17,D24,D25,D29
--- FW IODebug 1.2.2 2026-08-31 LIFT=3 22:06:15 ---
22:06:37.352    15382121  FFFFFF73D7FFF  D17,D19,D24,D25,D29
22:06:37.352    15382123  FFFFFF73F7FFF  D17,D24,D25,D29
--- FW IODebug 1.2.2 2026-08-31 LIFT=3 22:06:45 ---
22:07:04.921    15409484  FFFFFF73D7FFF  D17,D19,D24,D25,D29
22:07:04.921    15409485  FFFFFF73F7FFF  D17,D24,D25,D29
--- FW IODebug 1.2.2 2026-08-31 LIFT=3 22:07:15 ---
22:07:28.968    15433333  FFFFFF73E7FFF  D17,D18,D24,D25,D29
22:07:28.969    15433335  FFFFFF73F7FFF  D17,D24,D25,D29
22:07:45.746    15449570  FFFFFF73D7FFF  D17,D19,D24,D25,D29
22:07:45.746    15449572  FFFFFF73F7FFF  D17,D24,D25,D29
--- FW IODebug 1.2.2 2026-08-31 LIFT=3 22:07:45 ---
22:07:48.688    15452913  FFFFFF73E7FFF  D17,D18,D24,D25,D29
22:07:48.688    15452915  FFFFFF73F7FFF  D17,D24,D25,D29
--- FW IODebug 1.2.2 2026-08-31 LIFT=3 22:08:15 ---
22:08:26.825    15490762  FFFFFF73D7FFF  D17,D19,D24,D25,D29
22:08:26.825    15490764  FFFFFF73F7FFF  D17,D24,D25,D29
22:08:29.386    15493311  FFFFFF73D7FFF  D17,D19,D24,D25,D29
22:08:30.706    15494623  FFFFFF73D3FFF  D16,D17,D19,D24,D25,D29
22:08:34.016    15497917  FFFFFF63D3FFF  D16,D17,D19,D24,D25,D26,D29
22:08:34.016    15497919  FFFFFF6FD3FFF  D16,D17,D19,D26,D29
22:08:35.540    15499426  FFFFFF6BD3FFF  D16,D17,D19,D24,D26,D29
22:08:36.548    15500418  FFFFFF63D3FFF  D16,D17,D19,D24,D25,D26,D29
22:08:36.548    15500420  FFFFFF67D3FFF  D16,D17,D19,D25,D26,D29
22:08:37.476    15501332  FFFFFF63D3FFF  D16,D17,D19,D24,D25,D26,D29
22:08:38.435    15502284  FFFFFF43D3FFF  D16,D17,D19,D24,D25,D26,D27,D29
22:08:38.435    15502286  FFFFFF4FD3FFF  D16,D17,D19,D26,D27,D29
22:08:38.435    15502288  FFFFFF5FD3FFF  D16,D17,D19,D27,D29
22:08:39.389    15503238  FFFFFF5BD3FFF  D16,D17,D19,D24,D27,D29
22:08:40.349    15504190  FFFFFF53D3FFF  D16,D17,D19,D24,D25,D27,D29
22:08:40.349    15504192  FFFFFF57D3FFF  D16,D17,D19,D25,D27,D29
22:08:41.313    15505143  FFFFFF53D3FFF  D16,D17,D19,D24,D25,D27,D29
22:08:42.257    15506095  FFFFFF43D3FFF  D16,D17,D19,D24,D25,D26,D27,D29
22:08:42.257    15506097  FFFFFF4FD3FFF  D16,D17,D19,D26,D27,D29
22:08:43.300    15507128  FFFFFF4BD3FFF  D16,D17,D19,D24,D26,D27,D29
22:08:45.224    15508795  FFFFFF43D3FFF  D16,D17,D19,D24,D25,D26,D27,D29
22:08:45.224    15508797  FFFFFF47D3FFF  D16,D17,D19,D25,D26,D27,D29
22:08:45.224    15508875  FFFFFF4793FFF  D16,D17,D19,D20,D25,D26,D27,D29
22:08:45.224    15509035  FFFFFF47B3FFF  D16,D17,D20,D25,D26,D27,D29
--- FW IODebug 1.2.2 2026-08-31 LIFT=3 22:08:46 ---
22:08:47.797    15511588  FFFFFF47A3FFF  D16,D17,D18,D20,D25,D26,D27,D29
22:08:47.797    15511590  FFFFFF47B3FFF  D16,D17,D20,D25,D26,D27,D29
22:08:48.460    15512246  FFFFFF47B7FFF  D17,D20,D25,D26,D27,D29
22:08:51.159    15514920  FFFFFF47A7FFF  D17,D18,D20,D25,D26,D27,D29
22:08:51.159    15514923  FFFFFF47B7FFF  D17,D20,D25,D26,D27,D29
22:08:59.154    15522848  FFFFFF47B3FFF  D16,D17,D20,D25,D26,D27,D29
22:09:03.000    15526661  FFFFFF43B3FFF  D16,D17,D20,D24,D25,D26,D27,D29
22:09:03.001    15526662  FFFFFF4BB3FFF  D16,D17,D20,D24,D26,D27,D29
22:09:04.046    15527716  FFFFFF4BA3FFF  D16,D17,D18,D20,D24,D26,D27,D29
22:09:04.046    15527718  FFFFFF4BB3FFF  D16,D17,D20,D24,D26,D27,D29
22:09:04.629    15528289  FFFFFF4FB3FFF  D16,D17,D20,D26,D27,D29
22:09:05.712    15529359  FFFFFF47B3FFF  D16,D17,D20,D25,D26,D27,D29
22:09:05.712    15529361  FFFFFF43B3FFF  D16,D17,D20,D24,D25,D26,D27,D29
22:09:05.712    15529363  FFFFFF53B3FFF  D16,D17,D20,D24,D25,D27,D29
22:09:06.674    15530313  FFFFFF57B3FFF  D16,D17,D20,D25,D27,D29
22:09:07.626    15531266  FFFFFF53B3FFF  D16,D17,D20,D24,D25,D27,D29
22:09:07.626    15531268  FFFFFF5BB3FFF  D16,D17,D20,D24,D27,D29
22:09:08.548    15532179  FFFFFF5FB3FFF  D16,D17,D20,D27,D29
22:09:09.494    15533130  FFFFFF47B3FFF  D16,D17,D20,D25,D26,D27,D29
22:09:09.494    15533132  FFFFFF63B3FFF  D16,D17,D20,D24,D25,D26,D29
22:09:10.484    15534085  FFFFFF67B3FFF  D16,D17,D20,D25,D26,D29
22:09:11.392    15534997  FFFFFF63B3FFF  D16,D17,D20,D24,D25,D26,D29
22:09:11.392    15534999  FFFFFF6BB3FFF  D16,D17,D20,D24,D26,D29
22:09:12.300    15535910  FFFFFF6FB3FFF  D16,D17,D20,D26,D29
22:09:13.223    15536822  FFFFFF67B3FFF  D16,D17,D20,D25,D26,D29
22:09:13.223    15536824  FFFFFF63B3FFF  D16,D17,D20,D24,D25,D26,D29
22:09:13.223    15536826  FFFFFF73B3FFF  D16,D17,D20,D24,D25,D29
22:09:14.135    15537737  FFFFFF77B3FFF  D16,D17,D20,D25,D29
22:09:15.062    15538650  FFFFFF73B3FFF  D16,D17,D20,D24,D25,D29
22:09:15.062    15538652  FFFFFF7BB3FFF  D16,D17,D20,D24,D29
22:09:16.905    15539523  FFFFFF7FB3FFF  D16,D17,D20,D29
--- FW IODebug 1.2.2 2026-08-31 LIFT=3 22:09:16 ---
22:09:16.905    15540474  FFFFFF6FB3FFF  D16,D17,D20,D26,D29
22:09:16.905    15540476  FFFFFF83B3FFF  D16,D17,D20,D24,D25,D26,D27,D28
22:09:17.786    15541350  FFFFFF87B3FFF  D16,D17,D20,D25,D26,D27,D28
22:09:18.710    15542262  FFFFFF83B3FFF  D16,D17,D20,D24,D25,D26,D27,D28
22:09:18.710    15542264  FFFFFF8BB3FFF  D16,D17,D20,D24,D26,D27,D28
22:09:19.615    15543176  FFFFFF8FB3FFF  D16,D17,D20,D26,D27,D28
22:09:20.556    15544088  FFFFFF87B3FFF  D16,D17,D20,D25,D26,D27,D28
22:09:20.556    15544090  FFFFFF83B3FFF  D16,D17,D20,D24,D25,D26,D27,D28
22:09:20.556    15544092  FFFFFF93B3FFF  D16,D17,D20,D24,D25,D27,D28
22:09:21.472    15545001  FFFFFF97B3FFF  D16,D17,D20,D25,D27,D28
22:09:22.346    15545875  FFFFFF93B3FFF  D16,D17,D20,D24,D25,D27,D28
22:09:22.347    15545877  FFFFFF9BB3FFF  D16,D17,D20,D24,D27,D28
22:09:23.318    15546828  FFFFFF9FB3FFF  D16,D17,D20,D27,D28
22:09:24.314    15547820  FFFFFF87B3FFF  D16,D17,D20,D25,D26,D27,D28
22:09:24.314    15547822  FFFFFFA3B3FFF  D16,D17,D20,D24,D25,D26,D28
22:09:25.848    15549330  FFFFFFA7B3FFF  D16,D17,D20,D25,D26,D28
22:09:27.582    15551066  FFFFFFA793FFF  D16,D17,D19,D20,D25,D26,D28
22:09:27.583    15551068  FFFFFFA7B3FFF  D16,D17,D20,D25,D26,D28
22:09:28.670    15552144  FFFFFFA7B7FFF  D17,D20,D25,D26,D28
22:09:37.550    15560962  FFFFFFA7F7FFF  D17,D25,D26,D28
22:09:44.137    15567505  FFFFFFA7D7FFF  D17,D19,D25,D26,D28
22:09:44.137    15567507  FFFFFFA7F7FFF  D17,D25,D26,D28
22:09:45.113    15568478  FFFFFFA7E7FFF  D17,D18,D25,D26,D28
22:09:45.113    15568479  FFFFFFA7F7FFF  D17,D25,D26,D28
--- FW IODebug 1.2.2 2026-08-31 LIFT=3 22:09:46 ---
--- FW IODebug 1.2.2 2026-08-31 LIFT=3 22:10:16 ---
22:10:18.770    15601880  FFFFFFA7E7FFF  D17,D18,D25,D26,D28
22:10:18.771    15601881  FFFFFFA7F7FFF  D17,D25,D26,D28
22:10:19.430    15602543  FFFFFFA7E7FFF  D17,D18,D25,D26,D28
22:10:19.430    15602545  FFFFFFA7F7FFF  D17,D25,D26,D28
22:10:45.965    15628877  FFFFFFA7E7FFF  D17,D18,D25,D26,D28
22:10:45.965    15628879  FFFFFFA7F7FFF  D17,D25,D26,D28
--- FW IODebug 1.2.2 2026-08-31 LIFT=3 22:10:47 ---
22:10:52.873    15635716  FFFFFFA7E7FFF  D17,D18,D25,D26,D28
22:10:52.873    15635718  FFFFFFA7F7FFF  D17,D25,D26,D28
22:10:57.726    15640557  FFFFFFA7E7FFF  D17,D18,D25,D26,D28
22:10:57.727    15640559  FFFFFFA7F7FFF  D17,D25,D26,D28
22:11:06.650    15649411  FFFFFFA7D7FFF  D17,D19,D25,D26,D28
22:11:07.703    15650444  FFFFFFA7D3FFF  D16,D17,D19,D25,D26,D28
22:11:11.008    15653738  FFFFFFA3D3FFF  D16,D17,D19,D24,D25,D26,D28
22:11:13.212    15655645  FFFFFF83D3FFF  D16,D17,D19,D24,D25,D26,D27,D28
22:11:13.212    15655647  FFFFFF8FD3FFF  D16,D17,D19,D26,D27,D28
22:11:13.212    15655648  FFFFFF9FD3FFF  D16,D17,D19,D27,D28
22:11:13.212    15655763  FFFFFF9F93FFF  D16,D17,D19,D20,D27,D28
22:11:13.212    15655923  FFFFFF9FB3FFF  D16,D17,D20,D27,D28
22:11:15.862    15658540  FFFFFF9FB7FFF  D17,D20,D27,D28
--- FW IODebug 1.2.2 2026-08-31 LIFT=3 22:11:17 ---
22:11:25.256    15667869  FFFFFF9F97FFF  D17,D19,D20,D27,D28
22:11:25.257    15667871  FFFFFF9FB7FFF  D17,D20,D27,D28
22:11:26.536    15669142  FFFFFF9FB3FFF  D16,D17,D20,D27,D28
22:11:28.334    15670926  FFFFFF9FA3FFF  D16,D17,D18,D20,D27,D28
22:11:28.334    15670928  FFFFFF9FB3FFF  D16,D17,D20,D27,D28
22:11:29.861    15672436  FFFFFF8FB3FFF  D16,D17,D20,D26,D27,D28
22:11:29.861    15672438  FFFFFFA3B3FFF  D16,D17,D20,D24,D25,D26,D28
22:11:31.347    15673907  FFFFFFA7B3FFF  D16,D17,D20,D25,D26,D28
22:11:33.210    15675772  FFFFFFA3B3FFF  D16,D17,D20,D24,D25,D26,D28
22:11:33.210    15675774  FFFFFFABB3FFF  D16,D17,D20,D24,D26,D28
22:11:36.047    15678582  FFFFFFABA3FFF  D16,D17,D18,D20,D24,D26,D28
22:11:36.048    15678584  FFFFFFABB3FFF  D16,D17,D20,D24,D26,D28
22:11:36.890    15679421  FFFFFFABB7FFF  D17,D20,D24,D26,D28
22:11:47.022    15689468  FFFFFFABB3FFF  D16,D17,D20,D24,D26,D28
--- FW IODebug 1.2.2 2026-08-31 LIFT=3 22:11:47 ---
22:11:50.326    15692765  FFFFFFAFB3FFF  D16,D17,D20,D26,D28
22:11:51.822    15694232  FFFFFFA7B3FFF  D16,D17,D20,D25,D26,D28
22:11:51.822    15694234  FFFFFFA3B3FFF  D16,D17,D20,D24,D25,D26,D28
22:11:51.822    15694236  FFFFFFB3B3FFF  D16,D17,D20,D24,D25,D28
22:11:52.808    15695226  FFFFFFB7B3FFF  D16,D17,D20,D25,D28
22:11:53.739    15696138  FFFFFFB3B3FFF  D16,D17,D20,D24,D25,D28
22:11:53.739    15696140  FFFFFFBBB3FFF  D16,D17,D20,D24,D28
22:11:54.663    15697052  FFFFFFBFB3FFF  D16,D17,D20,D28
22:11:55.580    15697964  FFFFFFF7B3FFF  D16,D17,D20,D25
22:11:55.580    15697966  FFFFFFC3B3FFF  D16,D17,D20,D24,D25,D26,D27
22:11:56.485    15698878  FFFFFFC7B3FFF  D16,D17,D20,D25,D26,D27
22:11:57.410    15699790  FFFFFFC3B3FFF  D16,D17,D20,D24,D25,D26,D27
22:11:57.410    15699792  FFFFFFCBB3FFF  D16,D17,D20,D24,D26,D27
22:11:58.300    15700665  FFFFFFCFB3FFF  D16,D17,D20,D26,D27
22:11:59.455    15701815  FFFFFFC7B3FFF  D16,D17,D20,D25,D26,D27
22:11:59.455    15701817  FFFFFFC3B3FFF  D16,D17,D20,D24,D25,D26,D27
22:11:59.455    15701819  FFFFFFD3B3FFF  D16,D17,D20,D24,D25,D27
22:12:00.865    15703205  FFFFFFD7B3FFF  D16,D17,D20,D25,D27
22:12:02.341    15704674  FFFFFFD3B3FFF  D16,D17,D20,D24,D25,D27
22:12:02.341    15704676  FFFFFFDBB3FFF  D16,D17,D20,D24,D27
22:12:03.769    15706103  FFFFFFDFB3FFF  D16,D17,D20,D27
22:12:04.991    15707293  FFFFFFC3B3FFF  D16,D17,D20,D24,D25,D26,D27
22:12:04.991    15707295  FFFFFFE3B3FFF  D16,D17,D20,D24,D25,D26
22:12:05.972    15708288  FFFFFFE7B3FFF  D16,D17,D20,D25,D26
22:12:07.027    15709319  FFFFFFE3B3FFF  D16,D17,D20,D24,D25,D26
22:12:07.027    15709321  FFFFFFEBB3FFF  D16,D17,D20,D24,D26
22:12:08.350    15710629  FFFFFFEFB3FFF  D16,D17,D20,D26
22:12:09.780    15712058  FFFFFFE3B3FFF  D16,D17,D20,D24,D25,D26
22:12:09.780    15712061  FFFFFFF3B3FFF  D16,D17,D20,D24,D25
22:12:11.624    15713845  FFFFFFF7B3FFF  D16,D17,D20,D25
22:12:11.624    15713883  FFFFFFF793FFF  D16,D17,D19,D20,D25
22:12:11.624    15713885  FFFFFFF7D3FFF  D16,D17,D19,D25
22:12:15.204    15717453  FFFFFFF7D7FFF  D17,D19,D25
--- FW IODebug 1.2.2 2026-08-31 LIFT=3 22:12:17 ---
22:12:23.944    15726112  FFFFFFF7F7FFF  D17,D25
22:12:27.340    15729477  FFFFFFF7E7FFF  D17,D18,D25
22:12:27.340    15729479  FFFFFFF7F7FFF  D17,D25
--- FW IODebug 1.2.2 2026-08-31 LIFT=3 22:12:48 ---
22:12:51.653    15753624  FFFFFFF7D7FFF  D17,D19,D25
22:12:51.653    15753626  FFFFFFF7F7FFF  D17,D25
22:12:58.983    15760887  FFFFFFF7E7FFF  D17,D18,D25
22:12:58.983    15760889  FFFFFFF7F7FFF  D17,D25
22:13:01.012    15762894  FFFFFFF7E7FFF  D17,D18,D25
22:13:01.012    15762896  FFFFFFF7F7FFF  D17,D25
22:13:06.378    15768218  FFFFFFF7D7FFF  D17,D19,D25
22:13:06.378    15768220  FFFFFFF7F7FFF  D17,D25
--- FW IODebug 1.2.2 2026-08-31 LIFT=3 22:13:18 ---
22:13:32.795    15794462  FFFFFFF7E7FFF  D17,D18,D25
22:13:32.795    15794463  FFFFFFF7F7FFF  D17,D25
22:13:37.246    15798872  FFFFFFF7E7FFF  D17,D18,D25
22:13:37.246    15798874  FFFFFFF7F7FFF  D17,D25
22:13:47.706    15809241  FFFFFFF7E7FFF  D17,D18,D25
22:13:47.706    15809243  FFFFFFF7F7FFF  D17,D25
--- FW IODebug 1.2.2 2026-08-31 LIFT=3 22:13:48 ---
22:13:51.665    15813178  FFFFFFF7D7FFF  D17,D19,D25
22:13:51.666    15813179  FFFFFFF7F7FFF  D17,D25
22:13:52.687    15814209  FFFFFFF7D7FFF  D17,D19,D25
22:13:52.687    15814211  FFFFFFF7F7FFF  D17,D25
22:14:04.208    15825640  FFFFFFF7E7FFF  D17,D18,D25
22:14:04.208    15825642  FFFFFFF7F7FFF  D17,D25
22:14:07.404    15828809  FFFFFFF7E7FFF  D17,D18,D25
22:14:07.404    15828811  FFFFFFF7F7FFF  D17,D25
--- FW IODebug 1.2.2 2026-08-31 LIFT=3 22:14:18 ---
22:14:21.058    15842359  FFFFFFF7D7FFF  D17,D19,D25
22:14:21.058    15842361  FFFFFFF7F7FFF  D17,D25
--- FW IODebug 1.2.2 2026-08-31 LIFT=3 22:14:48 ---
--- FW IODebug 1.2.2 2026-08-31 LIFT=3 22:15:19 ---
22:15:21.525    15902361  FFFFFFF7F7FFF  D17,D25
22:15:24.132    15904956  FFFFFFF7FFFFF  D25
22:15:24.822    15905642  FFFFFFF7F7FFF  D17,D25
22:15:26.575    15907362  FFFFFFF7D7FFF  D17,D19,D25
22:15:26.575    15907364  FFFFFFF7F7FFF  D17,D25
22:15:34.444    15915209  FFFFFFF7E7FFF  D17,D18,D25
22:15:34.444    15915211  FFFFFFF7F7FFF  D17,D25
22:15:46.909    15927573  FFFFFFF7D7FFF  D17,D19,D25
22:15:46.909    15927575  FFFFFFF7F7FFF  D17,D25
--- FW IODebug 1.2.2 2026-08-31 LIFT=3 22:15:49 ---
22:15:52.938    15933546  FFFFFFF7E7FFF  D17,D18,D25
22:15:52.938    15933548  FFFFFFF7F7FFF  D17,D25
--- FW IODebug 1.2.2 2026-08-31 LIFT=3 22:16:19 ---
22:16:29.316    15969655  FFFFFFF7D7FFF  D17,D19,D25
22:16:29.316    15969656  FFFFFFF7F7FFF  D17,D25
22:16:37.158    15977443  FFFFFFF7E7FFF  D17,D18,D25
22:16:37.159    15977445  FFFFFFF7F7FFF  D17,D25
22:16:47.737    15987928  FFFFFFF7E7FFF  D17,D18,D25
22:16:47.737    15987930  FFFFFFF7F7FFF  D17,D25
--- FW IODebug 1.2.2 2026-08-31 LIFT=3 22:16:49 ---
22:17:03.682    16003770  FFFFFFF7D7FFF  D17,D19,D25
22:17:03.682    16003771  FFFFFFF7F7FFF  D17,D25
22:17:12.910    16012921  FFFFFFF7E7FFF  D17,D18,D25
22:17:12.911    16012922  FFFFFFF7F7FFF  D17,D25
--- FW IODebug 1.2.2 2026-08-31 LIFT=3 22:17:20 ---
22:17:49.540    16049284  FFFFFFF7E7FFF  D17,D18,D25
22:17:49.540    16049286  FFFFFFF7F7FFF  D17,D25
--- FW IODebug 1.2.2 2026-08-31 LIFT=3 22:17:50 ---
22:18:08.717    16068322  FFFFFFF7D7FFF  D17,D19,D25
22:18:08.718    16068324  FFFFFFF7F7FFF  D17,D25
--- FW IODebug 1.2.2 2026-08-31 LIFT=3 22:18:20 ---
--- FW IODebug 1.2.2 2026-08-31 LIFT=3 22:18:50 ---
22:18:50.764    16110055  FFFFFFF7E7FFF  D17,D18,D25
22:18:50.764    16110057  FFFFFFF7F7FFF  D17,D25
22:18:56.240    16115484  FFFFFFF7D7FFF  D17,D19,D25
22:18:56.241    16115486  FFFFFFF7F7FFF  D17,D25
22:18:56.933    16116174  FFFFFFF7D7FFF  D17,D19,D25
22:18:56.933    16116176  FFFFFFF7F7FFF  D17,D25
--- FW IODebug 1.2.2 2026-08-31 LIFT=3 22:19:20 ---
22:19:22.137    16141187  FFFFFFF7E7FFF  D17,D18,D25
22:19:22.138    16141189  FFFFFFF7F7FFF  D17,D25
22:19:23.435    16142481  FFFFFFF7D7FFF  D17,D19,D25
22:19:27.437    16146457  FFFFFFF7C7FFF  D17,D18,D19,D25
22:19:27.438    16146459  FFFFFFF7D7FFF  D17,D19,D25
22:19:37.411    16156337  FFFFFFF7D3FFF  D16,D17,D19,D25
22:19:41.427    16160347  FFFFFFF3D3FFF  D16,D17,D19,D24,D25
22:19:43.246    16162132  FFFFFFE3D3FFF  D16,D17,D19,D24,D25,D26
22:19:43.246    16162135  FFFFFFEFD3FFF  D16,D17,D19,D26
22:19:44.679    16163562  FFFFFFEBD3FFF  D16,D17,D19,D24,D26
22:19:45.992    16164872  FFFFFFE3D3FFF  D16,D17,D19,D24,D25,D26
22:19:45.992    16164874  FFFFFFE7D3FFF  D16,D17,D19,D25,D26
22:19:47.033    16165904  FFFFFFE3D3FFF  D16,D17,D19,D24,D25,D26
22:19:48.033    16166896  FFFFFFC3D3FFF  D16,D17,D19,D24,D25,D26,D27
22:19:48.033    16166898  FFFFFFCFD3FFF  D16,D17,D19,D26,D27
22:19:48.033    16166900  FFFFFFDFD3FFF  D16,D17,D19,D27
22:19:49.235    16168088  FFFFFFDBD3FFF  D16,D17,D19,D24,D27
22:19:51.165    16169518  FFFFFFD3D3FFF  D16,D17,D19,D24,D25,D27
22:19:51.165    16169519  FFFFFFD7D3FFF  D16,D17,D19,D25,D27
--- FW IODebug 1.2.2 2026-08-31 LIFT=3 22:19:51 ---
22:19:52.146    16170986  FFFFFFD3D3FFF  D16,D17,D19,D24,D25,D27
22:19:53.542    16172375  FFFFFFC3D3FFF  D16,D17,D19,D24,D25,D26,D27
22:19:53.542    16172377  FFFFFFCFD3FFF  D16,D17,D19,D26,D27
22:19:54.717    16173528  FFFFFFCBD3FFF  D16,D17,D19,D24,D26,D27
22:19:55.605    16174401  FFFFFFC3D3FFF  D16,D17,D19,D24,D25,D26,D27
22:19:55.605    16174402  FFFFFFC7D3FFF  D16,D17,D19,D25,D26,D27
22:19:56.515    16175312  FFFFFFC3D3FFF  D16,D17,D19,D24,D25,D26,D27
22:19:57.424    16176226  FFFFFF83D3FFF  D16,D17,D19,D24,D25,D26,D27,D28
22:19:57.425    16176228  FFFFFFAFD3FFF  D16,D17,D19,D26,D28
22:19:57.425    16176230  FFFFFFBFD3FFF  D16,D17,D19,D28
22:19:58.349    16177139  FFFFFFBBD3FFF  D16,D17,D19,D24,D28
22:19:59.275    16178053  FFFFFFB3D3FFF  D16,D17,D19,D24,D25,D28
22:19:59.275    16178054  FFFFFFB7D3FFF  D16,D17,D19,D25,D28
22:20:00.202    16178965  FFFFFFB3D3FFF  D16,D17,D19,D24,D25,D28
22:20:01.103    16179878  FFFFFFA3D3FFF  D16,D17,D19,D24,D25,D26,D28
22:20:01.103    16179880  FFFFFFAFD3FFF  D16,D17,D19,D26,D28
22:20:02.041    16180792  FFFFFFABD3FFF  D16,D17,D19,D24,D26,D28
22:20:03.384    16182141  FFFFFFA3D3FFF  D16,D17,D19,D24,D25,D26,D28
22:20:03.384    16182144  FFFFFFA7D3FFF  D16,D17,D19,D25,D26,D28
22:20:04.865    16183611  FFFFFFA3D3FFF  D16,D17,D19,D24,D25,D26,D28
22:20:06.352    16185079  FFFFFF83D3FFF  D16,D17,D19,D24,D25,D26,D27,D28
22:20:06.352    16185081  FFFFFF8FD3FFF  D16,D17,D19,D26,D27,D28
22:20:06.352    16185083  FFFFFF9FD3FFF  D16,D17,D19,D27,D28
22:20:09.310    16188014  FFFFFF9FD7FFF  D17,D19,D27,D28
22:20:17.997    16196633  FFFFFF9FF7FFF  D17,D27,D28
22:20:19.452    16198094  FFFFFF9FD7FFF  D17,D19,D27,D28
22:20:19.452    16198096  FFFFFF9FF7FFF  D17,D27,D28
--- FW IODebug 1.2.2 2026-08-31 LIFT=3 22:20:21 ---
22:20:24.881    16203459  FFFFFF9FE7FFF  D17,D18,D27,D28
22:20:24.881    16203461  FFFFFF9FF7FFF  D17,D27,D28
22:20:27.910    16206472  FFFFFF9FE7FFF  D17,D18,D27,D28
22:20:27.911    16206473  FFFFFF9FF7FFF  D17,D27,D28
22:20:39.300    16217773  FFFFFF9FE7FFF  D17,D18,D27,D28
22:20:39.300    16217775  FFFFFF9FF7FFF  D17,D27,D28
22:20:44.615    16223054  FFFFFF9FD7FFF  D17,D19,D27,D28
22:20:44.615    16223056  FFFFFF9FF7FFF  D17,D27,D28
--- FW IODebug 1.2.2 2026-08-31 LIFT=3 22:20:51 ---
22:20:56.858    16235209  FFFFFF9FE7FFF  D17,D18,D27,D28
22:20:56.858    16235211  FFFFFF9FF7FFF  D17,D27,D28
--- FW IODebug 1.2.2 2026-08-31 LIFT=3 22:21:22 ---
22:21:22.313    16260470  FFFFFF9FD7FFF  D17,D19,D27,D28
22:21:22.313    16260472  FFFFFF9FF7FFF  D17,D27,D28
22:21:23.810    16261958  FFFFFF9FE7FFF  D17,D18,D27,D28
22:21:23.810    16261960  FFFFFF9FF7FFF  D17,D27,D28
22:21:27.727    16265846  FFFFFF9FE7FFF  D17,D18,D27,D28
22:21:27.727    16265848  FFFFFF9FF7FFF  D17,D27,D28
22:21:48.510    16286481  FFFFFF9FD7FFF  D17,D19,D27,D28
22:21:48.510    16286482  FFFFFF9FF7FFF  D17,D27,D28
--- FW IODebug 1.2.2 2026-08-31 LIFT=3 22:21:52 ---
22:22:00.476    16298355  FFFFFF9FE7FFF  D17,D18,D27,D28
22:22:00.476    16298357  FFFFFF9FF7FFF  D17,D27,D28
22:22:15.006    16312782  FFFFFF9FE7FFF  D17,D18,D27,D28
22:22:15.006    16312784  FFFFFF9FF7FFF  D17,D27,D28
22:22:16.421    16314173  FFFFFF9FE7FFF  D17,D18,D27,D28
22:22:16.421    16314175  FFFFFF9FF7FFF  D17,D27,D28
22:22:22.298    16319976  FFFFFF9FE7FFF  D17,D18,D27,D28
22:22:22.298    16319978  FFFFFF9FF7FFF  D17,D27,D28
--- FW IODebug 1.2.2 2026-08-31 LIFT=3 22:22:22 ---
22:22:24.109    16321806  FFFFFF9FE7FFF  D17,D18,D27,D28
22:22:24.109    16321808  FFFFFF9FF7FFF  D17,D27,D28
22:22:50.859    16347999  FFFFFF9FE7FFF  D17,D18,D27,D28
22:22:50.859    16348001  FFFFFF9FF7FFF  D17,D27,D28
22:22:50.859    16348357  FFFFFF9FD7FFF  D17,D19,D27,D28
22:22:50.859    16348359  FFFFFF9FF7FFF  D17,D27,D28
--- FW IODebug 1.2.2 2026-08-31 LIFT=3 22:22:52 ---
22:22:58.872    16356294  FFFFFF9FE7FFF  D17,D18,D27,D28
22:22:58.872    16356296  FFFFFF9FF7FFF  D17,D27,D28
22:23:00.205    16357638  FFFFFF9FD7FFF  D17,D19,D27,D28
22:23:00.205    16357640  FFFFFF9FF7FFF  D17,D27,D28
22:23:10.266    16367618  FFFFFF9FD7FFF  D17,D19,D27,D28
22:23:10.266    16367620  FFFFFF9FF7FFF  D17,D27,D28
22:23:17.288    16374582  FFFFFF9FE7FFF  D17,D18,D27,D28
22:23:17.288    16374584  FFFFFF9FF7FFF  D17,D27,D28
22:23:18.073    16375367  FFFFFF9FFFFFF  D27,D28
22:23:18.750    16376044  FFFFFF9FF7FFF  D17,D27,D28
22:23:19.358    16376645  FFFFFF9FE7FFF  D17,D18,D27,D28
22:23:19.358    16376647  FFFFFF9FF7FFF  D17,D27,D28
22:23:20.511    16377768  FFFFFF9FE7FFF  D17,D18,D27,D28
22:23:20.511    16377771  FFFFFF9FF7FFF  D17,D27,D28
--- FW IODebug 1.2.2 2026-08-31 LIFT=3 22:23:22 ---
22:23:31.491    16388685  FFFFFF9FD7FFF  D17,D19,D27,D28
22:23:31.491    16388687  FFFFFF9FF7FFF  D17,D27,D28
22:23:36.747    16393903  FFFFFF9FD7FFF  D17,D19,D27,D28
22:23:36.747    16393905  FFFFFF9FF7FFF  D17,D27,D28
--- FW IODebug 1.2.2 2026-08-31 LIFT=3 22:23:52 ---
22:24:08.647    16425567  FFFFFF9FD7FFF  D17,D19,D27,D28
22:24:08.647    16425569  FFFFFF9FF7FFF  D17,D27,D28
22:24:21.825    16438641  FFFFFF9FB7FFF  D17,D20,D27,D28
22:24:23.201    16439991  FFFFFF9FB3FFF  D16,D17,D20,D27,D28
--- FW IODebug 1.2.2 2026-08-31 LIFT=3 22:24:23 ---
22:24:26.787    16443335  FFFFFF83B3FFF  D16,D17,D20,D24,D25,D26,D27,D28
22:24:26.787    16443337  FFFFFFA3B3FFF  D16,D17,D20,D24,D25,D26,D28
22:24:26.787    16443567  FFFFFFA3A3FFF  D16,D17,D18,D20,D24,D25,D26,D28
22:24:26.787    16443569  FFFFFFA3B3FFF  D16,D17,D20,D24,D25,D26,D28
22:24:28.025    16444807  FFFFFFA7B3FFF  D16,D17,D20,D25,D26,D28
22:24:29.517    16446274  FFFFFFA3B3FFF  D16,D17,D20,D24,D25,D26,D28
22:24:29.517    16446276  FFFFFFABB3FFF  D16,D17,D20,D24,D26,D28
22:24:30.872    16447626  FFFFFFAFB3FFF  D16,D17,D20,D26,D28
22:24:31.781    16448526  FFFFFFA7B3FFF  D16,D17,D20,D25,D26,D28
22:24:31.781    16448528  FFFFFFA3B3FFF  D16,D17,D20,D24,D25,D26,D28
22:24:31.781    16448530  FFFFFFB3B3FFF  D16,D17,D20,D24,D25,D28
22:24:32.704    16449441  FFFFFFB7B3FFF  D16,D17,D20,D25,D28
22:24:33.631    16450353  FFFFFFB3B3FFF  D16,D17,D20,D24,D25,D28
22:24:33.631    16450355  FFFFFFBBB3FFF  D16,D17,D20,D24,D28
22:24:34.539    16451277  FFFFFFBFB3FFF  D16,D17,D20,D28
22:24:35.459    16452178  FFFFFFFFB3FFF  D16,D17,D20
22:24:35.459    16452179  FFFFFFC3B3FFF  D16,D17,D20,D24,D25,D26,D27
22:24:36.356    16453064  FFFFFFC7B3FFF  D16,D17,D20,D25,D26,D27
22:24:37.282    16453976  FFFFFFC3B3FFF  D16,D17,D20,D24,D25,D26,D27
22:24:37.282    16453978  FFFFFFCBB3FFF  D16,D17,D20,D24,D26,D27
22:24:38.184    16454880  FFFFFFCFB3FFF  D16,D17,D20,D26,D27
22:24:39.299    16455990  FFFFFFC7B3FFF  D16,D17,D20,D25,D26,D27
22:24:39.299    16455991  FFFFFFC3B3FFF  D16,D17,D20,D24,D25,D26,D27
22:24:39.299    16455993  FFFFFFD3B3FFF  D16,D17,D20,D24,D25,D27
22:24:40.743    16457420  FFFFFFD7B3FFF  D16,D17,D20,D25,D27
22:24:42.187    16458848  FFFFFFD3B3FFF  D16,D17,D20,D24,D25,D27
22:24:42.187    16458851  FFFFFFDBB3FFF  D16,D17,D20,D24,D27
22:24:43.676    16460329  FFFFFFDFB3FFF  D16,D17,D20,D27
22:24:44.870    16461507  FFFFFFD7B3FFF  D16,D17,D20,D25,D27
22:24:44.870    16461509  FFFFFFE3B3FFF  D16,D17,D20,D24,D25,D26
22:24:45.874    16462502  FFFFFFE7B3FFF  D16,D17,D20,D25,D26
22:24:46.871    16463504  FFFFFFE3B3FFF  D16,D17,D20,D24,D25,D26
22:24:46.871    16463506  FFFFFFEBB3FFF  D16,D17,D20,D24,D26
22:24:48.165    16464804  FFFFFFEFB3FFF  D16,D17,D20,D26
22:24:49.794    16466233  FFFFFFE3B3FFF  D16,D17,D20,D24,D25,D26
22:24:49.794    16466236  FFFFFFF3B3FFF  D16,D17,D20,D24,D25
22:24:49.794    16466394  FFFFFFF3A3FFF  D16,D17,D18,D20,D24,D25
22:24:49.794    16466396  FFFFFFF3B3FFF  D16,D17,D20,D24,D25
22:24:51.577    16468030  FFFFFFF7B3FFF  D16,D17,D20,D25
22:24:51.577    16468188  FFFFFFF793FFF  D16,D17,D19,D20,D25
22:24:51.577    16468190  FFFFFFF7D3FFF  D16,D17,D19,D25
--- FW IODebug 1.2.2 2026-08-31 LIFT=3 22:24:53 ---
22:24:55.102    16471628  FFFFFFF7D7FFF  D17,D19,D25
22:24:55.102    16471672  FFFFFFF7F7FFF  D17,D25
22:24:59.253    16475783  FFFFFFF7D7FFF  D17,D19,D25
22:24:59.253    16475785  FFFFFFF7F7FFF  D17,D25
--- FW IODebug 1.2.2 2026-08-31 LIFT=3 22:25:23 ---
22:25:36.501    16512762  FFFFFFF7E7FFF  D17,D18,D25
22:25:36.501    16512764  FFFFFFF7F7FFF  D17,D25
--- FW IODebug 1.2.2 2026-08-31 LIFT=3 22:25:54 ---
22:25:54.287    16530416  FFFFFFF7E7FFF  D17,D18,D25
22:25:54.287    16530417  FFFFFFF7F7FFF  D17,D25
22:26:00.105    16536180  FFFFFFF7E7FFF  D17,D18,D25
22:26:00.105    16536181  FFFFFFF7F7FFF  D17,D25
22:26:02.946    16539019  FFFFFFF7D7FFF  D17,D19,D25
22:26:02.946    16539021  FFFFFFF7F7FFF  D17,D25
22:26:10.096    16546102  FFFFFFF7D7FFF  D17,D19,D25
22:26:10.097    16546104  FFFFFFF7F7FFF  D17,D25
22:26:21.780    16557705  FFFFFFF7D7FFF  D17,D19,D25
22:26:21.780    16557707  FFFFFFF7F7FFF  D17,D25
--- FW IODebug 1.2.2 2026-08-31 LIFT=3 22:26:24 ---
22:26:34.070    16569904  FFFFFFF7E7FFF  D17,D18,D25
22:26:34.070    16569906  FFFFFFF7F7FFF  D17,D25
22:26:44.654    16580402  FFFFFFF7E7FFF  D17,D18,D25
22:26:44.654    16580403  FFFFFFF7F7FFF  D17,D25
--- FW IODebug 1.2.2 2026-08-31 LIFT=3 22:26:54 ---
22:26:54.917    16590586  FFFFFFF7E7FFF  D17,D18,D25
22:26:54.917    16590588  FFFFFFF7F7FFF  D17,D25
22:26:58.168    16593824  FFFFFFF7D7FFF  D17,D19,D25
22:26:58.168    16593826  FFFFFFF7F7FFF  D17,D25
22:26:59.728    16594966  FFFFFFF7D7FFF  D17,D19,D25
22:26:59.728    16594968  FFFFFFF7F7FFF  D17,D25
22:26:59.728    16595374  FFFFFFF7D7FFF  D17,D19,D25
22:26:59.728    16595376  FFFFFFF7F7FFF  D17,D25
22:27:05.747    16601341  FFFFFFF7D7FFF  D17,D19,D25
22:27:05.747    16601344  FFFFFFF7F7FFF  D17,D25
--- FW IODebug 1.2.2 2026-08-31 LIFT=3 22:27:24 ---
22:27:37.807    16633157  FFFFFFF7E7FFF  D17,D18,D25
22:27:37.807    16633159  FFFFFFF7F7FFF  D17,D25
22:27:40.301    16635532  FFFFFFF7E7FFF  D17,D18,D25
22:27:40.301    16635534  FFFFFFF7F7FFF  D17,D25
22:27:40.301    16635651  FFFFFFF7E7FFF  D17,D18,D25
22:27:40.301    16635653  FFFFFFF7F7FFF  D17,D25
22:27:53.160    16648400  FFFFFFF7E7FFF  D17,D18,D25
22:27:53.160    16648402  FFFFFFF7F7FFF  D17,D25
--- FW IODebug 1.2.2 2026-08-31 LIFT=3 22:27:54 ---
22:27:55.765    16650992  FFFFFFF7FFFFF  D25
22:27:56.436    16651670  FFFFFFF7F7FFF  D17,D25
22:28:08.245    16663366  FFFFFFF7D7FFF  D17,D19,D25
22:28:08.245    16663368  FFFFFFF7F7FFF  D17,D25
22:28:21.582    16676606  FFFFFFF7E7FFF  D17,D18,D25
22:28:21.582    16676609  FFFFFFF7F7FFF  D17,D25
--- FW IODebug 1.2.2 2026-08-31 LIFT=3 22:28:25 ---
22:28:28.712    16683691  FFFFFFF7D7FFF  D17,D19,D25
22:28:28.712    16683692  FFFFFFF7F7FFF  D17,D25
22:28:32.232    16687173  FFFFFFF7E7FFF  D17,D18,D25
22:28:32.232    16687175  FFFFFFF7F7FFF  D17,D25
22:28:48.980    16703718  FFFFFFF7D7FFF  D17,D19,D25
22:28:48.980    16703720  FFFFFFF7F7FFF  D17,D25
22:28:48.980    16703806  FFFFFFF7E7FFF  D17,D18,D25
22:28:48.980    16703808  FFFFFFF7F7FFF  D17,D25
--- FW IODebug 1.2.2 2026-08-31 LIFT=3 22:28:55 ---
22:29:01.331    16716068  FFFFFFF7E7FFF  D17,D18,D25
22:29:01.331    16716070  FFFFFFF7F7FFF  D17,D25
--- FW IODebug 1.2.2 2026-08-31 LIFT=3 22:29:25 ---
22:29:30.784    16745297  FFFFFFF7E7FFF  D17,D18,D25
22:29:30.784    16745299  FFFFFFF7F7FFF  D17,D25
22:29:31.652    16746150  FFFFFFF7D7FFF  D17,D19,D25
22:29:31.652    16746152  FFFFFFF7F7FFF  D17,D25
22:29:33.899    16748393  FFFFFFF7D7FFF  D17,D19,D25
22:29:33.899    16748395  FFFFFFF7F7FFF  D17,D25
22:29:49.993    16764361  FFFFFFF7D7FFF  D17,D19,D25
22:29:49.993    16764363  FFFFFFF7F7FFF  D17,D25
--- FW IODebug 1.2.2 2026-08-31 LIFT=3 22:29:55 ---
22:29:58.547    16772858  FFFFFFF7E7FFF  D17,D18,D25
22:29:58.547    16772860  FFFFFFF7F7FFF  D17,D25
22:30:09.710    16783938  FFFFFFF7E7FFF  D17,D18,D25
22:30:09.710    16783940  FFFFFFF7F7FFF  D17,D25
22:30:11.143    16785348  FFFFFFF7E7FFF  D17,D18,D25
22:30:11.143    16785349  FFFFFFF7F7FFF  D17,D25
22:30:12.013    16786221  FFFFFFF7D7FFF  D17,D19,D25
22:30:12.013    16786223  FFFFFFF7F7FFF  D17,D25
22:30:21.604    16795751  FFFFFFF7D7FFF  D17,D19,D25
22:30:21.604    16795753  FFFFFFF7F7FFF  D17,D25
--- FW IODebug 1.2.2 2026-08-31 LIFT=3 22:30:25 ---
--- FW IODebug 1.2.2 2026-08-31 LIFT=3 22:30:56 ---
22:31:21.192    16854870  FFFFFFF7D7FFF  D17,D19,D25
22:31:21.192    16854872  FFFFFFF7F7FFF  D17,D25
--- FW IODebug 1.2.2 2026-08-31 LIFT=3 22:31:26 ---
22:31:28.890    16862527  FFFFFFF7E7FFF  D17,D18,D25
22:31:28.890    16862529  FFFFFFF7F7FFF  D17,D25
22:31:47.268    16880770  FFFFFFF7E7FFF  D17,D18,D25
22:31:47.268    16880772  FFFFFFF7F7FFF  D17,D25
--- FW IODebug 1.2.2 2026-08-31 LIFT=3 22:31:56 ---
22:31:59.313    16892721  FFFFFFF7E7FFF  D17,D18,D25
22:31:59.313    16892723  FFFFFFF7F7FFF  D17,D25
22:32:08.984    16902325  FFFFFFF7E7FFF  D17,D18,D25
22:32:08.984    16902327  FFFFFFF7F7FFF  D17,D25
--- FW IODebug 1.2.2 2026-08-31 LIFT=3 22:32:26 ---
22:32:32.807    16925968  FFFFFFF7E7FFF  D17,D18,D25
22:32:32.807    16925970  FFFFFFF7F7FFF  D17,D25
22:32:34.520    16927667  FFFFFFF7E7FFF  D17,D18,D25
22:32:34.520    16927669  FFFFFFF7F7FFF  D17,D25
--- FW IODebug 1.2.2 2026-08-31 LIFT=3 22:32:57 ---
22:32:59.459    16952419  FFFFFFF7E7FFF  D17,D18,D25
22:32:59.459    16952420  FFFFFFF7F7FFF  D17,D25
22:33:22.687    16975484  FFFFFFF7D7FFF  D17,D19,D25
22:33:22.687    16975486  FFFFFFF7F7FFF  D17,D25
22:33:26.447    16979206  FFFFFFF7E7FFF  D17,D18,D25
22:33:26.447    16979208  FFFFFFF7F7FFF  D17,D25
--- FW IODebug 1.2.2 2026-08-31 LIFT=3 22:33:27 ---
22:33:33.788    16986485  FFFFFFF7E7FFF  D17,D18,D25
22:33:33.788    16986487  FFFFFFF7F7FFF  D17,D25
22:33:40.329    16992983  FFFFFFF7E7FFF  D17,D18,D25
22:33:40.329    16992984  FFFFFFF7F7FFF  D17,D25
22:33:52.043    17004223  FFFFFFF7D7FFF  D17,D19,D25
22:33:52.043    17004225  FFFFFFF7F7FFF  D17,D25
22:33:52.043    17004611  FFFFFFF7D7FFF  D17,D19,D25
22:33:52.043    17004613  FFFFFFF7F7FFF  D17,D25
--- FW IODebug 1.2.2 2026-08-31 LIFT=3 22:33:57 ---
22:34:02.533    17015033  FFFFFFF7E7FFF  D17,D18,D25
22:34:02.533    17015035  FFFFFFF7F7FFF  D17,D25
22:34:03.980    17015982  FFFFFFF7F3FFF  D16,D17,D25
22:34:03.980    17015984  FFFFFFF7F7FFF  D17,D25
22:34:03.980    17016458  FFFFFFF7D7FFF  D17,D19,D25
22:34:03.980    17016460  FFFFFFF7F7FFF  D17,D25
22:34:15.833    17028227  FFFFFFF7D7FFF  D17,D19,D25
22:34:15.833    17028229  FFFFFFF7F7FFF  D17,D25
--- FW IODebug 1.2.2 2026-08-31 LIFT=3 22:34:27 ---
22:34:38.392    17050604  FFFFFFF7E7FFF  D17,D18,D25
22:34:38.392    17050606  FFFFFFF7F7FFF  D17,D25
--- FW IODebug 1.2.2 2026-08-31 LIFT=3 22:34:57 ---
22:35:02.187    17074223  FFFFFFF7D7FFF  D17,D19,D25
22:35:02.187    17074225  FFFFFFF7F7FFF  D17,D25
22:35:04.261    17076289  FFFFFFF7F3FFF  D16,D17,D25
22:35:04.262    17076291  FFFFFFF7F7FFF  D17,D25
22:35:18.521    17090432  FFFFFFF7E7FFF  D17,D18,D25
22:35:18.521    17090434  FFFFFFF7F7FFF  D17,D25
22:35:25.752    17097614  FFFFFFF7D7FFF  D17,D19,D25
22:35:25.752    17097616  FFFFFFF7F7FFF  D17,D25
--- FW IODebug 1.2.2 2026-08-31 LIFT=3 22:35:28 ---
22:35:38.317    17110087  FFFFFFF7E7FFF  D17,D18,D25
22:35:38.317    17110089  FFFFFFF7F7FFF  D17,D25
22:35:56.222    17127867  FFFFFFF7D7FFF  D17,D19,D25
22:35:56.222    17127869  FFFFFFF7F7FFF  D17,D25
--- FW IODebug 1.2.2 2026-08-31 LIFT=3 22:35:58 ---
22:36:01.755    17133337  FFFFFFF7E7FFF  D17,D18,D25
22:36:01.755    17133339  FFFFFFF7F7FFF  D17,D25
22:36:02.479    17134082  FFFFFFF7D7FFF  D17,D19,D25
22:36:02.479    17134084  FFFFFFF7F7FFF  D17,D25
--- FW IODebug 1.2.2 2026-08-31 LIFT=3 22:36:28 ---
22:36:46.390    17177656  FFFFFFF7E7FFF  D17,D18,D25
22:36:46.390    17177658  FFFFFFF7F7FFF  D17,D25
22:36:50.449    17181686  FFFFFFF7D7FFF  D17,D19,D25
22:36:50.449    17181688  FFFFFFF7F7FFF  D17,D25
22:36:54.678    17185896  FFFFFFF7E7FFF  D17,D18,D25
22:36:54.678    17185898  FFFFFFF7F7FFF  D17,D25
--- FW IODebug 1.2.2 2026-08-31 LIFT=3 22:36:58 ---
22:37:00.153    17191317  FFFFFFF7D7FFF  D17,D19,D25
22:37:00.153    17191319  FFFFFFF7F7FFF  D17,D25
22:37:03.641    17194778  FFFFFFF7D7FFF  D17,D19,D25
22:37:03.641    17194780  FFFFFFF7F7FFF  D17,D25
22:37:05.203    17196328  FFFFFFF7E7FFF  D17,D18,D25
22:37:05.203    17196329  FFFFFFF7F7FFF  D17,D25
22:37:19.833    17210840  FFFFFFF7E7FFF  D17,D18,D25
22:37:19.833    17210842  FFFFFFF7F7FFF  D17,D25
--- FW IODebug 1.2.2 2026-08-31 LIFT=3 22:37:29 ---
--- FW IODebug 1.2.2 2026-08-31 LIFT=3 22:37:59 ---
22:38:14.329    17264952  FFFFFFF7D7FFF  D17,D19,D25
22:38:14.329    17264954  FFFFFFF7F7FFF  D17,D25
22:38:19.454    17270024  FFFFFFF7D7FFF  D17,D19,D25
22:38:19.454    17270026  FFFFFFF7F7FFF  D17,D25
22:38:24.779    17275315  FFFFFFF7E7FFF  D17,D18,D25
22:38:24.779    17275317  FFFFFFF7F7FFF  D17,D25
--- FW IODebug 1.2.2 2026-08-31 LIFT=3 22:38:29 ---
22:38:31.990    17282468  FFFFFFF7D7FFF  D17,D19,D25
22:38:31.990    17282469  FFFFFFF7F7FFF  D17,D25
22:38:44.147    17294524  FFFFFFF7E7FFF  D17,D18,D25
22:38:44.147    17294526  FFFFFFF7F7FFF  D17,D25
--- FW IODebug 1.2.2 2026-08-31 LIFT=3 22:38:59 ---
22:39:12.454    17322609  FFFFFFF7E7FFF  D17,D18,D25
22:39:12.455    17322611  FFFFFFF7F7FFF  D17,D25
22:39:23.616    17333689  FFFFFFF7E7FFF  D17,D18,D25
22:39:23.616    17333691  FFFFFFF7F7FFF  D17,D25
--- FW IODebug 1.2.2 2026-08-31 LIFT=3 22:39:29 ---
22:39:45.243    17355171  FFFFFFF7D7FFF  D17,D19,D25
22:39:45.243    17355173  FFFFFFF7F7FFF  D17,D25
22:39:51.948    17361836  FFFFFFF7D7FFF  D17,D19,D25
22:39:51.948    17361838  FFFFFFF7F7FFF  D17,D25
--- FW IODebug 1.2.2 2026-08-31 LIFT=3 22:40:00 ---
--- FW IODebug 1.2.2 2026-08-31 LIFT=3 22:40:30 ---
22:40:52.415    17421838  FFFFFFF7F7FFF  D17,D25
--- FW IODebug 1.2.2 2026-08-31 LIFT=3 22:41:00 ---
22:41:10.947    17440239  FFFFFFF7E7FFF  D17,D18,D25
22:41:10.947    17440241  FFFFFFF7F7FFF  D17,D25
--- FW IODebug 1.2.2 2026-08-31 LIFT=3 22:41:30 ---
22:41:35.638    17464741  FFFFFFF7E7FFF  D17,D18,D25
22:41:35.638    17464743  FFFFFFF7F7FFF  D17,D25
22:41:45.986    17475018  FFFFFFF7D7FFF  D17,D19,D25
22:41:45.986    17475020  FFFFFFF7F7FFF  D17,D25
22:41:55.353    17484313  FFFFFFF7D7FFF  D17,D19,D25
22:41:55.353    17484315  FFFFFFF7F7FFF  D17,D25
--- FW IODebug 1.2.2 2026-08-31 LIFT=3 22:42:01 ---
--- FW IODebug 1.2.2 2026-08-31 LIFT=3 22:42:31 ---
22:42:55.802    17544315  FFFFFFF7F7FFF  D17,D25
--- FW IODebug 1.2.2 2026-08-31 LIFT=3 22:43:01 ---
22:43:02.239    17550704  FFFFFFF7F3FFF  D16,D17,D25
22:43:02.239    17550706  FFFFFFF7F7FFF  D17,D25
22:43:12.202    17560592  FFFFFFF7E7FFF  D17,D18,D25
22:43:12.202    17560594  FFFFFFF7F7FFF  D17,D25
22:43:21.254    17569572  FFFFFFF7E7FFF  D17,D18,D25
22:43:21.254    17569574  FFFFFFF7F7FFF  D17,D25
22:43:25.176    17573460  FFFFFFF7D7FFF  D17,D19,D25
22:43:25.177    17573463  FFFFFFF7F7FFF  D17,D25
22:43:27.243    17575524  FFFFFFF7E7FFF  D17,D18,D25
22:43:27.243    17575526  FFFFFFF7F7FFF  D17,D25
22:43:30.742    17578996  FFFFFFF7E7FFF  D17,D18,D25
22:43:30.743    17578998  FFFFFFF7F7FFF  D17,D25
--- FW IODebug 1.2.2 2026-08-31 LIFT=3 22:43:32 ---
22:43:32.028    17580266  FFFFFFF7D7FFF  D17,D19,D25
22:43:32.028    17580268  FFFFFFF7F7FFF  D17,D25
22:43:44.377    17592513  FFFFFFF7E7FFF  D17,D18,D25
22:43:44.377    17592515  FFFFFFF7F7FFF  D17,D25
--- FW IODebug 1.2.2 2026-08-31 LIFT=3 22:44:01 ---
22:44:11.655    17619602  FFFFFFF7F3FFF  D16,D17,D25
22:44:11.655    17619604  FFFFFFF7F7FFF  D17,D25
22:44:15.062    17622995  FFFFFFF7D7FFF  D17,D19,D25
22:44:15.062    17622998  FFFFFFF7F7FFF  D17,D25
--- FW IODebug 1.2.2 2026-08-31 LIFT=3 22:44:32 ---
22:44:37.851    17645590  FFFFFFF7E7FFF  D17,D18,D25
22:44:37.851    17645591  FFFFFFF7F7FFF  D17,D25
22:44:59.469    17667052  FFFFFFF7D7FFF  D17,D19,D25
22:44:59.469    17667054  FFFFFFF7F7FFF  D17,D25
22:45:01.266    17668838  FFFFFFF7D7FFF  D17,D19,D25
22:45:01.266    17668840  FFFFFFF7F7FFF  D17,D25
--- FW IODebug 1.2.2 2026-08-31 LIFT=3 22:45:02 ---
22:45:05.913    17673438  FFFFFFF7D7FFF  D17,D19,D25
22:45:05.913    17673440  FFFFFFF7F7FFF  D17,D25
22:45:28.206    17695572  FFFFFFF7D7FFF  D17,D19,D25
22:45:28.206    17695575  FFFFFFF7F7FFF  D17,D25
--- FW IODebug 1.2.2 2026-08-31 LIFT=3 22:45:32 ---
22:45:40.805    17708096  FFFFFFF7D7FFF  D17,D19,D25
22:45:40.805    17708097  FFFFFFF7F7FFF  D17,D25
--- FW IODebug 1.2.2 2026-08-31 LIFT=3 22:46:02 ---
22:46:12.024    17739074  FFFFFFF7D7FFF  D17,D19,D25
22:46:12.024    17739076  FFFFFFF7F7FFF  D17,D25
22:46:20.252    17747220  FFFFFFF7E7FFF  D17,D18,D25
22:46:20.252    17747222  FFFFFFF7F7FFF  D17,D25
--- FW IODebug 1.2.2 2026-08-31 LIFT=3 22:46:33 ---
22:46:36.181    17763048  FFFFFFF7E7FFF  D17,D18,D25
22:46:36.181    17763050  FFFFFFF7F7FFF  D17,D25
22:46:58.880    17785592  FFFFFFF7E7FFF  D17,D18,D25
22:46:58.880    17785594  FFFFFFF7F7FFF  D17,D25
--- FW IODebug 1.2.2 2026-08-31 LIFT=3 22:47:03 ---
22:47:05.360    17792000  FFFFFFF7D7FFF  D17,D19,D25
22:47:05.360    17792002  FFFFFFF7F7FFF  D17,D25
22:47:15.472    17802055  FFFFFFF7D7FFF  D17,D19,D25
22:47:15.472    17802057  FFFFFFF7F7FFF  D17,D25
22:47:32.239    17818687  FFFFFFF7E7FFF  D17,D18,D25
22:47:32.239    17818689  FFFFFFF7F7FFF  D17,D25
--- FW IODebug 1.2.2 2026-08-31 LIFT=3 22:47:33 ---
22:47:56.816    17843090  FFFFFFF7E7FFF  D17,D18,D25
22:47:56.816    17843092  FFFFFFF7F7FFF  D17,D25
22:48:03.258    17849479  FFFFFFF7E7FFF  D17,D18,D25
22:48:03.258    17849481  FFFFFFF7F7FFF  D17,D25
--- FW IODebug 1.2.2 2026-08-31 LIFT=3 22:48:03 ---
22:48:15.765    17861894  FFFFFFF7D7FFF  D17,D19,D25
22:48:15.765    17861896  FFFFFFF7F7FFF  D17,D25
--- FW IODebug 1.2.2 2026-08-31 LIFT=3 22:48:34 ---
22:48:35.758    17881729  FFFFFFF7E7FFF  D17,D18,D25
22:48:35.758    17881731  FFFFFFF7F7FFF  D17,D25
22:48:36.271    17882237  FFFFFFF7E7FFF  D17,D18,D25
22:48:36.271    17882240  FFFFFFF7F7FFF  D17,D25
22:48:45.281    17891191  FFFFFFF7D7FFF  D17,D19,D25
22:48:45.281    17891193  FFFFFFF7F7FFF  D17,D25
22:49:03.318    17909092  FFFFFFF7E7FFF  D17,D18,D25
22:49:03.318    17909094  FFFFFFF7F7FFF  D17,D25
--- FW IODebug 1.2.2 2026-08-31 LIFT=3 22:49:04 ---
22:49:05.015    17910778  FFFFFFF7E7FFF  D17,D18,D25
22:49:05.015    17910780  FFFFFFF7F7FFF  D17,D25
22:49:18.865    17924523  FFFFFFF7E7FFF  D17,D18,D25
22:49:18.865    17924525  FFFFFFF7F7FFF  D17,D25
22:49:27.756    17933353  FFFFFFF7E7FFF  D17,D18,D25
22:49:27.756    17933355  FFFFFFF7F7FFF  D17,D25
--- FW IODebug 1.2.2 2026-08-31 LIFT=3 22:49:34 ---
22:49:35.683    17941212  FFFFFFF7E7FFF  D17,D18,D25
22:49:35.683    17941214  FFFFFFF7F7FFF  D17,D25
22:49:50.837    17956250  FFFFFFF7D7FFF  D17,D19,D25
22:49:50.837    17956252  FFFFFFF7F7FFF  D17,D25
22:49:57.554    17962926  FFFFFFF7E7FFF  D17,D18,D25
22:49:57.554    17962927  FFFFFFF7F7FFF  D17,D25
22:49:58.668    17964020  FFFFFFF7D7FFF  D17,D19,D25
22:49:58.668    17964022  FFFFFFF7F7FFF  D17,D25
--- FW IODebug 1.2.2 2026-08-31 LIFT=3 22:50:04 ---
22:50:16.247    17981476  FFFFFFF7E7FFF  D17,D18,D25
22:50:16.248    17981477  FFFFFFF7F7FFF  D17,D25
22:50:29.175    17994310  FFFFFFF7E7FFF  D17,D18,D25
22:50:29.175    17994312  FFFFFFF7F7FFF  D17,D25
--- FW IODebug 1.2.2 2026-08-31 LIFT=3 22:50:34 ---
22:50:42.866    18007501  FFFFFFF7E7FFF  D17,D18,D25
22:50:42.866    18007503  FFFFFFF7F7FFF  D17,D25
22:50:42.866    18007900  FFFFFFF7E7FFF  D17,D18,D25
22:50:42.866    18007902  FFFFFFF7F7FFF  D17,D25
22:50:43.434    18008446  FFFFFFF7E7FFF  D17,D18,D25
22:50:43.434    18008449  FFFFFFF7F7FFF  D17,D25
22:50:57.119    18022039  FFFFFFF7D7FFF  D17,D19,D25
22:50:58.494    18023418  FFFFFFF7D3FFF  D16,D17,D19,D25
22:51:02.585    18027478  FFFFFFF3D3FFF  D16,D17,D19,D24,D25
22:51:04.380    18029254  FFFFFFE3D3FFF  D16,D17,D19,D24,D25,D26
22:51:04.380    18029256  FFFFFFEFD3FFF  D16,D17,D19,D26
--- FW IODebug 1.2.2 2026-08-31 LIFT=3 22:51:05 ---
22:51:05.810    18030684  FFFFFFEBD3FFF  D16,D17,D19,D24,D26
22:51:07.162    18031994  FFFFFFE3D3FFF  D16,D17,D19,D24,D25,D26
22:51:07.162    18031995  FFFFFFE7D3FFF  D16,D17,D19,D25,D26
22:51:08.146    18032997  FFFFFFE3D3FFF  D16,D17,D19,D24,D25,D26
22:51:09.189    18034019  FFFFFFC3D3FFF  D16,D17,D19,D24,D25,D26,D27
22:51:09.189    18034021  FFFFFFCFD3FFF  D16,D17,D19,D26,D27
22:51:09.189    18034022  FFFFFFDFD3FFF  D16,D17,D19,D27
22:51:10.394    18035219  FFFFFFDBD3FFF  D16,D17,D19,D24,D27
22:51:11.836    18036649  FFFFFFD3D3FFF  D16,D17,D19,D24,D25,D27
22:51:11.836    18036651  FFFFFFD7D3FFF  D16,D17,D19,D25,D27
22:51:13.306    18038118  FFFFFFD3D3FFF  D16,D17,D19,D24,D25,D27
22:51:14.719    18039507  FFFFFFC3D3FFF  D16,D17,D19,D24,D25,D26,D27
22:51:14.719    18039508  FFFFFFCFD3FFF  D16,D17,D19,D26,D27
22:51:15.821    18040608  FFFFFFCBD3FFF  D16,D17,D19,D24,D26,D27
22:51:16.751    18041532  FFFFFFC3D3FFF  D16,D17,D19,D24,D25,D26,D27
22:51:16.751    18041534  FFFFFFC7D3FFF  D16,D17,D19,D25,D26,D27
22:51:17.663    18042434  FFFFFFC3D3FFF  D16,D17,D19,D24,D25,D26,D27
22:51:18.587    18043358  FFFFFF83D3FFF  D16,D17,D19,D24,D25,D26,D27,D28
22:51:18.587    18043360  FFFFFFAFD3FFF  D16,D17,D19,D26,D28
22:51:18.587    18043362  FFFFFFBFD3FFF  D16,D17,D19,D28
22:51:19.502    18044261  FFFFFFBBD3FFF  D16,D17,D19,D24,D28
22:51:20.420    18045174  FFFFFFB3D3FFF  D16,D17,D19,D24,D25,D28
22:51:20.420    18045176  FFFFFFB7D3FFF  D16,D17,D19,D25,D28
22:51:21.339    18046088  FFFFFFB3D3FFF  D16,D17,D19,D24,D25,D28
22:51:22.224    18046970  FFFFFFA3D3FFF  D16,D17,D19,D24,D25,D26,D28
22:51:22.224    18046972  FFFFFFAFD3FFF  D16,D17,D19,D26,D28
22:51:23.139    18047874  FFFFFFABD3FFF  D16,D17,D19,D24,D26,D28
22:51:24.544    18049263  FFFFFFA3D3FFF  D16,D17,D19,D24,D25,D26,D28
22:51:24.544    18049264  FFFFFFA7D3FFF  D16,D17,D19,D25,D26,D28
22:51:25.906    18050623  FFFFFFA3D3FFF  D16,D17,D19,D24,D25,D26,D28
22:51:26.844    18051536  FFFFFF83D3FFF  D16,D17,D19,D24,D25,D26,D27,D28
22:51:26.844    18051538  FFFFFF8FD3FFF  D16,D17,D19,D26,D27,D28
22:51:26.844    18051540  FFFFFF9FD3FFF  D16,D17,D19,D27,D28
22:51:27.741    18052439  FFFFFF9BD3FFF  D16,D17,D19,D24,D27,D28
22:51:28.670    18053362  FFFFFF93D3FFF  D16,D17,D19,D24,D25,D27,D28
22:51:28.670    18053364  FFFFFF97D3FFF  D16,D17,D19,D25,D27,D28
22:51:29.605    18054276  FFFFFF93D3FFF  D16,D17,D19,D24,D25,D27,D28
22:51:30.457    18055139  FFFFFF83D3FFF  D16,D17,D19,D24,D25,D26,D27,D28
22:51:30.457    18055140  FFFFFF8FD3FFF  D16,D17,D19,D26,D27,D28
22:51:31.381    18056061  FFFFFF8BD3FFF  D16,D17,D19,D24,D26,D27,D28
22:51:32.324    18056975  FFFFFF83D3FFF  D16,D17,D19,D24,D25,D26,D27,D28
22:51:32.324    18056977  FFFFFF87D3FFF  D16,D17,D19,D25,D26,D27,D28
22:51:33.221    18057878  FFFFFF83D3FFF  D16,D17,D19,D24,D25,D26,D27,D28
22:51:34.146    18058790  FFFFFF43D3FFF  D16,D17,D19,D24,D25,D26,D27,D29
22:51:34.146    18058792  FFFFFF6FD3FFF  D16,D17,D19,D26,D29
22:51:34.146    18058795  FFFFFF7FD3FFF  D16,D17,D19,D29
22:51:35.357    18059714  FFFFFF7BD3FFF  D16,D17,D19,D24,D29
--- FW IODebug 1.2.2 2026-08-31 LIFT=3 22:51:35 ---
22:51:35.944    18060577  FFFFFF73D3FFF  D16,D17,D19,D24,D25,D29
22:51:35.944    18060578  FFFFFF77D3FFF  D16,D17,D19,D25,D29
22:51:36.852    18061491  FFFFFF73D3FFF  D16,D17,D19,D24,D25,D29
22:51:37.803    18062414  FFFFFF63D3FFF  D16,D17,D19,D24,D25,D26,D29
22:51:37.804    18062416  FFFFFF6FD3FFF  D16,D17,D19,D26,D29
22:51:38.700    18063328  FFFFFF6BD3FFF  D16,D17,D19,D24,D26,D29
22:51:39.625    18064230  FFFFFF63D3FFF  D16,D17,D19,D24,D25,D26,D29
22:51:39.625    18064232  FFFFFF67D3FFF  D16,D17,D19,D25,D26,D29
22:51:40.554    18065142  FFFFFF63D3FFF  D16,D17,D19,D24,D25,D26,D29
22:51:41.516    18066096  FFFFFF43D3FFF  D16,D17,D19,D24,D25,D26,D27,D29
22:51:41.516    18066098  FFFFFF4FD3FFF  D16,D17,D19,D26,D27,D29
22:51:41.516    18066100  FFFFFF5FD3FFF  D16,D17,D19,D27,D29
22:51:42.473    18067048  FFFFFF5BD3FFF  D16,D17,D19,D24,D27,D29
22:51:43.423    18068001  FFFFFF53D3FFF  D16,D17,D19,D24,D25,D27,D29
22:51:43.423    18068003  FFFFFF57D3FFF  D16,D17,D19,D25,D27,D29
22:51:44.367    18068955  FFFFFF53D3FFF  D16,D17,D19,D24,D25,D27,D29
22:51:45.376    18069947  FFFFFF43D3FFF  D16,D17,D19,D24,D25,D26,D27,D29
22:51:45.376    18069949  FFFFFF4FD3FFF  D16,D17,D19,D26,D27,D29
22:51:47.193    18071495  FFFFFF4BD3FFF  D16,D17,D19,D24,D26,D27,D29
22:51:47.193    18071585  FFFFFF4B93FFF  D16,D17,D19,D20,D24,D26,D27,D29
22:51:47.193    18071745  FFFFFF4BB3FFF  D16,D17,D20,D24,D26,D27,D29
22:51:50.151    18074668  FFFFFF4BB7FFF  D17,D20,D24,D26,D27,D29
22:51:52.858    18077365  FFFFFF4BA7FFF  D17,D18,D20,D24,D26,D27,D29
22:51:52.858    18077367  FFFFFF4BB7FFF  D17,D20,D24,D26,D27,D29
--- FW IODebug 1.2.2 2026-08-31 LIFT=3 22:52:05 ---
22:52:13.956    18098310  FFFFFF4BA7FFF  D17,D18,D20,D24,D26,D27,D29
22:52:13.956    18098312  FFFFFF4BB7FFF  D17,D20,D24,D26,D27,D29
22:52:24.219    18108478  FFFFFF4BA7FFF  D17,D18,D20,D24,D26,D27,D29
22:52:24.219    18108480  FFFFFF4BB7FFF  D17,D20,D24,D26,D27,D29
22:52:34.440    18118632  FFFFFF4BA7FFF  D17,D18,D20,D24,D26,D27,D29
22:52:34.441    18118634  FFFFFF4BB7FFF  D17,D20,D24,D26,D27,D29
--- FW IODebug 1.2.2 2026-08-31 LIFT=3 22:52:35 ---
22:52:37.769    18121955  FFFFFF4BB3FFF  D16,D17,D20,D24,D26,D27,D29
22:52:41.342    18125488  FFFFFF4FB3FFF  D16,D17,D20,D26,D27,D29
22:52:42.893    18127036  FFFFFF47B3FFF  D16,D17,D20,D25,D26,D27,D29
22:52:42.893    18127037  FFFFFF43B3FFF  D16,D17,D20,D24,D25,D26,D27,D29
22:52:42.893    18127039  FFFFFF53B3FFF  D16,D17,D20,D24,D25,D27,D29
22:52:44.319    18128029  FFFFFF57B3FFF  D16,D17,D20,D25,D27,D29
22:52:44.319    18128429  FFFFFF5793FFF  D16,D17,D19,D20,D25,D27,D29
22:52:44.319    18128431  FFFFFF57B3FFF  D16,D17,D20,D25,D27,D29
22:52:44.873    18128982  FFFFFF53B3FFF  D16,D17,D20,D24,D25,D27,D29
22:52:44.874    18128983  FFFFFF5BB3FFF  D16,D17,D20,D24,D27,D29
22:52:45.782    18129895  FFFFFF5FB3FFF  D16,D17,D20,D27,D29
22:52:46.730    18130846  FFFFFF43B3FFF  D16,D17,D20,D24,D25,D26,D27,D29
22:52:46.730    18130848  FFFFFF63B3FFF  D16,D17,D20,D24,D25,D26,D29
22:52:47.699    18131801  FFFFFF67B3FFF  D16,D17,D20,D25,D26,D29
22:52:48.633    18132713  FFFFFF63B3FFF  D16,D17,D20,D24,D25,D26,D29
22:52:48.633    18132715  FFFFFF6BB3FFF  D16,D17,D20,D24,D26,D29
22:52:49.531    18133626  FFFFFF6FB3FFF  D16,D17,D20,D26,D29
22:52:50.484    18134539  FFFFFF67B3FFF  D16,D17,D20,D25,D26,D29
22:52:50.484    18134540  FFFFFF63B3FFF  D16,D17,D20,D24,D25,D26,D29
22:52:50.484    18134542  FFFFFF73B3FFF  D16,D17,D20,D24,D25,D29
22:52:51.392    18135453  FFFFFF77B3FFF  D16,D17,D20,D25,D29
22:52:52.302    18136366  FFFFFF73B3FFF  D16,D17,D20,D24,D25,D29
22:52:52.302    18136367  FFFFFF7BB3FFF  D16,D17,D20,D24,D29
22:52:53.230    18137279  FFFFFF7FB3FFF  D16,D17,D20,D29
22:52:54.140    18138191  FFFFFF03B3FFF  D16,D17,D20,D24,D25,D26,D27,D28,D29
22:52:54.140    18138192  FFFFFF83B3FFF  D16,D17,D20,D24,D25,D26,D27,D28
22:52:55.049    18139106  FFFFFF87B3FFF  D16,D17,D20,D25,D26,D27,D28
22:52:55.976    18140018  FFFFFF83B3FFF  D16,D17,D20,D24,D25,D26,D27,D28
22:52:55.976    18140020  FFFFFF8BB3FFF  D16,D17,D20,D24,D26,D27,D28
22:52:56.850    18140892  FFFFFF8FB3FFF  D16,D17,D20,D26,D27,D28
22:52:57.793    18141804  FFFFFF87B3FFF  D16,D17,D20,D25,D26,D27,D28
22:52:57.793    18141805  FFFFFF83B3FFF  D16,D17,D20,D24,D25,D26,D27,D28
22:52:57.793    18141807  FFFFFF93B3FFF  D16,D17,D20,D24,D25,D27,D28
22:52:58.684    18142718  FFFFFF97B3FFF  D16,D17,D20,D25,D27,D28
22:52:59.623    18143630  FFFFFF93B3FFF  D16,D17,D20,D24,D25,D27,D28
22:52:59.623    18143632  FFFFFF9BB3FFF  D16,D17,D20,D24,D27,D28
22:53:00.529    18144544  FFFFFF9FB3FFF  D16,D17,D20,D27,D28
22:53:01.454    18145456  FFFFFF97B3FFF  D16,D17,D20,D25,D27,D28
22:53:01.454    18145458  FFFFFFA3B3FFF  D16,D17,D20,D24,D25,D26,D28
22:53:02.376    18146371  FFFFFFA7B3FFF  D16,D17,D20,D25,D26,D28
22:53:03.744    18147719  FFFFFFA3B3FFF  D16,D17,D20,D24,D25,D26,D28
22:53:03.744    18147721  FFFFFFABB3FFF  D16,D17,D20,D24,D26,D28
22:53:05.105    18149070  FFFFFFAFB3FFF  D16,D17,D20,D26,D28
22:53:06.027    18149982  FFFFFFA7B3FFF  D16,D17,D20,D25,D26,D28
22:53:06.028    18149984  FFFFFFA3B3FFF  D16,D17,D20,D24,D25,D26,D28
22:53:06.028    18149986  FFFFFFB3B3FFF  D16,D17,D20,D24,D25,D28
--- FW IODebug 1.2.2 2026-08-31 LIFT=3 22:53:06 ---
22:53:06.941    18150896  FFFFFFB7B3FFF  D16,D17,D20,D25,D28
22:53:07.855    18151809  FFFFFFB3B3FFF  D16,D17,D20,D24,D25,D28
22:53:07.855    18151811  FFFFFFBBB3FFF  D16,D17,D20,D24,D28
22:53:08.778    18152723  FFFFFFBFB3FFF  D16,D17,D20,D28
22:53:09.666    18153594  FFFFFFA7B3FFF  D16,D17,D20,D25,D26,D28
22:53:09.666    18153596  FFFFFFC3B3FFF  D16,D17,D20,D24,D25,D26,D27
22:53:10.597    18154509  FFFFFFC7B3FFF  D16,D17,D20,D25,D26,D27
22:53:11.502    18155421  FFFFFFC3B3FFF  D16,D17,D20,D24,D25,D26,D27
22:53:11.502    18155423  FFFFFFCBB3FFF  D16,D17,D20,D24,D26,D27
22:53:12.410    18156335  FFFFFFCFB3FFF  D16,D17,D20,D26,D27
22:53:13.535    18157445  FFFFFFC7B3FFF  D16,D17,D20,D25,D26,D27
22:53:13.535    18157447  FFFFFFC3B3FFF  D16,D17,D20,D24,D25,D26,D27
22:53:13.535    18157449  FFFFFFD3B3FFF  D16,D17,D20,D24,D25,D27
22:53:14.928    18158836  FFFFFFD7B3FFF  D16,D17,D20,D25,D27
22:53:16.418    18160304  FFFFFFD3B3FFF  D16,D17,D20,D24,D25,D27
22:53:16.418    18160306  FFFFFFDBB3FFF  D16,D17,D20,D24,D27
22:53:17.893    18161774  FFFFFFDFB3FFF  D16,D17,D20,D27
22:53:19.063    18162923  FFFFFFD7B3FFF  D16,D17,D20,D25,D27
22:53:19.063    18162925  FFFFFFE3B3FFF  D16,D17,D20,D24,D25,D26
22:53:20.090    18163957  FFFFFFE7B3FFF  D16,D17,D20,D25,D26
22:53:21.100    18164948  FFFFFFE3B3FFF  D16,D17,D20,D24,D25,D26
22:53:21.100    18164951  FFFFFFEBB3FFF  D16,D17,D20,D24,D26
22:53:22.414    18166260  FFFFFFEFB3FFF  D16,D17,D20,D26
22:53:23.864    18167688  FFFFFFE3B3FFF  D16,D17,D20,D24,D25,D26
22:53:23.864    18167691  FFFFFFF3B3FFF  D16,D17,D20,D24,D25
22:53:25.344    18169158  FFFFFFF7B3FFF  D16,D17,D20,D25
22:53:27.516    18171153  FFFFFFF3B3FFF  D16,D17,D20,D24,D25
22:53:27.516    18171154  FFFFFFFBB3FFF  D16,D17,D20,D24
22:53:27.516    18171311  FFFFFFFB93FFF  D16,D17,D19,D20,D24
22:53:27.516    18171313  FFFFFFFBD3FFF  D16,D17,D19,D24
22:53:30.695    18174484  FFFFFFFBD7FFF  D17,D19,D24
--- FW IODebug 1.2.2 2026-08-31 LIFT=3 22:53:36 ---
22:53:39.490    18183212  FFFFFFFBF7FFF  D17,D24
22:53:41.752    18185444  FFFFFFFBD7FFF  D17,D19,D24
22:53:42.704    18186387  FFFFFFFBD3FFF  D16,D17,D19,D24
22:53:46.446    18190118  FFFFFFF3D3FFF  D16,D17,D19,D24,D25
22:53:46.446    18190120  FFFFFFF7D3FFF  D16,D17,D19,D25
22:53:48.444    18192104  FFFFFFF3D3FFF  D16,D17,D19,D24,D25
22:53:49.954    18193572  FFFFFFE3D3FFF  D16,D17,D19,D24,D25,D26
22:53:49.954    18193574  FFFFFFEFD3FFF  D16,D17,D19,D26
22:53:51.379    18195002  FFFFFFEBD3FFF  D16,D17,D19,D24,D26
22:53:52.697    18196311  FFFFFFE3D3FFF  D16,D17,D19,D24,D25,D26
22:53:52.698    18196313  FFFFFFE7D3FFF  D16,D17,D19,D25,D26
22:53:53.707    18197305  FFFFFFE3D3FFF  D16,D17,D19,D24,D25,D26
22:53:54.750    18198337  FFFFFFC3D3FFF  D16,D17,D19,D24,D25,D26,D27
22:53:54.750    18198339  FFFFFFCFD3FFF  D16,D17,D19,D26,D27
22:53:54.750    18198341  FFFFFFDFD3FFF  D16,D17,D19,D27
22:53:55.924    18199528  FFFFFFDBD3FFF  D16,D17,D19,D24,D27
22:53:57.379    18200956  FFFFFFD3D3FFF  D16,D17,D19,D24,D25,D27
22:53:57.379    18200958  FFFFFFD7D3FFF  D16,D17,D19,D25,D27
22:53:58.859    18202426  FFFFFFD3D3FFF  D16,D17,D19,D24,D25,D27
22:54:00.270    18203814  FFFFFFC3D3FFF  D16,D17,D19,D24,D25,D26,D27
22:54:00.270    18203816  FFFFFFCFD3FFF  D16,D17,D19,D26,D27
22:54:01.364    18204926  FFFFFFCBD3FFF  D16,D17,D19,D24,D26,D27
22:54:02.296    18205840  FFFFFFC3D3FFF  D16,D17,D19,D24,D25,D26,D27
22:54:02.296    18205842  FFFFFFC7D3FFF  D16,D17,D19,D25,D26,D27
22:54:03.205    18206753  FFFFFFC3D3FFF  D16,D17,D19,D24,D25,D26,D27
22:54:04.150    18207666  FFFFFF83D3FFF  D16,D17,D19,D24,D25,D26,D27,D28
22:54:04.150    18207668  FFFFFFAFD3FFF  D16,D17,D19,D26,D28
22:54:04.150    18207670  FFFFFFBFD3FFF  D16,D17,D19,D28
22:54:05.060    18208579  FFFFFFBBD3FFF  D16,D17,D19,D24,D28
22:54:05.927    18209453  FFFFFFB3D3FFF  D16,D17,D19,D24,D25,D28
22:54:05.927    18209455  FFFFFFB7D3FFF  D16,D17,D19,D25,D28
--- FW IODebug 1.2.2 2026-08-31 LIFT=3 22:54:06 ---
22:54:06.864    18210376  FFFFFFB3D3FFF  D16,D17,D19,D24,D25,D28
22:54:07.784    18211278  FFFFFFA3D3FFF  D16,D17,D19,D24,D25,D26,D28
22:54:07.784    18211280  FFFFFFAFD3FFF  D16,D17,D19,D26,D28
22:54:08.681    18212192  FFFFFFABD3FFF  D16,D17,D19,D24,D26,D28
22:54:10.067    18213552  FFFFFFA3D3FFF  D16,D17,D19,D24,D25,D26,D28
22:54:10.067    18213554  FFFFFFA7D3FFF  D16,D17,D19,D25,D26,D28
22:54:11.525    18215011  FFFFFFA3D3FFF  D16,D17,D19,D24,D25,D26,D28
22:54:13.056    18216519  FFFFFF83D3FFF  D16,D17,D19,D24,D25,D26,D27,D28
22:54:13.056    18216521  FFFFFF8FD3FFF  D16,D17,D19,D26,D27,D28
22:54:13.056    18216523  FFFFFF9FD3FFF  D16,D17,D19,D27,D28
22:54:16.204    18219454  FFFFFF9FD7FFF  D17,D19,D27,D28
22:54:16.204    18219587  FFFFFF9FF7FFF  D17,D27,D28
22:54:16.204    18219640  FFFFFF9FD7FFF  D17,D19,D27,D28
22:54:16.204    18219642  FFFFFF9FF7FFF  D17,D27,D28
22:54:32.738    18236048  FFFFFF9FE7FFF  D17,D18,D27,D28
22:54:32.738    18236050  FFFFFF9FF7FFF  D17,D27,D28
--- FW IODebug 1.2.2 2026-08-31 LIFT=3 22:54:36 ---
22:54:38.676    18241961  FFFFFF9FE7FFF  D17,D18,D27,D28
22:54:38.676    18241964  FFFFFF9FF7FFF  D17,D27,D28
22:55:01.800    18264898  FFFFFF9FE7FFF  D17,D18,D27,D28
22:55:01.800    18264900  FFFFFF9FF7FFF  D17,D27,D28
--- FW IODebug 1.2.2 2026-08-31 LIFT=3 22:55:06 ---
22:55:15.862    18278853  FFFFFF9FE7FFF  D17,D18,D27,D28
22:55:15.862    18278855  FFFFFF9FF7FFF  D17,D27,D28
22:55:21.721    18284684  FFFFFF9FB7FFF  D17,D20,D27,D28
22:55:22.679    18285637  FFFFFF9FB3FFF  D16,D17,D20,D27,D28
22:55:26.008    18288931  FFFFFF83B3FFF  D16,D17,D20,D24,D25,D26,D27,D28
22:55:26.008    18288933  FFFFFFA3B3FFF  D16,D17,D20,D24,D25,D26,D28
22:55:27.511    18290412  FFFFFFA7B3FFF  D16,D17,D20,D25,D26,D28
22:55:28.967    18291869  FFFFFFA3B3FFF  D16,D17,D20,D24,D25,D26,D28
22:55:28.967    18291871  FFFFFFABB3FFF  D16,D17,D20,D24,D26,D28
22:55:30.331    18293220  FFFFFFAFB3FFF  D16,D17,D20,D26,D28
22:55:31.253    18294132  FFFFFFA7B3FFF  D16,D17,D20,D25,D26,D28
22:55:31.254    18294133  FFFFFFA3B3FFF  D16,D17,D20,D24,D25,D26,D28
22:55:31.254    18294135  FFFFFFB3B3FFF  D16,D17,D20,D24,D25,D28
22:55:32.175    18295047  FFFFFFB7B3FFF  D16,D17,D20,D25,D28
22:55:33.115    18295968  FFFFFFB3B3FFF  D16,D17,D20,D24,D25,D28
22:55:33.115    18295970  FFFFFFBBB3FFF  D16,D17,D20,D24,D28
22:55:34.021    18296872  FFFFFFBFB3FFF  D16,D17,D20,D28
22:55:34.929    18297784  FFFFFFE7B3FFF  D16,D17,D20,D25,D26
22:55:34.929    18297786  FFFFFFC3B3FFF  D16,D17,D20,D24,D25,D26,D27
22:55:35.837    18298698  FFFFFFC7B3FFF  D16,D17,D20,D25,D26,D27
22:55:37.649    18299571  FFFFFFC3B3FFF  D16,D17,D20,D24,D25,D26,D27
22:55:37.649    18299573  FFFFFFCBB3FFF  D16,D17,D20,D24,D26,D27
--- FW IODebug 1.2.2 2026-08-31 LIFT=3 22:55:37 ---
22:55:37.649    18300485  FFFFFFCFB3FFF  D16,D17,D20,D26,D27
22:55:38.773    18301595  FFFFFFC3B3FFF  D16,D17,D20,D24,D25,D26,D27
22:55:38.773    18301598  FFFFFFD3B3FFF  D16,D17,D20,D24,D25,D27
22:55:40.214    18303027  FFFFFFD7B3FFF  D16,D17,D20,D25,D27
22:55:41.656    18304454  FFFFFFD3B3FFF  D16,D17,D20,D24,D25,D27
22:55:41.656    18304456  FFFFFFDBB3FFF  D16,D17,D20,D24,D27
22:55:43.128    18305924  FFFFFFDFB3FFF  D16,D17,D20,D27
22:55:44.320    18307113  FFFFFFD7B3FFF  D16,D17,D20,D25,D27
22:55:44.320    18307116  FFFFFFE3B3FFF  D16,D17,D20,D24,D25,D26
22:55:45.330    18308108  FFFFFFE7B3FFF  D16,D17,D20,D25,D26
22:55:46.393    18309149  FFFFFFE3B3FFF  D16,D17,D20,D24,D25,D26
22:55:46.393    18309151  FFFFFFEBB3FFF  D16,D17,D20,D24,D26
22:55:47.649    18310421  FFFFFFEFB3FFF  D16,D17,D20,D26
22:55:49.099    18311848  FFFFFFE7B3FFF  D16,D17,D20,D25,D26
22:55:49.099    18311851  FFFFFFE3B3FFF  D16,D17,D20,D24,D25,D26
22:55:49.099    18311852  FFFFFFF3B3FFF  D16,D17,D20,D24,D25
22:55:51.020    18313626  FFFFFFF7B3FFF  D16,D17,D20,D25
22:55:51.020    18313754  FFFFFFF793FFF  D16,D17,D19,D20,D25
22:55:51.020    18313756  FFFFFFF7D3FFF  D16,D17,D19,D25
22:55:54.690    18317245  FFFFFFF7D7FFF  D17,D19,D25
22:55:54.690    18317399  FFFFFFF7F7FFF  D17,D25
22:55:59.025    18321696  FFFFFFF7E7FFF  D17,D18,D25
22:55:59.025    18321698  FFFFFFF7F7FFF  D17,D25
--- FW IODebug 1.2.2 2026-08-31 LIFT=3 22:56:07 ---
--- FW IODebug 1.2.2 2026-08-31 LIFT=3 22:56:37 ---
22:56:52.807    18375080  FFFFFFF7E7FFF  D17,D18,D25
22:56:52.807    18375083  FFFFFFF7F7FFF  D17,D25
22:56:54.860    18377127  FFFFFFF7F3FFF  D16,D17,D25
22:56:54.860    18377128  FFFFFFF7F7FFF  D17,D25
--- FW IODebug 1.2.2 2026-08-31 LIFT=3 22:57:07 ---
22:57:28.247    18410265  FFFFFFF7E7FFF  D17,D18,D25
22:57:28.248    18410267  FFFFFFF7F7FFF  D17,D25
22:57:35.912    18417855  FFFFFFF7D7FFF  D17,D19,D25
22:57:35.912    18417857  FFFFFFF7F7FFF  D17,D25
--- FW IODebug 1.2.2 2026-08-31 LIFT=3 22:57:38 ---
22:57:54.026    18435835  FFFFFFF7E7FFF  D17,D18,D25
22:57:54.026    18435837  FFFFFFF7F7FFF  D17,D25
22:57:56.886    18438678  FFFFFFF7D7FFF  D17,D19,D25
22:57:56.886    18438680  FFFFFFF7F7FFF  D17,D25
22:58:00.831    18442592  FFFFFFF7D7FFF  D17,D19,D25
22:58:00.831    18442594  FFFFFFF7F7FFF  D17,D25
22:58:06.293    18448015  FFFFFFF7F3FFF  D16,D17,D25
22:58:06.293    18448017  FFFFFFF7F7FFF  D17,D25
--- FW IODebug 1.2.2 2026-08-31 LIFT=3 22:58:08 ---
22:58:13.617    18455285  FFFFFFF7D7FFF  D17,D19,D25
22:58:13.617    18455287  FFFFFFF7F7FFF  D17,D25
22:58:36.761    18478256  FFFFFFF7E7FFF  D17,D18,D25
22:58:36.761    18478258  FFFFFFF7F7FFF  D17,D25
--- FW IODebug 1.2.2 2026-08-31 LIFT=3 22:58:38 ---
22:58:39.054    18480533  FFFFFFF7D7FFF  D17,D19,D25
22:58:39.054    18480535  FFFFFFF7F7FFF  D17,D25
22:58:49.442    18490832  FFFFFFF7E7FFF  D17,D18,D25
22:58:49.442    18490834  FFFFFFF7F7FFF  D17,D25
22:58:55.373    18496729  FFFFFFF7FFFFF  D25
22:58:56.040    18497395  FFFFFFF7F7FFF  D17,D25
22:58:58.634    18499971  FFFFFFF7E7FFF  D17,D18,D25
22:58:58.634    18499973  FFFFFFF7F7FFF  D17,D25
22:59:01.225    18502546  FFFFFFF7E7FFF  D17,D18,D25
22:59:01.225    18502548  FFFFFFF7F7FFF  D17,D25
--- FW IODebug 1.2.2 2026-08-31 LIFT=3 22:59:08 ---
22:59:13.126    18514349  FFFFFFF7E7FFF  D17,D18,D25
22:59:13.127    18514351  FFFFFFF7F7FFF  D17,D25
22:59:17.829    18519026  FFFFFFF7E7FFF  D17,D18,D25
22:59:17.829    18519027  FFFFFFF7F7FFF  D17,D25
22:59:20.370    18521542  FFFFFFF7E7FFF  D17,D18,D25
22:59:20.370    18521544  FFFFFFF7F7FFF  D17,D25
22:59:26.462    18527580  FFFFFFF7D7FFF  D17,D19,D25
22:59:26.463    18527582  FFFFFFF7F7FFF  D17,D25
22:59:28.239    18529355  FFFFFFF7E7FFF  D17,D18,D25
22:59:28.239    18529357  FFFFFFF7F7FFF  D17,D25
22:59:33.076    18534157  FFFFFFF7E7FFF  D17,D18,D25
22:59:33.076    18534159  FFFFFFF7F7FFF  D17,D25
--- FW IODebug 1.2.2 2026-08-31 LIFT=3 22:59:38 ---
22:59:39.511    18540535  FFFFFFF7D7FFF  D17,D19,D25
22:59:39.512    18540536  FFFFFFF7F7FFF  D17,D25
23:00:07.138    18567958  FFFFFFF7D7FFF  D17,D19,D25
23:00:07.138    18567960  FFFFFFF7F7FFF  D17,D25
--- FW IODebug 1.2.2 2026-08-31 LIFT=3 23:00:09 ---
23:00:15.301    18576062  FFFFFFF7E7FFF  D17,D18,D25
23:00:15.301    18576064  FFFFFFF7F7FFF  D17,D25
23:00:19.075    18579807  FFFFFFF7E7FFF  D17,D18,D25
23:00:19.076    18579809  FFFFFFF7F7FFF  D17,D25
--- FW IODebug 1.2.2 2026-08-31 LIFT=3 23:00:39 ---
23:00:44.403    18604955  FFFFFFF7E7FFF  D17,D18,D25
23:00:44.403    18604957  FFFFFFF7F7FFF  D17,D25
23:00:53.270    18613752  FFFFFFF7E7FFF  D17,D18,D25
23:00:53.270    18613754  FFFFFFF7F7FFF  D17,D25
--- FW IODebug 1.2.2 2026-08-31 LIFT=3 23:01:09 ---
23:01:14.077    18634399  FFFFFFF7E7FFF  D17,D18,D25
23:01:14.077    18634401  FFFFFFF7F7FFF  D17,D25
23:01:18.854    18639140  FFFFFFF7F3FFF  D16,D17,D25
23:01:18.855    18639142  FFFFFFF7F7FFF  D17,D25
23:01:21.072    18641348  FFFFFFF7D7FFF  D17,D19,D25
23:01:33.878    18654053  FFFFFFF7F7FFF  D17,D25
--- FW IODebug 1.2.2 2026-08-31 LIFT=3 23:01:39 ---
23:01:44.184    18664274  FFFFFFF7E7FFF  D17,D18,D25
23:01:44.184    18664276  FFFFFFF7F7FFF  D17,D25
--- FW IODebug 1.2.2 2026-08-31 LIFT=3 23:02:10 ---
23:02:16.313    18696155  FFFFFFF7E7FFF  D17,D18,D25
23:02:16.313    18696157  FFFFFFF7F7FFF  D17,D25
23:02:18.005    18697863  FFFFFFF7E7FFF  D17,D18,D25
23:02:18.005    18697865  FFFFFFF7F7FFF  D17,D25
23:02:24.511    18704317  FFFFFFF7E7FFF  D17,D18,D25
23:02:24.511    18704319  FFFFFFF7F7FFF  D17,D25
23:02:25.017    18704814  FFFFFFF7D7FFF  D17,D19,D25
23:02:25.017    18704815  FFFFFFF7F7FFF  D17,D25
23:02:25.593    18705380  FFFFFFF7E7FFF  D17,D18,D25
23:02:25.593    18705381  FFFFFFF7F7FFF  D17,D25
23:02:32.241    18711982  FFFFFFF7F3FFF  D16,D17,D25
23:02:32.241    18711984  FFFFFFF7F7FFF  D17,D25
--- FW IODebug 1.2.2 2026-08-31 LIFT=3 23:02:40 ---
23:02:49.455    18729061  FFFFFFF7E7FFF  D17,D18,D25
23:02:49.455    18729063  FFFFFFF7F7FFF  D17,D25
23:02:50.851    18730460  FFFFFFF7D7FFF  D17,D19,D25
23:02:50.851    18730461  FFFFFFF7F7FFF  D17,D25
23:02:55.843    18735410  FFFFFFF7E7FFF  D17,D18,D25
23:02:55.843    18735412  FFFFFFF7F7FFF  D17,D25
23:03:02.519    18742034  FFFFFFF7D7FFF  D17,D19,D25
23:03:02.519    18742036  FFFFFFF7F7FFF  D17,D25
--- FW IODebug 1.2.2 2026-08-31 LIFT=3 23:03:10 ---
23:03:12.537    18751984  FFFFFFF7D7FFF  D17,D19,D25
23:03:12.537    18751985  FFFFFFF7F7FFF  D17,D25
--- FW IODebug 1.2.2 2026-08-31 LIFT=3 23:03:40 ---
--- FW IODebug 1.2.2 2026-08-31 LIFT=3 23:04:10 ---
23:04:12.515    18811508  FFFFFFF7E7FFF  D17,D18,D25
23:04:12.515    18811510  FFFFFFF7F7FFF  D17,D25
23:04:33.942    18832778  FFFFFFF7FFFFF  D25
23:04:34.612    18833456  FFFFFFF7F7FFF  D17,D25
--- FW IODebug 1.2.2 2026-08-31 LIFT=3 23:04:41 ---
--- FW IODebug 1.2.2 2026-08-31 LIFT=3 23:05:11 ---
23:05:15.724    18874249  FFFFFFF7E7FFF  D17,D18,D25
23:05:15.725    18874251  FFFFFFF7F7FFF  D17,D25
23:05:23.535    18881996  FFFFFFF7E7FFF  D17,D18,D25
23:05:23.535    18881998  FFFFFFF7F7FFF  D17,D25
23:05:33.323    18891719  FFFFFFF7E7FFF  D17,D18,D25
23:05:33.323    18891721  FFFFFFF7F7FFF  D17,D25
23:05:34.544    18892931  FFFFFFF7E7FFF  D17,D18,D25
23:05:34.544    18892933  FFFFFFF7F7FFF  D17,D25
--- FW IODebug 1.2.2 2026-08-31 LIFT=3 23:05:41 ---
23:05:55.009    18913245  FFFFFFF7E7FFF  D17,D18,D25
23:05:55.010    18913247  FFFFFFF7F7FFF  D17,D25
23:06:01.321    18919489  FFFFFFF7E7FFF  D17,D18,D25
23:06:01.322    18919491  FFFFFFF7F7FFF  D17,D25
--- FW IODebug 1.2.2 2026-08-31 LIFT=3 23:06:11 ---
23:06:25.445    18943450  FFFFFFF7D7FFF  D17,D19,D25
23:06:25.445    18943452  FFFFFFF7F7FFF  D17,D25
23:06:36.365    18954290  FFFFFFF7E7FFF  D17,D18,D25
23:06:36.365    18954292  FFFFFFF7F7FFF  D17,D25
--- FW IODebug 1.2.2 2026-08-31 LIFT=3 23:06:42 ---
23:06:49.938    18967752  FFFFFFF7D7FFF  D17,D19,D25
23:06:49.939    18967754  FFFFFFF7F7FFF  D17,D25
23:06:52.442    18970235  FFFFFFF7D7FFF  D17,D19,D25
23:06:52.443    18970237  FFFFFFF7F7FFF  D17,D25
--- FW IODebug 1.2.2 2026-08-31 LIFT=3 23:07:12 ---
23:07:19.569    18997165  FFFFFFF7E7FFF  D17,D18,D25
23:07:19.569    18997167  FFFFFFF7F7FFF  D17,D25
23:07:20.468    18998048  FFFFFFF7E7FFF  D17,D18,D25
23:07:20.468    18998050  FFFFFFF7F7FFF  D17,D25
23:07:26.928    19004467  FFFFFFF7E7FFF  D17,D18,D25
23:07:26.928    19004469  FFFFFFF7F7FFF  D17,D25
23:07:28.806    19006334  FFFFFFF7F3FFF  D16,D17,D25
23:07:28.806    19006337  FFFFFFF7F7FFF  D17,D25
23:07:35.366    19012854  FFFFFFF7D7FFF  D17,D19,D25
23:07:35.366    19012856  FFFFFFF7F7FFF  D17,D25
--- FW IODebug 1.2.2 2026-08-31 LIFT=3 23:07:42 ---
23:07:57.670    19034995  FFFFFFF7E7FFF  D17,D18,D25
23:07:57.670    19034997  FFFFFFF7F7FFF  D17,D25
--- FW IODebug 1.2.2 2026-08-31 LIFT=3 23:08:12 ---
23:08:15.943    19053126  FFFFFFF7D7FFF  D17,D19,D25
23:08:17.292    19054466  FFFFFFF7D3FFF  D16,D17,D19,D25
23:08:21.527    19058674  FFFFFFF3D3FFF  D16,D17,D19,D24,D25
23:08:25.370    19062363  FFFFFFF3D7FFF  D17,D19,D24,D25
23:08:25.370    19062486  FFFFFFF397FFF  D17,D19,D20,D24,D25
23:08:25.370    19062488  FFFFFFF3B7FFF  D17,D20,D24,D25
23:08:29.375    19066456  FFFFFFF3B3FFF  D16,D17,D20,D24,D25
23:08:33.709    19070664  FFFFFFF7B3FFF  D16,D17,D20,D25
23:08:33.709    19070743  FFFFFFF793FFF  D16,D17,D19,D20,D25
23:08:33.709    19070744  FFFFFFF7D3FFF  D16,D17,D19,D25
23:08:37.389    19074273  FFFFFFF7D7FFF  D17,D19,D25
23:08:37.390    19074397  FFFFFFF7F7FFF  D17,D25
--- FW IODebug 1.2.2 2026-08-31 LIFT=3 23:08:43 ---
23:08:45.734    19082555  FFFFFFF7E7FFF  D17,D18,D25
23:08:45.734    19082557  FFFFFFF7F7FFF  D17,D25
23:08:45.734    19082706  FFFFFFF7E7FFF  D17,D18,D25
23:08:45.734    19082708  FFFFFFF7F7FFF  D17,D25
23:08:54.929    19091830  FFFFFFF7E7FFF  D17,D18,D25
23:08:54.929    19091832  FFFFFFF7F7FFF  D17,D25
23:08:59.529    19096380  FFFFFFF7E7FFF  D17,D18,D25
23:08:59.529    19096382  FFFFFFF7F7FFF  D17,D25
23:09:04.918    19101729  FFFFFFF7D7FFF  D17,D19,D25
23:09:04.918    19101731  FFFFFFF7F7FFF  D17,D25
--- FW IODebug 1.2.2 2026-08-31 LIFT=3 23:09:13 ---
23:09:28.209    19124857  FFFFFFF7E7FFF  D17,D18,D25
23:09:28.209    19124859  FFFFFFF7F7FFF  D17,D25
23:09:37.050    19133627  FFFFFFF7D7FFF  D17,D19,D25
--- FW IODebug 1.2.2 2026-08-31 LIFT=3 23:09:43 ---
23:09:54.642    19151095  FFFFFFF7D3FFF  D16,D17,D19,D25
23:09:58.714    19155144  FFFFFFF3D3FFF  D16,D17,D19,D24,D25
23:10:00.529    19156931  FFFFFFE3D3FFF  D16,D17,D19,D24,D25,D26
23:10:00.529    19156933  FFFFFFEFD3FFF  D16,D17,D19,D26
23:10:02.007    19158400  FFFFFFEBD3FFF  D16,D17,D19,D24,D26
23:10:03.279    19159670  FFFFFFE3D3FFF  D16,D17,D19,D24,D25,D26
23:10:03.280    19159672  FFFFFFE7D3FFF  D16,D17,D19,D25,D26
23:10:04.288    19160663  FFFFFFE3D3FFF  D16,D17,D19,D24,D25,D26
23:10:05.333    19161695  FFFFFFC3D3FFF  D16,D17,D19,D24,D25,D26,D27
23:10:05.333    19161697  FFFFFFCFD3FFF  D16,D17,D19,D26,D27
23:10:05.333    19161699  FFFFFFDFD3FFF  D16,D17,D19,D27
23:10:06.526    19162886  FFFFFFDBD3FFF  D16,D17,D19,D24,D27
23:10:07.970    19164314  FFFFFFD3D3FFF  D16,D17,D19,D24,D25,D27
23:10:07.971    19164316  FFFFFFD7D3FFF  D16,D17,D19,D25,D27
23:10:09.443    19165784  FFFFFFD3D3FFF  D16,D17,D19,D24,D25,D27
23:10:10.836    19167173  FFFFFFC3D3FFF  D16,D17,D19,D24,D25,D26,D27
23:10:10.836    19167175  FFFFFFCFD3FFF  D16,D17,D19,D26,D27
23:10:12.089    19168404  FFFFFFCBD3FFF  D16,D17,D19,D24,D26,D27
23:10:13.697    19169873  FFFFFFC3D3FFF  D16,D17,D19,D24,D25,D26,D27
23:10:13.697    19169875  FFFFFFC7D3FFF  D16,D17,D19,D25,D26,D27
--- FW IODebug 1.2.2 2026-08-31 LIFT=3 23:10:13 ---
23:10:16.514    19172808  FFFFFFC7D7FFF  D17,D19,D25,D26,D27
23:10:26.500    19182698  FFFFFFC7F7FFF  D17,D25,D26,D27
23:10:31.605    19187778  FFFFFFC7D7FFF  D17,D19,D25,D26,D27
23:10:32.515    19188691  FFFFFFC7D3FFF  D16,D17,D19,D25,D26,D27
23:10:35.804    19191947  FFFFFFC3D3FFF  D16,D17,D19,D24,D25,D26,D27
23:10:37.334    19193455  FFFFFF83D3FFF  D16,D17,D19,D24,D25,D26,D27,D28
23:10:37.334    19193457  FFFFFFAFD3FFF  D16,D17,D19,D26,D28
23:10:37.334    19193459  FFFFFFBFD3FFF  D16,D17,D19,D28
23:10:38.326    19194447  FFFFFFBBD3FFF  D16,D17,D19,D24,D28
23:10:39.256    19195361  FFFFFFB3D3FFF  D16,D17,D19,D24,D25,D28
23:10:39.256    19195363  FFFFFFB7D3FFF  D16,D17,D19,D25,D28
23:10:40.168    19196273  FFFFFFB3D3FFF  D16,D17,D19,D24,D25,D28
23:10:41.096    19197187  FFFFFFA3D3FFF  D16,D17,D19,D24,D25,D26,D28
23:10:41.096    19197188  FFFFFFAFD3FFF  D16,D17,D19,D26,D28
23:10:42.014    19198099  FFFFFFABD3FFF  D16,D17,D19,D24,D26,D28
23:10:43.370    19199450  FFFFFFA3D3FFF  D16,D17,D19,D24,D25,D26,D28
23:10:43.370    19199451  FFFFFFA7D3FFF  D16,D17,D19,D25,D26,D28
--- FW IODebug 1.2.2 2026-08-31 LIFT=3 23:10:43 ---
23:10:44.739    19200799  FFFFFFA3D3FFF  D16,D17,D19,D24,D25,D26,D28
23:10:45.654    19201714  FFFFFF83D3FFF  D16,D17,D19,D24,D25,D26,D27,D28
23:10:45.654    19201715  FFFFFF8FD3FFF  D16,D17,D19,D26,D27,D28
23:10:45.654    19201717  FFFFFF9FD3FFF  D16,D17,D19,D27,D28
23:10:46.566    19202625  FFFFFF9BD3FFF  D16,D17,D19,D24,D27,D28
23:10:47.486    19203538  FFFFFF93D3FFF  D16,D17,D19,D24,D25,D27,D28
23:10:47.486    19203540  FFFFFF97D3FFF  D16,D17,D19,D25,D27,D28
23:10:48.401    19204452  FFFFFF93D3FFF  D16,D17,D19,D24,D25,D27,D28
23:10:49.348    19205365  FFFFFF83D3FFF  D16,D17,D19,D24,D25,D26,D27,D28
23:10:49.348    19205366  FFFFFF8FD3FFF  D16,D17,D19,D26,D27,D28
23:10:50.255    19206278  FFFFFF8BD3FFF  D16,D17,D19,D24,D26,D27,D28
23:10:51.133    19206988  FFFFFF8BC3FFF  D16,D17,D18,D19,D24,D26,D27,D28
23:10:51.133    19206990  FFFFFF8BD3FFF  D16,D17,D19,D24,D26,D27,D28
23:10:51.133    19207151  FFFFFF83D3FFF  D16,D17,D19,D24,D25,D26,D27,D28
23:10:51.133    19207153  FFFFFF87D3FFF  D16,D17,D19,D25,D26,D27,D28
23:10:52.046    19208065  FFFFFF83D3FFF  D16,D17,D19,D24,D25,D26,D27,D28
23:10:52.980    19208977  FFFFFF43D3FFF  D16,D17,D19,D24,D25,D26,D27,D29
23:10:52.980    19208979  FFFFFF6FD3FFF  D16,D17,D19,D26,D29
23:10:52.980    19208981  FFFFFF7FD3FFF  D16,D17,D19,D29
23:10:53.888    19209891  FFFFFF7BD3FFF  D16,D17,D19,D24,D29
23:10:54.929    19210923  FFFFFF73D3FFF  D16,D17,D19,D24,D25,D29
23:10:54.929    19210925  FFFFFF77D3FFF  D16,D17,D19,D25,D29
23:10:56.395    19212392  FFFFFF73D3FFF  D16,D17,D19,D24,D25,D29
23:10:59.444    19215326  FFFFFF73D7FFF  D17,D19,D24,D25,D29
23:10:59.444    19215411  FFFFFF73F7FFF  D17,D24,D25,D29
23:11:00.898    19216862  FFFFFF73E7FFF  D17,D18,D24,D25,D29
23:11:00.898    19216864  FFFFFF73F7FFF  D17,D24,D25,D29
23:11:11.980    19227857  FFFFFF73D7FFF  D17,D19,D24,D25,D29
23:11:11.980    19227859  FFFFFF73F7FFF  D17,D24,D25,D29
--- FW IODebug 1.2.2 2026-08-31 LIFT=3 23:11:14 ---
23:11:18.648    19234224  FFFFFF73E7FFF  D17,D18,D24,D25,D29
23:11:18.648    19234226  FFFFFF73F7FFF  D17,D24,D25,D29
23:11:18.648    19234461  FFFFFF73D7FFF  D17,D19,D24,D25,D29
23:11:18.648    19234463  FFFFFF73F7FFF  D17,D24,D25,D29
23:11:21.928    19237734  FFFFFF73E7FFF  D17,D18,D24,D25,D29
23:11:21.928    19237736  FFFFFF73F7FFF  D17,D24,D25,D29
23:11:35.881    19251569  FFFFFF73D7FFF  D17,D19,D24,D25,D29
23:11:35.881    19251571  FFFFFF73F7FFF  D17,D24,D25,D29
23:11:41.515    19257164  FFFFFF73D7FFF  D17,D19,D24,D25,D29
23:11:41.515    19257165  FFFFFF73F7FFF  D17,D24,D25,D29
23:11:42.902    19258523  FFFFFF73D7FFF  D17,D19,D24,D25,D29
23:11:42.902    19258525  FFFFFF73F7FFF  D17,D24,D25,D29
--- FW IODebug 1.2.2 2026-08-31 LIFT=3 23:11:44 ---
23:11:47.353    19262970  FFFFFF73E7FFF  D17,D18,D24,D25,D29
23:11:47.353    19262972  FFFFFF73F7FFF  D17,D24,D25,D29
--- FW IODebug 1.2.2 2026-08-31 LIFT=3 23:12:14 ---
23:12:15.640    19291017  FFFFFF73E7FFF  D17,D18,D24,D25,D29
23:12:15.640    19291019  FFFFFF73F7FFF  D17,D24,D25,D29
23:12:19.945    19295318  FFFFFF73F3FFF  D16,D17,D24,D25,D29
23:12:19.945    19295320  FFFFFF73F7FFF  D17,D24,D25,D29
23:12:41.683    19316882  FFFFFF73B7FFF  D17,D20,D24,D25,D29
23:12:42.593    19317795  FFFFFF73B3FFF  D16,D17,D20,D24,D25,D29
--- FW IODebug 1.2.2 2026-08-31 LIFT=3 23:12:44 ---
23:12:45.917    19321092  FFFFFF77B3FFF  D16,D17,D20,D25,D29
23:12:47.397    19322560  FFFFFF73B3FFF  D16,D17,D20,D24,D25,D29
23:12:47.397    19322562  FFFFFF7BB3FFF  D16,D17,D20,D24,D29
23:12:48.393    19323553  FFFFFF7FB3FFF  D16,D17,D20,D29
23:12:49.362    19324505  FFFFFF07B3FFF  D16,D17,D20,D25,D26,D27,D28,D29
23:12:49.362    19324506  FFFFFF83B3FFF  D16,D17,D20,D24,D25,D26,D27,D28
23:12:50.237    19325379  FFFFFF87B3FFF  D16,D17,D20,D25,D26,D27,D28
23:12:51.174    19326291  FFFFFF83B3FFF  D16,D17,D20,D24,D25,D26,D27,D28
23:12:51.175    19326294  FFFFFF8BB3FFF  D16,D17,D20,D24,D26,D27,D28
23:12:52.089    19327205  FFFFFF8FB3FFF  D16,D17,D20,D26,D27,D28
23:12:53.007    19328117  FFFFFF87B3FFF  D16,D17,D20,D25,D26,D27,D28
23:12:53.008    19328119  FFFFFF83B3FFF  D16,D17,D20,D24,D25,D26,D27,D28
23:12:53.008    19328121  FFFFFF93B3FFF  D16,D17,D20,D24,D25,D27,D28
23:12:53.915    19329032  FFFFFF97B3FFF  D16,D17,D20,D25,D27,D28
23:12:54.839    19329943  FFFFFF93B3FFF  D16,D17,D20,D24,D25,D27,D28
23:12:54.839    19329945  FFFFFF9BB3FFF  D16,D17,D20,D24,D27,D28
23:12:55.763    19330857  FFFFFF9FB3FFF  D16,D17,D20,D27,D28
23:12:56.641    19331729  FFFFFF87B3FFF  D16,D17,D20,D25,D26,D27,D28
23:12:56.641    19331731  FFFFFFA3B3FFF  D16,D17,D20,D24,D25,D26,D28
23:12:57.565    19332644  FFFFFFA7B3FFF  D16,D17,D20,D25,D26,D28
23:12:58.957    19334033  FFFFFFA3B3FFF  D16,D17,D20,D24,D25,D26,D28
23:12:58.957    19334035  FFFFFFABB3FFF  D16,D17,D20,D24,D26,D28
23:13:00.319    19335384  FFFFFFAFB3FFF  D16,D17,D20,D26,D28
23:13:01.244    19335956  FFFFFFAFA3FFF  D16,D17,D18,D20,D26,D28
23:13:01.244    19335958  FFFFFFAFB3FFF  D16,D17,D20,D26,D28
23:13:01.244    19335986  FFFFFFAFA3FFF  D16,D17,D18,D20,D26,D28
23:13:01.244    19335988  FFFFFFAFB3FFF  D16,D17,D20,D26,D28
23:13:01.244    19336295  FFFFFFA7B3FFF  D16,D17,D20,D25,D26,D28
23:13:01.244    19336297  FFFFFFA3B3FFF  D16,D17,D20,D24,D25,D26,D28
23:13:01.244    19336299  FFFFFFB3B3FFF  D16,D17,D20,D24,D25,D28
23:13:02.151    19337209  FFFFFFB7B3FFF  D16,D17,D20,D25,D28
23:13:03.073    19337791  FFFFFFB7A3FFF  D16,D17,D18,D20,D25,D28
23:13:03.073    19337793  FFFFFFB7B3FFF  D16,D17,D20,D25,D28
23:13:03.073    19338122  FFFFFFB3B3FFF  D16,D17,D20,D24,D25,D28
23:13:03.073    19338124  FFFFFFBBB3FFF  D16,D17,D20,D24,D28
23:13:03.955    19338996  FFFFFFBFB3FFF  D16,D17,D20,D28
23:13:04.883    19339908  FFFFFFA7B3FFF  D16,D17,D20,D25,D26,D28
23:13:04.883    19339910  FFFFFFC3B3FFF  D16,D17,D20,D24,D25,D26,D27
23:13:05.793    19340822  FFFFFFC7B3FFF  D16,D17,D20,D25,D26,D27
23:13:06.747    19341734  FFFFFFC3B3FFF  D16,D17,D20,D24,D25,D26,D27
23:13:06.747    19341736  FFFFFFCBB3FFF  D16,D17,D20,D24,D26,D27
23:13:07.591    19342609  FFFFFFCFB3FFF  D16,D17,D20,D26,D27
23:13:08.766    19343759  FFFFFFC3B3FFF  D16,D17,D20,D24,D25,D26,D27
23:13:08.766    19343762  FFFFFFD3B3FFF  D16,D17,D20,D24,D25,D27
23:13:10.164    19345149  FFFFFFD7B3FFF  D16,D17,D20,D25,D27
23:13:11.658    19346617  FFFFFFD3B3FFF  D16,D17,D20,D24,D25,D27
23:13:11.658    19346619  FFFFFFDBB3FFF  D16,D17,D20,D24,D27
23:13:11.658    19346636  FFFFFFDB93FFF  D16,D17,D19,D20,D24,D27
23:13:11.658    19346638  FFFFFFDBB3FFF  D16,D17,D20,D24,D27
23:13:13.090    19348047  FFFFFFDFB3FFF  D16,D17,D20,D27
23:13:14.280    19349237  FFFFFFC7B3FFF  D16,D17,D20,D25,D26,D27
23:13:14.280    19349239  FFFFFFE3B3FFF  D16,D17,D20,D24,D25,D26
--- FW IODebug 1.2.2 2026-08-31 LIFT=3 23:13:15 ---
23:13:15.308    19350270  FFFFFFE7B3FFF  D16,D17,D20,D25,D26
23:13:16.324    19351263  FFFFFFE3B3FFF  D16,D17,D20,D24,D25,D26
23:13:16.324    19351265  FFFFFFEBB3FFF  D16,D17,D20,D24,D26
23:13:17.650    19352573  FFFFFFEFB3FFF  D16,D17,D20,D26
23:13:19.073    19354002  FFFFFFE7B3FFF  D16,D17,D20,D25,D26
23:13:19.073    19354004  FFFFFFE3B3FFF  D16,D17,D20,D24,D25,D26
23:13:19.073    19354005  FFFFFFF3B3FFF  D16,D17,D20,D24,D25
23:13:21.065    19355789  FFFFFFF7B3FFF  D16,D17,D20,D25
23:13:21.065    19355957  FFFFFFF793FFF  D16,D17,D19,D20,D25
23:13:21.065    19355959  FFFFFFF7D3FFF  D16,D17,D19,D25
23:13:24.561    19359397  FFFFFFF7D7FFF  D17,D19,D25
23:13:24.562    19359442  FFFFFFF7F7FFF  D17,D25
23:13:29.156    19363999  FFFFFFF7D7FFF  D17,D19,D25
23:13:29.156    19364001  FFFFFFF7F7FFF  D17,D25
23:13:32.722    19367549  FFFFFFF7E7FFF  D17,D18,D25
23:13:32.722    19367552  FFFFFFF7F7FFF  D17,D25
--- FW IODebug 1.2.2 2026-08-31 LIFT=3 23:13:45 ---
23:13:52.969    19387500  FFFFFFF7D7FFF  D17,D19,D25
23:13:52.969    19387501  FFFFFFF7F7FFF  D17,D25
23:13:52.969    19387615  FFFFFFF7D7FFF  D17,D19,D25
23:13:52.969    19387617  FFFFFFF7F7FFF  D17,D25
23:14:00.724    19395336  FFFFFFF7E7FFF  D17,D18,D25
23:14:00.724    19395338  FFFFFFF7F7FFF  D17,D25
--- FW IODebug 1.2.2 2026-08-31 LIFT=3 23:14:15 ---
23:14:33.522    19427880  FFFFFFF7D7FFF  D17,D19,D25
23:14:33.522    19427881  FFFFFFF7F7FFF  D17,D25
23:14:35.331    19429385  FFFFFFF7E7FFF  D17,D18,D25
23:14:35.331    19429387  FFFFFFF7F7FFF  D17,D25
23:14:35.331    19429683  FFFFFFF7E7FFF  D17,D18,D25
23:14:35.333    19429685  FFFFFFF7F7FFF  D17,D25
23:14:37.789    19432117  FFFFFFF7D7FFF  D17,D19,D25
23:14:37.789    19432119  FFFFFFF7F7FFF  D17,D25
--- FW IODebug 1.2.2 2026-08-31 LIFT=3 23:14:45 ---
23:14:57.850    19451822  FFFFFFF7E7FFF  D17,D18,D25
23:14:57.851    19451823  FFFFFFF7F7FFF  D17,D25
23:14:57.851    19452023  FFFFFFF7D7FFF  D17,D19,D25
23:14:57.851    19452025  FFFFFFF7F7FFF  D17,D25
23:15:02.044    19456197  FFFFFFF7E7FFF  D17,D18,D25
23:15:02.044    19456199  FFFFFFF7F7FFF  D17,D25
23:15:03.855    19458003  FFFFFFF7E7FFF  D17,D18,D25
23:15:03.855    19458006  FFFFFFF7F7FFF  D17,D25
23:15:09.488    19463593  FFFFFFF7E7FFF  D17,D18,D25
23:15:09.488    19463596  FFFFFFF7F7FFF  D17,D25
--- FW IODebug 1.2.2 2026-08-31 LIFT=3 23:15:15 ---
23:15:21.058    19475068  FFFFFFF7E7FFF  D17,D18,D25
23:15:21.058    19475070  FFFFFFF7F7FFF  D17,D25
23:15:45.490    19499320  FFFFFFF7D7FFF  D17,D19,D25
23:15:45.490    19499322  FFFFFFF7F7FFF  D17,D25
--- FW IODebug 1.2.2 2026-08-31 LIFT=3 23:15:46 ---
23:16:08.538    19522182  FFFFFFF7E7FFF  D17,D18,D25
23:16:08.538    19522184  FFFFFFF7F7FFF  D17,D25
--- FW IODebug 1.2.2 2026-08-31 LIFT=3 23:16:16 ---
23:16:17.755    19531345  FFFFFFF7E7FFF  D17,D18,D25
23:16:17.755    19531346  FFFFFFF7F7FFF  D17,D25
23:16:25.229    19538762  FFFFFFF7FFFFF  D25
23:16:25.932    19539449  FFFFFFF7F7FFF  D17,D25
--- FW IODebug 1.2.2 2026-08-31 LIFT=3 23:16:46 ---
23:16:59.465    19572747  FFFFFFF7E7FFF  D17,D18,D25
23:16:59.465    19572749  FFFFFFF7F7FFF  D17,D25
--- FW IODebug 1.2.2 2026-08-31 LIFT=3 23:17:16 ---
23:17:22.462    19595569  FFFFFFF7E7FFF  D17,D18,D25
23:17:22.463    19595571  FFFFFFF7F7FFF  D17,D25
23:17:26.360    19599437  FFFFFFF7E7FFF  D17,D18,D25
23:17:26.361    19599439  FFFFFFF7F7FFF  D17,D25
23:17:31.361    19604385  FFFFFFF7E7FFF  D17,D18,D25
23:17:31.361    19604387  FFFFFFF7F7FFF  D17,D25
23:17:32.415    19605438  FFFFFFF7E7FFF  D17,D18,D25
23:17:32.415    19605440  FFFFFFF7F7FFF  D17,D25
23:17:41.199    19614155  FFFFFFF7D7FFF  D17,D19,D25
--- FW IODebug 1.2.2 2026-08-31 LIFT=3 23:17:47 ---
23:17:53.988    19626860  FFFFFFF7F7FFF  D17,D25
23:17:56.546    19629395  FFFFFFF7E7FFF  D17,D18,D25
23:17:56.546    19629398  FFFFFFF7F7FFF  D17,D25
23:18:07.188    19639957  FFFFFFF7E7FFF  D17,D18,D25
23:18:07.188    19639959  FFFFFFF7F7FFF  D17,D25
23:18:15.383    19648098  FFFFFFF7D7FFF  D17,D19,D25
23:18:15.384    19648100  FFFFFFF7F7FFF  D17,D25
--- FW IODebug 1.2.2 2026-08-31 LIFT=3 23:18:17 ---
23:18:38.245    19670798  FFFFFFF7E7FFF  D17,D18,D25
23:18:38.245    19670800  FFFFFFF7F7FFF  D17,D25
--- FW IODebug 1.2.2 2026-08-31 LIFT=3 23:18:47 ---
--- FW IODebug 1.2.2 2026-08-31 LIFT=3 23:19:17 ---
23:19:22.161    19714370  FFFFFFF7E7FFF  D17,D18,D25
23:19:22.161    19714372  FFFFFFF7F7FFF  D17,D25
23:19:40.281    19732368  FFFFFFF7D7FFF  D17,D19,D25
23:19:40.281    19732370  FFFFFFF7F7FFF  D17,D25
23:19:44.251    19736301  FFFFFFF7E7FFF  D17,D18,D25
23:19:44.251    19736303  FFFFFFF7F7FFF  D17,D25
--- FW IODebug 1.2.2 2026-08-31 LIFT=3 23:19:47 ---
23:19:52.911    19744893  FFFFFFF7D7FFF  D17,D19,D25
23:19:52.911    19744896  FFFFFFF7F7FFF  D17,D25
23:19:54.588    19746549  FFFFFFF7E7FFF  D17,D18,D25
23:19:54.588    19746551  FFFFFFF7F7FFF  D17,D25
--- FW IODebug 1.2.2 2026-08-31 LIFT=3 23:20:18 ---
--- FW IODebug 1.2.2 2026-08-31 LIFT=3 23:20:48 ---
23:20:54.151    19805586  FFFFFFF7FFFFF  D25
23:20:54.151    19805680  FFFFFFF7EFFFF  D18,D25
23:20:54.151    19805682  FFFFFFF7FFFFF  D25
23:20:54.740    19806263  FFFFFFF7F7FFF  D17,D25
23:20:57.732    19809228  FFFFFFF7E7FFF  D17,D18,D25
23:20:57.732    19809230  FFFFFFF7F7FFF  D17,D25
23:20:58.418    19809917  FFFFFFF7D7FFF  D17,D19,D25
23:20:58.419    19809918  FFFFFFF7F7FFF  D17,D25
23:21:04.537    19815992  FFFFFFF7E7FFF  D17,D18,D25
23:21:04.537    19815994  FFFFFFF7F7FFF  D17,D25
23:21:05.923    19817283  FFFFFFF7E7FFF  D17,D18,D25
23:21:05.923    19817285  FFFFFFF7F7FFF  D17,D25
23:21:05.923    19817362  FFFFFFF7D7FFF  D17,D19,D25
23:21:05.923    19817364  FFFFFFF7F7FFF  D17,D25
--- FW IODebug 1.2.2 2026-08-31 LIFT=3 23:21:18 ---
23:21:33.069    19843974  FFFFFFF7D7FFF  D17,D19,D25
23:21:33.069    19843976  FFFFFFF7F7FFF  D17,D25
23:21:33.069    19844307  FFFFFFF7E7FFF  D17,D18,D25
23:21:33.069    19844310  FFFFFFF7F7FFF  D17,D25
23:21:37.426    19848629  FFFFFFF7D7FFF  D17,D19,D25
23:21:37.426    19848631  FFFFFFF7F7FFF  D17,D25
--- FW IODebug 1.2.2 2026-08-31 LIFT=3 23:21:48 ---
--- FW IODebug 1.2.2 2026-08-31 LIFT=3 23:22:19 ---
23:22:24.402    19895273  FFFFFFF7D7FFF  D17,D19,D25
23:22:24.402    19895274  FFFFFFF7F7FFF  D17,D25
23:22:42.454    19913158  FFFFFFF7D7FFF  D17,D19,D25
23:22:42.454    19913160  FFFFFFF7F7FFF  D17,D25
23:22:44.575    19915275  FFFFFFF7D7FFF  D17,D19,D25
23:22:44.575    19915277  FFFFFFF7F7FFF  D17,D25
23:22:48.437    19919126  FFFFFFF7D7FFF  D17,D19,D25
23:22:48.437    19919128  FFFFFFF7F7FFF  D17,D25
--- FW IODebug 1.2.2 2026-08-31 LIFT=3 23:22:49 ---
23:22:52.045    19922684  FFFFFFF7E7FFF  D17,D18,D25
23:22:52.045    19922686  FFFFFFF7F7FFF  D17,D25
23:23:17.492    19947957  FFFFFFF7F3FFF  D16,D17,D25
23:23:17.493    19947958  FFFFFFF7F7FFF  D17,D25
--- FW IODebug 1.2.2 2026-08-31 LIFT=3 23:23:19 ---
23:23:21.363    19951784  FFFFFFF7D7FFF  D17,D19,D25
23:23:21.363    19951787  FFFFFFF7F7FFF  D17,D25
23:23:27.760    19958133  FFFFFFF7E7FFF  D17,D18,D25
23:23:27.760    19958135  FFFFFFF7F7FFF  D17,D25
23:23:32.053    19962400  FFFFFFF7D7FFF  D17,D19,D25
23:23:32.053    19962402  FFFFFFF7F7FFF  D17,D25
23:23:34.356    19964703  FFFFFFF7E7FFF  D17,D18,D25
23:23:34.356    19964704  FFFFFFF7F7FFF  D17,D25
23:23:38.756    19969070  FFFFFFF7E7FFF  D17,D18,D25
23:23:38.756    19969072  FFFFFFF7F7FFF  D17,D25
23:23:48.649    19978881  FFFFFFF7E7FFF  D17,D18,D25
23:23:48.649    19978883  FFFFFFF7F7FFF  D17,D25
--- FW IODebug 1.2.2 2026-08-31 LIFT=3 23:23:49 ---
23:24:00.859    19991003  FFFFFFF7E7FFF  D17,D18,D25
23:24:00.859    19991005  FFFFFFF7F7FFF  D17,D25
23:24:15.323    20005343  FFFFFFF7D7FFF  D17,D19,D25
23:24:15.323    20005345  FFFFFFF7F7FFF  D17,D25
--- FW IODebug 1.2.2 2026-08-31 LIFT=3 23:24:20 ---
23:24:22.911    20012873  FFFFFFF7D7FFF  D17,D19,D25
23:24:22.911    20012875  FFFFFFF7F7FFF  D17,D25
--- FW IODebug 1.2.2 2026-08-31 LIFT=3 23:24:50 ---
23:25:14.094    20063678  FFFFFFF7E7FFF  D17,D18,D25
23:25:14.095    20063680  FFFFFFF7F7FFF  D17,D25
23:25:19.079    20068625  FFFFFFF7E7FFF  D17,D18,D25
23:25:19.079    20068627  FFFFFFF7F7FFF  D17,D25
--- FW IODebug 1.2.2 2026-08-31 LIFT=3 23:25:20 ---
23:25:20.697    20070248  FFFFFFF7F3FFF  D16,D17,D25
23:25:20.697    20070249  FFFFFFF7F7FFF  D17,D25
23:25:29.123    20078611  FFFFFFF7E7FFF  D17,D18,D25
23:25:29.123    20078613  FFFFFFF7F7FFF  D17,D25
23:25:47.835    20097185  FFFFFFF7D7FFF  D17,D19,D25
23:25:47.835    20097187  FFFFFFF7F7FFF  D17,D25
--- FW IODebug 1.2.2 2026-08-31 LIFT=3 23:25:50 ---
23:26:05.892    20115095  FFFFFFF7E7FFF  D17,D18,D25
23:26:05.893    20115097  FFFFFFF7F7FFF  D17,D25
--- FW IODebug 1.2.2 2026-08-31 LIFT=3 23:26:20 ---
23:26:27.048    20135854  FFFFFFF7E7FFF  D17,D18,D25
23:26:27.048    20135856  FFFFFFF7F7FFF  D17,D25
23:26:27.048    20136091  FFFFFFF7E7FFF  D17,D18,D25
23:26:27.048    20136093  FFFFFFF7F7FFF  D17,D25
23:26:40.053    20148997  FFFFFFF7E7FFF  D17,D18,D25
23:26:40.053    20148999  FFFFFFF7F7FFF  D17,D25
23:26:43.023    20151944  FFFFFFF7E7FFF  D17,D18,D25
23:26:43.023    20151946  FFFFFFF7F7FFF  D17,D25
23:26:44.423    20153347  FFFFFFF7F3FFF  D16,D17,D25
23:26:44.423    20153349  FFFFFFF7F7FFF  D17,D25
--- FW IODebug 1.2.2 2026-08-31 LIFT=3 23:26:51 ---
23:26:53.166    20162019  FFFFFFF7E7FFF  D17,D18,D25
23:26:53.166    20162021  FFFFFFF7F7FFF  D17,D25
23:26:58.663    20167472  FFFFFFF7D7FFF  D17,D19,D25
23:26:58.663    20167474  FFFFFFF7F7FFF  D17,D25
23:27:01.556    20170343  FFFFFFF7D7FFF  D17,D19,D25
23:27:01.556    20170345  FFFFFFF7F7FFF  D17,D25
23:27:02.169    20170949  FFFFFFF7E7FFF  D17,D18,D25
23:27:02.169    20170951  FFFFFFF7F7FFF  D17,D25
23:27:03.155    20171929  FFFFFFF7E7FFF  D17,D18,D25
23:27:03.156    20171931  FFFFFFF7F7FFF  D17,D25
--- FW IODebug 1.2.2 2026-08-31 LIFT=3 23:27:21 ---
23:27:29.363    20197952  FFFFFFF7D7FFF  D17,D19,D25
23:27:29.363    20197954  FFFFFFF7F7FFF  D17,D25
23:27:35.094    20203623  FFFFFFF7E7FFF  D17,D18,D25
23:27:35.094    20203624  FFFFFFF7F7FFF  D17,D25
23:27:41.974    20210465  FFFFFFF7F3FFF  D16,D17,D25
23:27:41.974    20210467  FFFFFFF7F7FFF  D17,D25
--- FW IODebug 1.2.2 2026-08-31 LIFT=3 23:27:51 ---
23:27:51.938    20220347  FFFFFFF7D7FFF  D17,D19,D25
23:27:51.938    20220349  FFFFFFF7F7FFF  D17,D25
23:28:04.845    20233153  FFFFFFF7D7FFF  D17,D19,D25
23:28:04.845    20233155  FFFFFFF7F7FFF  D17,D25
--- FW IODebug 1.2.2 2026-08-31 LIFT=3 23:28:21 ---
23:28:32.334    20260432  FFFFFFF7E7FFF  D17,D18,D25
23:28:32.334    20260434  FFFFFFF7F7FFF  D17,D25
23:28:36.811    20264891  FFFFFFF7F3FFF  D16,D17,D25
23:28:36.811    20264893  FFFFFFF7F7FFF  D17,D25
