
===== capture started 2026-08-08 14:40:39 =====
--- armed, watch mode confirmed 14:40:43 ---
14:40:44.241        3017  FFFFFF77F7FFF  D17,D25,D29
14:41:06.648       25249  FFFFFF77B7FFF  D17,D20,D25,D29
14:41:07.597       26202  FFFFFF77B3FFF  D16,D17,D20,D25,D29
14:41:11.453       29537  FFFFFF73B3FFF  D16,D17,D20,D24,D25,D29
14:41:11.454       29539  FFFFFF7BB3FFF  D16,D17,D20,D24,D29
14:41:12.451       31007  FFFFFF7FB3FFF  D16,D17,D20,D29
14:41:13.454       31988  FFFFFF83B3FFF  D16,D17,D20,D24,D25,D26,D27,D28
14:41:13.976       32913  FFFFFF87B3FFF  D16,D17,D20,D25,D26,D27,D28
14:41:15.289       33825  FFFFFF83B3FFF  D16,D17,D20,D24,D25,D26,D27,D28
14:41:15.289       33828  FFFFFF8BB3FFF  D16,D17,D20,D24,D26,D27,D28
14:41:16.203       34739  FFFFFF8FB3FFF  D16,D17,D20,D26,D27,D28
14:41:16.985       35640  FFFFFF87B3FFF  D16,D17,D20,D25,D26,D27,D28
14:41:16.986       35642  FFFFFF93B3FFF  D16,D17,D20,D24,D25,D27,D28
14:41:18.034       36555  FFFFFF97B3FFF  D16,D17,D20,D25,D27,D28
14:41:18.966       37477  FFFFFF93B3FFF  D16,D17,D20,D24,D25,D27,D28
14:41:18.966       37480  FFFFFF9BB3FFF  D16,D17,D20,D24,D27,D28
14:41:19.836       38342  FFFFFF9FB3FFF  D16,D17,D20,D27,D28
14:41:20.778       39264  FFFFFFA3B3FFF  D16,D17,D20,D24,D25,D26,D28
14:41:21.693       40178  FFFFFFA7B3FFF  D16,D17,D20,D25,D26,D28
14:41:23.035       41567  FFFFFFA3B3FFF  D16,D17,D20,D24,D25,D26,D28
14:41:23.035       41569  FFFFFFABB3FFF  D16,D17,D20,D24,D26,D28
14:41:24.451       42917  FFFFFFAFB3FFF  D16,D17,D20,D26,D28
14:41:25.380       43830  FFFFFFB3B3FFF  D16,D17,D20,D24,D25,D28
14:41:26.066       44734  FFFFFFB7B3FFF  D16,D17,D20,D25,D28
14:41:27.177       45616  FFFFFFB3B3FFF  D16,D17,D20,D24,D25,D28
14:41:27.177       45618  FFFFFFBBB3FFF  D16,D17,D20,D24,D28
14:41:28.078       46530  FFFFFFBFB3FFF  D16,D17,D20,D28
14:41:29.019       47431  FFFFFFC3B3FFF  D16,D17,D20,D24,D25,D26,D27
14:41:29.918       48347  FFFFFFC7B3FFF  D16,D17,D20,D25,D26,D27
14:41:30.849       49259  FFFFFFC3B3FFF  D16,D17,D20,D24,D25,D26,D27
14:41:30.850       49262  FFFFFFCBB3FFF  D16,D17,D20,D24,D26,D27
14:41:31.762       50183  FFFFFFCFB3FFF  D16,D17,D20,D26,D27
14:41:32.902       51294  FFFFFFC3B3FFF  D16,D17,D20,D24,D25,D26,D27
14:41:32.902       51297  FFFFFFD3B3FFF  D16,D17,D20,D24,D25,D27
14:41:34.272       52674  FFFFFFD7B3FFF  D16,D17,D20,D25,D27
14:41:35.251       54152  FFFFFFD3B3FFF  D16,D17,D20,D24,D25,D27
14:41:35.777       54154  FFFFFFDBB3FFF  D16,D17,D20,D24,D27
14:41:37.209       55582  FFFFFFDFB3FFF  D16,D17,D20,D27
14:41:38.141       56762  FFFFFFE3B3FFF  D16,D17,D20,D24,D25,D26
14:41:39.453       57806  FFFFFFE7B3FFF  D16,D17,D20,D25,D26
14:41:40.445       58787  FFFFFFE3B3FFF  D16,D17,D20,D24,D25,D26
14:41:40.445       58790  FFFFFFEBB3FFF  D16,D17,D20,D24,D26
14:41:40.960       59312  FFFFFFEBB3FFF  D16,D17,D20,D24,D26
14:41:41.753       60098  FFFFFFEFB3FFF  D16,D17,D20,D26
14:41:43.213       61526  FFFFFFE3B3FFF  D16,D17,D20,D24,D25,D26
14:41:43.213       61528  FFFFFFF3B3FFF  D16,D17,D20,D24,D25
14:41:45.055       63314  FFFFFFF7B3FFF  D16,D17,D20,D25
14:41:45.055       63363  FFFFFFF793FFF  D16,D17,D19,D20,D25
14:41:45.055       63366  FFFFFFF7D3FFF  D16,D17,D19,D25
14:41:48.623       66922  FFFFFFF7D7FFF  D17,D19,D25
14:41:57.516       75741  FFFFFFF7F7FFF  D17,D25
14:42:41.149      119060  FFFFFFF7F7FFF  D17,D25
14:43:41.626      179075  FFFFFFF7F7FFF  D17,D25
14:44:42.065      239060  FFFFFFF7F7FFF  D17,D25
14:44:58.186      255068  FFFFFFF7FFFFF  D25
14:44:58.873      255745  FFFFFFF7F7FFF  D17,D25
14:45:42.526      299071  FFFFFFF7F7FFF  D17,D25
14:46:42.959      359055  FFFFFFF7F7FFF  D17,D25
14:46:44.872      360955  FFFFFFF7D7FFF  D17,D19,D25
14:46:59.646      375616  FFFFFFF7D3FFF  D16,D17,D19,D25
14:47:03.712      379656  FFFFFFF3D3FFF  D16,D17,D19,D24,D25
14:47:05.526      381443  FFFFFFE7D3FFF  D16,D17,D19,D25,D26
14:47:05.526      381446  FFFFFFEFD3FFF  D16,D17,D19,D26
14:47:06.951      382871  FFFFFFEBD3FFF  D16,D17,D19,D24,D26
14:47:08.296      384192  FFFFFFE7D3FFF  D16,D17,D19,D25,D26
14:47:09.271      385174  FFFFFFE3D3FFF  D16,D17,D19,D24,D25,D26
14:47:10.335      386216  FFFFFFCFD3FFF  D16,D17,D19,D26,D27
14:47:10.335      386221  FFFFFFDFD3FFF  D16,D17,D19,D27
14:47:11.509      387397  FFFFFFDBD3FFF  D16,D17,D19,D24,D27
14:47:12.954      388828  FFFFFFD7D3FFF  D16,D17,D19,D25,D27
14:47:14.399      390256  FFFFFFD3D3FFF  D16,D17,D19,D24,D25,D27
14:47:15.848      391686  FFFFFFCFD3FFF  D16,D17,D19,D26,D27
14:47:16.681      392798  FFFFFFCBD3FFF  D16,D17,D19,D24,D26,D27
14:47:17.877      393710  FFFFFFC7D3FFF  D16,D17,D19,D25,D26,D27
14:47:18.801      394624  FFFFFFC3D3FFF  D16,D17,D19,D24,D25,D26,D27
14:47:19.679      395655  FFFFFF83D3FFF  D16,D17,D19,D24,D25,D26,D27,D28
14:47:19.679      395657  FFFFFFBFD3FFF  D16,D17,D19,D28
14:47:21.310      397125  FFFFFFBBD3FFF  D16,D17,D19,D24,D28
14:47:24.279      400059  FFFFFFBBD7FFF  D17,D19,D24,D28
14:47:34.332      409871  FFFFFFBBF7FFF  D17,D24,D28
14:47:34.332      410038  FFFFFFBBB7FFF  D17,D20,D24,D28
14:47:34.816      410941  FFFFFFBBB3FFF  D16,D17,D20,D24,D28
14:47:38.601      414277  FFFFFFBFB3FFF  D16,D17,D20,D28
14:47:40.097      415746  FFFFFFC3B3FFF  D16,D17,D20,D24,D25,D26,D27
14:47:40.861      416739  FFFFFFC7B3FFF  D16,D17,D20,D25,D26,D27
14:47:42.046      417700  FFFFFFC3B3FFF  D16,D17,D20,D24,D25,D26,D27
14:47:42.047      417704  FFFFFFCBB3FFF  D16,D17,D20,D24,D26,D27
14:47:42.915      418566  FFFFFFCFB3FFF  D16,D17,D20,D26,D27
14:47:43.434      419079  FFFFFFCFB3FFF  D16,D17,D20,D26,D27
14:47:43.872      419726  FFFFFFD3B3FFF  D16,D17,D20,D24,D25,D27
14:47:45.476      421106  FFFFFFD7B3FFF  D16,D17,D20,D25,D27
14:47:46.897      422535  FFFFFFD3B3FFF  D16,D17,D20,D24,D25,D27
14:47:46.897      422537  FFFFFFDBB3FFF  D16,D17,D20,D24,D27
14:47:48.409      424014  FFFFFFDFB3FFF  D16,D17,D20,D27
14:47:49.614      425204  FFFFFFE3B3FFF  D16,D17,D20,D24,D25,D26
14:47:50.597      426188  FFFFFFE7B3FFF  D16,D17,D20,D25,D26
14:47:51.606      427190  FFFFFFE3B3FFF  D16,D17,D20,D24,D25,D26
14:47:51.606      427193  FFFFFFEBB3FFF  D16,D17,D20,D24,D26
14:47:52.951      428502  FFFFFFEFB3FFF  D16,D17,D20,D26
14:47:54.371      429920  FFFFFFF3B3FFF  D16,D17,D20,D24,D25
14:47:55.956      431707  FFFFFFF7B3FFF  D16,D17,D20,D25
14:47:55.956      431796  FFFFFFF793FFF  D16,D17,D19,D20,D25
14:47:55.956      431798  FFFFFFF7D3FFF  D16,D17,D19,D25
14:47:59.789      435315  FFFFFFF7D7FFF  D17,D19,D25
14:48:08.731      444184  FFFFFFF7F7FFF  D17,D25
14:48:10.797      446246  FFFFFFF7D7FFF  D17,D19,D25
14:48:11.719      447151  FFFFFFF7D3FFF  D16,D17,D19,D25
14:48:15.791      451200  FFFFFFF3D3FFF  D16,D17,D19,D24,D25
14:48:17.121      452986  FFFFFFEFD3FFF  D16,D17,D19,D26
14:48:19.041      454415  FFFFFFEBD3FFF  D16,D17,D19,D24,D26
14:48:20.144      455726  FFFFFFE3D3FFF  D16,D17,D19,D24,D25,D26
14:48:20.144      455728  FFFFFFE7D3FFF  D16,D17,D19,D25,D26
14:48:21.362      456728  FFFFFFE3D3FFF  D16,D17,D19,D24,D25,D26
14:48:22.414      457751  FFFFFFCFD3FFF  D16,D17,D19,D26,D27
14:48:22.414      457754  FFFFFFDFD3FFF  D16,D17,D19,D27
14:48:23.175      458952  FFFFFFDBD3FFF  D16,D17,D19,D24,D27
14:48:25.054      460381  FFFFFFD3D3FFF  D16,D17,D19,D24,D25,D27
14:48:25.054      460383  FFFFFFD7D3FFF  D16,D17,D19,D25,D27
14:48:26.197      461839  FFFFFFD3D3FFF  D16,D17,D19,D24,D25,D27
14:48:27.935      463240  FFFFFFCFD3FFF  D16,D17,D19,D26,D27
14:48:29.052      464352  FFFFFFCBD3FFF  D16,D17,D19,D24,D26,D27
14:48:29.965      465264  FFFFFFC7D3FFF  D16,D17,D19,D25,D26,D27
14:48:30.882      466167  FFFFFFC3D3FFF  D16,D17,D19,D24,D25,D26,D27
14:48:31.813      467080  FFFFFF83D3FFF  D16,D17,D19,D24,D25,D26,D27,D28
14:48:31.813      467082  FFFFFFBFD3FFF  D16,D17,D19,D28
14:48:32.775      468042  FFFFFFBBD3FFF  D16,D17,D19,D24,D28
14:48:33.650      468918  FFFFFFB7D3FFF  D16,D17,D19,D25,D28
14:48:34.516      469780  FFFFFFB3D3FFF  D16,D17,D19,D24,D25,D28
14:48:35.250      470704  FFFFFFA7D3FFF  D16,D17,D19,D25,D26,D28
14:48:35.250      470708  FFFFFFAFD3FFF  D16,D17,D19,D26,D28
14:48:36.357      471617  FFFFFFABD3FFF  D16,D17,D19,D24,D26,D28
14:48:37.769      473007  FFFFFFA7D3FFF  D16,D17,D19,D25,D26,D28
14:48:39.126      474356  FFFFFFA3D3FFF  D16,D17,D19,D24,D25,D26,D28
14:48:40.055      475259  FFFFFF83D3FFF  D16,D17,D19,D24,D25,D26,D27,D28
14:48:40.056      475261  FFFFFF9FD3FFF  D16,D17,D19,D27,D28
14:48:40.951      476173  FFFFFF9BD3FFF  D16,D17,D19,D24,D27,D28
14:48:41.883      477085  FFFFFF93D3FFF  D16,D17,D19,D24,D25,D27,D28
14:48:41.884      477087  FFFFFF97D3FFF  D16,D17,D19,D25,D27,D28
14:48:42.799      478000  FFFFFF93D3FFF  D16,D17,D19,D24,D25,D27,D28
14:48:43.691      478872  FFFFFF8FD3FFF  D16,D17,D19,D26,D27,D28
14:48:44.329      479404  FFFFFF8FD3FFF  D16,D17,D19,D26,D27,D28
14:48:44.329      479785  FFFFFF8BD3FFF  D16,D17,D19,D24,D26,D27,D28
14:48:45.512      480699  FFFFFF87D3FFF  D16,D17,D19,D25,D26,D27,D28
14:48:46.429      481611  FFFFFF83D3FFF  D16,D17,D19,D24,D25,D26,D27,D28
14:48:47.327      482525  FFFFFF7FD3FFF  D16,D17,D19,D29
14:48:47.766      483438  FFFFFF7BD3FFF  D16,D17,D19,D24,D29
14:48:49.324      484470  FFFFFF77D3FFF  D16,D17,D19,D25,D29
14:48:50.377      485940  FFFFFF73D3FFF  D16,D17,D19,D24,D25,D29
14:48:53.392      488875  FFFFFF73D7FFF  D17,D19,D24,D25,D29
14:48:53.392      488969  FFFFFF73F7FFF  D17,D24,D25,D29
14:49:35.714      530575  FFFFFF73B7FFF  D17,D20,D24,D25,D29
14:49:36.680      531479  FFFFFF73B3FFF  D16,D17,D20,D24,D25,D29
14:49:40.000      534775  FFFFFF77B3FFF  D16,D17,D20,D25,D29
14:49:41.482      536244  FFFFFF7BB3FFF  D16,D17,D20,D24,D29
14:49:42.563      537316  FFFFFF7FB3FFF  D16,D17,D20,D29
14:49:43.659      538387  FFFFFF83B3FFF  D16,D17,D20,D24,D25,D26,D27,D28
14:49:44.778      539427  FFFFFF83B3FFF  D16,D17,D20,D24,D25,D26,D27,D28
14:49:44.779      539896  FFFFFF87B3FFF  D16,D17,D20,D25,D26,D27,D28
14:49:47.795      542711  FFFFFF87B7FFF  D17,D20,D25,D26,D27,D28
14:49:47.795      542807  FFFFFF87F7FFF  D17,D25,D26,D27,D28
14:50:44.551      598854  FFFFFF87D7FFF  D17,D19,D25,D26,D27,D28
14:50:45.228      599365  FFFFFF87D7FFF  D17,D19,D25,D26,D27,D28
14:50:45.228      599768  FFFFFF87D3FFF  D16,D17,D19,D25,D26,D27,D28
14:50:48.774      603043  FFFFFF83D3FFF  D16,D17,D19,D24,D25,D26,D27,D28
14:50:50.301      604531  FFFFFF7FD3FFF  D16,D17,D19,D29
14:50:51.275      605524  FFFFFF7BD3FFF  D16,D17,D19,D24,D29
14:50:52.201      606437  FFFFFF77D3FFF  D16,D17,D19,D25,D29
14:50:53.114      607350  FFFFFF73D3FFF  D16,D17,D19,D24,D25,D29
14:50:54.042      608263  FFFFFF63D3FFF  D16,D17,D19,D24,D25,D26,D29
14:50:54.042      608265  FFFFFF6FD3FFF  D16,D17,D19,D26,D29
14:50:54.957      609177  FFFFFF6BD3FFF  D16,D17,D19,D24,D26,D29
14:50:55.874      610089  FFFFFF67D3FFF  D16,D17,D19,D25,D26,D29
14:50:56.755      610963  FFFFFF63D3FFF  D16,D17,D19,D24,D25,D26,D29
14:50:57.301      611916  FFFFFF4FD3FFF  D16,D17,D19,D26,D27,D29
14:50:57.301      611919  FFFFFF5FD3FFF  D16,D17,D19,D27,D29
14:50:58.676      612869  FFFFFF5BD3FFF  D16,D17,D19,D24,D27,D29
14:50:59.639      613822  FFFFFF57D3FFF  D16,D17,D19,D25,D27,D29
14:51:00.342      614774  FFFFFF53D3FFF  D16,D17,D19,D24,D25,D27,D29
14:51:01.568      615728  FFFFFF43D3FFF  D16,D17,D19,D24,D25,D26,D27,D29
14:51:01.568      615730  FFFFFF4FD3FFF  D16,D17,D19,D26,D27,D29
14:51:02.633      616800  FFFFFF4BD3FFF  D16,D17,D19,D24,D26,D27,D29
14:51:04.569      618467  FFFFFF43D3FFF  D16,D17,D19,D24,D25,D26,D27,D29
14:51:04.569      618469  FFFFFF47D3FFF  D16,D17,D19,D25,D26,D27,D29
14:51:04.569      618547  FFFFFF4793FFF  D16,D17,D19,D20,D25,D26,D27,D29
14:51:04.569      618717  FFFFFF47B3FFF  D16,D17,D20,D25,D26,D27,D29
14:51:07.749      621878  FFFFFF47B7FFF  D17,D20,D25,D26,D27,D29
14:51:19.552      633594  FFFFFF47B3FFF  D16,D17,D20,D25,D26,D27,D29
14:51:23.368      637366  FFFFFF43B3FFF  D16,D17,D20,D24,D25,D26,D27,D29
14:51:23.369      637368  FFFFFF4BB3FFF  D16,D17,D20,D24,D26,D27,D29
14:51:25.056      639045  FFFFFF4FB3FFF  D16,D17,D20,D26,D27,D29
14:51:26.091      640065  FFFFFF43B3FFF  D16,D17,D20,D24,D25,D26,D27,D29
14:51:26.091      640067  FFFFFF53B3FFF  D16,D17,D20,D24,D25,D27,D29
14:51:27.034      641019  FFFFFF57B3FFF  D16,D17,D20,D25,D27,D29
14:51:27.540      641932  FFFFFF5BB3FFF  D16,D17,D20,D24,D27,D29
14:51:28.909      642885  FFFFFF5FB3FFF  D16,D17,D20,D27,D29
14:51:29.882      643837  FFFFFF63B3FFF  D16,D17,D20,D24,D25,D26,D29
14:51:30.567      644791  FFFFFF67B3FFF  D16,D17,D20,D25,D26,D29
14:51:31.763      645703  FFFFFF63B3FFF  D16,D17,D20,D24,D25,D26,D29
14:51:31.763      645706  FFFFFF6BB3FFF  D16,D17,D20,D24,D26,D29
14:51:32.677      646618  FFFFFF6FB3FFF  D16,D17,D20,D26,D29
14:51:33.576      647529  FFFFFF63B3FFF  D16,D17,D20,D24,D25,D26,D29
14:51:33.576      647533  FFFFFF73B3FFF  D16,D17,D20,D24,D25,D29
14:51:34.518      648443  FFFFFF77B3FFF  D16,D17,D20,D25,D29
14:51:35.439      649356  FFFFFF73B3FFF  D16,D17,D20,D24,D25,D29
14:51:35.439      649359  FFFFFF7BB3FFF  D16,D17,D20,D24,D29
14:51:36.353      650270  FFFFFF7FB3FFF  D16,D17,D20,D29
14:51:37.297      651182  FFFFFF83B3FFF  D16,D17,D20,D24,D25,D26,D27,D28
14:51:38.149      652057  FFFFFF87B3FFF  D16,D17,D20,D25,D26,D27,D28
14:51:39.121      653008  FFFFFF83B3FFF  D16,D17,D20,D24,D25,D26,D27,D28
14:51:39.121      653010  FFFFFF8BB3FFF  D16,D17,D20,D24,D26,D27,D28
14:51:39.634      653883  FFFFFF8FB3FFF  D16,D17,D20,D26,D27,D28
14:51:40.930      654794  FFFFFF83B3FFF  D16,D17,D20,D24,D25,D26,D27,D28
14:51:40.930      654796  FFFFFF93B3FFF  D16,D17,D20,D24,D25,D27,D28
14:51:41.831      655710  FFFFFF97B3FFF  D16,D17,D20,D25,D27,D28
14:51:42.649      656621  FFFFFF93B3FFF  D16,D17,D20,D24,D25,D27,D28
14:51:42.649      656623  FFFFFF9BB3FFF  D16,D17,D20,D24,D27,D28
14:51:43.682      657536  FFFFFF9FB3FFF  D16,D17,D20,D27,D28
14:51:44.608      658447  FFFFFF97B3FFF  D16,D17,D20,D25,D27,D28
14:51:44.609      658449  FFFFFFA3B3FFF  D16,D17,D20,D24,D25,D26,D28
14:51:45.533      658977  FFFFFFA3B3FFF  D16,D17,D20,D24,D25,D26,D28
14:51:45.533      659373  FFFFFFA7B3FFF  D16,D17,D20,D25,D26,D28
14:51:46.888      660711  FFFFFFA3B3FFF  D16,D17,D20,D24,D25,D26,D28
14:51:46.888      660714  FFFFFFABB3FFF  D16,D17,D20,D24,D26,D28
14:51:48.244      662072  FFFFFFAFB3FFF  D16,D17,D20,D26,D28
14:51:48.690      662974  FFFFFFB3B3FFF  D16,D17,D20,D24,D25,D28
14:51:50.079      663888  FFFFFFB7B3FFF  D16,D17,D20,D25,D28
14:51:50.995      664800  FFFFFFB3B3FFF  D16,D17,D20,D24,D25,D28
14:51:50.995      664802  FFFFFFBBB3FFF  D16,D17,D20,D24,D28
14:51:51.724      665715  FFFFFFBFB3FFF  D16,D17,D20,D28
14:51:52.809      666587  FFFFFFC3B3FFF  D16,D17,D20,D24,D25,D26,D27
14:51:53.708      667501  FFFFFFC7B3FFF  D16,D17,D20,D25,D26,D27
14:51:54.652      668424  FFFFFFC3B3FFF  D16,D17,D20,D24,D25,D26,D27
14:51:54.653      668427  FFFFFFCBB3FFF  D16,D17,D20,D24,D26,D27
14:51:55.562      669328  FFFFFFCFB3FFF  D16,D17,D20,D26,D27
14:51:56.688      670438  FFFFFFD3B3FFF  D16,D17,D20,D24,D25,D27
14:51:57.769      671868  FFFFFFD7B3FFF  D16,D17,D20,D25,D27
14:51:59.564      673296  FFFFFFD3B3FFF  D16,D17,D20,D24,D25,D27
14:51:59.564      673298  FFFFFFDBB3FFF  D16,D17,D20,D24,D27
14:52:00.792      674778  FFFFFFDFB3FFF  D16,D17,D20,D27
14:52:02.205      675916  FFFFFFE3B3FFF  D16,D17,D20,D24,D25,D26
14:52:03.242      676951  FFFFFFE7B3FFF  D16,D17,D20,D25,D26
14:52:03.807      677952  FFFFFFE3B3FFF  D16,D17,D20,D24,D25,D26
14:52:03.807      677954  FFFFFFEBB3FFF  D16,D17,D20,D24,D26
14:52:05.551      679254  FFFFFFEFB3FFF  D16,D17,D20,D26
14:52:06.823      680681  FFFFFFE3B3FFF  D16,D17,D20,D24,D25,D26
14:52:06.823      680683  FFFFFFF3B3FFF  D16,D17,D20,D24,D25
14:52:08.885      682469  FFFFFFF7B3FFF  D16,D17,D20,D25
14:52:08.885      682557  FFFFFFF793FFF  D16,D17,D19,D20,D25
14:52:08.885      682559  FFFFFFF7D3FFF  D16,D17,D19,D25
14:52:12.438      686077  FFFFFFF7D7FFF  D17,D19,D25
14:52:45.172      718575  FFFFFFF7D7FFF  D17,D19,D25
14:52:53.159      726499  FFFFFFF7D3FFF  D16,D17,D19,D25
14:52:57.350      730668  FFFFFFF3D3FFF  D16,D17,D19,D24,D25
14:53:01.077      734356  FFFFFFF3D7FFF  D17,D19,D24,D25
14:53:15.598      748772  FFFFFFF3D3FFF  D16,D17,D19,D24,D25
14:53:19.287      752424  FFFFFFEFD3FFF  D16,D17,D19,D26
14:53:21.187      754330  FFFFFFEBD3FFF  D16,D17,D19,D24,D26
14:53:22.392      755640  FFFFFFE7D3FFF  D16,D17,D19,D25,D26
14:53:23.519      756632  FFFFFFE3D3FFF  D16,D17,D19,D24,D25,D26
14:53:24.585      757676  FFFFFFCFD3FFF  D16,D17,D19,D26,D27
14:53:24.585      757680  FFFFFFDFD3FFF  D16,D17,D19,D27
14:53:25.420      758856  FFFFFFDBD3FFF  D16,D17,D19,D24,D27
14:53:27.204      760286  FFFFFFD7D3FFF  D16,D17,D19,D25,D27
14:53:28.442      761754  FFFFFFD3D3FFF  D16,D17,D19,D24,D25,D27
14:53:30.083      763145  FFFFFFCFD3FFF  D16,D17,D19,D26,D27
14:53:31.236      764296  FFFFFFCBD3FFF  D16,D17,D19,D24,D26,D27
14:53:32.121      765169  FFFFFFC7D3FFF  D16,D17,D19,D25,D26,D27
14:53:33.048      766093  FFFFFFC3D3FFF  D16,D17,D19,D24,D25,D26,D27
14:53:33.979      766995  FFFFFF83D3FFF  D16,D17,D19,D24,D25,D26,D27,D28
14:53:33.979      766997  FFFFFFBFD3FFF  D16,D17,D19,D28
14:53:34.487      767908  FFFFFFBBD3FFF  D16,D17,D19,D24,D28
14:53:35.807      768821  FFFFFFB3D3FFF  D16,D17,D19,D24,D25,D28
14:53:35.807      768823  FFFFFFB7D3FFF  D16,D17,D19,D25,D28
14:53:36.706      769734  FFFFFFB3D3FFF  D16,D17,D19,D24,D25,D28
14:53:37.496      770648  FFFFFFA7D3FFF  D16,D17,D19,D25,D26,D28
14:53:37.496      770652  FFFFFFAFD3FFF  D16,D17,D19,D26,D28
14:53:38.521      771522  FFFFFFABD3FFF  D16,D17,D19,D24,D26,D28
14:53:39.923      772911  FFFFFFA3D3FFF  D16,D17,D19,D24,D25,D26,D28
14:53:39.924      772913  FFFFFFA7D3FFF  D16,D17,D19,D25,D26,D28
14:53:41.280      774261  FFFFFFA3D3FFF  D16,D17,D19,D24,D25,D26,D28
14:53:42.206      775174  FFFFFF83D3FFF  D16,D17,D19,D24,D25,D26,D27,D28
14:53:42.206      775176  FFFFFF9FD3FFF  D16,D17,D19,D27,D28
14:53:43.117      776087  FFFFFF9BD3FFF  D16,D17,D19,D24,D27,D28
14:53:43.560      777000  FFFFFF97D3FFF  D16,D17,D19,D25,D27,D28
14:53:44.915      777874  FFFFFF93D3FFF  D16,D17,D19,D24,D25,D27,D28
14:53:45.841      778391  FFFFFF93D3FFF  D16,D17,D19,D24,D25,D27,D28
14:53:45.841      778786  FFFFFF83D3FFF  D16,D17,D19,D24,D25,D26,D27,D28
14:53:45.841      778788  FFFFFF8FD3FFF  D16,D17,D19,D26,D27,D28
14:53:46.577      779701  FFFFFF8BD3FFF  D16,D17,D19,D24,D26,D27,D28
14:53:47.682      780613  FFFFFF87D3FFF  D16,D17,D19,D25,D26,D27,D28
14:53:48.598      781527  FFFFFF83D3FFF  D16,D17,D19,D24,D25,D26,D27,D28
14:53:49.550      782440  FFFFFF43D3FFF  D16,D17,D19,D24,D25,D26,D27,D29
14:53:49.550      782442  FFFFFF7FD3FFF  D16,D17,D19,D29
14:53:50.435      783353  FFFFFF7BD3FFF  D16,D17,D19,D24,D29
14:53:51.321      784226  FFFFFF73D3FFF  D16,D17,D19,D24,D25,D29
14:53:51.321      784228  FFFFFF77D3FFF  D16,D17,D19,D25,D29
14:53:52.235      785139  FFFFFF73D3FFF  D16,D17,D19,D24,D25,D29
14:53:53.167      786053  FFFFFF67D3FFF  D16,D17,D19,D25,D26,D29
14:53:53.167      786057  FFFFFF6FD3FFF  D16,D17,D19,D26,D29
14:53:54.070      786965  FFFFFF6BD3FFF  D16,D17,D19,D24,D26,D29
14:53:55.004      787879  FFFFFF67D3FFF  D16,D17,D19,D25,D26,D29
14:53:55.644      788793  FFFFFF63D3FFF  D16,D17,D19,D24,D25,D26,D29
14:53:56.892      789745  FFFFFF43D3FFF  D16,D17,D19,D24,D25,D26,D27,D29
14:53:56.892      789747  FFFFFF5FD3FFF  D16,D17,D19,D27,D29
14:53:57.828      790699  FFFFFF5BD3FFF  D16,D17,D19,D24,D27,D29
14:53:58.658      791651  FFFFFF53D3FFF  D16,D17,D19,D24,D25,D27,D29
14:53:58.659      791653  FFFFFF57D3FFF  D16,D17,D19,D25,D27,D29
14:53:59.751      792604  FFFFFF53D3FFF  D16,D17,D19,D24,D25,D27,D29
14:54:00.687      793518  FFFFFF4FD3FFF  D16,D17,D19,D26,D27,D29
14:54:01.690      794589  FFFFFF4BD3FFF  D16,D17,D19,D24,D26,D27,D29
14:54:03.751      796256  FFFFFF43D3FFF  D16,D17,D19,D24,D25,D26,D27,D29
14:54:03.751      796258  FFFFFF47D3FFF  D16,D17,D19,D25,D26,D27,D29
14:54:03.751      796414  FFFFFF4793FFF  D16,D17,D19,D20,D25,D26,D27,D29
14:54:03.751      796575  FFFFFF47B3FFF  D16,D17,D20,D25,D26,D27,D29
14:54:06.875      799668  FFFFFF47B7FFF  D17,D20,D25,D26,D27,D29
14:54:18.551      811265  FFFFFF47B3FFF  D16,D17,D20,D25,D26,D27,D29
14:54:22.359      815036  FFFFFF43B3FFF  D16,D17,D20,D24,D25,D26,D27,D29
14:54:22.359      815038  FFFFFF4BB3FFF  D16,D17,D20,D24,D26,D27,D29
14:54:24.047      816715  FFFFFF4FB3FFF  D16,D17,D20,D26,D27,D29
14:54:25.081      817735  FFFFFF43B3FFF  D16,D17,D20,D24,D25,D26,D27,D29
14:54:25.081      817737  FFFFFF53B3FFF  D16,D17,D20,D24,D25,D27,D29
14:54:25.868      818690  FFFFFF57B3FFF  D16,D17,D20,D25,D27,D29
14:54:27.001      819641  FFFFFF53B3FFF  D16,D17,D20,D24,D25,D27,D29
14:54:27.001      819643  FFFFFF5BB3FFF  D16,D17,D20,D24,D27,D29
14:54:27.913      820555  FFFFFF5FB3FFF  D16,D17,D20,D27,D29
14:54:28.875      821547  FFFFFF63B3FFF  D16,D17,D20,D24,D25,D26,D29
14:54:29.833      822462  FFFFFF67B3FFF  D16,D17,D20,D25,D26,D29
14:54:30.763      823373  FFFFFF63B3FFF  D16,D17,D20,D24,D25,D26,D29
14:54:30.763      823376  FFFFFF6BB3FFF  D16,D17,D20,D24,D26,D29
14:54:31.673      824288  FFFFFF6FB3FFF  D16,D17,D20,D26,D29
14:54:32.602      825199  FFFFFF63B3FFF  D16,D17,D20,D24,D25,D26,D29
14:54:32.602      825201  FFFFFF73B3FFF  D16,D17,D20,D24,D25,D29
14:54:33.532      826124  FFFFFF77B3FFF  D16,D17,D20,D25,D29
14:54:34.447      827026  FFFFFF73B3FFF  D16,D17,D20,D24,D25,D29
14:54:34.447      827028  FFFFFF7BB3FFF  D16,D17,D20,D24,D29
14:54:34.936      827940  FFFFFF7FB3FFF  D16,D17,D20,D29
14:54:36.304      828852  FFFFFF2BB3FFF  D16,D17,D20,D24,D26,D28,D29
14:54:36.304      828854  FFFFFF83B3FFF  D16,D17,D20,D24,D25,D26,D27,D28
14:54:37.205      829776  FFFFFF87B3FFF  D16,D17,D20,D25,D26,D27,D28
14:54:37.950      830679  FFFFFF83B3FFF  D16,D17,D20,D24,D25,D26,D27,D28
14:54:37.950      830681  FFFFFF8BB3FFF  D16,D17,D20,D24,D26,D27,D28
14:54:38.993      831553  FFFFFF8FB3FFF  D16,D17,D20,D26,D27,D28
14:54:39.924      832465  FFFFFF93B3FFF  D16,D17,D20,D24,D25,D27,D28
14:54:40.833      833380  FFFFFF97B3FFF  D16,D17,D20,D25,D27,D28
14:54:41.762      834291  FFFFFF93B3FFF  D16,D17,D20,D24,D25,D27,D28
14:54:41.762      834293  FFFFFF9BB3FFF  D16,D17,D20,D24,D27,D28
14:54:42.679      835207  FFFFFF9FB3FFF  D16,D17,D20,D27,D28
14:54:43.562      836078  FFFFFFA3B3FFF  D16,D17,D20,D24,D25,D26,D28
14:54:44.537      837043  FFFFFFA7B3FFF  D16,D17,D20,D25,D26,D28
14:54:45.886      838067  FFFFFFA7B3FFF  D16,D17,D20,D25,D26,D28
14:54:45.886      838381  FFFFFFA3B3FFF  D16,D17,D20,D24,D25,D26,D28
14:54:45.887      838383  FFFFFFABB3FFF  D16,D17,D20,D24,D26,D28
14:54:47.027      839733  FFFFFFAFB3FFF  D16,D17,D20,D26,D28
14:54:48.169      840644  FFFFFFA7B3FFF  D16,D17,D20,D25,D26,D28
14:54:48.169      840646  FFFFFFB3B3FFF  D16,D17,D20,D24,D25,D28
14:54:49.076      841559  FFFFFFB7B3FFF  D16,D17,D20,D25,D28
14:54:49.958      842431  FFFFFFBBB3FFF  D16,D17,D20,D24,D28
14:54:50.912      843385  FFFFFFBFB3FFF  D16,D17,D20,D28
14:54:51.811      844257  FFFFFFC3B3FFF  D16,D17,D20,D24,D25,D26,D27
14:54:52.724      845181  FFFFFFC7B3FFF  D16,D17,D20,D25,D26,D27
14:54:53.655      846094  FFFFFFC3B3FFF  D16,D17,D20,D24,D25,D26,D27
14:54:53.655      846098  FFFFFFCBB3FFF  D16,D17,D20,D24,D26,D27
14:54:54.559      847008  FFFFFFCFB3FFF  D16,D17,D20,D26,D27
14:54:55.690      848108  FFFFFFD3B3FFF  D16,D17,D20,D24,D25,D27
14:54:57.080      849499  FFFFFFD7B3FFF  D16,D17,D20,D25,D27
14:54:58.563      850967  FFFFFFD3B3FFF  D16,D17,D20,D24,D25,D27
14:54:58.563      850970  FFFFFFDBB3FFF  D16,D17,D20,D24,D27
14:55:00.039      852448  FFFFFFDFB3FFF  D16,D17,D20,D27
14:55:01.216      853597  FFFFFFCFB3FFF  D16,D17,D20,D26,D27
14:55:01.216      853599  FFFFFFE3B3FFF  D16,D17,D20,D24,D25,D26
14:55:02.137      854621  FFFFFFE7B3FFF  D16,D17,D20,D25,D26
14:55:03.243      855613  FFFFFFE3B3FFF  D16,D17,D20,D24,D25,D26
14:55:03.243      855616  FFFFFFEBB3FFF  D16,D17,D20,D24,D26
14:55:04.569      856934  FFFFFFEFB3FFF  D16,D17,D20,D26
14:55:06.020      858361  FFFFFFE3B3FFF  D16,D17,D20,D24,D25,D26
14:55:06.020      858364  FFFFFFF3B3FFF  D16,D17,D20,D24,D25
14:55:07.926      860139  FFFFFFF7B3FFF  D16,D17,D20,D25
14:55:07.926      860267  FFFFFFF793FFF  D16,D17,D19,D20,D25
14:55:07.926      860269  FFFFFFF7D3FFF  D16,D17,D19,D25
14:55:11.205      863709  FFFFFFF7D7FFF  D17,D19,D25
14:55:23.296      875515  FFFFFFF7F7FFF  D17,D25
14:55:45.990      898056  FFFFFFF7F7FFF  D17,D25
14:56:46.442      958060  FFFFFFF7F7FFF  D17,D25
14:57:16.882      988270  FFFFFFF7D7FFF  D17,D19,D25
14:57:46.879     1018049  FFFFFFF7D7FFF  D17,D19,D25
14:58:47.330     1078048  FFFFFFF7D7FFF  D17,D19,D25
14:59:47.793     1138059  FFFFFFF7D7FFF  D17,D19,D25
15:00:42.198     1192055  FFFFFFF7D3FFF  D16,D17,D19,D25
15:00:46.448     1196274  FFFFFFF3D3FFF  D16,D17,D19,D24,D25
15:00:48.248     1198065  FFFFFFF3D3FFF  D16,D17,D19,D24,D25
15:00:49.717     1199992  FFFFFFF3D7FFF  D17,D19,D24,D25
15:01:00.880     1210597  FFFFFFF3D3FFF  D16,D17,D19,D24,D25
15:01:04.559     1214248  FFFFFFE3D3FFF  D16,D17,D19,D24,D25,D26
15:01:04.559     1214251  FFFFFFEFD3FFF  D16,D17,D19,D26
15:01:06.476     1216154  FFFFFFEBD3FFF  D16,D17,D19,D24,D26
15:01:07.802     1217465  FFFFFFE3D3FFF  D16,D17,D19,D24,D25,D26
15:01:07.802     1217467  FFFFFFE7D3FFF  D16,D17,D19,D25,D26
15:01:08.793     1218457  FFFFFFE3D3FFF  D16,D17,D19,D24,D25,D26
15:01:09.846     1219489  FFFFFFC3D3FFF  D16,D17,D19,D24,D25,D26,D27
15:01:09.846     1219491  FFFFFFDFD3FFF  D16,D17,D19,D27
15:01:10.875     1220681  FFFFFFDBD3FFF  D16,D17,D19,D24,D27
15:01:12.475     1222111  FFFFFFD3D3FFF  D16,D17,D19,D24,D25,D27
15:01:12.476     1222113  FFFFFFD7D3FFF  D16,D17,D19,D25,D27
15:01:13.898     1223579  FFFFFFD3D3FFF  D16,D17,D19,D24,D25,D27
15:01:15.364     1224969  FFFFFFC3D3FFF  D16,D17,D19,D24,D25,D26,D27
15:01:15.364     1224971  FFFFFFCFD3FFF  D16,D17,D19,D26,D27
15:01:16.507     1226121  FFFFFFCBD3FFF  D16,D17,D19,D24,D26,D27
15:01:16.920     1226993  FFFFFFC3D3FFF  D16,D17,D19,D24,D25,D26,D27
15:01:16.920     1226995  FFFFFFC7D3FFF  D16,D17,D19,D25,D26,D27
15:01:18.319     1227907  FFFFFFC3D3FFF  D16,D17,D19,D24,D25,D26,D27
15:01:19.268     1228830  FFFFFFA7D3FFF  D16,D17,D19,D25,D26,D28
15:01:19.268     1228833  FFFFFFBFD3FFF  D16,D17,D19,D28
15:01:19.946     1229733  FFFFFFBBD3FFF  D16,D17,D19,D24,D28
15:01:21.078     1230646  FFFFFFB3D3FFF  D16,D17,D19,D24,D25,D28
15:01:21.078     1230648  FFFFFFB7D3FFF  D16,D17,D19,D25,D28
15:01:21.994     1231560  FFFFFFB3D3FFF  D16,D17,D19,D24,D25,D28
15:01:22.958     1232483  FFFFFFAFD3FFF  D16,D17,D19,D26,D28
15:01:23.799     1233346  FFFFFFABD3FFF  D16,D17,D19,D24,D26,D28
15:01:25.495     1235024  FFFFFFA3D3FFF  D16,D17,D19,D24,D25,D26,D28
15:01:25.495     1235026  FFFFFFA7D3FFF  D16,D17,D19,D25,D26,D28
15:01:29.013     1238822  FFFFFFA7D7FFF  D17,D19,D25,D26,D28
15:01:37.996     1247441  FFFFFFA7F7FFF  D17,D25,D26,D28
15:01:48.694     1258062  FFFFFFA7F7FFF  D17,D25,D26,D28
15:02:49.144     1318064  FFFFFFA7F7FFF  D17,D25,D26,D28
15:03:49.582     1378057  FFFFFFA7F7FFF  D17,D25,D26,D28
15:04:38.082     1426191  FFFFFFA7FFFFF  D25,D26,D28
15:04:38.769     1426868  FFFFFFA7F7FFF  D17,D25,D26,D28
15:04:50.055     1438076  FFFFFFA7F7FFF  D17,D25,D26,D28
15:05:50.475     1498049  FFFFFFA7F7FFF  D17,D25,D26,D28
15:06:50.929     1558052  FFFFFFA7F7FFF  D17,D25,D26,D28
15:07:51.383     1618058  FFFFFFA7F7FFF  D17,D25,D26,D28
15:08:51.832     1678057  FFFFFFA7F7FFF  D17,D25,D26,D28
15:09:01.991     1688143  FFFFFFA7B7FFF  D17,D20,D25,D26,D28
15:09:03.428     1689572  FFFFFFA7B3FFF  D16,D17,D20,D25,D26,D28
15:09:07.644     1693741  FFFFFFA3B3FFF  D16,D17,D20,D24,D25,D26,D28
15:09:07.645     1693743  FFFFFFABB3FFF  D16,D17,D20,D24,D26,D28
15:09:09.357     1695450  FFFFFFAFB3FFF  D16,D17,D20,D26,D28
15:09:10.438     1696520  FFFFFFB3B3FFF  D16,D17,D20,D24,D25,D28
15:09:11.448     1697990  FFFFFFB7B3FFF  D16,D17,D20,D25,D28
15:09:14.470     1700805  FFFFFFB7B7FFF  D17,D20,D25,D28
15:09:24.191     1710178  FFFFFFB7B3FFF  D16,D17,D20,D25,D28
15:09:27.555     1713513  FFFFFFB3B3FFF  D16,D17,D20,D24,D25,D28
15:09:27.556     1713515  FFFFFFBBB3FFF  D16,D17,D20,D24,D28
15:09:29.030     1714983  FFFFFFBFB3FFF  D16,D17,D20,D28
15:09:29.558     1715974  FFFFFFFFB3FFF  D16,D17,D20
15:09:29.558     1715976  FFFFFFC3B3FFF  D16,D17,D20,D24,D25,D26,D27
15:09:30.952     1716888  FFFFFFC7B3FFF  D16,D17,D20,D25,D26,D27
15:09:31.880     1717800  FFFFFFC3B3FFF  D16,D17,D20,D24,D25,D26,D27
15:09:31.881     1717804  FFFFFFCBB3FFF  D16,D17,D20,D24,D26,D27
15:09:32.604     1718725  FFFFFFCFB3FFF  D16,D17,D20,D26,D27
15:09:33.965     1719866  FFFFFFD3B3FFF  D16,D17,D20,D24,D25,D27
15:09:35.361     1721267  FFFFFFD7B3FFF  D16,D17,D20,D25,D27
15:09:36.808     1722694  FFFFFFD3B3FFF  D16,D17,D20,D24,D25,D27
15:09:36.808     1722698  FFFFFFDBB3FFF  D16,D17,D20,D24,D27
15:09:38.270     1724154  FFFFFFDFB3FFF  D16,D17,D20,D27
15:09:39.444     1725304  FFFFFFE3B3FFF  D16,D17,D20,D24,D25,D26
15:09:40.480     1726348  FFFFFFE7B3FFF  D16,D17,D20,D25,D26
15:09:41.471     1727330  FFFFFFEBB3FFF  D16,D17,D20,D24,D26
15:09:42.795     1728642  FFFFFFEFB3FFF  D16,D17,D20,D26
15:09:44.237     1730069  FFFFFFF3B3FFF  D16,D17,D20,D24,D25
15:09:46.165     1731857  FFFFFFF7B3FFF  D16,D17,D20,D25
15:09:46.165     1731975  FFFFFFF793FFF  D16,D17,D19,D20,D25
15:09:46.165     1731977  FFFFFFF7D3FFF  D16,D17,D19,D25
15:09:49.664     1735465  FFFFFFF7D7FFF  D17,D19,D25
15:09:52.291     1738074  FFFFFFF7D7FFF  D17,D19,D25
15:09:58.478     1744204  FFFFFFF7F7FFF  D17,D25
15:10:52.727     1798053  FFFFFFF7F7FFF  D17,D25
15:11:53.195     1858076  FFFFFFF7F7FFF  D17,D25
15:12:12.795     1877764  FFFFFFF7B7FFF  D17,D20,D25
15:12:14.087     1878806  FFFFFFF7B3FFF  D16,D17,D20,D25
15:12:18.162     1882726  FFFFFFF3B3FFF  D16,D17,D20,D24,D25
15:12:18.162     1882728  FFFFFFFBB3FFF  D16,D17,D20,D24
15:12:18.162     1882845  FFFFFFFB93FFF  D16,D17,D19,D20,D24
15:12:18.162     1882849  FFFFFFFBD3FFF  D16,D17,D19,D24
15:12:21.440     1886108  FFFFFFFBD7FFF  D17,D19,D24
15:12:32.194     1896781  FFFFFFFBD3FFF  D16,D17,D19,D24
15:12:36.005     1900563  FFFFFFF3D3FFF  D16,D17,D19,D24,D25
15:12:36.005     1900566  FFFFFFF7D3FFF  D16,D17,D19,D25
15:12:37.986     1902537  FFFFFFF3D3FFF  D16,D17,D19,D24,D25
15:12:39.481     1904007  FFFFFFEFD3FFF  D16,D17,D19,D26
15:12:40.910     1905436  FFFFFFEBD3FFF  D16,D17,D19,D24,D26
15:12:42.206     1906706  FFFFFFE3D3FFF  D16,D17,D19,D24,D25,D26
15:12:42.206     1906708  FFFFFFE7D3FFF  D16,D17,D19,D25,D26
15:12:43.019     1907749  FFFFFFE3D3FFF  D16,D17,D19,D24,D25,D26
15:12:44.250     1908731  FFFFFFCFD3FFF  D16,D17,D19,D26,D27
15:12:44.250     1908736  FFFFFFDFD3FFF  D16,D17,D19,D27
15:12:45.442     1909934  FFFFFFDBD3FFF  D16,D17,D19,D24,D27
15:12:46.932     1911401  FFFFFFD3D3FFF  D16,D17,D19,D24,D25,D27
15:12:46.932     1911404  FFFFFFD7D3FFF  D16,D17,D19,D25,D27
15:12:48.365     1912830  FFFFFFD3D3FFF  D16,D17,D19,D24,D25,D27
15:12:49.770     1914221  FFFFFFCFD3FFF  D16,D17,D19,D26,D27
15:12:50.916     1915371  FFFFFFCBD3FFF  D16,D17,D19,D24,D26,D27
15:12:51.845     1916285  FFFFFFC3D3FFF  D16,D17,D19,D24,D25,D26,D27
15:12:51.845     1916288  FFFFFFC7D3FFF  D16,D17,D19,D25,D26,D27
15:12:52.747     1917189  FFFFFFC3D3FFF  D16,D17,D19,D24,D25,D26,D27
15:12:53.667     1917699  FFFFFFC3D3FFF  D16,D17,D19,D24,D25,D26,D27
15:12:53.667     1918072  FFFFFFAFD3FFF  D16,D17,D19,D26,D28
15:12:53.667     1918075  FFFFFFBFD3FFF  D16,D17,D19,D28
15:12:54.556     1918986  FFFFFFBBD3FFF  D16,D17,D19,D24,D28
15:12:55.103     1919888  FFFFFFB7D3FFF  D16,D17,D19,D25,D28
15:12:56.390     1920801  FFFFFFB3D3FFF  D16,D17,D19,D24,D25,D28
15:12:57.333     1921724  FFFFFFA7D3FFF  D16,D17,D19,D25,D26,D28
15:12:57.333     1921728  FFFFFFAFD3FFF  D16,D17,D19,D26,D28
15:12:58.131     1922638  FFFFFFABD3FFF  D16,D17,D19,D24,D26,D28
15:12:59.592     1923978  FFFFFFA7D3FFF  D16,D17,D19,D25,D26,D28
15:13:00.962     1925338  FFFFFFA3D3FFF  D16,D17,D19,D24,D25,D26,D28
15:13:01.894     1926251  FFFFFF8FD3FFF  D16,D17,D19,D26,D27,D28
15:13:01.894     1926254  FFFFFF9FD3FFF  D16,D17,D19,D27,D28
15:13:02.799     1927153  FFFFFF9BD3FFF  D16,D17,D19,D24,D27,D28
15:13:03.841     1928197  FFFFFF97D3FFF  D16,D17,D19,D25,D27,D28
15:13:05.324     1929665  FFFFFF93D3FFF  D16,D17,D19,D24,D25,D27,D28
15:13:08.269     1932591  FFFFFF93D7FFF  D17,D19,D24,D25,D27,D28
15:13:17.185     1941288  FFFFFF93F7FFF  D17,D24,D25,D27,D28
15:13:17.185     1941447  FFFFFF93D7FFF  D17,D19,D24,D25,D27,D28
15:13:18.235     1942490  FFFFFF93D3FFF  D16,D17,D19,D24,D25,D27,D28
15:13:21.557     1945775  FFFFFF8FD3FFF  D16,D17,D19,D26,D27,D28
15:13:23.041     1947254  FFFFFF8BD3FFF  D16,D17,D19,D24,D26,D27,D28
15:13:24.080     1948275  FFFFFF87D3FFF  D16,D17,D19,D25,D26,D27,D28
15:13:24.999     1949199  FFFFFF83D3FFF  D16,D17,D19,D24,D25,D26,D27,D28
15:13:25.950     1950112  FFFFFF7FD3FFF  D16,D17,D19,D29
15:13:26.835     1951015  FFFFFF7BD3FFF  D16,D17,D19,D24,D29
15:13:27.752     1951928  FFFFFF73D3FFF  D16,D17,D19,D24,D25,D29
15:13:27.752     1951930  FFFFFF77D3FFF  D16,D17,D19,D25,D29
15:13:28.355     1952813  FFFFFF73D3FFF  D16,D17,D19,D24,D25,D29
15:13:29.564     1953716  FFFFFF6FD3FFF  D16,D17,D19,D26,D29
15:13:30.477     1954628  FFFFFF6BD3FFF  D16,D17,D19,D24,D26,D29
15:13:31.373     1955552  FFFFFF67D3FFF  D16,D17,D19,D25,D26,D29
15:13:32.323     1956464  FFFFFF63D3FFF  D16,D17,D19,D24,D25,D26,D29
15:13:33.293     1957419  FFFFFF4FD3FFF  D16,D17,D19,D26,D27,D29
15:13:33.293     1957422  FFFFFF5FD3FFF  D16,D17,D19,D27,D29
15:13:34.235     1958371  FFFFFF5BD3FFF  D16,D17,D19,D24,D27,D29
15:13:35.201     1959323  FFFFFF57D3FFF  D16,D17,D19,D25,D27,D29
15:13:36.227     1960346  FFFFFF53D3FFF  D16,D17,D19,D24,D25,D27,D29
15:13:37.401     1961865  FFFFFF43D3FFF  D16,D17,D19,D24,D25,D26,D27,D29
15:13:37.401     1961867  FFFFFF4FD3FFF  D16,D17,D19,D26,D27,D29
15:13:37.401     1961933  FFFFFF4F93FFF  D16,D17,D19,D20,D26,D27,D29
15:13:37.986     1962094  FFFFFF4FB3FFF  D16,D17,D20,D26,D27,D29
15:13:40.445     1964829  FFFFFF4FB7FFF  D17,D20,D26,D27,D29
15:13:51.514     1975522  FFFFFF4FB3FFF  D16,D17,D20,D26,D27,D29
15:13:53.570     1977554  FFFFFF4FB3FFF  D16,D17,D20,D26,D27,D29
15:13:54.931     1978896  FFFFFF43B3FFF  D16,D17,D20,D24,D25,D26,D27,D29
15:13:54.932     1978898  FFFFFF53B3FFF  D16,D17,D20,D24,D25,D27,D29
15:13:56.436     1980407  FFFFFF57B3FFF  D16,D17,D20,D25,D27,D29
15:13:57.492     1981437  FFFFFF53B3FFF  D16,D17,D20,D24,D25,D27,D29
15:13:57.492     1981440  FFFFFF5BB3FFF  D16,D17,D20,D24,D27,D29
15:13:58.440     1982392  FFFFFF5FB3FFF  D16,D17,D20,D27,D29
15:13:59.418     1983343  FFFFFF63B3FFF  D16,D17,D20,D24,D25,D26,D29
15:14:00.363     1984297  FFFFFF67B3FFF  D16,D17,D20,D25,D26,D29
15:14:01.296     1985210  FFFFFF63B3FFF  D16,D17,D20,D24,D25,D26,D29
15:14:01.296     1985212  FFFFFF6BB3FFF  D16,D17,D20,D24,D26,D29
15:14:02.201     1986124  FFFFFF6FB3FFF  D16,D17,D20,D26,D29
15:14:03.089     1986996  FFFFFF63B3FFF  D16,D17,D20,D24,D25,D26,D29
15:14:03.090     1986998  FFFFFF73B3FFF  D16,D17,D20,D24,D25,D29
15:14:03.996     1987910  FFFFFF77B3FFF  D16,D17,D20,D25,D29
15:14:04.617     1988823  FFFFFF73B3FFF  D16,D17,D20,D24,D25,D29
15:14:04.617     1988825  FFFFFF7BB3FFF  D16,D17,D20,D24,D29
15:14:05.830     1989727  FFFFFF7FB3FFF  D16,D17,D20,D29
15:14:06.782     1990648  FFFFFF83B3FFF  D16,D17,D20,D24,D25,D26,D27,D28
15:14:07.647     1991563  FFFFFF87B3FFF  D16,D17,D20,D25,D26,D27,D28
15:14:08.600     1992465  FFFFFF83B3FFF  D16,D17,D20,D24,D25,D26,D27,D28
15:14:08.600     1992467  FFFFFF8BB3FFF  D16,D17,D20,D24,D26,D27,D28
15:14:09.520     1993379  FFFFFF8FB3FFF  D16,D17,D20,D26,D27,D28
15:14:10.408     1994262  FFFFFF93B3FFF  D16,D17,D20,D24,D25,D27,D28
15:14:11.324     1995176  FFFFFF97B3FFF  D16,D17,D20,D25,D27,D28
15:14:12.243     1996078  FFFFFF93B3FFF  D16,D17,D20,D24,D25,D27,D28
15:14:12.243     1996080  FFFFFF9BB3FFF  D16,D17,D20,D24,D27,D28
15:14:13.167     1997002  FFFFFF9FB3FFF  D16,D17,D20,D27,D28
15:14:13.675     1997915  FFFFFFA3B3FFF  D16,D17,D20,D24,D25,D26,D28
15:14:14.995     1998829  FFFFFFA7B3FFF  D16,D17,D20,D25,D26,D28
15:14:16.365     2000177  FFFFFFA3B3FFF  D16,D17,D20,D24,D25,D26,D28
15:14:16.365     2000179  FFFFFFABB3FFF  D16,D17,D20,D24,D26,D28
15:14:17.723     2001528  FFFFFFAFB3FFF  D16,D17,D20,D26,D28
15:14:18.637     2002429  FFFFFFA3B3FFF  D16,D17,D20,D24,D25,D26,D28
15:14:18.637     2002434  FFFFFFB3B3FFF  D16,D17,D20,D24,D25,D28
15:14:19.562     2003355  FFFFFFB7B3FFF  D16,D17,D20,D25,D28
15:14:20.491     2004267  FFFFFFB3B3FFF  D16,D17,D20,D24,D25,D28
15:14:20.491     2004269  FFFFFFBBB3FFF  D16,D17,D20,D24,D28
15:14:21.406     2005181  FFFFFFBFB3FFF  D16,D17,D20,D28
15:14:22.335     2006083  FFFFFFC3B3FFF  D16,D17,D20,D24,D25,D26,D27
15:14:23.279     2007046  FFFFFFC7B3FFF  D16,D17,D20,D25,D26,D27
15:14:24.120     2007869  FFFFFFC3B3FFF  D16,D17,D20,D24,D25,D26,D27
15:14:24.120     2007872  FFFFFFCBB3FFF  D16,D17,D20,D24,D26,D27
15:14:25.035     2008783  FFFFFFCFB3FFF  D16,D17,D20,D26,D27
15:14:25.768     2009944  FFFFFFC7B3FFF  D16,D17,D20,D25,D26,D27
15:14:25.768     2009946  FFFFFFD3B3FFF  D16,D17,D20,D24,D25,D27
15:14:27.600     2011325  FFFFFFD7B3FFF  D16,D17,D20,D25,D27
15:14:28.799     2012753  FFFFFFDBB3FFF  D16,D17,D20,D24,D27
15:14:30.519     2014223  FFFFFFDFB3FFF  D16,D17,D20,D27
15:14:31.740     2015423  FFFFFFE3B3FFF  D16,D17,D20,D24,D25,D26
15:14:32.719     2016407  FFFFFFE7B3FFF  D16,D17,D20,D25,D26
15:14:33.773     2017449  FFFFFFEBB3FFF  D16,D17,D20,D24,D26
15:14:34.849     2018721  FFFFFFEFB3FFF  D16,D17,D20,D26
15:14:36.492     2020148  FFFFFFE7B3FFF  D16,D17,D20,D25,D26
15:14:36.492     2020150  FFFFFFF3B3FFF  D16,D17,D20,D24,D25
15:14:37.872     2021965  FFFFFFF7B3FFF  D16,D17,D20,D25
15:14:38.485     2022123  FFFFFFF793FFF  D16,D17,D19,D20,D25
15:14:38.485     2022126  FFFFFFF7D3FFF  D16,D17,D19,D25
15:14:41.945     2025574  FFFFFFF7D7FFF  D17,D19,D25
15:14:50.800     2034353  FFFFFFF7F7FFF  D17,D25
15:14:54.023     2037560  FFFFFFF7F7FFF  D17,D25
15:15:54.467     2097554  FFFFFFF7F7FFF  D17,D25
15:16:37.665     2140437  FFFFFFF7B7FFF  D17,D20,D25
15:16:38.711     2141470  FFFFFFF7B3FFF  D16,D17,D20,D25
15:16:42.791     2145440  FFFFFFF3B3FFF  D16,D17,D20,D24,D25
15:16:42.792     2145442  FFFFFFFBB3FFF  D16,D17,D20,D24
15:16:42.805     2145519  FFFFFFFBD3FFF  D16,D17,D19,D24
15:16:46.105     2148812  FFFFFFFBD7FFF  D17,D19,D24
15:16:54.916     2157556  FFFFFFFBD7FFF  D17,D19,D24
15:16:56.865     2159496  FFFFFFFBD3FFF  D16,D17,D19,D24
15:17:00.683     2163266  FFFFFFF3D3FFF  D16,D17,D19,D24,D25
15:17:00.683     2163268  FFFFFFF7D3FFF  D16,D17,D19,D25
15:17:02.664     2165252  FFFFFFF3D3FFF  D16,D17,D19,D24,D25
15:17:04.167     2166721  FFFFFFE3D3FFF  D16,D17,D19,D24,D25,D26
15:17:04.167     2166723  FFFFFFEFD3FFF  D16,D17,D19,D26
15:17:05.596     2168151  FFFFFFEBD3FFF  D16,D17,D19,D24,D26
15:17:06.921     2169460  FFFFFFE3D3FFF  D16,D17,D19,D24,D25,D26
15:17:06.921     2169462  FFFFFFE7D3FFF  D16,D17,D19,D25,D26
15:17:07.988     2170532  FFFFFFE3D3FFF  D16,D17,D19,D24,D25,D26
15:17:09.614     2172121  FFFFFFC3D3FFF  D16,D17,D19,D24,D25,D26,D27
15:17:09.614     2172123  FFFFFFDFD3FFF  D16,D17,D19,D27
15:17:12.628     2175135  FFFFFFDFD7FFF  D17,D19,D27

===== capture started 2026-08-08 15:17:23 =====
--- armed, watch mode confirmed 15:17:27 ---
15:17:27.819        3295  FFFFFFDFD3FFF  D16,D17,D19,D27
15:17:30.510        5964  FFFFFFDBD3FFF  D16,D17,D19,D24,D27
15:17:32.393        7830  FFFFFFD3D3FFF  D16,D17,D19,D24,D25,D27
15:17:32.393        7832  FFFFFFD7D3FFF  D16,D17,D19,D25,D27
15:17:33.868        9298  FFFFFFD3D3FFF  D16,D17,D19,D24,D25,D27
15:17:35.263       10688  FFFFFFC3D3FFF  D16,D17,D19,D24,D25,D26,D27
15:17:35.263       10690  FFFFFFCFD3FFF  D16,D17,D19,D26,D27
15:17:36.391       11800  FFFFFFCBD3FFF  D16,D17,D19,D24,D26,D27
15:17:37.305       12715  FFFFFFC3D3FFF  D16,D17,D19,D24,D25,D26,D27
15:17:37.307       12716  FFFFFFC7D3FFF  D16,D17,D19,D25,D26,D27
15:17:38.220       13627  FFFFFFC3D3FFF  D16,D17,D19,D24,D25,D26,D27
15:17:39.149       14540  FFFFFF83D3FFF  D16,D17,D19,D24,D25,D26,D27,D28
15:17:39.149       14541  FFFFFFAFD3FFF  D16,D17,D19,D26,D28
15:17:39.149       14543  FFFFFFBFD3FFF  D16,D17,D19,D28
15:17:40.064       15453  FFFFFFBBD3FFF  D16,D17,D19,D24,D28
15:17:40.980       16365  FFFFFFB3D3FFF  D16,D17,D19,D24,D25,D28
15:17:40.981       16367  FFFFFFB7D3FFF  D16,D17,D19,D25,D28
15:17:41.913       17280  FFFFFFB3D3FFF  D16,D17,D19,D24,D25,D28
15:17:42.828       18192  FFFFFFA3D3FFF  D16,D17,D19,D24,D25,D26,D28
15:17:42.828       18194  FFFFFFA7D3FFF  D16,D17,D19,D25,D26,D28
15:17:42.828       18196  FFFFFFAFD3FFF  D16,D17,D19,D26,D28
15:17:43.710       19065  FFFFFFABD3FFF  D16,D17,D19,D24,D26,D28
15:17:45.114       20456  FFFFFFA3D3FFF  D16,D17,D19,D24,D25,D26,D28
15:17:45.114       20457  FFFFFFA7D3FFF  D16,D17,D19,D25,D26,D28
15:17:46.461       21806  FFFFFFA3D3FFF  D16,D17,D19,D24,D25,D26,D28
15:17:47.394       22719  FFFFFF83D3FFF  D16,D17,D19,D24,D25,D26,D27,D28
15:17:47.394       22721  FFFFFF8FD3FFF  D16,D17,D19,D26,D27,D28
15:17:47.394       22722  FFFFFF9FD3FFF  D16,D17,D19,D27,D28
15:17:48.303       23631  FFFFFF9BD3FFF  D16,D17,D19,D24,D27,D28
15:17:49.222       24546  FFFFFF93D3FFF  D16,D17,D19,D24,D25,D27,D28
15:17:49.222       24547  FFFFFF97D3FFF  D16,D17,D19,D25,D27,D28
15:17:50.111       25418  FFFFFF93D3FFF  D16,D17,D19,D24,D25,D27,D28
15:17:51.030       26332  FFFFFF83D3FFF  D16,D17,D19,D24,D25,D26,D27,D28
15:17:51.030       26333  FFFFFF8FD3FFF  D16,D17,D19,D26,D27,D28
15:17:51.947       27244  FFFFFF8BD3FFF  D16,D17,D19,D24,D26,D27,D28
15:17:52.863       28157  FFFFFF83D3FFF  D16,D17,D19,D24,D25,D26,D27,D28
15:17:52.863       28160  FFFFFF87D3FFF  D16,D17,D19,D25,D26,D27,D28
15:17:53.789       29071  FFFFFF83D3FFF  D16,D17,D19,D24,D25,D26,D27,D28
15:17:54.711       29984  FFFFFF43D3FFF  D16,D17,D19,D24,D25,D26,D27,D29
15:17:54.711       29985  FFFFFF6FD3FFF  D16,D17,D19,D26,D29
15:17:54.711       29987  FFFFFF7FD3FFF  D16,D17,D19,D29
15:17:55.619       30897  FFFFFF7BD3FFF  D16,D17,D19,D24,D29
15:17:56.674       31929  FFFFFF73D3FFF  D16,D17,D19,D24,D25,D29
15:17:56.674       31931  FFFFFF77D3FFF  D16,D17,D19,D25,D29
15:17:58.151       33398  FFFFFF73D3FFF  D16,D17,D19,D24,D25,D29
15:18:01.187       36334  FFFFFF73D7FFF  D17,D19,D24,D25,D29
15:18:01.187       36417  FFFFFF73F7FFF  D17,D24,D25,D29
15:18:23.914       58983  FFFFFF73F7FFF  D17,D24,D25,D29
15:18:50.626       85488  FFFFFF73B7FFF  D17,D20,D24,D25,D29
15:18:51.632       86481  FFFFFF73B3FFF  D16,D17,D20,D24,D25,D29
15:18:54.951       89788  FFFFFF77B3FFF  D16,D17,D20,D25,D29
15:18:56.431       91246  FFFFFF73B3FFF  D16,D17,D20,D24,D25,D29
15:18:56.431       91247  FFFFFF7BB3FFF  D16,D17,D20,D24,D29
15:18:57.474       92279  FFFFFF7FB3FFF  D16,D17,D20,D29
15:18:58.403       93201  FFFFFF23B3FFF  D16,D17,D20,D24,D25,D26,D28,D29
15:18:58.404       93203  FFFFFF83B3FFF  D16,D17,D20,D24,D25,D26,D27,D28
15:18:59.274       94066  FFFFFF87B3FFF  D16,D17,D20,D25,D26,D27,D28
15:19:00.188       94978  FFFFFF83B3FFF  D16,D17,D20,D24,D25,D26,D27,D28
15:19:00.188       94980  FFFFFF8BB3FFF  D16,D17,D20,D24,D26,D27,D28
15:19:01.102       95892  FFFFFF8FB3FFF  D16,D17,D20,D26,D27,D28
15:19:02.031       96804  FFFFFF83B3FFF  D16,D17,D20,D24,D25,D26,D27,D28
15:19:02.031       96807  FFFFFF93B3FFF  D16,D17,D20,D24,D25,D27,D28
15:19:02.960       97729  FFFFFF97B3FFF  D16,D17,D20,D25,D27,D28
15:19:03.861       98630  FFFFFF93B3FFF  D16,D17,D20,D24,D25,D27,D28
15:19:03.861       98632  FFFFFF9BB3FFF  D16,D17,D20,D24,D27,D28
15:19:04.791       99545  FFFFFF9FB3FFF  D16,D17,D20,D27,D28
15:19:05.660      100416  FFFFFF87B3FFF  D16,D17,D20,D25,D26,D27,D28
15:19:05.660      100418  FFFFFFA3B3FFF  D16,D17,D20,D24,D25,D26,D28
15:19:06.585      101331  FFFFFFA7B3FFF  D16,D17,D20,D25,D26,D28
15:19:07.986      102720  FFFFFFA3B3FFF  D16,D17,D20,D24,D25,D26,D28
15:19:07.986      102722  FFFFFFABB3FFF  D16,D17,D20,D24,D26,D28
15:19:09.344      104071  FFFFFFAFB3FFF  D16,D17,D20,D26,D28
15:19:10.273      104983  FFFFFFA3B3FFF  D16,D17,D20,D24,D25,D26,D28
15:19:10.273      104986  FFFFFFB3B3FFF  D16,D17,D20,D24,D25,D28
15:19:11.191      105897  FFFFFFB7B3FFF  D16,D17,D20,D25,D28
15:19:12.110      106809  FFFFFFB3B3FFF  D16,D17,D20,D24,D25,D28
15:19:12.111      106811  FFFFFFBBB3FFF  D16,D17,D20,D24,D28
15:19:12.980      107683  FFFFFFBFB3FFF  D16,D17,D20,D28
15:19:13.909      108596  FFFFFFB7B3FFF  D16,D17,D20,D25,D28
15:19:13.909      108597  FFFFFFC3B3FFF  D16,D17,D20,D24,D25,D26,D27
15:19:14.827      109510  FFFFFFC7B3FFF  D16,D17,D20,D25,D26,D27
15:19:15.745      110423  FFFFFFC3B3FFF  D16,D17,D20,D24,D25,D26,D27
15:19:15.745      110425  FFFFFFCBB3FFF  D16,D17,D20,D24,D26,D27
15:19:16.630      111307  FFFFFFCFB3FFF  D16,D17,D20,D26,D27
15:19:17.790      112447  FFFFFFC3B3FFF  D16,D17,D20,D24,D25,D26,D27
15:19:17.791      112450  FFFFFFD3B3FFF  D16,D17,D20,D24,D25,D27
15:19:19.183      113838  FFFFFFD7B3FFF  D16,D17,D20,D25,D27
15:19:20.663      115305  FFFFFFD3B3FFF  D16,D17,D20,D24,D25,D27
15:19:20.664      115307  FFFFFFDBB3FFF  D16,D17,D20,D24,D27
15:19:22.101      116736  FFFFFFDFB3FFF  D16,D17,D20,D27
15:19:23.303      117925  FFFFFFC3B3FFF  D16,D17,D20,D24,D25,D26,D27
15:19:23.304      117927  FFFFFFE3B3FFF  D16,D17,D20,D24,D25,D26
15:19:24.353      118931  FFFFFFE3B3FFF  D16,D17,D20,D24,D25,D26
15:19:24.353      118960  FFFFFFE7B3FFF  D16,D17,D20,D25,D26
15:19:25.343      119951  FFFFFFE3B3FFF  D16,D17,D20,D24,D25,D26
15:19:25.343      119953  FFFFFFEBB3FFF  D16,D17,D20,D24,D26
15:19:26.634      121233  FFFFFFEFB3FFF  D16,D17,D20,D26
15:19:28.113      122690  FFFFFFE3B3FFF  D16,D17,D20,D24,D25,D26
15:19:28.113      122693  FFFFFFF3B3FFF  D16,D17,D20,D24,D25
15:19:29.982      124488  FFFFFFF7B3FFF  D16,D17,D20,D25
15:19:29.982      124556  FFFFFFF793FFF  D16,D17,D19,D20,D25
15:19:29.982      124558  FFFFFFF7D3FFF  D16,D17,D19,D25
15:19:33.665      128087  FFFFFFF7D7FFF  D17,D19,D25
15:19:33.665      128210  FFFFFFF7F7FFF  D17,D25
15:20:24.242      178404  FFFFFFF7D7FFF  D17,D19,D25
15:20:24.757      178919  FFFFFFF7D7FFF  D17,D19,D25
15:20:37.756      191823  FFFFFFF7D3FFF  D16,D17,D19,D25
15:20:41.832      195863  FFFFFFF3D3FFF  D16,D17,D19,D24,D25
15:20:43.636      197659  FFFFFFE3D3FFF  D16,D17,D19,D24,D25,D26
15:20:43.636      197660  FFFFFFEFD3FFF  D16,D17,D19,D26
15:20:45.111      199118  FFFFFFEBD3FFF  D16,D17,D19,D24,D26
15:20:46.393      200398  FFFFFFE3D3FFF  D16,D17,D19,D24,D25,D26
15:20:46.394      200400  FFFFFFE7D3FFF  D16,D17,D19,D25,D26
15:20:47.392      201381  FFFFFFE3D3FFF  D16,D17,D19,D24,D25,D26
15:20:48.446      202424  FFFFFFC3D3FFF  D16,D17,D19,D24,D25,D26,D27
15:20:48.447      202426  FFFFFFCFD3FFF  D16,D17,D19,D26,D27
15:20:48.447      202427  FFFFFFDFD3FFF  D16,D17,D19,D27
15:20:49.624      203604  FFFFFFDBD3FFF  D16,D17,D19,D24,D27
15:20:51.070      205034  FFFFFFD3D3FFF  D16,D17,D19,D24,D25,D27
15:20:51.070      205036  FFFFFFD7D3FFF  D16,D17,D19,D25,D27
15:20:52.546      206503  FFFFFFD3D3FFF  D16,D17,D19,D24,D25,D27
15:20:53.950      207892  FFFFFFC3D3FFF  D16,D17,D19,D24,D25,D26,D27
15:20:53.950      207894  FFFFFFCFD3FFF  D16,D17,D19,D26,D27
15:20:55.123      209054  FFFFFFCBD3FFF  D16,D17,D19,D24,D26,D27
15:20:56.112      210046  FFFFFFC3D3FFF  D16,D17,D19,D24,D25,D26,D27
15:20:56.112      210048  FFFFFFC7D3FFF  D16,D17,D19,D25,D26,D27
15:20:57.599      211516  FFFFFFC3D3FFF  D16,D17,D19,D24,D25,D26,D27
15:21:00.590      214491  FFFFFFC3D7FFF  D17,D19,D24,D25,D26,D27
15:21:10.198      224022  FFFFFFC3D3FFF  D16,D17,D19,D24,D25,D26,D27
15:21:13.520      227317  FFFFFF83D3FFF  D16,D17,D19,D24,D25,D26,D27,D28
15:21:13.521      227319  FFFFFFAFD3FFF  D16,D17,D19,D26,D28
15:21:13.521      227321  FFFFFFBFD3FFF  D16,D17,D19,D28
15:21:14.999      228787  FFFFFFBBD3FFF  D16,D17,D19,D24,D28
15:21:16.117      229898  FFFFFFB3D3FFF  D16,D17,D19,D24,D25,D28
15:21:16.117      229900  FFFFFFB7D3FFF  D16,D17,D19,D25,D28
15:21:17.188      230970  FFFFFFB3D3FFF  D16,D17,D19,D24,D25,D28
15:21:18.670      232429  FFFFFFA3D3FFF  D16,D17,D19,D24,D25,D26,D28
15:21:18.670      232431  FFFFFFAFD3FFF  D16,D17,D19,D26,D28
15:21:21.617      235364  FFFFFFAFD7FFF  D17,D19,D26,D28
15:21:25.175      238884  FFFFFFAFD7FFF  D17,D19,D26,D28
15:21:31.422      245094  FFFFFFAF97FFF  D17,D19,D20,D26,D28
15:21:31.422      245096  FFFFFFAFB7FFF  D17,D20,D26,D28
15:21:32.381      246047  FFFFFFAFB3FFF  D16,D17,D20,D26,D28
15:21:35.750      249392  FFFFFFA3B3FFF  D16,D17,D20,D24,D25,D26,D28
15:21:35.750      249395  FFFFFFB3B3FFF  D16,D17,D20,D24,D25,D28
15:21:37.244      250862  FFFFFFB7B3FFF  D16,D17,D20,D25,D28
15:21:38.232      251853  FFFFFFB3B3FFF  D16,D17,D20,D24,D25,D28
15:21:38.232      251855  FFFFFFBBB3FFF  D16,D17,D20,D24,D28
15:21:39.179      252797  FFFFFFBFB3FFF  D16,D17,D20,D28
15:21:40.063      253669  FFFFFFA3B3FFF  D16,D17,D20,D24,D25,D26,D28
15:21:40.063      253671  FFFFFFC3B3FFF  D16,D17,D20,D24,D25,D26,D27
15:21:40.978      254584  FFFFFFC7B3FFF  D16,D17,D20,D25,D26,D27
15:21:41.904      255497  FFFFFFC3B3FFF  D16,D17,D20,D24,D25,D26,D27
15:21:41.904      255499  FFFFFFCBB3FFF  D16,D17,D20,D24,D26,D27
15:21:42.831      256420  FFFFFFCFB3FFF  D16,D17,D20,D26,D27
15:21:43.956      257531  FFFFFFC3B3FFF  D16,D17,D20,D24,D25,D26,D27
15:21:43.956      257534  FFFFFFD3B3FFF  D16,D17,D20,D24,D25,D27
15:21:45.400      258961  FFFFFFD7B3FFF  D16,D17,D20,D25,D27
15:21:46.831      260389  FFFFFFD3B3FFF  D16,D17,D20,D24,D25,D27
15:21:46.831      260391  FFFFFFDBB3FFF  D16,D17,D20,D24,D27
15:21:48.311      261850  FFFFFFDFB3FFF  D16,D17,D20,D27
15:21:49.502      263038  FFFFFFD7B3FFF  D16,D17,D20,D25,D27
15:21:49.502      263041  FFFFFFE3B3FFF  D16,D17,D20,D24,D25,D26
15:21:50.523      264043  FFFFFFE7B3FFF  D16,D17,D20,D25,D26
15:21:51.511      265025  FFFFFFE3B3FFF  D16,D17,D20,D24,D25,D26
15:21:51.512      265027  FFFFFFEBB3FFF  D16,D17,D20,D24,D26
15:21:52.832      266336  FFFFFFEFB3FFF  D16,D17,D20,D26
15:21:54.268      267763  FFFFFFE7B3FFF  D16,D17,D20,D25,D26
15:21:54.268      267765  FFFFFFE3B3FFF  D16,D17,D20,D24,D25,D26
15:21:54.269      267767  FFFFFFF3B3FFF  D16,D17,D20,D24,D25
15:21:56.225      269552  FFFFFFF7B3FFF  D16,D17,D20,D25
15:21:56.225      269709  FFFFFFF793FFF  D16,D17,D19,D20,D25
15:21:56.225      269711  FFFFFFF7D3FFF  D16,D17,D19,D25
15:21:59.667      273122  FFFFFFF7D7FFF  D17,D19,D25
15:22:11.268      284639  FFFFFFF7F7FFF  D17,D25
15:22:13.821      287178  FFFFFFF7D7FFF  D17,D19,D25
15:22:25.433      298707  FFFFFFF7D7FFF  D17,D19,D25
15:22:27.349      300599  FFFFFFF7D3FFF  D16,D17,D19,D25
15:22:31.423      304649  FFFFFFF3D3FFF  D16,D17,D19,D24,D25
15:22:33.230      306445  FFFFFFE3D3FFF  D16,D17,D19,D24,D25,D26
15:22:33.230      306447  FFFFFFEFD3FFF  D16,D17,D19,D26
15:22:34.681      307874  FFFFFFEBD3FFF  D16,D17,D19,D24,D26
15:22:35.991      309174  FFFFFFE3D3FFF  D16,D17,D19,D24,D25,D26
15:22:35.991      309176  FFFFFFE7D3FFF  D16,D17,D19,D25,D26
15:22:36.981      310167  FFFFFFE3D3FFF  D16,D17,D19,D24,D25,D26
15:22:38.042      311211  FFFFFFC3D3FFF  D16,D17,D19,D24,D25,D26,D27
15:22:38.043      311212  FFFFFFCFD3FFF  D16,D17,D19,D26,D27
15:22:38.043      311214  FFFFFFDFD3FFF  D16,D17,D19,D27
15:22:39.189      312350  FFFFFFDBD3FFF  D16,D17,D19,D24,D27
15:22:40.666      313820  FFFFFFD3D3FFF  D16,D17,D19,D24,D25,D27
15:22:40.666      313821  FFFFFFD7D3FFF  D16,D17,D19,D25,D27
15:22:42.145      315288  FFFFFFD3D3FFF  D16,D17,D19,D24,D25,D27
15:22:43.550      316678  FFFFFFC3D3FFF  D16,D17,D19,D24,D25,D26,D27
15:22:43.550      316680  FFFFFFCFD3FFF  D16,D17,D19,D26,D27
15:22:44.660      317790  FFFFFFCBD3FFF  D16,D17,D19,D24,D26,D27
15:22:45.594      318703  FFFFFFC3D3FFF  D16,D17,D19,D24,D25,D26,D27
15:22:45.594      318705  FFFFFFC7D3FFF  D16,D17,D19,D25,D26,D27
15:22:46.510      319627  FFFFFFC3D3FFF  D16,D17,D19,D24,D25,D26,D27
15:22:47.422      320529  FFFFFF83D3FFF  D16,D17,D19,D24,D25,D26,D27,D28
15:22:47.422      320531  FFFFFFAFD3FFF  D16,D17,D19,D26,D28
15:22:47.423      320533  FFFFFFBFD3FFF  D16,D17,D19,D28
15:22:48.341      321442  FFFFFFBBD3FFF  D16,D17,D19,D24,D28
15:22:49.260      322355  FFFFFFB3D3FFF  D16,D17,D19,D24,D25,D28
15:22:49.260      322357  FFFFFFB7D3FFF  D16,D17,D19,D25,D28
15:22:50.141      323229  FFFFFFB3D3FFF  D16,D17,D19,D24,D25,D28
15:22:51.073      324143  FFFFFFA3D3FFF  D16,D17,D19,D24,D25,D26,D28
15:22:51.073      324144  FFFFFFAFD3FFF  D16,D17,D19,D26,D28
15:22:51.979      325056  FFFFFFABD3FFF  D16,D17,D19,D24,D26,D28
15:22:53.399      326455  FFFFFFA3D3FFF  D16,D17,D19,D24,D25,D26,D28
15:22:53.399      326457  FFFFFFA7D3FFF  D16,D17,D19,D25,D26,D28
15:22:54.863      327914  FFFFFFA3D3FFF  D16,D17,D19,D24,D25,D26,D28
15:22:56.356      329383  FFFFFF83D3FFF  D16,D17,D19,D24,D25,D26,D27,D28
15:22:56.356      329384  FFFFFF8FD3FFF  D16,D17,D19,D26,D27,D28
15:22:56.356      329387  FFFFFF9FD3FFF  D16,D17,D19,D27,D28
15:22:59.308      332328  FFFFFF9FD7FFF  D17,D19,D27,D28
15:23:08.071      341017  FFFFFF9FF7FFF  D17,D27,D28
15:23:10.626      343557  FFFFFF9FD7FFF  D17,D19,D27,D28
15:23:11.619      344550  FFFFFF9FD3FFF  D16,D17,D19,D27,D28
15:23:14.903      347805  FFFFFF9BD3FFF  D16,D17,D19,D24,D27,D28
15:23:16.388      349275  FFFFFF93D3FFF  D16,D17,D19,D24,D25,D27,D28
15:23:16.388      349276  FFFFFF97D3FFF  D16,D17,D19,D25,D27,D28
15:23:17.427      350307  FFFFFF93D3FFF  D16,D17,D19,D24,D25,D27,D28
15:23:18.357      351229  FFFFFF83D3FFF  D16,D17,D19,D24,D25,D26,D27,D28
15:23:18.357      351232  FFFFFF8FD3FFF  D16,D17,D19,D26,D27,D28
15:23:19.260      352133  FFFFFF8BD3FFF  D16,D17,D19,D24,D26,D27,D28
15:23:20.188      353045  FFFFFF83D3FFF  D16,D17,D19,D24,D25,D26,D27,D28
15:23:20.188      353047  FFFFFF87D3FFF  D16,D17,D19,D25,D26,D27,D28
15:23:21.105      353958  FFFFFF83D3FFF  D16,D17,D19,D24,D25,D26,D27,D28
15:23:22.041      354882  FFFFFF03D3FFF  D16,D17,D19,D24,D25,D26,D27,D28,D29
15:23:22.042      354884  FFFFFF67D3FFF  D16,D17,D19,D25,D26,D29
15:23:22.042      354885  FFFFFF7FD3FFF  D16,D17,D19,D29
15:23:22.899      355745  FFFFFF7BD3FFF  D16,D17,D19,D24,D29
15:23:23.955      356789  FFFFFF73D3FFF  D16,D17,D19,D24,D25,D29
15:23:23.956      356790  FFFFFF77D3FFF  D16,D17,D19,D25,D29
15:23:25.424      358247  FFFFFF73D3FFF  D16,D17,D19,D24,D25,D29
15:23:25.940      358755  FFFFFF73D3FFF  D16,D17,D19,D24,D25,D29
15:23:28.543      361222  FFFFFF73D7FFF  D17,D19,D24,D25,D29
15:23:28.543      361345  FFFFFF73F7FFF  D17,D24,D25,D29
15:24:26.106      418484  FFFFFF73F7FFF  D17,D24,D25,D29
15:25:13.987      466000  FFFFFF73B7FFF  D17,D20,D24,D25,D29
15:25:14.981      466993  FFFFFF73B3FFF  D16,D17,D20,D24,D25,D29
15:25:18.301      470289  FFFFFF77B3FFF  D16,D17,D20,D25,D29
15:25:19.783      471757  FFFFFF73B3FFF  D16,D17,D20,D24,D25,D29
15:25:19.784      471759  FFFFFF7BB3FFF  D16,D17,D20,D24,D29
15:25:20.785      472751  FFFFFF7FB3FFF  D16,D17,D20,D29
15:25:21.744      473702  FFFFFF07B3FFF  D16,D17,D20,D25,D26,D27,D28,D29
15:25:21.744      473704  FFFFFF83B3FFF  D16,D17,D20,D24,D25,D26,D27,D28
15:25:22.673      474617  FFFFFF87B3FFF  D16,D17,D20,D25,D26,D27,D28
15:25:23.553      475489  FFFFFF83B3FFF  D16,D17,D20,D24,D25,D26,D27,D28
15:25:23.553      475491  FFFFFF8BB3FFF  D16,D17,D20,D24,D26,D27,D28
15:25:24.465      476403  FFFFFF8FB3FFF  D16,D17,D20,D26,D27,D28
15:25:25.382      477315  FFFFFF87B3FFF  D16,D17,D20,D25,D26,D27,D28
15:25:25.382      477317  FFFFFF83B3FFF  D16,D17,D20,D24,D25,D26,D27,D28
15:25:25.382      477319  FFFFFF93B3FFF  D16,D17,D20,D24,D25,D27,D28
15:25:26.311      478229  FFFFFF97B3FFF  D16,D17,D20,D25,D27,D28
15:25:26.826      478744  FFFFFF97B3FFF  D16,D17,D20,D25,D27,D28
15:25:27.344      479261  FFFFFF93B3FFF  D16,D17,D20,D24,D25,D27,D28
15:25:27.344      479262  FFFFFF9BB3FFF  D16,D17,D20,D24,D27,D28
15:25:28.826      480731  FFFFFF9FB3FFF  D16,D17,D20,D27,D28
15:25:31.660      483546  FFFFFF9FB7FFF  D17,D20,D27,D28
15:25:43.312      495102  FFFFFF9FB3FFF  D16,D17,D20,D27,D28
15:25:46.626      498397  FFFFFF8FB3FFF  D16,D17,D20,D26,D27,D28
15:25:46.626      498399  FFFFFFA3B3FFF  D16,D17,D20,D24,D25,D26,D28
15:25:48.123      499877  FFFFFFA7B3FFF  D16,D17,D20,D25,D26,D28
15:25:49.589      501336  FFFFFFA3B3FFF  D16,D17,D20,D24,D25,D26,D28
15:25:49.590      501338  FFFFFFABB3FFF  D16,D17,D20,D24,D26,D28
15:25:50.944      502686  FFFFFFAFB3FFF  D16,D17,D20,D26,D28
15:25:51.872      503598  FFFFFFA7B3FFF  D16,D17,D20,D25,D26,D28
15:25:51.873      503600  FFFFFFA3B3FFF  D16,D17,D20,D24,D25,D26,D28
15:25:51.873      503602  FFFFFFB3B3FFF  D16,D17,D20,D24,D25,D28
15:25:52.788      504513  FFFFFFB7B3FFF  D16,D17,D20,D25,D28
15:25:53.716      505436  FFFFFFB3B3FFF  D16,D17,D20,D24,D25,D28
15:25:53.716      505437  FFFFFFBBB3FFF  D16,D17,D20,D24,D28
15:25:54.633      506339  FFFFFFBFB3FFF  D16,D17,D20,D28
15:25:55.499      507210  FFFFFFB7B3FFF  D16,D17,D20,D25,D28
15:25:55.499      507212  FFFFFFC3B3FFF  D16,D17,D20,D24,D25,D26,D27
15:25:56.459      508166  FFFFFFC7B3FFF  D16,D17,D20,D25,D26,D27
15:25:57.342      509038  FFFFFFC3B3FFF  D16,D17,D20,D24,D25,D26,D27
15:25:57.343      509039  FFFFFFCBB3FFF  D16,D17,D20,D24,D26,D27
15:25:58.272      509952  FFFFFFCFB3FFF  D16,D17,D20,D26,D27
15:25:59.430      511102  FFFFFFC3B3FFF  D16,D17,D20,D24,D25,D26,D27
15:25:59.430      511106  FFFFFFD3B3FFF  D16,D17,D20,D24,D25,D27
15:26:00.831      512493  FFFFFFD7B3FFF  D16,D17,D20,D25,D27
15:26:02.306      513960  FFFFFFD3B3FFF  D16,D17,D20,D24,D25,D27
15:26:02.306      513963  FFFFFFDBB3FFF  D16,D17,D20,D24,D27
15:26:03.749      515391  FFFFFFDFB3FFF  D16,D17,D20,D27
15:26:04.958      516591  FFFFFFC3B3FFF  D16,D17,D20,D24,D25,D26,D27
15:26:04.958      516593  FFFFFFE3B3FFF  D16,D17,D20,D24,D25,D26
15:26:05.948      517574  FFFFFFE7B3FFF  D16,D17,D20,D25,D26
15:26:06.952      518566  FFFFFFE3B3FFF  D16,D17,D20,D24,D25,D26
15:26:06.952      518567  FFFFFFEBB3FFF  D16,D17,D20,D24,D26
15:26:08.263      519878  FFFFFFEFB3FFF  D16,D17,D20,D26
15:26:09.711      521306  FFFFFFE7B3FFF  D16,D17,D20,D25,D26
15:26:09.711      521307  FFFFFFE3B3FFF  D16,D17,D20,D24,D25,D26
15:26:09.711      521309  FFFFFFF3B3FFF  D16,D17,D20,D24,D25
15:26:11.591      523094  FFFFFFF7B3FFF  D16,D17,D20,D25
15:26:11.591      523171  FFFFFFF793FFF  D16,D17,D19,D20,D25
15:26:11.591      523173  FFFFFFF7D3FFF  D16,D17,D19,D25
15:26:15.140      526702  FFFFFFF7D7FFF  D17,D19,D25
15:26:23.903      535402  FFFFFFF7F7FFF  D17,D25
15:26:26.962      538430  FFFFFFF7F7FFF  D17,D25
15:26:35.100      546516  FFFFFFF7D7FFF  D17,D19,D25
15:26:36.122      547520  FFFFFFF7D3FFF  D16,D17,D19,D25
15:26:40.190      551559  FFFFFFF3D3FFF  D16,D17,D19,D24,D25
15:26:41.987      553346  FFFFFFE3D3FFF  D16,D17,D19,D24,D25,D26
15:26:41.987      553348  FFFFFFEFD3FFF  D16,D17,D19,D26
15:26:43.418      554775  FFFFFFEBD3FFF  D16,D17,D19,D24,D26
15:26:44.763      556095  FFFFFFE3D3FFF  D16,D17,D19,D24,D25,D26
15:26:44.764      556097  FFFFFFE7D3FFF  D16,D17,D19,D25,D26
15:26:45.738      557077  FFFFFFE3D3FFF  D16,D17,D19,D24,D25,D26
15:26:46.783      558110  FFFFFFC3D3FFF  D16,D17,D19,D24,D25,D26,D27
15:26:46.783      558112  FFFFFFCFD3FFF  D16,D17,D19,D26,D27
15:26:46.783      558113  FFFFFFDFD3FFF  D16,D17,D19,D27
15:26:47.985      559301  FFFFFFDBD3FFF  D16,D17,D19,D24,D27
15:26:49.427      560730  FFFFFFD3D3FFF  D16,D17,D19,D24,D25,D27
15:26:49.427      560732  FFFFFFD7D3FFF  D16,D17,D19,D25,D27
15:26:50.864      562160  FFFFFFD3D3FFF  D16,D17,D19,D24,D25,D27
15:26:52.313      563589  FFFFFFC3D3FFF  D16,D17,D19,D24,D25,D26,D27
15:26:52.314      563591  FFFFFFCFD3FFF  D16,D17,D19,D26,D27
15:26:53.430      564711  FFFFFFCBD3FFF  D16,D17,D19,D24,D26,D27
15:26:54.361      565623  FFFFFFC3D3FFF  D16,D17,D19,D24,D25,D26,D27
15:26:54.361      565625  FFFFFFC7D3FFF  D16,D17,D19,D25,D26,D27
15:26:55.260      566528  FFFFFFC3D3FFF  D16,D17,D19,D24,D25,D26,D27
15:26:56.191      567440  FFFFFF83D3FFF  D16,D17,D19,D24,D25,D26,D27,D28
15:26:56.191      567442  FFFFFFAFD3FFF  D16,D17,D19,D26,D28
15:26:56.191      567443  FFFFFFBFD3FFF  D16,D17,D19,D28
15:26:57.106      568353  FFFFFFBBD3FFF  D16,D17,D19,D24,D28
15:26:57.992      569227  FFFFFFB3D3FFF  D16,D17,D19,D24,D25,D28
15:26:57.993      569228  FFFFFFB7D3FFF  D16,D17,D19,D25,D28
15:26:58.911      570140  FFFFFFB3D3FFF  D16,D17,D19,D24,D25,D28
15:26:59.830      571053  FFFFFFA3D3FFF  D16,D17,D19,D24,D25,D26,D28
15:26:59.831      571055  FFFFFFAFD3FFF  D16,D17,D19,D26,D28
15:27:00.760      571976  FFFFFFABD3FFF  D16,D17,D19,D24,D26,D28
15:27:02.106      573316  FFFFFFA3D3FFF  D16,D17,D19,D24,D25,D26,D28
15:27:02.106      573318  FFFFFFA7D3FFF  D16,D17,D19,D25,D26,D28
15:27:03.577      574785  FFFFFFA3D3FFF  D16,D17,D19,D24,D25,D26,D28
15:27:05.126      576304  FFFFFF83D3FFF  D16,D17,D19,D24,D25,D26,D27,D28
15:27:05.127      576306  FFFFFF8FD3FFF  D16,D17,D19,D26,D27,D28
15:27:05.127      576308  FFFFFF9FD3FFF  D16,D17,D19,D27,D28
15:27:08.058      579228  FFFFFF9FD7FFF  D17,D19,D27,D28
15:27:16.859      587966  FFFFFF9F97FFF  D17,D19,D20,D27,D28
15:27:16.860      587968  FFFFFF9FB7FFF  D17,D20,D27,D28
15:27:17.882      588969  FFFFFF9FB3FFF  D16,D17,D20,D27,D28
15:27:21.229      592303  FFFFFF97B3FFF  D16,D17,D20,D25,D27,D28
15:27:21.229      592305  FFFFFFA3B3FFF  D16,D17,D20,D24,D25,D26,D28
15:27:22.700      593764  FFFFFFA7B3FFF  D16,D17,D20,D25,D26,D28
15:27:24.195      595241  FFFFFFA3B3FFF  D16,D17,D20,D24,D25,D26,D28
15:27:24.195      595244  FFFFFFABB3FFF  D16,D17,D20,D24,D26,D28
15:27:25.556      596593  FFFFFFAFB3FFF  D16,D17,D20,D26,D28
15:27:26.472      597494  FFFFFFA7B3FFF  D16,D17,D20,D25,D26,D28
15:27:26.472      597496  FFFFFFA3B3FFF  D16,D17,D20,D24,D25,D26,D28
15:27:26.472      597497  FFFFFFB3B3FFF  D16,D17,D20,D24,D25,D28
15:27:27.388      598012  FFFFFFB3B3FFF  D16,D17,D20,D24,D25,D28
15:27:27.388      598409  FFFFFFB7B3FFF  D16,D17,D20,D25,D28
15:27:28.440      599451  FFFFFFB3B3FFF  D16,D17,D20,D24,D25,D28
15:27:28.440      599452  FFFFFFBBB3FFF  D16,D17,D20,D24,D28
15:27:29.905      600910  FFFFFFBFB3FFF  D16,D17,D20,D28
15:27:32.755      603735  FFFFFFBFB7FFF  D17,D20,D28
15:27:43.550      614448  FFFFFFBFB3FFF  D16,D17,D20,D28
15:27:46.911      617792  FFFFFFC3B3FFF  D16,D17,D20,D24,D25,D26,D27
15:27:48.380      619252  FFFFFFC7B3FFF  D16,D17,D20,D25,D26,D27
15:27:49.401      620254  FFFFFFC3B3FFF  D16,D17,D20,D24,D25,D26,D27
15:27:49.401      620256  FFFFFFCBB3FFF  D16,D17,D20,D24,D26,D27
15:27:50.304      621158  FFFFFFCFB3FFF  D16,D17,D20,D26,D27
15:27:51.479      622319  FFFFFFC3B3FFF  D16,D17,D20,D24,D25,D26,D27
15:27:51.479      622321  FFFFFFD3B3FFF  D16,D17,D20,D24,D25,D27
15:27:53.267      624096  FFFFFFD7B3FFF  D16,D17,D20,D25,D27
15:27:56.678      627477  FFFFFFD7B7FFF  D17,D20,D25,D27
15:28:05.020      635768  FFFFFFD7B3FFF  D16,D17,D20,D25,D27
15:28:08.943      639659  FFFFFFD3B3FFF  D16,D17,D20,D24,D25,D27
15:28:08.943      639661  FFFFFFDBB3FFF  D16,D17,D20,D24,D27
15:28:10.791      641485  FFFFFFDFB3FFF  D16,D17,D20,D27
15:28:11.997      642685  FFFFFFC3B3FFF  D16,D17,D20,D24,D25,D26,D27
15:28:11.997      642688  FFFFFFE3B3FFF  D16,D17,D20,D24,D25,D26
15:28:13.020      643709  FFFFFFE7B3FFF  D16,D17,D20,D25,D26
15:28:14.036      644711  FFFFFFE3B3FFF  D16,D17,D20,D24,D25,D26
15:28:14.036      644712  FFFFFFEBB3FFF  D16,D17,D20,D24,D26
15:28:15.321      645983  FFFFFFEFB3FFF  D16,D17,D20,D26
15:28:16.755      647410  FFFFFFE3B3FFF  D16,D17,D20,D24,D25,D26
15:28:16.755      647413  FFFFFFF3B3FFF  D16,D17,D20,D24,D25
15:28:18.621      649238  FFFFFFF7B3FFF  D16,D17,D20,D25
15:28:18.621      649266  FFFFFFF793FFF  D16,D17,D19,D20,D25
15:28:18.621      649268  FFFFFFF7D3FFF  D16,D17,D19,D25
15:28:22.188      652807  FFFFFFF7D7FFF  D17,D19,D25
15:28:27.255      657829  FFFFFFF7D7FFF  D17,D19,D25
15:28:33.989      664513  FFFFFFF7F7FFF  D17,D25
15:29:27.600      717728  FFFFFFF7F7FFF  D17,D25
15:29:38.295      728353  FFFFFFF7D7FFF  D17,D19,D25
15:29:51.421      740900  FFFFFFF7F7FFF  D17,D25
15:29:51.421      741376  FFFFFFF7D7FFF  D17,D19,D25
15:29:52.427      742369  FFFFFFF7D3FFF  D16,D17,D19,D25
15:29:56.463      746379  FFFFFFF3D3FFF  D16,D17,D19,D24,D25
15:29:58.307      748205  FFFFFFE3D3FFF  D16,D17,D19,D24,D25,D26
15:29:58.307      748207  FFFFFFEFD3FFF  D16,D17,D19,D26
15:29:59.744      749634  FFFFFFEBD3FFF  D16,D17,D19,D24,D26
15:30:01.022      750905  FFFFFFE3D3FFF  D16,D17,D19,D24,D25,D26
15:30:01.022      750907  FFFFFFE7D3FFF  D16,D17,D19,D25,D26
15:30:02.063      751936  FFFFFFE3D3FFF  D16,D17,D19,D24,D25,D26
15:30:03.062      752929  FFFFFFC3D3FFF  D16,D17,D19,D24,D25,D26,D27
15:30:03.062      752931  FFFFFFCFD3FFF  D16,D17,D19,D26,D27
15:30:03.062      752933  FFFFFFDFD3FFF  D16,D17,D19,D27
15:30:04.270      754120  FFFFFFDBD3FFF  D16,D17,D19,D24,D27
15:30:05.711      755550  FFFFFFD3D3FFF  D16,D17,D19,D24,D25,D27
15:30:05.712      755552  FFFFFFD7D3FFF  D16,D17,D19,D25,D27
15:30:07.180      757018  FFFFFFD3D3FFF  D16,D17,D19,D24,D25,D27
15:30:08.585      758409  FFFFFFC3D3FFF  D16,D17,D19,D24,D25,D26,D27
15:30:08.586      758410  FFFFFFCFD3FFF  D16,D17,D19,D26,D27
15:30:09.749      759560  FFFFFFCBD3FFF  D16,D17,D19,D24,D26,D27
15:30:10.624      760433  FFFFFFC3D3FFF  D16,D17,D19,D24,D25,D26,D27
15:30:10.624      760434  FFFFFFC7D3FFF  D16,D17,D19,D25,D26,D27
15:30:11.542      761346  FFFFFFC3D3FFF  D16,D17,D19,D24,D25,D26,D27
15:30:12.462      762259  FFFFFF83D3FFF  D16,D17,D19,D24,D25,D26,D27,D28
15:30:12.462      762261  FFFFFFAFD3FFF  D16,D17,D19,D26,D28
15:30:12.462      762263  FFFFFFBFD3FFF  D16,D17,D19,D28
15:30:13.382      763172  FFFFFFBBD3FFF  D16,D17,D19,D24,D28
15:30:14.312      764086  FFFFFFB3D3FFF  D16,D17,D19,D24,D25,D28
15:30:14.312      764088  FFFFFFB7D3FFF  D16,D17,D19,D25,D28
15:30:15.229      764998  FFFFFFB3D3FFF  D16,D17,D19,D24,D25,D28
15:30:16.272      766031  FFFFFFA3D3FFF  D16,D17,D19,D24,D25,D26,D28
15:30:16.272      766032  FFFFFFAFD3FFF  D16,D17,D19,D26,D28
15:30:17.744      767500  FFFFFFABD3FFF  D16,D17,D19,D24,D26,D28
15:30:20.695      770435  FFFFFFABD7FFF  D17,D19,D24,D26,D28
15:30:27.785      777461  FFFFFFABD7FFF  D17,D19,D24,D26,D28
15:30:29.339      779015  FFFFFFABF7FFF  D17,D24,D26,D28
15:30:30.624      780284  FFFFFFABD7FFF  D17,D19,D24,D26,D28
15:30:31.627      781278  FFFFFFABD3FFF  D16,D17,D19,D24,D26,D28
15:30:35.789      785406  FFFFFFA3D3FFF  D16,D17,D19,D24,D25,D26,D28
15:30:35.790      785408  FFFFFFA7D3FFF  D16,D17,D19,D25,D26,D28
15:30:37.460      787074  FFFFFFA3D3FFF  D16,D17,D19,D24,D25,D26,D28
15:30:38.391      787987  FFFFFF83D3FFF  D16,D17,D19,D24,D25,D26,D27,D28
15:30:38.391      787989  FFFFFF8FD3FFF  D16,D17,D19,D26,D27,D28
15:30:38.391      787990  FFFFFF9FD3FFF  D16,D17,D19,D27,D28
15:30:39.305      788900  FFFFFF9BD3FFF  D16,D17,D19,D24,D27,D28
15:30:40.223      789813  FFFFFF93D3FFF  D16,D17,D19,D24,D25,D27,D28
15:30:40.223      789814  FFFFFF97D3FFF  D16,D17,D19,D25,D27,D28
15:30:41.137      790726  FFFFFF93D3FFF  D16,D17,D19,D24,D25,D27,D28
15:30:42.024      791600  FFFFFF83D3FFF  D16,D17,D19,D24,D25,D26,D27,D28
15:30:42.025      791602  FFFFFF8FD3FFF  D16,D17,D19,D26,D27,D28
15:30:42.938      792512  FFFFFF8BD3FFF  D16,D17,D19,D24,D26,D27,D28
15:30:43.866      793425  FFFFFF83D3FFF  D16,D17,D19,D24,D25,D26,D27,D28
15:30:43.866      793427  FFFFFF87D3FFF  D16,D17,D19,D25,D26,D27,D28
15:30:44.785      794339  FFFFFF83D3FFF  D16,D17,D19,D24,D25,D26,D27,D28
15:30:45.715      795252  FFFFFF43D3FFF  D16,D17,D19,D24,D25,D26,D27,D29
15:30:45.715      795253  FFFFFF6FD3FFF  D16,D17,D19,D26,D29
15:30:45.715      795255  FFFFFF7FD3FFF  D16,D17,D19,D29
15:30:46.629      796166  FFFFFF7BD3FFF  D16,D17,D19,D24,D29
15:30:47.663      797197  FFFFFF73D3FFF  D16,D17,D19,D24,D25,D29
15:30:47.663      797199  FFFFFF77D3FFF  D16,D17,D19,D25,D29
15:30:49.144      798666  FFFFFF73D3FFF  D16,D17,D19,D24,D25,D29
15:30:52.229      801602  FFFFFF73D7FFF  D17,D19,D24,D25,D29
15:30:52.229      801725  FFFFFF73F7FFF  D17,D24,D25,D29
15:31:25.821      835074  FFFFFF73B7FFF  D17,D20,D24,D25,D29
15:31:26.779      836027  FFFFFF73B3FFF  D16,D17,D20,D24,D25,D29
15:31:27.790      837031  FFFFFF73B3FFF  D16,D17,D20,D24,D25,D29
15:31:30.099      839323  FFFFFF77B3FFF  D16,D17,D20,D25,D29
15:31:31.586      840791  FFFFFF73B3FFF  D16,D17,D20,D24,D25,D29
15:31:31.586      840793  FFFFFF7BB3FFF  D16,D17,D20,D24,D29
15:31:32.620      841825  FFFFFF7FB3FFF  D16,D17,D20,D29
15:31:33.553      842736  FFFFFF27B3FFF  D16,D17,D20,D25,D26,D28,D29
15:31:33.553      842738  FFFFFF03B3FFF  D16,D17,D20,D24,D25,D26,D27,D28,D29
15:31:33.553      842740  FFFFFF83B3FFF  D16,D17,D20,D24,D25,D26,D27,D28
15:31:34.423      843611  FFFFFF87B3FFF  D16,D17,D20,D25,D26,D27,D28
15:31:35.340      844523  FFFFFF83B3FFF  D16,D17,D20,D24,D25,D26,D27,D28
15:31:35.340      844525  FFFFFF8BB3FFF  D16,D17,D20,D24,D26,D27,D28
15:31:36.268      845437  FFFFFF8FB3FFF  D16,D17,D20,D26,D27,D28
15:31:37.194      846349  FFFFFF87B3FFF  D16,D17,D20,D25,D26,D27,D28
15:31:37.194      846351  FFFFFF83B3FFF  D16,D17,D20,D24,D25,D26,D27,D28
15:31:37.194      846352  FFFFFF93B3FFF  D16,D17,D20,D24,D25,D27,D28
15:31:38.105      847263  FFFFFF97B3FFF  D16,D17,D20,D25,D27,D28
15:31:39.021      848176  FFFFFF93B3FFF  D16,D17,D20,D24,D25,D27,D28
15:31:39.021      848178  FFFFFF9BB3FFF  D16,D17,D20,D24,D27,D28
15:31:39.948      849090  FFFFFF9FB3FFF  D16,D17,D20,D27,D28
15:31:40.830      849961  FFFFFF97B3FFF  D16,D17,D20,D25,D27,D28
15:31:40.831      849963  FFFFFFA3B3FFF  D16,D17,D20,D24,D25,D26,D28
15:31:41.740      850876  FFFFFFA7B3FFF  D16,D17,D20,D25,D26,D28
15:31:43.431      852543  FFFFFFA3B3FFF  D16,D17,D20,D24,D25,D26,D28
15:31:43.431      852544  FFFFFFABB3FFF  D16,D17,D20,D24,D26,D28
15:31:47.138      856232  FFFFFFABB7FFF  D17,D20,D24,D26,D28
15:31:57.897      866915  FFFFFFABB3FFF  D16,D17,D20,D24,D26,D28
15:32:01.262      870251  FFFFFFAFB3FFF  D16,D17,D20,D26,D28
15:32:02.709      871680  FFFFFFA3B3FFF  D16,D17,D20,D24,D25,D26,D28
15:32:02.709      871683  FFFFFFB3B3FFF  D16,D17,D20,D24,D25,D28
15:32:03.745      872713  FFFFFFB7B3FFF  D16,D17,D20,D25,D28
15:32:04.673      873625  FFFFFFB3B3FFF  D16,D17,D20,D24,D25,D28
15:32:04.673      873627  FFFFFFBBB3FFF  D16,D17,D20,D24,D28
15:32:05.584      874540  FFFFFFBFB3FFF  D16,D17,D20,D28
15:32:06.501      875451  FFFFFFC3B3FFF  D16,D17,D20,D24,D25,D26,D27
15:32:07.425      876365  FFFFFFC7B3FFF  D16,D17,D20,D25,D26,D27
15:32:08.310      877238  FFFFFFC3B3FFF  D16,D17,D20,D24,D25,D26,D27
15:32:08.310      877240  FFFFFFCBB3FFF  D16,D17,D20,D24,D26,D27
15:32:09.219      878152  FFFFFFCFB3FFF  D16,D17,D20,D26,D27
15:32:10.379      879302  FFFFFFC3B3FFF  D16,D17,D20,D24,D25,D26,D27
15:32:10.380      879305  FFFFFFD3B3FFF  D16,D17,D20,D24,D25,D27
15:32:11.787      880703  FFFFFFD7B3FFF  D16,D17,D20,D25,D27
15:32:13.264      882161  FFFFFFD3B3FFF  D16,D17,D20,D24,D25,D27
15:32:13.264      882163  FFFFFFDBB3FFF  D16,D17,D20,D24,D27
15:32:14.700      883592  FFFFFFDFB3FFF  D16,D17,D20,D27
15:32:15.898      884781  FFFFFFC7B3FFF  D16,D17,D20,D25,D26,D27
15:32:15.898      884783  FFFFFFE3B3FFF  D16,D17,D20,D24,D25,D26
15:32:16.922      885785  FFFFFFE7B3FFF  D16,D17,D20,D25,D26
15:32:17.940      886806  FFFFFFE3B3FFF  D16,D17,D20,D24,D25,D26
15:32:17.940      886808  FFFFFFEBB3FFF  D16,D17,D20,D24,D26
15:32:19.217      888077  FFFFFFEFB3FFF  D16,D17,D20,D26
15:32:20.670      889505  FFFFFFE3B3FFF  D16,D17,D20,D24,D25,D26
15:32:20.670      889508  FFFFFFF3B3FFF  D16,D17,D20,D24,D25
15:32:22.623      891343  FFFFFFF7B3FFF  D16,D17,D20,D25
15:32:22.623      891451  FFFFFFF793FFF  D16,D17,D19,D20,D25
15:32:22.623      891453  FFFFFFF7D3FFF  D16,D17,D19,D25
15:32:26.144      894942  FFFFFFF7D7FFF  D17,D19,D25
15:32:28.170      896953  FFFFFFF7D7FFF  D17,D19,D25
15:32:34.948      903681  FFFFFFF7F7FFF  D17,D25
15:32:40.697      909396  FFFFFFF7D7FFF  D17,D19,D25
15:32:41.700      910390  FFFFFFF7D3FFF  D16,D17,D19,D25
15:32:45.742      914400  FFFFFFF3D3FFF  D16,D17,D19,D24,D25
15:32:47.584      916225  FFFFFFE3D3FFF  D16,D17,D19,D24,D25,D26
15:32:47.584      916227  FFFFFFE7D3FFF  D16,D17,D19,D25,D26
15:32:47.584      916229  FFFFFFEFD3FFF  D16,D17,D19,D26
15:32:49.032      917655  FFFFFFEBD3FFF  D16,D17,D19,D24,D26
15:32:50.304      918926  FFFFFFE3D3FFF  D16,D17,D19,D24,D25,D26
15:32:50.304      918927  FFFFFFE7D3FFF  D16,D17,D19,D25,D26
15:32:51.345      919957  FFFFFFE3D3FFF  D16,D17,D19,D24,D25,D26
15:32:52.350      920950  FFFFFFC3D3FFF  D16,D17,D19,D24,D25,D26,D27
15:32:52.350      920952  FFFFFFCFD3FFF  D16,D17,D19,D26,D27
15:32:52.350      920954  FFFFFFDFD3FFF  D16,D17,D19,D27
15:32:53.541      922141  FFFFFFDBD3FFF  D16,D17,D19,D24,D27
15:32:54.987      923571  FFFFFFD3D3FFF  D16,D17,D19,D24,D25,D27
15:32:54.987      923573  FFFFFFD7D3FFF  D16,D17,D19,D25,D27
15:32:56.470      925040  FFFFFFD3D3FFF  D16,D17,D19,D24,D25,D27
15:32:57.859      926430  FFFFFFC3D3FFF  D16,D17,D19,D24,D25,D26,D27
15:32:57.860      926432  FFFFFFCFD3FFF  D16,D17,D19,D26,D27
15:32:59.019      927581  FFFFFFCBD3FFF  D16,D17,D19,D24,D26,D27
15:32:59.903      928454  FFFFFFC3D3FFF  D16,D17,D19,D24,D25,D26,D27
15:32:59.903      928456  FFFFFFC7D3FFF  D16,D17,D19,D25,D26,D27
15:33:00.819      929367  FFFFFFC3D3FFF  D16,D17,D19,D24,D25,D26,D27
15:33:01.754      930280  FFFFFF83D3FFF  D16,D17,D19,D24,D25,D26,D27,D28
15:33:01.755      930282  FFFFFFAFD3FFF  D16,D17,D19,D26,D28
15:33:01.755      930284  FFFFFFBFD3FFF  D16,D17,D19,D28
15:33:02.671      931193  FFFFFFBBD3FFF  D16,D17,D19,D24,D28
15:33:03.591      932106  FFFFFFB3D3FFF  D16,D17,D19,D24,D25,D28
15:33:03.592      932108  FFFFFFB7D3FFF  D16,D17,D19,D25,D28
15:33:04.500      933020  FFFFFFB3D3FFF  D16,D17,D19,D24,D25,D28
15:33:05.401      933903  FFFFFFA3D3FFF  D16,D17,D19,D24,D25,D26,D28
15:33:05.401      933905  FFFFFFAFD3FFF  D16,D17,D19,D26,D28
15:33:06.360      934856  FFFFFFABD3FFF  D16,D17,D19,D24,D26,D28
15:33:07.709      936196  FFFFFFA3D3FFF  D16,D17,D19,D24,D25,D26,D28
15:33:07.709      936198  FFFFFFA7D3FFF  D16,D17,D19,D25,D26,D28
15:33:09.072      937546  FFFFFFA3D3FFF  D16,D17,D19,D24,D25,D26,D28
15:33:09.990      938459  FFFFFF83D3FFF  D16,D17,D19,D24,D25,D26,D27,D28
15:33:09.991      938461  FFFFFF8FD3FFF  D16,D17,D19,D26,D27,D28
15:33:09.991      938463  FFFFFF9FD3FFF  D16,D17,D19,D27,D28
15:33:10.906      939372  FFFFFF9BD3FFF  D16,D17,D19,D24,D27,D28
15:33:11.825      940285  FFFFFF93D3FFF  D16,D17,D19,D24,D25,D27,D28
15:33:11.826      940286  FFFFFF97D3FFF  D16,D17,D19,D25,D27,D28
15:33:12.743      941199  FFFFFF93D3FFF  D16,D17,D19,D24,D25,D27,D28
15:33:13.630      942071  FFFFFF83D3FFF  D16,D17,D19,D24,D25,D26,D27,D28
15:33:13.630      942073  FFFFFF8FD3FFF  D16,D17,D19,D26,D27,D28
15:33:14.548      942985  FFFFFF8BD3FFF  D16,D17,D19,D24,D26,D27,D28
15:33:15.467      943899  FFFFFF83D3FFF  D16,D17,D19,D24,D25,D26,D27,D28
15:33:15.467      943900  FFFFFF87D3FFF  D16,D17,D19,D25,D26,D27,D28
15:33:16.390      944812  FFFFFF83D3FFF  D16,D17,D19,D24,D25,D26,D27,D28
15:33:17.307      945724  FFFFFF43D3FFF  D16,D17,D19,D24,D25,D26,D27,D29
15:33:17.307      945726  FFFFFF6FD3FFF  D16,D17,D19,D26,D29
15:33:17.307      945728  FFFFFF7FD3FFF  D16,D17,D19,D29
15:33:18.226      946638  FFFFFF7BD3FFF  D16,D17,D19,D24,D29
15:33:19.219      947631  FFFFFF73D3FFF  D16,D17,D19,D24,D25,D29
15:33:19.219      947633  FFFFFF77D3FFF  D16,D17,D19,D25,D29
15:33:20.749      949140  FFFFFF73D3FFF  D16,D17,D19,D24,D25,D29
15:33:23.747      952074  FFFFFF73D7FFF  D17,D19,D24,D25,D29
15:33:23.747      952118  FFFFFF73F7FFF  D17,D24,D25,D29
15:33:28.320      956653  FFFFFF73F7FFF  D17,D24,D25,D29
15:34:28.491     1016378  FFFFFF73F7FFF  D17,D24,D25,D29
15:35:20.709     1068218  FFFFFF73B7FFF  D17,D20,D24,D25,D29
15:35:21.667     1069161  FFFFFF73B3FFF  D16,D17,D20,D24,D25,D29
15:35:25.034     1072506  FFFFFF77B3FFF  D16,D17,D20,D25,D29
15:35:26.510     1073975  FFFFFF73B3FFF  D16,D17,D20,D24,D25,D29
15:35:26.510     1073976  FFFFFF7BB3FFF  D16,D17,D20,D24,D29
15:35:27.501     1074958  FFFFFF7FB3FFF  D16,D17,D20,D29
15:35:28.460     1075909  FFFFFF27B3FFF  D16,D17,D20,D25,D26,D28,D29
15:35:28.460     1075911  FFFFFF83B3FFF  D16,D17,D20,D24,D25,D26,D27,D28
15:35:29.357     1076416  FFFFFF83B3FFF  D16,D17,D20,D24,D25,D26,D27,D28
15:35:29.357     1076795  FFFFFF87B3FFF  D16,D17,D20,D25,D26,D27,D28
15:35:30.282     1077706  FFFFFF83B3FFF  D16,D17,D20,D24,D25,D26,D27,D28
15:35:30.282     1077708  FFFFFF8BB3FFF  D16,D17,D20,D24,D26,D27,D28
15:35:31.183     1078610  FFFFFF8FB3FFF  D16,D17,D20,D26,D27,D28
15:35:32.123     1079532  FFFFFF87B3FFF  D16,D17,D20,D25,D26,D27,D28
15:35:32.123     1079534  FFFFFF83B3FFF  D16,D17,D20,D24,D25,D26,D27,D28
15:35:32.123     1079536  FFFFFF93B3FFF  D16,D17,D20,D24,D25,D27,D28
15:35:33.034     1080448  FFFFFF97B3FFF  D16,D17,D20,D25,D27,D28
15:35:33.951     1081349  FFFFFF93B3FFF  D16,D17,D20,D24,D25,D27,D28
15:35:33.951     1081351  FFFFFF9BB3FFF  D16,D17,D20,D24,D27,D28
15:35:34.830     1082233  FFFFFF9FB3FFF  D16,D17,D20,D27,D28
15:35:35.755     1083146  FFFFFF87B3FFF  D16,D17,D20,D25,D26,D27,D28
15:35:35.755     1083148  FFFFFFA3B3FFF  D16,D17,D20,D24,D25,D26,D28
15:35:36.679     1084060  FFFFFFA7B3FFF  D16,D17,D20,D25,D26,D28
15:35:38.032     1085409  FFFFFFA3B3FFF  D16,D17,D20,D24,D25,D26,D28
15:35:38.032     1085411  FFFFFFABB3FFF  D16,D17,D20,D24,D26,D28
15:35:39.417     1086789  FFFFFFAFB3FFF  D16,D17,D20,D26,D28
15:35:40.351     1087702  FFFFFFA3B3FFF  D16,D17,D20,D24,D25,D26,D28
15:35:40.351     1087705  FFFFFFB3B3FFF  D16,D17,D20,D24,D25,D28
15:35:41.268     1088616  FFFFFFB7B3FFF  D16,D17,D20,D25,D28
15:35:42.193     1089528  FFFFFFB3B3FFF  D16,D17,D20,D24,D25,D28
15:35:42.193     1089530  FFFFFFBBB3FFF  D16,D17,D20,D24,D28
15:35:43.065     1090402  FFFFFFBFB3FFF  D16,D17,D20,D28
15:35:43.990     1091313  FFFFFFA7B3FFF  D16,D17,D20,D25,D26,D28
15:35:43.990     1091315  FFFFFFC3B3FFF  D16,D17,D20,D24,D25,D26,D27
15:35:44.906     1092229  FFFFFFC7B3FFF  D16,D17,D20,D25,D26,D27
15:35:45.823     1093141  FFFFFFC3B3FFF  D16,D17,D20,D24,D25,D26,D27
15:35:45.823     1093143  FFFFFFCBB3FFF  D16,D17,D20,D24,D26,D27
15:35:46.741     1094054  FFFFFFCFB3FFF  D16,D17,D20,D26,D27
15:35:47.869     1095165  FFFFFFC3B3FFF  D16,D17,D20,D24,D25,D26,D27
15:35:47.869     1095169  FFFFFFD3B3FFF  D16,D17,D20,D24,D25,D27
15:35:49.700     1096993  FFFFFFD7B3FFF  D16,D17,D20,D25,D27
15:35:53.349     1100363  FFFFFFD7B7FFF  D17,D20,D25,D27
15:35:53.349     1100448  FFFFFFD7F7FFF  D17,D25,D27
15:35:53.349     1100604  FFFFFFD7D7FFF  D17,D19,D25,D27
15:35:57.220     1104456  FFFFFFD7D3FFF  D16,D17,D19,D25,D27
15:36:01.071     1108268  FFFFFFD3D3FFF  D16,D17,D19,D24,D25,D27
15:36:02.897     1110093  FFFFFFC3D3FFF  D16,D17,D19,D24,D25,D26,D27
15:36:02.897     1110095  FFFFFFCFD3FFF  D16,D17,D19,D26,D27
15:36:04.069     1111245  FFFFFFCBD3FFF  D16,D17,D19,D24,D26,D27
15:36:04.952     1112119  FFFFFFC3D3FFF  D16,D17,D19,D24,D25,D26,D27
15:36:04.952     1112121  FFFFFFC7D3FFF  D16,D17,D19,D25,D26,D27
15:36:05.869     1113032  FFFFFFC3D3FFF  D16,D17,D19,D24,D25,D26,D27
15:36:06.786     1113945  FFFFFF83D3FFF  D16,D17,D19,D24,D25,D26,D27,D28
15:36:06.786     1113947  FFFFFFAFD3FFF  D16,D17,D19,D26,D28
15:36:06.786     1113949  FFFFFFBFD3FFF  D16,D17,D19,D28
15:36:07.701     1114858  FFFFFFBBD3FFF  D16,D17,D19,D24,D28
15:36:08.631     1115770  FFFFFFB3D3FFF  D16,D17,D19,D24,D25,D28
15:36:08.631     1115772  FFFFFFB7D3FFF  D16,D17,D19,D25,D28
15:36:09.559     1116695  FFFFFFB3D3FFF  D16,D17,D19,D24,D25,D28
15:36:10.472     1117597  FFFFFFA3D3FFF  D16,D17,D19,D24,D25,D26,D28
15:36:10.472     1117599  FFFFFFAFD3FFF  D16,D17,D19,D26,D28
15:36:11.388     1118511  FFFFFFABD3FFF  D16,D17,D19,D24,D26,D28
15:36:12.748     1119861  FFFFFFA3D3FFF  D16,D17,D19,D24,D25,D26,D28
15:36:12.748     1119862  FFFFFFA7D3FFF  D16,D17,D19,D25,D26,D28
15:36:14.099     1121211  FFFFFFA3D3FFF  D16,D17,D19,D24,D25,D26,D28
15:36:15.024     1122123  FFFFFF83D3FFF  D16,D17,D19,D24,D25,D26,D27,D28
15:36:15.024     1122125  FFFFFF8FD3FFF  D16,D17,D19,D26,D27,D28
15:36:15.024     1122127  FFFFFF9FD3FFF  D16,D17,D19,D27,D28
15:36:15.950     1123038  FFFFFF9BD3FFF  D16,D17,D19,D24,D27,D28
15:36:16.860     1123950  FFFFFF93D3FFF  D16,D17,D19,D24,D25,D27,D28
15:36:16.860     1123952  FFFFFF97D3FFF  D16,D17,D19,D25,D27,D28
15:36:17.742     1124824  FFFFFF93D3FFF  D16,D17,D19,D24,D25,D27,D28
15:36:18.671     1125737  FFFFFF83D3FFF  D16,D17,D19,D24,D25,D26,D27,D28
15:36:18.671     1125738  FFFFFF8FD3FFF  D16,D17,D19,D26,D27,D28
15:36:19.585     1126650  FFFFFF8BD3FFF  D16,D17,D19,D24,D26,D27,D28
15:36:20.510     1127563  FFFFFF83D3FFF  D16,D17,D19,D24,D25,D26,D27,D28
15:36:20.510     1127565  FFFFFF87D3FFF  D16,D17,D19,D25,D26,D27,D28
15:36:21.421     1128476  FFFFFF83D3FFF  D16,D17,D19,D24,D25,D26,D27,D28
15:36:22.350     1129390  FFFFFF43D3FFF  D16,D17,D19,D24,D25,D26,D27,D29
15:36:22.350     1129392  FFFFFF6FD3FFF  D16,D17,D19,D26,D29
15:36:22.350     1129393  FFFFFF7FD3FFF  D16,D17,D19,D29
15:36:23.271     1130303  FFFFFF7BD3FFF  D16,D17,D19,D24,D29
15:36:24.306     1131334  FFFFFF73D3FFF  D16,D17,D19,D24,D25,D29
15:36:24.306     1131336  FFFFFF77D3FFF  D16,D17,D19,D25,D29
15:36:25.780     1132804  FFFFFF73D3FFF  D16,D17,D19,D24,D25,D29
15:36:28.868     1135738  FFFFFF73D7FFF  D17,D19,D24,D25,D29
15:36:28.868     1135862  FFFFFF73F7FFF  D17,D24,D25,D29
15:36:29.385     1136374  FFFFFF73F7FFF  D17,D24,D25,D29
15:37:29.730     1196270  FFFFFF73F7FFF  D17,D24,D25,D29
15:38:29.940     1256031  FFFFFF73F7FFF  D17,D24,D25,D29
15:39:18.785     1304518  FFFFFF73D7FFF  D17,D19,D24,D25,D29
15:39:19.743     1305470  FFFFFF73D3FFF  D16,D17,D19,D24,D25,D29
15:39:23.024     1308727  FFFFFF63D3FFF  D16,D17,D19,D24,D25,D26,D29
15:39:23.024     1308729  FFFFFF6FD3FFF  D16,D17,D19,D26,D29
15:39:24.547     1310236  FFFFFF6BD3FFF  D16,D17,D19,D24,D26,D29
15:39:25.553     1311238  FFFFFF63D3FFF  D16,D17,D19,D24,D25,D26,D29
15:39:25.553     1311240  FFFFFF67D3FFF  D16,D17,D19,D25,D26,D29
15:39:26.470     1312152  FFFFFF63D3FFF  D16,D17,D19,D24,D25,D26,D29
15:39:27.430     1313094  FFFFFF43D3FFF  D16,D17,D19,D24,D25,D26,D27,D29
15:39:27.430     1313096  FFFFFF4FD3FFF  D16,D17,D19,D26,D27,D29
15:39:27.430     1313098  FFFFFF5FD3FFF  D16,D17,D19,D27,D29
15:39:28.388     1314048  FFFFFF5BD3FFF  D16,D17,D19,D24,D27,D29
15:39:29.350     1315000  FFFFFF53D3FFF  D16,D17,D19,D24,D25,D27,D29
15:39:29.350     1315002  FFFFFF57D3FFF  D16,D17,D19,D25,D27,D29
15:39:30.309     1315953  FFFFFF53D3FFF  D16,D17,D19,D24,D25,D27,D29
15:39:31.280     1316468  FFFFFF53D3FFF  D16,D17,D19,D24,D25,D27,D29
15:39:31.280     1316916  FFFFFF43D3FFF  D16,D17,D19,D24,D25,D26,D27,D29
15:39:31.280     1316918  FFFFFF4FD3FFF  D16,D17,D19,D26,D27,D29
15:39:32.302     1317938  FFFFFF4BD3FFF  D16,D17,D19,D24,D26,D27,D29
15:39:34.300     1319616  FFFFFF43D3FFF  D16,D17,D19,D24,D25,D26,D27,D29
15:39:34.300     1319618  FFFFFF47D3FFF  D16,D17,D19,D25,D26,D27,D29
15:39:34.300     1319764  FFFFFF4793FFF  D16,D17,D19,D20,D25,D26,D27,D29
15:39:34.300     1319924  FFFFFF47B3FFF  D16,D17,D20,D25,D26,D27,D29
15:39:37.460     1323057  FFFFFF47B7FFF  D17,D20,D25,D26,D27,D29
15:39:47.105     1332630  FFFFFF47F7FFF  D17,D25,D26,D27,D29
15:40:01.184     1346604  FFFFFF47B7FFF  D17,D20,D25,D26,D27,D29
15:40:02.227     1347636  FFFFFF47B3FFF  D16,D17,D20,D25,D26,D27,D29
15:40:06.065     1351447  FFFFFF43B3FFF  D16,D17,D20,D24,D25,D26,D27,D29
15:40:06.065     1351449  FFFFFF4BB3FFF  D16,D17,D20,D24,D26,D27,D29
15:40:07.744     1353116  FFFFFF4FB3FFF  D16,D17,D20,D26,D27,D29
15:40:08.786     1354147  FFFFFF43B3FFF  D16,D17,D20,D24,D25,D26,D27,D29
15:40:08.786     1354150  FFFFFF53B3FFF  D16,D17,D20,D24,D25,D27,D29
15:40:09.740     1355101  FFFFFF57B3FFF  D16,D17,D20,D25,D27,D29
15:40:10.698     1356053  FFFFFF53B3FFF  D16,D17,D20,D24,D25,D27,D29
15:40:10.699     1356054  FFFFFF5BB3FFF  D16,D17,D20,D24,D27,D29
15:40:11.668     1357006  FFFFFF5FB3FFF  D16,D17,D20,D27,D29
15:40:12.578     1357919  FFFFFF47B3FFF  D16,D17,D20,D25,D26,D27,D29
15:40:12.578     1357920  FFFFFF63B3FFF  D16,D17,D20,D24,D25,D26,D29
15:40:13.588     1358912  FFFFFF67B3FFF  D16,D17,D20,D25,D26,D29
15:40:14.469     1359785  FFFFFF63B3FFF  D16,D17,D20,D24,D25,D26,D29
15:40:14.469     1359788  FFFFFF6BB3FFF  D16,D17,D20,D24,D26,D29
15:40:15.385     1360699  FFFFFF6FB3FFF  D16,D17,D20,D26,D29
15:40:16.304     1361611  FFFFFF63B3FFF  D16,D17,D20,D24,D25,D26,D29
15:40:16.304     1361613  FFFFFF73B3FFF  D16,D17,D20,D24,D25,D29
15:40:17.231     1362526  FFFFFF77B3FFF  D16,D17,D20,D25,D29
15:40:18.143     1363438  FFFFFF73B3FFF  D16,D17,D20,D24,D25,D29
15:40:18.143     1363440  FFFFFF7BB3FFF  D16,D17,D20,D24,D29
15:40:19.070     1364352  FFFFFF7FB3FFF  D16,D17,D20,D29
15:40:19.990     1365263  FFFFFF67B3FFF  D16,D17,D20,D25,D26,D29
15:40:19.990     1365265  FFFFFF83B3FFF  D16,D17,D20,D24,D25,D26,D27,D28
15:40:20.908     1366177  FFFFFF87B3FFF  D16,D17,D20,D25,D26,D27,D28
15:40:21.822     1367091  FFFFFF83B3FFF  D16,D17,D20,D24,D25,D26,D27,D28
15:40:21.822     1367092  FFFFFF8BB3FFF  D16,D17,D20,D24,D26,D27,D28
15:40:22.706     1367964  FFFFFF8FB3FFF  D16,D17,D20,D26,D27,D28
15:40:23.633     1368877  FFFFFF87B3FFF  D16,D17,D20,D25,D26,D27,D28
15:40:23.633     1368879  FFFFFF83B3FFF  D16,D17,D20,D24,D25,D26,D27,D28
15:40:23.633     1368880  FFFFFF93B3FFF  D16,D17,D20,D24,D25,D27,D28
15:40:24.551     1369791  FFFFFF97B3FFF  D16,D17,D20,D25,D27,D28
15:40:25.463     1370703  FFFFFF93B3FFF  D16,D17,D20,D24,D25,D27,D28
15:40:25.463     1370705  FFFFFF9BB3FFF  D16,D17,D20,D24,D27,D28
15:40:26.390     1371617  FFFFFF9FB3FFF  D16,D17,D20,D27,D28
15:40:27.303     1372529  FFFFFF8FB3FFF  D16,D17,D20,D26,D27,D28
15:40:27.303     1372531  FFFFFFA3B3FFF  D16,D17,D20,D24,D25,D26,D28
15:40:28.228     1373444  FFFFFFA7B3FFF  D16,D17,D20,D25,D26,D28
15:40:29.582     1374793  FFFFFFA3B3FFF  D16,D17,D20,D24,D25,D26,D28
15:40:29.582     1374794  FFFFFFABB3FFF  D16,D17,D20,D24,D26,D28
15:40:31.058     1376263  FFFFFFAFB3FFF  D16,D17,D20,D26,D28
15:40:31.575     1376766  FFFFFFAFB3FFF  D16,D17,D20,D26,D28
15:40:32.553     1377730  FFFFFFA3B3FFF  D16,D17,D20,D24,D25,D26,D28
15:40:32.553     1377733  FFFFFFB3B3FFF  D16,D17,D20,D24,D25,D28
15:40:35.387     1380546  FFFFFFB3B7FFF  D17,D20,D24,D25,D28
15:40:44.223     1389326  FFFFFFB3F7FFF  D17,D24,D25,D28
15:40:50.635     1395687  FFFFFFB3B7FFF  D17,D20,D24,D25,D28
15:40:51.580     1396630  FFFFFFB3B3FFF  D16,D17,D20,D24,D25,D28
15:40:54.898     1399925  FFFFFFB7B3FFF  D16,D17,D20,D25,D28
15:40:56.385     1401394  FFFFFFB3B3FFF  D16,D17,D20,D24,D25,D28
15:40:56.385     1401396  FFFFFFBBB3FFF  D16,D17,D20,D24,D28
15:40:57.378     1402387  FFFFFFBFB3FFF  D16,D17,D20,D28
15:40:58.307     1403299  FFFFFFEFB3FFF  D16,D17,D20,D26
15:40:58.307     1403300  FFFFFFC3B3FFF  D16,D17,D20,D24,D25,D26,D27
15:40:59.223     1404213  FFFFFFC7B3FFF  D16,D17,D20,D25,D26,D27
15:41:00.141     1405125  FFFFFFC3B3FFF  D16,D17,D20,D24,D25,D26,D27
15:41:00.141     1405127  FFFFFFCBB3FFF  D16,D17,D20,D24,D26,D27
15:41:01.068     1406040  FFFFFFCFB3FFF  D16,D17,D20,D26,D27
15:41:02.180     1407151  FFFFFFC7B3FFF  D16,D17,D20,D25,D26,D27
15:41:02.180     1407152  FFFFFFC3B3FFF  D16,D17,D20,D24,D25,D26,D27
15:41:02.180     1407154  FFFFFFD3B3FFF  D16,D17,D20,D24,D25,D27
15:41:03.629     1408581  FFFFFFD7B3FFF  D16,D17,D20,D25,D27
15:41:05.063     1410009  FFFFFFD3B3FFF  D16,D17,D20,D24,D25,D27
15:41:05.063     1410011  FFFFFFDBB3FFF  D16,D17,D20,D24,D27
15:41:06.498     1411439  FFFFFFDFB3FFF  D16,D17,D20,D27
15:41:07.748     1412678  FFFFFFC7B3FFF  D16,D17,D20,D25,D26,D27
15:41:07.748     1412680  FFFFFFE3B3FFF  D16,D17,D20,D24,D25,D26
15:41:08.738     1413662  FFFFFFE7B3FFF  D16,D17,D20,D25,D26
15:41:09.750     1414654  FFFFFFE3B3FFF  D16,D17,D20,D24,D25,D26
15:41:09.750     1414656  FFFFFFEBB3FFF  D16,D17,D20,D24,D26
15:41:11.060     1415965  FFFFFFEFB3FFF  D16,D17,D20,D26
15:41:13.191     1417910  FFFFFFE7B3FFF  D16,D17,D20,D25,D26
15:41:13.191     1417911  FFFFFFE3B3FFF  D16,D17,D20,D24,D25,D26
15:41:13.191     1417913  FFFFFFF3B3FFF  D16,D17,D20,D24,D25
15:41:13.191     1418068  FFFFFFF393FFF  D16,D17,D19,D20,D24,D25
15:41:13.191     1418071  FFFFFFF3D3FFF  D16,D17,D19,D24,D25
15:41:16.222     1421083  FFFFFFF3D7FFF  D17,D19,D24,D25
15:41:31.979     1436722  FFFFFFF3D7FFF  D17,D19,D24,D25
15:41:34.737     1439468  FFFFFFF3D3FFF  D16,D17,D19,D24,D25
15:41:38.429     1443121  FFFFFFE3D3FFF  D16,D17,D19,D24,D25,D26
15:41:38.430     1443123  FFFFFFEFD3FFF  D16,D17,D19,D26
15:41:40.392     1445076  FFFFFFEBD3FFF  D16,D17,D19,D24,D26
15:41:41.673     1446346  FFFFFFE3D3FFF  D16,D17,D19,D24,D25,D26
15:41:41.673     1446348  FFFFFFE7D3FFF  D16,D17,D19,D25,D26
15:41:42.709     1447369  FFFFFFE3D3FFF  D16,D17,D19,D24,D25,D26
15:41:43.714     1448372  FFFFFFC3D3FFF  D16,D17,D19,D24,D25,D26,D27
15:41:43.714     1448374  FFFFFFCFD3FFF  D16,D17,D19,D26,D27
15:41:43.714     1448376  FFFFFFDFD3FFF  D16,D17,D19,D27
15:41:44.917     1449563  FFFFFFDBD3FFF  D16,D17,D19,D24,D27
15:41:46.792     1451429  FFFFFFD3D3FFF  D16,D17,D19,D24,D25,D27
15:41:46.792     1451430  FFFFFFD7D3FFF  D16,D17,D19,D25,D27
15:41:50.317     1454920  FFFFFFD7D7FFF  D17,D19,D25,D27
15:42:02.630     1467153  FFFFFFD7F7FFF  D17,D25,D27
15:42:05.664     1470158  FFFFFFD7B7FFF  D17,D20,D25,D27
15:42:06.633     1471122  FFFFFFD7B3FFF  D16,D17,D20,D25,D27
15:42:10.545     1475002  FFFFFFD3B3FFF  D16,D17,D20,D24,D25,D27
15:42:10.545     1475004  FFFFFFDBB3FFF  D16,D17,D20,D24,D27
15:42:12.390     1476840  FFFFFFDFB3FFF  D16,D17,D20,D27
15:42:13.591     1478019  FFFFFFCFB3FFF  D16,D17,D20,D26,D27
15:42:13.591     1478021  FFFFFFE3B3FFF  D16,D17,D20,D24,D25,D26
15:42:14.627     1479064  FFFFFFE7B3FFF  D16,D17,D20,D25,D26
15:42:15.630     1480054  FFFFFFE3B3FFF  D16,D17,D20,D24,D25,D26
15:42:15.630     1480056  FFFFFFEBB3FFF  D16,D17,D20,D24,D26
15:42:16.911     1481327  FFFFFFEFB3FFF  D16,D17,D20,D26
15:42:18.358     1482755  FFFFFFE3B3FFF  D16,D17,D20,D24,D25,D26
15:42:18.358     1482758  FFFFFFF3B3FFF  D16,D17,D20,D24,D25
15:42:20.219     1484571  FFFFFFF7B3FFF  D16,D17,D20,D25
15:42:20.220     1484610  FFFFFFF793FFF  D16,D17,D19,D20,D25
15:42:20.220     1484612  FFFFFFF7D3FFF  D16,D17,D19,D25
15:42:23.922     1488151  FFFFFFF7D7FFF  D17,D19,D25
15:42:23.922     1488275  FFFFFFF7F7FFF  D17,D25
15:42:32.035     1496331  FFFFFFF7F7FFF  D17,D25
15:43:32.204     1556050  FFFFFFF7F7FFF  D17,D25
15:44:32.389     1615791  FFFFFFF7F7FFF  D17,D25
15:45:24.575     1667598  FFFFFFF7FFFFF  D25
15:45:25.262     1668275  FFFFFFF7F7FFF  D17,D25
15:45:32.391     1675346  FFFFFFF7F7FFF  D17,D25
15:46:32.629     1735141  FFFFFFF7F7FFF  D17,D25
15:46:39.597     1742053  FFFFFFF7D7FFF  D17,D19,D25
15:46:40.878     1743324  FFFFFFF7D3FFF  D16,D17,D19,D25
15:46:45.062     1747483  FFFFFFF3D3FFF  D16,D17,D19,D24,D25
15:46:48.777     1751172  FFFFFFF3D7FFF  D17,D19,D24,D25
15:46:59.586     1761906  FFFFFFF3F7FFF  D17,D24,D25
15:47:05.668     1767941  FFFFFFF3D7FFF  D17,D19,D24,D25
15:47:06.624     1768883  FFFFFFF3D3FFF  D16,D17,D19,D24,D25
15:47:10.259     1772494  FFFFFFE3D3FFF  D16,D17,D19,D24,D25,D26
15:47:10.259     1772496  FFFFFFEFD3FFF  D16,D17,D19,D26
15:47:12.216     1774441  FFFFFFEBD3FFF  D16,D17,D19,D24,D26
15:47:13.510     1775712  FFFFFFE3D3FFF  D16,D17,D19,D24,D25,D26
15:47:13.510     1775713  FFFFFFE7D3FFF  D16,D17,D19,D25,D26
15:47:14.503     1776704  FFFFFFE3D3FFF  D16,D17,D19,D24,D25,D26
15:47:15.543     1777736  FFFFFFC3D3FFF  D16,D17,D19,D24,D25,D26,D27
15:47:15.543     1777737  FFFFFFCFD3FFF  D16,D17,D19,D26,D27
15:47:15.543     1777739  FFFFFFDFD3FFF  D16,D17,D19,D27
15:47:16.747     1778927  FFFFFFDBD3FFF  D16,D17,D19,D24,D27
15:47:18.176     1780357  FFFFFFD3D3FFF  D16,D17,D19,D24,D25,D27
15:47:18.176     1780359  FFFFFFD7D3FFF  D16,D17,D19,D25,D27
15:47:19.660     1781825  FFFFFFD3D3FFF  D16,D17,D19,D24,D25,D27
15:47:21.058     1783216  FFFFFFC3D3FFF  D16,D17,D19,D24,D25,D26,D27
15:47:21.058     1783217  FFFFFFCFD3FFF  D16,D17,D19,D26,D27
15:47:22.216     1784367  FFFFFFCBD3FFF  D16,D17,D19,D24,D26,D27
15:47:23.140     1785280  FFFFFFC3D3FFF  D16,D17,D19,D24,D25,D26,D27
15:47:23.140     1785282  FFFFFFC7D3FFF  D16,D17,D19,D25,D26,D27
15:47:24.021     1786153  FFFFFFC3D3FFF  D16,D17,D19,D24,D25,D26,D27
15:47:24.952     1787066  FFFFFF83D3FFF  D16,D17,D19,D24,D25,D26,D27,D28
15:47:24.952     1787068  FFFFFFAFD3FFF  D16,D17,D19,D26,D28
15:47:24.952     1787070  FFFFFFBFD3FFF  D16,D17,D19,D28
15:47:25.864     1787979  FFFFFFBBD3FFF  D16,D17,D19,D24,D28
15:47:26.790     1788893  FFFFFFB3D3FFF  D16,D17,D19,D24,D25,D28
15:47:26.790     1788895  FFFFFFB7D3FFF  D16,D17,D19,D25,D28
15:47:27.705     1789806  FFFFFFB3D3FFF  D16,D17,D19,D24,D25,D28
15:47:28.620     1790718  FFFFFFA3D3FFF  D16,D17,D19,D24,D25,D26,D28
15:47:28.620     1790721  FFFFFFAFD3FFF  D16,D17,D19,D26,D28
15:47:29.535     1791632  FFFFFFABD3FFF  D16,D17,D19,D24,D26,D28
15:47:30.899     1792982  FFFFFFA3D3FFF  D16,D17,D19,D24,D25,D26,D28
15:47:30.899     1792984  FFFFFFA7D3FFF  D16,D17,D19,D25,D26,D28
15:47:32.380     1794451  FFFFFFA3D3FFF  D16,D17,D19,D24,D25,D26,D28
15:47:32.896     1794959  FFFFFFA3D3FFF  D16,D17,D19,D24,D25,D26,D28
15:47:33.858     1795920  FFFFFF83D3FFF  D16,D17,D19,D24,D25,D26,D27,D28
15:47:33.859     1795921  FFFFFF8FD3FFF  D16,D17,D19,D26,D27,D28
15:47:33.859     1795923  FFFFFF9FD3FFF  D16,D17,D19,D27,D28
15:47:36.811     1798855  FFFFFF9FD7FFF  D17,D19,D27,D28
15:47:40.935     1802947  FFFFFF9FD3FFF  D16,D17,D19,D27,D28
15:47:44.261     1806242  FFFFFF9BD3FFF  D16,D17,D19,D24,D27,D28
15:47:45.740     1807712  FFFFFF93D3FFF  D16,D17,D19,D24,D25,D27,D28
15:47:45.740     1807714  FFFFFF97D3FFF  D16,D17,D19,D25,D27,D28
15:47:46.794     1808754  FFFFFF93D3FFF  D16,D17,D19,D24,D25,D27,D28
15:47:47.741     1809696  FFFFFF83D3FFF  D16,D17,D19,D24,D25,D26,D27,D28
15:47:47.741     1809698  FFFFFF8FD3FFF  D16,D17,D19,D26,D27,D28
15:47:48.782     1810728  FFFFFF8BD3FFF  D16,D17,D19,D24,D26,D27,D28
15:47:50.321     1812248  FFFFFF83D3FFF  D16,D17,D19,D24,D25,D26,D27,D28
15:47:50.321     1812250  FFFFFF87D3FFF  D16,D17,D19,D25,D26,D27,D28
15:47:53.356     1815173  FFFFFF87D7FFF  D17,D19,D25,D26,D27,D28
15:47:53.356     1815266  FFFFFF8797FFF  D17,D19,D20,D25,D26,D27,D28
15:47:53.356     1815268  FFFFFF87B7FFF  D17,D20,D25,D26,D27,D28
15:47:56.705     1818593  FFFFFF87F7FFF  D17,D25,D26,D27,D28
15:47:57.656     1819543  FFFFFF87B7FFF  D17,D20,D25,D26,D27,D28
15:47:58.635     1820507  FFFFFF87B3FFF  D16,D17,D20,D25,D26,D27,D28
15:48:01.937     1823792  FFFFFF83B3FFF  D16,D17,D20,D24,D25,D26,D27,D28
15:48:01.938     1823793  FFFFFF8BB3FFF  D16,D17,D20,D24,D26,D27,D28
15:48:03.433     1825271  FFFFFF8FB3FFF  D16,D17,D20,D26,D27,D28
15:48:04.425     1826252  FFFFFF87B3FFF  D16,D17,D20,D25,D26,D27,D28
15:48:04.425     1826254  FFFFFF83B3FFF  D16,D17,D20,D24,D25,D26,D27,D28
15:48:04.425     1826256  FFFFFF93B3FFF  D16,D17,D20,D24,D25,D27,D28
15:48:05.340     1827168  FFFFFF97B3FFF  D16,D17,D20,D25,D27,D28
15:48:06.270     1828079  FFFFFF93B3FFF  D16,D17,D20,D24,D25,D27,D28
15:48:06.270     1828081  FFFFFF9BB3FFF  D16,D17,D20,D24,D27,D28
15:48:07.185     1828994  FFFFFF9FB3FFF  D16,D17,D20,D27,D28
15:48:08.100     1829905  FFFFFF8BB3FFF  D16,D17,D20,D24,D26,D27,D28
15:48:08.100     1829907  FFFFFFA3B3FFF  D16,D17,D20,D24,D25,D26,D28
15:48:09.037     1830830  FFFFFFA7B3FFF  D16,D17,D20,D25,D26,D28
15:48:10.389     1832168  FFFFFFA3B3FFF  D16,D17,D20,D24,D25,D26,D28
15:48:10.389     1832170  FFFFFFABB3FFF  D16,D17,D20,D24,D26,D28
15:48:11.782     1833560  FFFFFFAFB3FFF  D16,D17,D20,D26,D28
15:48:12.666     1834431  FFFFFFA3B3FFF  D16,D17,D20,D24,D25,D26,D28
15:48:12.666     1834434  FFFFFFB3B3FFF  D16,D17,D20,D24,D25,D28
15:48:13.580     1835346  FFFFFFB7B3FFF  D16,D17,D20,D25,D28
15:48:14.511     1836258  FFFFFFB3B3FFF  D16,D17,D20,D24,D25,D28
15:48:14.511     1836260  FFFFFFBBB3FFF  D16,D17,D20,D24,D28
15:48:15.438     1837182  FFFFFFBFB3FFF  D16,D17,D20,D28
15:48:16.337     1838084  FFFFFFB7B3FFF  D16,D17,D20,D25,D28
15:48:16.337     1838086  FFFFFFC3B3FFF  D16,D17,D20,D24,D25,D26,D27
15:48:17.222     1838959  FFFFFFC7B3FFF  D16,D17,D20,D25,D26,D27
15:48:18.182     1839910  FFFFFFC3B3FFF  D16,D17,D20,D24,D25,D26,D27
15:48:18.182     1839912  FFFFFFCBB3FFF  D16,D17,D20,D24,D26,D27
15:48:19.064     1840785  FFFFFFCFB3FFF  D16,D17,D20,D26,D27
15:48:20.222     1841936  FFFFFFC7B3FFF  D16,D17,D20,D25,D26,D27
15:48:20.222     1841937  FFFFFFC3B3FFF  D16,D17,D20,D24,D25,D26,D27
15:48:20.222     1841939  FFFFFFD3B3FFF  D16,D17,D20,D24,D25,D27
15:48:21.624     1843326  FFFFFFD7B3FFF  D16,D17,D20,D25,D27
15:48:23.113     1844804  FFFFFFD3B3FFF  D16,D17,D20,D24,D25,D27
15:48:23.113     1844806  FFFFFFDBB3FFF  D16,D17,D20,D24,D27
15:48:24.555     1846235  FFFFFFDFB3FFF  D16,D17,D20,D27
15:48:25.743     1847414  FFFFFFCFB3FFF  D16,D17,D20,D26,D27
15:48:25.743     1847415  FFFFFFE3B3FFF  D16,D17,D20,D24,D25,D26
15:48:26.746     1848409  FFFFFFE7B3FFF  D16,D17,D20,D25,D26
15:48:27.778     1849440  FFFFFFE3B3FFF  D16,D17,D20,D24,D25,D26
15:48:27.778     1849442  FFFFFFEBB3FFF  D16,D17,D20,D24,D26
15:48:29.058     1850711  FFFFFFEFB3FFF  D16,D17,D20,D26
15:48:30.506     1852139  FFFFFFE3B3FFF  D16,D17,D20,D24,D25,D26
15:48:30.506     1852142  FFFFFFF3B3FFF  D16,D17,D20,D24,D25
15:48:32.387     1853967  FFFFFFF7B3FFF  D16,D17,D20,D25
15:48:32.387     1854015  FFFFFFF793FFF  D16,D17,D19,D20,D25
15:48:32.387     1854017  FFFFFFF7D3FFF  D16,D17,D19,D25
15:48:32.902     1854520  FFFFFFF7D3FFF  D16,D17,D19,D25
15:48:36.080     1857536  FFFFFFF7D7FFF  D17,D19,D25
15:48:36.080     1857670  FFFFFFF7F7FFF  D17,D25
15:49:33.293     1914461  FFFFFFF7F7FFF  D17,D25
15:50:33.483     1974203  FFFFFFF7F7FFF  D17,D25
15:51:04.717     2005203  FFFFFFF7D7FFF  D17,D19,D25
15:51:18.375     2018771  FFFFFFF7D3FFF  D16,D17,D19,D25
15:51:22.468     2022831  FFFFFFF3D3FFF  D16,D17,D19,D24,D25
15:51:24.268     2024617  FFFFFFE3D3FFF  D16,D17,D19,D24,D25,D26
15:51:24.268     2024620  FFFFFFEFD3FFF  D16,D17,D19,D26
15:51:25.713     2026047  FFFFFFEBD3FFF  D16,D17,D19,D24,D26
15:51:27.037     2027358  FFFFFFE3D3FFF  D16,D17,D19,D24,D25,D26
15:51:27.037     2027359  FFFFFFE7D3FFF  D16,D17,D19,D25,D26
15:51:28.028     2028340  FFFFFFE3D3FFF  D16,D17,D19,D24,D25,D26
15:51:29.076     2029382  FFFFFFC3D3FFF  D16,D17,D19,D24,D25,D26,D27
15:51:29.076     2029384  FFFFFFCFD3FFF  D16,D17,D19,D26,D27
15:51:29.076     2029386  FFFFFFDFD3FFF  D16,D17,D19,D27
15:51:30.256     2030563  FFFFFFDBD3FFF  D16,D17,D19,D24,D27
15:51:31.696     2031992  FFFFFFD3D3FFF  D16,D17,D19,D24,D25,D27
15:51:31.696     2031994  FFFFFFD7D3FFF  D16,D17,D19,D25,D27
15:51:33.187     2033472  FFFFFFD3D3FFF  D16,D17,D19,D24,D25,D27
15:51:33.706     2033978  FFFFFFD3D3FFF  D16,D17,D19,D24,D25,D27
15:51:34.577     2034851  FFFFFFC3D3FFF  D16,D17,D19,D24,D25,D26,D27
15:51:34.577     2034852  FFFFFFCFD3FFF  D16,D17,D19,D26,D27
15:51:35.703     2035962  FFFFFFCBD3FFF  D16,D17,D19,D24,D26,D27
15:51:36.616     2036876  FFFFFFC3D3FFF  D16,D17,D19,D24,D25,D26,D27
15:51:36.617     2036878  FFFFFFC7D3FFF  D16,D17,D19,D25,D26,D27
15:51:37.549     2037799  FFFFFFC3D3FFF  D16,D17,D19,D24,D25,D26,D27
15:51:38.471     2038713  FFFFFF83D3FFF  D16,D17,D19,D24,D25,D26,D27,D28
15:51:38.472     2038715  FFFFFFAFD3FFF  D16,D17,D19,D26,D28
15:51:38.472     2038716  FFFFFFBFD3FFF  D16,D17,D19,D28
15:51:39.385     2039615  FFFFFFBBD3FFF  D16,D17,D19,D24,D28
15:51:40.298     2040528  FFFFFFB3D3FFF  D16,D17,D19,D24,D25,D28
15:51:40.298     2040530  FFFFFFB7D3FFF  D16,D17,D19,D25,D28
15:51:41.193     2041412  FFFFFFB3D3FFF  D16,D17,D19,D24,D25,D28
15:51:42.108     2042315  FFFFFFA3D3FFF  D16,D17,D19,D24,D25,D26,D28
15:51:42.108     2042317  FFFFFFAFD3FFF  D16,D17,D19,D26,D28
15:51:43.020     2043229  FFFFFFABD3FFF  D16,D17,D19,D24,D26,D28
15:51:44.439     2044628  FFFFFFA3D3FFF  D16,D17,D19,D24,D25,D26,D28
15:51:44.439     2044631  FFFFFFA7D3FFF  D16,D17,D19,D25,D26,D28
15:51:45.781     2045968  FFFFFFA3D3FFF  D16,D17,D19,D24,D25,D26,D28
15:51:46.705     2046881  FFFFFF83D3FFF  D16,D17,D19,D24,D25,D26,D27,D28
15:51:46.705     2046883  FFFFFF8FD3FFF  D16,D17,D19,D26,D27,D28
15:51:46.705     2046884  FFFFFF9FD3FFF  D16,D17,D19,D27,D28
15:51:47.637     2047804  FFFFFF9BD3FFF  D16,D17,D19,D24,D27,D28
15:51:48.552     2048717  FFFFFF93D3FFF  D16,D17,D19,D24,D25,D27,D28
15:51:48.552     2048719  FFFFFF97D3FFF  D16,D17,D19,D25,D27,D28
15:51:49.425     2049591  FFFFFF93D3FFF  D16,D17,D19,D24,D25,D27,D28
15:51:50.355     2050504  FFFFFF83D3FFF  D16,D17,D19,D24,D25,D26,D27,D28
15:51:50.355     2050506  FFFFFF8FD3FFF  D16,D17,D19,D26,D27,D28
15:51:51.270     2051418  FFFFFF8BD3FFF  D16,D17,D19,D24,D26,D27,D28
15:51:52.182     2052321  FFFFFF83D3FFF  D16,D17,D19,D24,D25,D26,D27,D28
15:51:52.182     2052322  FFFFFF87D3FFF  D16,D17,D19,D25,D26,D27,D28
15:51:53.095     2053233  FFFFFF83D3FFF  D16,D17,D19,D24,D25,D26,D27,D28
15:51:54.037     2054156  FFFFFF03D3FFF  D16,D17,D19,D24,D25,D26,D27,D28,D29
15:51:54.037     2054158  FFFFFF67D3FFF  D16,D17,D19,D25,D26,D29
15:51:54.037     2054160  FFFFFF7FD3FFF  D16,D17,D19,D29
15:51:54.946     2055070  FFFFFF7BD3FFF  D16,D17,D19,D24,D29
15:51:55.868     2055973  FFFFFF73D3FFF  D16,D17,D19,D24,D25,D29
15:51:55.868     2055974  FFFFFF77D3FFF  D16,D17,D19,D25,D29
15:51:56.751     2056856  FFFFFF73D3FFF  D16,D17,D19,D24,D25,D29
15:51:57.680     2057769  FFFFFF63D3FFF  D16,D17,D19,D24,D25,D26,D29
15:51:57.680     2057771  FFFFFF67D3FFF  D16,D17,D19,D25,D26,D29
15:51:57.680     2057773  FFFFFF6FD3FFF  D16,D17,D19,D26,D29
15:51:58.579     2058673  FFFFFF6BD3FFF  D16,D17,D19,D24,D26,D29
15:51:59.511     2059596  FFFFFF63D3FFF  D16,D17,D19,D24,D25,D26,D29
15:51:59.511     2059597  FFFFFF67D3FFF  D16,D17,D19,D25,D26,D29
15:52:00.426     2060509  FFFFFF63D3FFF  D16,D17,D19,D24,D25,D26,D29
15:52:01.402     2061462  FFFFFF43D3FFF  D16,D17,D19,D24,D25,D26,D27,D29
15:52:01.402     2061464  FFFFFF4FD3FFF  D16,D17,D19,D26,D27,D29
15:52:01.402     2061466  FFFFFF5FD3FFF  D16,D17,D19,D27,D29
15:52:02.347     2062415  FFFFFF5BD3FFF  D16,D17,D19,D24,D27,D29
15:52:03.306     2063368  FFFFFF53D3FFF  D16,D17,D19,D24,D25,D27,D29
15:52:03.306     2063370  FFFFFF57D3FFF  D16,D17,D19,D25,D27,D29
15:52:04.335     2064390  FFFFFF53D3FFF  D16,D17,D19,D24,D25,D27,D29
15:52:05.860     2065898  FFFFFF43D3FFF  D16,D17,D19,D24,D25,D26,D27,D29
15:52:05.860     2065900  FFFFFF4FD3FFF  D16,D17,D19,D26,D27,D29
15:52:08.865     2068884  FFFFFF4FD7FFF  D17,D19,D26,D27,D29
15:52:17.665     2077623  FFFFFF4FF7FFF  D17,D26,D27,D29
15:52:33.810     2093637  FFFFFF4FF7FFF  D17,D26,D27,D29
15:52:36.389     2096203  FFFFFF4FD7FFF  D17,D19,D26,D27,D29
15:52:37.350     2097156  FFFFFF4FD3FFF  D16,D17,D19,D26,D27,D29
15:52:40.860     2100638  FFFFFF4BD3FFF  D16,D17,D19,D24,D26,D27,D29
15:52:43.267     2102822  FFFFFF43D3FFF  D16,D17,D19,D24,D25,D26,D27,D29
15:52:43.267     2102824  FFFFFF47D3FFF  D16,D17,D19,D25,D26,D27,D29
15:52:43.267     2102862  FFFFFF4793FFF  D16,D17,D19,D20,D25,D26,D27,D29
15:52:43.267     2103022  FFFFFF47B3FFF  D16,D17,D20,D25,D26,D27,D29
15:52:46.501     2106233  FFFFFF47B7FFF  D17,D20,D25,D26,D27,D29
15:53:01.662     2121285  FFFFFF47B3FFF  D16,D17,D20,D25,D26,D27,D29
15:53:05.509     2125096  FFFFFF43B3FFF  D16,D17,D20,D24,D25,D26,D27,D29
15:53:05.510     2125097  FFFFFF4BB3FFF  D16,D17,D20,D24,D26,D27,D29
15:53:07.139     2126725  FFFFFF4FB3FFF  D16,D17,D20,D26,D27,D29
15:53:08.228     2127796  FFFFFF43B3FFF  D16,D17,D20,D24,D25,D26,D27,D29
15:53:08.228     2127799  FFFFFF53B3FFF  D16,D17,D20,D24,D25,D27,D29
15:53:09.175     2128750  FFFFFF57B3FFF  D16,D17,D20,D25,D27,D29
15:53:10.141     2129701  FFFFFF53B3FFF  D16,D17,D20,D24,D25,D27,D29
15:53:10.141     2129703  FFFFFF5BB3FFF  D16,D17,D20,D24,D27,D29
15:53:11.064     2130616  FFFFFF5FB3FFF  D16,D17,D20,D27,D29
15:53:12.030     2131567  FFFFFF43B3FFF  D16,D17,D20,D24,D25,D26,D27,D29
15:53:12.030     2131569  FFFFFF63B3FFF  D16,D17,D20,D24,D25,D26,D29
15:53:12.980     2132521  FFFFFF67B3FFF  D16,D17,D20,D25,D26,D29
15:53:13.896     2133434  FFFFFF63B3FFF  D16,D17,D20,D24,D25,D26,D29
15:53:13.896     2133435  FFFFFF6BB3FFF  D16,D17,D20,D24,D26,D29
15:53:14.818     2134348  FFFFFF6FB3FFF  D16,D17,D20,D26,D29
15:53:15.751     2135260  FFFFFF63B3FFF  D16,D17,D20,D24,D25,D26,D29
15:53:15.751     2135263  FFFFFF73B3FFF  D16,D17,D20,D24,D25,D29
15:53:16.659     2136174  FFFFFF77B3FFF  D16,D17,D20,D25,D29
15:53:17.589     2137085  FFFFFF73B3FFF  D16,D17,D20,D24,D25,D29
15:53:17.589     2137089  FFFFFF7BB3FFF  D16,D17,D20,D24,D29
15:53:18.508     2138000  FFFFFF7FB3FFF  D16,D17,D20,D29
15:53:19.427     2138912  FFFFFF03B3FFF  D16,D17,D20,D24,D25,D26,D27,D28,D29
15:53:19.427     2138914  FFFFFF83B3FFF  D16,D17,D20,D24,D25,D26,D27,D28
15:53:20.300     2139787  FFFFFF87B3FFF  D16,D17,D20,D25,D26,D27,D28
15:53:21.229     2140699  FFFFFF83B3FFF  D16,D17,D20,D24,D25,D26,D27,D28
15:53:21.229     2140701  FFFFFF8BB3FFF  D16,D17,D20,D24,D26,D27,D28
15:53:22.148     2141614  FFFFFF8FB3FFF  D16,D17,D20,D26,D27,D28
15:53:23.069     2142525  FFFFFF83B3FFF  D16,D17,D20,D24,D25,D26,D27,D28
15:53:23.069     2142528  FFFFFF93B3FFF  D16,D17,D20,D24,D25,D27,D28
15:53:23.988     2143439  FFFFFF97B3FFF  D16,D17,D20,D25,D27,D28
15:53:24.906     2144352  FFFFFF93B3FFF  D16,D17,D20,D24,D25,D27,D28
15:53:24.906     2144354  FFFFFF9BB3FFF  D16,D17,D20,D24,D27,D28
15:53:25.822     2145266  FFFFFF9FB3FFF  D16,D17,D20,D27,D28
15:53:26.709     2146138  FFFFFF83B3FFF  D16,D17,D20,D24,D25,D26,D27,D28
15:53:26.709     2146140  FFFFFFA3B3FFF  D16,D17,D20,D24,D25,D26,D28
15:53:27.625     2147053  FFFFFFA7B3FFF  D16,D17,D20,D25,D26,D28
15:53:29.019     2148441  FFFFFFA3B3FFF  D16,D17,D20,D24,D25,D26,D28
15:53:29.020     2148443  FFFFFFABB3FFF  D16,D17,D20,D24,D26,D28
15:53:30.380     2149792  FFFFFFAFB3FFF  D16,D17,D20,D26,D28
15:53:31.299     2150704  FFFFFFA3B3FFF  D16,D17,D20,D24,D25,D26,D28
15:53:31.299     2150707  FFFFFFB3B3FFF  D16,D17,D20,D24,D25,D28
15:53:32.224     2151618  FFFFFFB7B3FFF  D16,D17,D20,D25,D28
15:53:33.141     2152530  FFFFFFB3B3FFF  D16,D17,D20,D24,D25,D28
15:53:33.142     2152532  FFFFFFBBB3FFF  D16,D17,D20,D24,D28
15:53:34.024     2153405  FFFFFFBFB3FFF  D16,D17,D20,D28
15:53:34.941     2153917  FFFFFFBFB3FFF  D16,D17,D20,D28
15:53:34.941     2154317  FFFFFFF7B3FFF  D16,D17,D20,D25
15:53:34.941     2154319  FFFFFFC3B3FFF  D16,D17,D20,D24,D25,D26,D27
15:53:35.859     2155232  FFFFFFC7B3FFF  D16,D17,D20,D25,D26,D27
15:53:36.776     2156143  FFFFFFC3B3FFF  D16,D17,D20,D24,D25,D26,D27
15:53:36.776     2156145  FFFFFFCBB3FFF  D16,D17,D20,D24,D26,D27
15:53:37.707     2157058  FFFFFFCFB3FFF  D16,D17,D20,D26,D27
15:53:38.822     2158168  FFFFFFC7B3FFF  D16,D17,D20,D25,D26,D27
15:53:38.822     2158170  FFFFFFC3B3FFF  D16,D17,D20,D24,D25,D26,D27
15:53:38.822     2158172  FFFFFFD3B3FFF  D16,D17,D20,D24,D25,D27
15:53:40.225     2159559  FFFFFFD7B3FFF  D16,D17,D20,D25,D27
15:53:41.707     2161027  FFFFFFD3B3FFF  D16,D17,D20,D24,D25,D27
15:53:41.707     2161029  FFFFFFDBB3FFF  D16,D17,D20,D24,D27
15:53:43.147     2162457  FFFFFFDFB3FFF  D16,D17,D20,D27
15:53:44.336     2163647  FFFFFFC3B3FFF  D16,D17,D20,D24,D25,D26,D27
15:53:44.336     2163649  FFFFFFE3B3FFF  D16,D17,D20,D24,D25,D26
15:53:45.375     2164680  FFFFFFE7B3FFF  D16,D17,D20,D25,D26
15:53:46.375     2165672  FFFFFFE3B3FFF  D16,D17,D20,D24,D25,D26
15:53:46.375     2165673  FFFFFFEBB3FFF  D16,D17,D20,D24,D26
15:53:47.704     2166983  FFFFFFEFB3FFF  D16,D17,D20,D26
15:53:49.138     2168411  FFFFFFE7B3FFF  D16,D17,D20,D25,D26
15:53:49.139     2168413  FFFFFFE3B3FFF  D16,D17,D20,D24,D25,D26
15:53:49.139     2168415  FFFFFFF3B3FFF  D16,D17,D20,D24,D25
15:53:50.938     2170200  FFFFFFF7B3FFF  D16,D17,D20,D25
15:53:54.535     2173768  FFFFFFF7B7FFF  D17,D20,D25
15:54:16.695     2195769  FFFFFFF7F7FFF  D17,D25
15:54:20.064     2199102  FFFFFFF7D7FFF  D17,D19,D25
15:54:21.102     2200134  FFFFFFF7D3FFF  D16,D17,D19,D25
15:54:25.191     2204194  FFFFFFF3D3FFF  D16,D17,D19,D24,D25
15:54:26.980     2205970  FFFFFFE3D3FFF  D16,D17,D19,D24,D25,D26
15:54:26.980     2205972  FFFFFFEFD3FFF  D16,D17,D19,D26
15:54:28.460     2207439  FFFFFFEBD3FFF  D16,D17,D19,D24,D26
15:54:29.744     2208710  FFFFFFE3D3FFF  D16,D17,D19,D24,D25,D26
15:54:29.745     2208711  FFFFFFE7D3FFF  D16,D17,D19,D25,D26
15:54:30.783     2209742  FFFFFFE3D3FFF  D16,D17,D19,D24,D25,D26
15:54:31.790     2210735  FFFFFFC3D3FFF  D16,D17,D19,D24,D25,D26,D27
15:54:31.790     2210737  FFFFFFCFD3FFF  D16,D17,D19,D26,D27
15:54:31.790     2210739  FFFFFFDFD3FFF  D16,D17,D19,D27
15:54:32.986     2211926  FFFFFFDBD3FFF  D16,D17,D19,D24,D27
15:54:34.822     2213752  FFFFFFD3D3FFF  D16,D17,D19,D24,D25,D27
15:54:34.822     2213753  FFFFFFD7D3FFF  D16,D17,D19,D25,D27
15:54:35.328     2214263  FFFFFFD7D3FFF  D16,D17,D19,D25,D27
15:54:38.381     2217282  FFFFFFD7D7FFF  D17,D19,D25,D27
15:54:48.025     2226854  FFFFFFD7D3FFF  D16,D17,D19,D25,D27
15:54:51.860     2230665  FFFFFFD3D3FFF  D16,D17,D19,D24,D25,D27
15:54:53.680     2232463  FFFFFFC3D3FFF  D16,D17,D19,D24,D25,D26,D27
15:54:53.680     2232465  FFFFFFCFD3FFF  D16,D17,D19,D26,D27
15:54:54.824     2233604  FFFFFFCBD3FFF  D16,D17,D19,D24,D26,D27
15:54:55.755     2234526  FFFFFFC3D3FFF  D16,D17,D19,D24,D25,D26,D27
15:54:55.755     2234528  FFFFFFC7D3FFF  D16,D17,D19,D25,D26,D27
15:54:56.667     2235430  FFFFFFC3D3FFF  D16,D17,D19,D24,D25,D26,D27
15:54:57.537     2236303  FFFFFF83D3FFF  D16,D17,D19,D24,D25,D26,D27,D28
15:54:57.537     2236304  FFFFFFA7D3FFF  D16,D17,D19,D25,D26,D28
15:54:57.538     2236306  FFFFFFBFD3FFF  D16,D17,D19,D28
15:54:58.472     2237227  FFFFFFBBD3FFF  D16,D17,D19,D24,D28
15:54:59.388     2238130  FFFFFFB3D3FFF  D16,D17,D19,D24,D25,D28
15:54:59.388     2238132  FFFFFFB7D3FFF  D16,D17,D19,D25,D28
15:55:00.301     2239042  FFFFFFB3D3FFF  D16,D17,D19,D24,D25,D28
15:55:01.219     2239955  FFFFFFA3D3FFF  D16,D17,D19,D24,D25,D26,D28
15:55:01.219     2239958  FFFFFFAFD3FFF  D16,D17,D19,D26,D28
15:55:02.151     2240880  FFFFFFABD3FFF  D16,D17,D19,D24,D26,D28
15:55:03.508     2242219  FFFFFFA3D3FFF  D16,D17,D19,D24,D25,D26,D28
15:55:03.508     2242221  FFFFFFA7D3FFF  D16,D17,D19,D25,D26,D28
15:55:04.865     2243579  FFFFFFA3D3FFF  D16,D17,D19,D24,D25,D26,D28
15:55:05.780     2244483  FFFFFF83D3FFF  D16,D17,D19,D24,D25,D26,D27,D28
15:55:05.781     2244485  FFFFFF8FD3FFF  D16,D17,D19,D26,D27,D28
15:55:05.781     2244487  FFFFFF9FD3FFF  D16,D17,D19,D27,D28
15:55:06.701     2245395  FFFFFF9BD3FFF  D16,D17,D19,D24,D27,D28
15:55:07.619     2246308  FFFFFF93D3FFF  D16,D17,D19,D24,D25,D27,D28
15:55:07.620     2246310  FFFFFF97D3FFF  D16,D17,D19,D25,D27,D28
15:55:08.551     2247232  FFFFFF93D3FFF  D16,D17,D19,D24,D25,D27,D28
15:55:09.463     2248134  FFFFFF83D3FFF  D16,D17,D19,D24,D25,D26,D27,D28
15:55:09.464     2248136  FFFFFF8FD3FFF  D16,D17,D19,D26,D27,D28
15:55:10.334     2249008  FFFFFF8BD3FFF  D16,D17,D19,D24,D26,D27,D28
15:55:11.264     2249921  FFFFFF83D3FFF  D16,D17,D19,D24,D25,D26,D27,D28
15:55:11.264     2249923  FFFFFF87D3FFF  D16,D17,D19,D25,D26,D27,D28
15:55:12.186     2250834  FFFFFF83D3FFF  D16,D17,D19,D24,D25,D26,D27,D28
15:55:13.103     2251747  FFFFFF43D3FFF  D16,D17,D19,D24,D25,D26,D27,D29
15:55:13.103     2251749  FFFFFF6FD3FFF  D16,D17,D19,D26,D29
15:55:13.103     2251751  FFFFFF7FD3FFF  D16,D17,D19,D29
15:55:14.019     2252660  FFFFFF7BD3FFF  D16,D17,D19,D24,D29
15:55:14.955     2253585  FFFFFF73D3FFF  D16,D17,D19,D24,D25,D29
15:55:14.955     2253587  FFFFFF77D3FFF  D16,D17,D19,D25,D29
15:55:15.855     2254487  FFFFFF73D3FFF  D16,D17,D19,D24,D25,D29
15:55:16.776     2255400  FFFFFF63D3FFF  D16,D17,D19,D24,D25,D26,D29
15:55:16.777     2255403  FFFFFF6FD3FFF  D16,D17,D19,D26,D29
15:55:17.698     2256314  FFFFFF6BD3FFF  D16,D17,D19,D24,D26,D29
15:55:18.630     2257227  FFFFFF63D3FFF  D16,D17,D19,D24,D25,D26,D29
15:55:18.630     2257229  FFFFFF67D3FFF  D16,D17,D19,D25,D26,D29
15:55:19.500     2258100  FFFFFF63D3FFF  D16,D17,D19,D24,D25,D26,D29
15:55:20.458     2259053  FFFFFF43D3FFF  D16,D17,D19,D24,D25,D26,D27,D29
15:55:20.458     2259055  FFFFFF4FD3FFF  D16,D17,D19,D26,D27,D29
15:55:20.458     2259057  FFFFFF5FD3FFF  D16,D17,D19,D27,D29
15:55:21.420     2260005  FFFFFF5BD3FFF  D16,D17,D19,D24,D27,D29
15:55:22.379     2260959  FFFFFF53D3FFF  D16,D17,D19,D24,D25,D27,D29
15:55:22.379     2260961  FFFFFF57D3FFF  D16,D17,D19,D25,D27,D29
15:55:23.342     2261911  FFFFFF53D3FFF  D16,D17,D19,D24,D25,D27,D29
15:55:24.303     2262864  FFFFFF43D3FFF  D16,D17,D19,D24,D25,D26,D27,D29
15:55:24.303     2262866  FFFFFF4FD3FFF  D16,D17,D19,D26,D27,D29
15:55:25.355     2263907  FFFFFF4BD3FFF  D16,D17,D19,D24,D26,D27,D29
15:55:27.265     2265604  FFFFFF43D3FFF  D16,D17,D19,D24,D25,D26,D27,D29
15:55:27.265     2265606  FFFFFF47D3FFF  D16,D17,D19,D25,D26,D27,D29
15:55:27.265     2265655  FFFFFF4793FFF  D16,D17,D19,D20,D25,D26,D27,D29
15:55:27.265     2265815  FFFFFF47B3FFF  D16,D17,D20,D25,D26,D27,D29
15:55:30.495     2269016  FFFFFF47B7FFF  D17,D20,D25,D26,D27,D29
15:55:35.575     2274048  FFFFFF47B7FFF  D17,D20,D25,D26,D27,D29
15:55:41.148     2279580  FFFFFF47B3FFF  D16,D17,D20,D25,D26,D27,D29
15:55:44.949     2283351  FFFFFF43B3FFF  D16,D17,D20,D24,D25,D26,D27,D29
15:55:44.949     2283353  FFFFFF4BB3FFF  D16,D17,D20,D24,D26,D27,D29
15:55:46.628     2285021  FFFFFF4FB3FFF  D16,D17,D20,D26,D27,D29
15:55:47.666     2286051  FFFFFF43B3FFF  D16,D17,D20,D24,D25,D26,D27,D29
15:55:47.666     2286054  FFFFFF53B3FFF  D16,D17,D20,D24,D25,D27,D29
15:55:48.620     2287005  FFFFFF57B3FFF  D16,D17,D20,D25,D27,D29
15:55:49.583     2287956  FFFFFF53B3FFF  D16,D17,D20,D24,D25,D27,D29
15:55:49.583     2287959  FFFFFF5BB3FFF  D16,D17,D20,D24,D27,D29
15:55:50.495     2288871  FFFFFF5FB3FFF  D16,D17,D20,D27,D29
15:55:51.457     2289822  FFFFFF43B3FFF  D16,D17,D20,D24,D25,D26,D27,D29
15:55:51.458     2289824  FFFFFF63B3FFF  D16,D17,D20,D24,D25,D26,D29
15:55:52.420     2290777  FFFFFF67B3FFF  D16,D17,D20,D25,D26,D29
15:55:53.349     2291689  FFFFFF63B3FFF  D16,D17,D20,D24,D25,D26,D29
15:55:53.349     2291691  FFFFFF6BB3FFF  D16,D17,D20,D24,D26,D29
15:55:54.266     2292603  FFFFFF6FB3FFF  D16,D17,D20,D26,D29
15:55:55.178     2293515  FFFFFF67B3FFF  D16,D17,D20,D25,D26,D29
15:55:55.178     2293517  FFFFFF63B3FFF  D16,D17,D20,D24,D25,D26,D29
15:55:55.178     2293518  FFFFFF73B3FFF  D16,D17,D20,D24,D25,D29
15:55:56.095     2294429  FFFFFF77B3FFF  D16,D17,D20,D25,D29
15:55:57.026     2295352  FFFFFF73B3FFF  D16,D17,D20,D24,D25,D29
15:55:57.026     2295354  FFFFFF7BB3FFF  D16,D17,D20,D24,D29
15:55:57.936     2296256  FFFFFF7FB3FFF  D16,D17,D20,D29
15:55:58.865     2297167  FFFFFF03B3FFF  D16,D17,D20,D24,D25,D26,D27,D28,D29
15:55:58.866     2297169  FFFFFF83B3FFF  D16,D17,D20,D24,D25,D26,D27,D28
15:55:59.782     2298082  FFFFFF87B3FFF  D16,D17,D20,D25,D26,D27,D28
15:56:00.703     2298995  FFFFFF83B3FFF  D16,D17,D20,D24,D25,D26,D27,D28
15:56:00.704     2298996  FFFFFF8BB3FFF  D16,D17,D20,D24,D26,D27,D28
15:56:01.574     2299869  FFFFFF8FB3FFF  D16,D17,D20,D26,D27,D28
15:56:02.505     2300781  FFFFFF83B3FFF  D16,D17,D20,D24,D25,D26,D27,D28
15:56:02.505     2300784  FFFFFF93B3FFF  D16,D17,D20,D24,D25,D27,D28
15:56:03.423     2301696  FFFFFF97B3FFF  D16,D17,D20,D25,D27,D28
15:56:04.343     2302607  FFFFFF93B3FFF  D16,D17,D20,D24,D25,D27,D28
15:56:04.343     2302609  FFFFFF9BB3FFF  D16,D17,D20,D24,D27,D28
15:56:05.263     2303521  FFFFFF9FB3FFF  D16,D17,D20,D27,D28
15:56:06.175     2304433  FFFFFF83B3FFF  D16,D17,D20,D24,D25,D26,D27,D28
15:56:06.175     2304435  FFFFFFA3B3FFF  D16,D17,D20,D24,D25,D26,D28
15:56:07.105     2305348  FFFFFFA7B3FFF  D16,D17,D20,D25,D26,D28
15:56:08.455     2306696  FFFFFFA3B3FFF  D16,D17,D20,D24,D25,D26,D28
15:56:08.455     2306698  FFFFFFABB3FFF  D16,D17,D20,D24,D26,D28
15:56:09.830     2308058  FFFFFFAFB3FFF  D16,D17,D20,D26,D28
15:56:10.750     2308959  FFFFFFA3B3FFF  D16,D17,D20,D24,D25,D26,D28
15:56:10.750     2308962  FFFFFFB3B3FFF  D16,D17,D20,D24,D25,D28
15:56:11.668     2309874  FFFFFFB7B3FFF  D16,D17,D20,D25,D28
15:56:12.582     2310786  FFFFFFB3B3FFF  D16,D17,D20,D24,D25,D28
15:56:12.582     2310788  FFFFFFBBB3FFF  D16,D17,D20,D24,D28
15:56:13.505     2311710  FFFFFFBFB3FFF  D16,D17,D20,D28
15:56:14.389     2312571  FFFFFFB7B3FFF  D16,D17,D20,D25,D28
15:56:14.389     2312573  FFFFFFC3B3FFF  D16,D17,D20,D24,D25,D26,D27
15:56:15.303     2313487  FFFFFFC7B3FFF  D16,D17,D20,D25,D26,D27
15:56:16.230     2314409  FFFFFFC3B3FFF  D16,D17,D20,D24,D25,D26,D27
15:56:16.230     2314412  FFFFFFCBB3FFF  D16,D17,D20,D24,D26,D27
15:56:17.144     2315314  FFFFFFCFB3FFF  D16,D17,D20,D26,D27
15:56:18.258     2316423  FFFFFFC7B3FFF  D16,D17,D20,D25,D26,D27
15:56:18.259     2316425  FFFFFFC3B3FFF  D16,D17,D20,D24,D25,D26,D27
15:56:18.259     2316427  FFFFFFD3B3FFF  D16,D17,D20,D24,D25,D27
15:56:19.709     2317854  FFFFFFD7B3FFF  D16,D17,D20,D25,D27
15:56:21.146     2319282  FFFFFFD3B3FFF  D16,D17,D20,D24,D25,D27
15:56:21.146     2319284  FFFFFFDBB3FFF  D16,D17,D20,D24,D27
15:56:22.633     2320762  FFFFFFDFB3FFF  D16,D17,D20,D27
15:56:23.782     2321902  FFFFFFD7B3FFF  D16,D17,D20,D25,D27
15:56:23.782     2321904  FFFFFFE3B3FFF  D16,D17,D20,D24,D25,D26
15:56:24.820     2322936  FFFFFFE7B3FFF  D16,D17,D20,D25,D26
15:56:25.826     2323938  FFFFFFE3B3FFF  D16,D17,D20,D24,D25,D26
15:56:25.827     2323940  FFFFFFEBB3FFF  D16,D17,D20,D24,D26
15:56:27.140     2325239  FFFFFFEFB3FFF  D16,D17,D20,D26
15:56:28.575     2326667  FFFFFFE3B3FFF  D16,D17,D20,D24,D25,D26
15:56:28.575     2326670  FFFFFFF3B3FFF  D16,D17,D20,D24,D25
15:56:30.458     2328455  FFFFFFF7B3FFF  D16,D17,D20,D25
15:56:30.458     2328534  FFFFFFF793FFF  D16,D17,D19,D20,D25
15:56:30.458     2328536  FFFFFFF7D3FFF  D16,D17,D19,D25
15:56:34.016     2332063  FFFFFFF7D7FFF  D17,D19,D25
15:56:36.048     2334072  FFFFFFF7D7FFF  D17,D19,D25
15:56:45.987     2343949  FFFFFFF7F7FFF  D17,D25
15:57:36.452     2394029  FFFFFFF7F7FFF  D17,D25
15:58:36.638     2453768  FFFFFFF7F7FFF  D17,D25
15:58:56.548     2473538  FFFFFFF7D7FFF  D17,D19,D25
15:59:19.462     2496277  FFFFFFF7D3FFF  D16,D17,D19,D25
15:59:23.544     2500338  FFFFFFF3D3FFF  D16,D17,D19,D24,D25
15:59:25.348     2502124  FFFFFFE3D3FFF  D16,D17,D19,D24,D25,D26
15:59:25.348     2502126  FFFFFFEFD3FFF  D16,D17,D19,D26
15:59:26.796     2503554  FFFFFFEBD3FFF  D16,D17,D19,D24,D26
15:59:28.106     2504853  FFFFFFE3D3FFF  D16,D17,D19,D24,D25,D26
15:59:28.106     2504855  FFFFFFE7D3FFF  D16,D17,D19,D25,D26
15:59:29.094     2505845  FFFFFFE3D3FFF  D16,D17,D19,D24,D25,D26
15:59:30.148     2506889  FFFFFFC3D3FFF  D16,D17,D19,D24,D25,D26,D27
15:59:30.148     2506891  FFFFFFCFD3FFF  D16,D17,D19,D26,D27
15:59:30.148     2506893  FFFFFFDFD3FFF  D16,D17,D19,D27
15:59:31.338     2508069  FFFFFFDBD3FFF  D16,D17,D19,D24,D27
15:59:32.786     2509499  FFFFFFD3D3FFF  D16,D17,D19,D24,D25,D27
15:59:32.786     2509500  FFFFFFD7D3FFF  D16,D17,D19,D25,D27
15:59:34.275     2510978  FFFFFFD3D3FFF  D16,D17,D19,D24,D25,D27
15:59:35.664     2512357  FFFFFFC3D3FFF  D16,D17,D19,D24,D25,D26,D27
15:59:35.664     2512359  FFFFFFCFD3FFF  D16,D17,D19,D26,D27
15:59:36.775     2513370  FFFFFFCFD3FFF  D16,D17,D19,D26,D27
15:59:36.775     2513469  FFFFFFCBD3FFF  D16,D17,D19,D24,D26,D27
15:59:37.703     2514381  FFFFFFC3D3FFF  D16,D17,D19,D24,D25,D26,D27
15:59:37.703     2514383  FFFFFFC7D3FFF  D16,D17,D19,D25,D26,D27
15:59:38.635     2515306  FFFFFFC3D3FFF  D16,D17,D19,D24,D25,D26,D27
15:59:39.546     2516208  FFFFFF83D3FFF  D16,D17,D19,D24,D25,D26,D27,D28
15:59:39.546     2516210  FFFFFFAFD3FFF  D16,D17,D19,D26,D28
15:59:39.546     2516212  FFFFFFBFD3FFF  D16,D17,D19,D28
15:59:40.461     2517122  FFFFFFBBD3FFF  D16,D17,D19,D24,D28
15:59:41.508     2518164  FFFFFFB3D3FFF  D16,D17,D19,D24,D25,D28
15:59:41.509     2518166  FFFFFFB7D3FFF  D16,D17,D19,D25,D28
15:59:42.976     2519623  FFFFFFB3D3FFF  D16,D17,D19,D24,D25,D28
15:59:45.945     2522568  FFFFFFB3D7FFF  D17,D19,D24,D25,D28
15:59:55.588     2532140  FFFFFFB3D3FFF  D16,D17,D19,D24,D25,D28
15:59:59.147     2535662  FFFFFFA3D3FFF  D16,D17,D19,D24,D25,D26,D28
15:59:59.147     2535664  FFFFFFAFD3FFF  D16,D17,D19,D26,D28
16:00:02.141     2538647  FFFFFFAFD7FFF  D17,D19,D26,D28
16:00:10.945     2547387  FFFFFFAFF7FFF  D17,D26,D28
16:00:36.764     2573002  FFFFFFAFF7FFF  D17,D26,D28
16:00:54.777     2590889  FFFFFFAFB7FFF  D17,D20,D26,D28
16:01:08.344     2604349  FFFFFFAFB3FFF  D16,D17,D20,D26,D28
16:01:11.670     2607644  FFFFFFA3B3FFF  D16,D17,D20,D24,D25,D26,D28
16:01:11.670     2607647  FFFFFFB3B3FFF  D16,D17,D20,D24,D25,D28
16:01:13.139     2609115  FFFFFFB7B3FFF  D16,D17,D20,D25,D28
16:01:14.145     2610106  FFFFFFB3B3FFF  D16,D17,D20,D24,D25,D28
16:01:14.145     2610108  FFFFFFBBB3FFF  D16,D17,D20,D24,D28
16:01:15.108     2611069  FFFFFFBFB3FFF  D16,D17,D20,D28
16:01:15.977     2611932  FFFFFFD3B3FFF  D16,D17,D20,D24,D25,D27
16:01:15.977     2611934  FFFFFFC3B3FFF  D16,D17,D20,D24,D25,D26,D27
16:01:16.905     2612846  FFFFFFC7B3FFF  D16,D17,D20,D25,D26,D27
16:01:17.835     2613769  FFFFFFC3B3FFF  D16,D17,D20,D24,D25,D26,D27
16:01:17.835     2613771  FFFFFFCBB3FFF  D16,D17,D20,D24,D26,D27
16:01:18.744     2614673  FFFFFFCFB3FFF  D16,D17,D20,D26,D27
16:01:19.866     2615783  FFFFFFCBB3FFF  D16,D17,D20,D24,D26,D27
16:01:19.866     2615785  FFFFFFC3B3FFF  D16,D17,D20,D24,D25,D26,D27
16:01:19.866     2615787  FFFFFFD3B3FFF  D16,D17,D20,D24,D25,D27
16:01:21.298     2617213  FFFFFFD7B3FFF  D16,D17,D20,D25,D27
16:01:22.748     2618642  FFFFFFD3B3FFF  D16,D17,D20,D24,D25,D27
16:01:22.749     2618644  FFFFFFDBB3FFF  D16,D17,D20,D24,D27
16:01:24.214     2620112  FFFFFFDFB3FFF  D16,D17,D20,D27
16:01:25.388     2621261  FFFFFFD7B3FFF  D16,D17,D20,D25,D27
16:01:25.388     2621263  FFFFFFE3B3FFF  D16,D17,D20,D24,D25,D26
16:01:26.425     2622297  FFFFFFE7B3FFF  D16,D17,D20,D25,D26
16:01:27.428     2623297  FFFFFFE3B3FFF  D16,D17,D20,D24,D25,D26
16:01:27.428     2623299  FFFFFFEBB3FFF  D16,D17,D20,D24,D26
16:01:28.738     2624599  FFFFFFEFB3FFF  D16,D17,D20,D26
16:01:30.184     2626026  FFFFFFE3B3FFF  D16,D17,D20,D24,D25,D26
16:01:30.185     2626029  FFFFFFF3B3FFF  D16,D17,D20,D24,D25
16:01:32.055     2627815  FFFFFFF7B3FFF  D16,D17,D20,D25
16:01:32.056     2627893  FFFFFFF793FFF  D16,D17,D19,D20,D25
16:01:32.056     2627895  FFFFFFF7D3FFF  D16,D17,D19,D25
16:01:35.575     2631384  FFFFFFF7D7FFF  D17,D19,D25
16:01:37.107     2632896  FFFFFFF7D7FFF  D17,D19,D25
16:01:48.508     2644221  FFFFFFF7D3FFF  D16,D17,D19,D25
16:01:52.545     2648220  FFFFFFF3D3FFF  D16,D17,D19,D24,D25
16:01:54.345     2650007  FFFFFFE3D3FFF  D16,D17,D19,D24,D25,D26
16:01:54.345     2650009  FFFFFFEFD3FFF  D16,D17,D19,D26
16:01:55.781     2651437  FFFFFFEBD3FFF  D16,D17,D19,D24,D26
16:01:57.108     2652746  FFFFFFE3D3FFF  D16,D17,D19,D24,D25,D26
16:01:57.108     2652748  FFFFFFE7D3FFF  D16,D17,D19,D25,D26
16:01:58.133     2653779  FFFFFFE3D3FFF  D16,D17,D19,D24,D25,D26
16:01:59.138     2654772  FFFFFFC3D3FFF  D16,D17,D19,D24,D25,D26,D27
16:01:59.138     2654774  FFFFFFCFD3FFF  D16,D17,D19,D26,D27
16:01:59.138     2654775  FFFFFFDFD3FFF  D16,D17,D19,D27
16:02:00.345     2655963  FFFFFFDBD3FFF  D16,D17,D19,D24,D27
16:02:01.788     2657392  FFFFFFD3D3FFF  D16,D17,D19,D24,D25,D27
16:02:01.788     2657394  FFFFFFD7D3FFF  D16,D17,D19,D25,D27
16:02:03.262     2658861  FFFFFFD3D3FFF  D16,D17,D19,D24,D25,D27
16:02:04.661     2660251  FFFFFFC3D3FFF  D16,D17,D19,D24,D25,D26,D27
16:02:04.661     2660252  FFFFFFCFD3FFF  D16,D17,D19,D26,D27
16:02:05.952     2661531  FFFFFFCBD3FFF  D16,D17,D19,D24,D26,D27
16:02:07.419     2662990  FFFFFFC3D3FFF  D16,D17,D19,D24,D25,D26,D27
16:02:07.419     2662992  FFFFFFC7D3FFF  D16,D17,D19,D25,D26,D27
16:02:10.375     2665925  FFFFFFC7D7FFF  D17,D19,D25,D26,D27
16:02:19.101     2674585  FFFFFFC7F7FFF  D17,D25,D26,D27
16:02:20.703     2676172  FFFFFFC7D7FFF  D17,D19,D25,D26,D27
16:02:21.614     2677085  FFFFFFC7D3FFF  D16,D17,D19,D25,D26,D27
16:02:24.906     2680340  FFFFFFC3D3FFF  D16,D17,D19,D24,D25,D26,D27
16:02:26.430     2681860  FFFFFF83D3FFF  D16,D17,D19,D24,D25,D26,D27,D28
16:02:26.430     2681861  FFFFFFAFD3FFF  D16,D17,D19,D26,D28
16:02:26.430     2681863  FFFFFFBFD3FFF  D16,D17,D19,D28
16:02:27.418     2682842  FFFFFFBBD3FFF  D16,D17,D19,D24,D28
16:02:28.348     2683764  FFFFFFB3D3FFF  D16,D17,D19,D24,D25,D28
16:02:28.349     2683766  FFFFFFB7D3FFF  D16,D17,D19,D25,D28
16:02:29.266     2684668  FFFFFFB3D3FFF  D16,D17,D19,D24,D25,D28
16:02:30.174     2685581  FFFFFFA3D3FFF  D16,D17,D19,D24,D25,D26,D28
16:02:30.175     2685583  FFFFFFAFD3FFF  D16,D17,D19,D26,D28
16:02:31.100     2686494  FFFFFFABD3FFF  D16,D17,D19,D24,D26,D28
16:02:32.459     2687844  FFFFFFA3D3FFF  D16,D17,D19,D24,D25,D26,D28
16:02:32.459     2687846  FFFFFFA7D3FFF  D16,D17,D19,D25,D26,D28
16:02:33.826     2689193  FFFFFFA3D3FFF  D16,D17,D19,D24,D25,D26,D28
16:02:34.738     2690108  FFFFFF83D3FFF  D16,D17,D19,D24,D25,D26,D27,D28
16:02:34.739     2690110  FFFFFF8FD3FFF  D16,D17,D19,D26,D27,D28
16:02:34.739     2690111  FFFFFF9FD3FFF  D16,D17,D19,D27,D28
16:02:35.665     2691020  FFFFFF9BD3FFF  D16,D17,D19,D24,D27,D28
16:02:36.579     2691934  FFFFFF93D3FFF  D16,D17,D19,D24,D25,D27,D28
16:02:36.579     2691935  FFFFFF97D3FFF  D16,D17,D19,D25,D27,D28
16:02:37.495     2692847  FFFFFF93D3FFF  D16,D17,D19,D24,D25,D27,D28
16:02:38.426     2693352  FFFFFF93D3FFF  D16,D17,D19,D24,D25,D27,D28
16:02:38.426     2693760  FFFFFF83D3FFF  D16,D17,D19,D24,D25,D26,D27,D28
16:02:38.426     2693762  FFFFFF8FD3FFF  D16,D17,D19,D26,D27,D28
16:02:39.295     2694633  FFFFFF8BD3FFF  D16,D17,D19,D24,D26,D27,D28
16:02:40.228     2695546  FFFFFF83D3FFF  D16,D17,D19,D24,D25,D26,D27,D28
16:02:40.228     2695548  FFFFFF87D3FFF  D16,D17,D19,D25,D26,D27,D28
16:02:41.142     2696460  FFFFFF83D3FFF  D16,D17,D19,D24,D25,D26,D27,D28
16:02:42.057     2697372  FFFFFF43D3FFF  D16,D17,D19,D24,D25,D26,D27,D29
16:02:42.057     2697374  FFFFFF6FD3FFF  D16,D17,D19,D26,D29
16:02:42.057     2697376  FFFFFF7FD3FFF  D16,D17,D19,D29
16:02:42.981     2698286  FFFFFF7BD3FFF  D16,D17,D19,D24,D29
16:02:43.894     2699199  FFFFFF73D3FFF  D16,D17,D19,D24,D25,D29
16:02:43.894     2699201  FFFFFF77D3FFF  D16,D17,D19,D25,D29
16:02:44.824     2700123  FFFFFF73D3FFF  D16,D17,D19,D24,D25,D29
16:02:45.741     2701026  FFFFFF63D3FFF  D16,D17,D19,D24,D25,D26,D29
16:02:45.741     2701028  FFFFFF6FD3FFF  D16,D17,D19,D26,D29
16:02:46.661     2701939  FFFFFF6BD3FFF  D16,D17,D19,D24,D26,D29
16:02:47.655     2702931  FFFFFF63D3FFF  D16,D17,D19,D24,D25,D26,D29
16:02:47.655     2702932  FFFFFF67D3FFF  D16,D17,D19,D25,D26,D29
16:02:49.173     2704441  FFFFFF63D3FFF  D16,D17,D19,D24,D25,D26,D29
16:02:52.216     2707375  FFFFFF63D7FFF  D17,D19,D24,D25,D26,D29
16:02:52.216     2707459  FFFFFF63F7FFF  D17,D24,D25,D26,D29
16:03:38.274     2753165  FFFFFF63F7FFF  D17,D24,D25,D26,D29
16:04:38.467     2812912  FFFFFF63F7FFF  D17,D24,D25,D26,D29
16:05:25.657     2859758  FFFFFF63B7FFF  D17,D20,D24,D25,D26,D29
16:05:26.584     2860672  FFFFFF63B3FFF  D16,D17,D20,D24,D25,D26,D29
16:05:29.898     2863968  FFFFFF67B3FFF  D16,D17,D20,D25,D26,D29
16:05:31.375     2865436  FFFFFF63B3FFF  D16,D17,D20,D24,D25,D26,D29
16:05:31.375     2865438  FFFFFF6BB3FFF  D16,D17,D20,D24,D26,D29
16:05:32.383     2866429  FFFFFF6FB3FFF  D16,D17,D20,D26,D29
16:05:33.344     2867381  FFFFFF67B3FFF  D16,D17,D20,D25,D26,D29
16:05:33.344     2867383  FFFFFF63B3FFF  D16,D17,D20,D24,D25,D26,D29
16:05:33.344     2867385  FFFFFF73B3FFF  D16,D17,D20,D24,D25,D29
16:05:34.253     2868295  FFFFFF77B3FFF  D16,D17,D20,D25,D29
16:05:35.147     2869168  FFFFFF73B3FFF  D16,D17,D20,D24,D25,D29
16:05:35.148     2869170  FFFFFF7BB3FFF  D16,D17,D20,D24,D29
16:05:36.063     2870082  FFFFFF7FB3FFF  D16,D17,D20,D29
16:05:36.978     2870994  FFFFFF03B3FFF  D16,D17,D20,D24,D25,D26,D27,D28,D29
16:05:36.978     2870996  FFFFFF83B3FFF  D16,D17,D20,D24,D25,D26,D27,D28
16:05:37.901     2871908  FFFFFF87B3FFF  D16,D17,D20,D25,D26,D27,D28
16:05:38.827     2872820  FFFFFF83B3FFF  D16,D17,D20,D24,D25,D26,D27,D28
16:05:38.828     2872822  FFFFFF8BB3FFF  D16,D17,D20,D24,D26,D27,D28
16:05:39.739     2873340  FFFFFF8BB3FFF  D16,D17,D20,D24,D26,D27,D28
16:05:39.739     2873735  FFFFFF8FB3FFF  D16,D17,D20,D26,D27,D28
16:05:40.664     2874646  FFFFFF87B3FFF  D16,D17,D20,D25,D26,D27,D28
16:05:40.664     2874648  FFFFFF83B3FFF  D16,D17,D20,D24,D25,D26,D27,D28
16:05:40.664     2874650  FFFFFF93B3FFF  D16,D17,D20,D24,D25,D27,D28
16:05:41.543     2875522  FFFFFF97B3FFF  D16,D17,D20,D25,D27,D28
16:05:42.455     2876434  FFFFFF93B3FFF  D16,D17,D20,D24,D25,D27,D28
16:05:42.456     2876436  FFFFFF9BB3FFF  D16,D17,D20,D24,D27,D28
16:05:43.383     2877347  FFFFFF9FB3FFF  D16,D17,D20,D27,D28
16:05:44.298     2878259  FFFFFF97B3FFF  D16,D17,D20,D25,D27,D28
16:05:44.298     2878261  FFFFFFA3B3FFF  D16,D17,D20,D24,D25,D26,D28
16:05:45.226     2879174  FFFFFFA7B3FFF  D16,D17,D20,D25,D26,D28
16:05:46.582     2880523  FFFFFFA3B3FFF  D16,D17,D20,D24,D25,D26,D28
16:05:46.583     2880525  FFFFFFABB3FFF  D16,D17,D20,D24,D26,D28
16:05:47.941     2881873  FFFFFFAFB3FFF  D16,D17,D20,D26,D28
16:05:48.870     2882786  FFFFFFA3B3FFF  D16,D17,D20,D24,D25,D26,D28
16:05:48.870     2882789  FFFFFFB3B3FFF  D16,D17,D20,D24,D25,D28
16:05:49.775     2883700  FFFFFFB7B3FFF  D16,D17,D20,D25,D28
16:05:50.705     2884613  FFFFFFB3B3FFF  D16,D17,D20,D24,D25,D28
16:05:50.706     2884614  FFFFFFBBB3FFF  D16,D17,D20,D24,D28
16:05:51.619     2885526  FFFFFFBFB3FFF  D16,D17,D20,D28
16:05:52.537     2886438  FFFFFFC7B3FFF  D16,D17,D20,D25,D26,D27
16:05:52.537     2886440  FFFFFFC3B3FFF  D16,D17,D20,D24,D25,D26,D27
16:05:53.466     2887363  FFFFFFC7B3FFF  D16,D17,D20,D25,D26,D27
16:05:54.337     2888225  FFFFFFC3B3FFF  D16,D17,D20,D24,D25,D26,D27
16:05:54.338     2888227  FFFFFFCBB3FFF  D16,D17,D20,D24,D26,D27
16:05:55.262     2889139  FFFFFFCFB3FFF  D16,D17,D20,D26,D27
16:05:56.416     2890290  FFFFFFC7B3FFF  D16,D17,D20,D25,D26,D27
16:05:56.416     2890291  FFFFFFC3B3FFF  D16,D17,D20,D24,D25,D26,D27
16:05:56.416     2890293  FFFFFFD3B3FFF  D16,D17,D20,D24,D25,D27
16:05:57.824     2891680  FFFFFFD7B3FFF  D16,D17,D20,D25,D27
16:05:59.269     2893109  FFFFFFD3B3FFF  D16,D17,D20,D24,D25,D27
16:05:59.269     2893111  FFFFFFDBB3FFF  D16,D17,D20,D24,D27
16:06:00.744     2894578  FFFFFFDFB3FFF  D16,D17,D20,D27
16:06:01.941     2895768  FFFFFFD7B3FFF  D16,D17,D20,D25,D27
16:06:01.941     2895770  FFFFFFE3B3FFF  D16,D17,D20,D24,D25,D26
16:06:02.945     2896762  FFFFFFE7B3FFF  D16,D17,D20,D25,D26
16:06:03.949     2897754  FFFFFFE3B3FFF  D16,D17,D20,D24,D25,D26
16:06:03.949     2897756  FFFFFFEBB3FFF  D16,D17,D20,D24,D26
16:06:05.262     2899065  FFFFFFEFB3FFF  D16,D17,D20,D26
16:06:06.696     2900493  FFFFFFE7B3FFF  D16,D17,D20,D25,D26
16:06:06.696     2900495  FFFFFFE3B3FFF  D16,D17,D20,D24,D25,D26
16:06:06.696     2900497  FFFFFFF3B3FFF  D16,D17,D20,D24,D25
16:06:08.702     2902321  FFFFFFF7B3FFF  D16,D17,D20,D25
16:06:08.703     2902478  FFFFFFF793FFF  D16,D17,D19,D20,D25
16:06:08.703     2902480  FFFFFFF7D3FFF  D16,D17,D19,D25
16:06:12.219     2905939  FFFFFFF7D7FFF  D17,D19,D25
16:06:12.219     2905974  FFFFFFF7F7FFF  D17,D25
16:06:39.546     2933092  FFFFFFF7F7FFF  D17,D25
16:07:35.595     2988723  FFFFFFF7B7FFF  D17,D20,D25
16:07:36.508     2989637  FFFFFFF7B3FFF  D16,D17,D20,D25
16:07:40.541     2993137  FFFFFFF7B3FFF  D16,D17,D20,D25
16:07:40.541     2993607  FFFFFFF3B3FFF  D16,D17,D20,D24,D25
16:07:40.541     2993609  FFFFFFFBB3FFF  D16,D17,D20,D24
16:07:40.541     2993637  FFFFFFFB93FFF  D16,D17,D19,D20,D24
16:07:40.541     2993639  FFFFFFFBD3FFF  D16,D17,D19,D24
16:07:43.900     2996969  FFFFFFFBD7FFF  D17,D19,D24
16:07:54.614     3007612  FFFFFFFBD3FFF  D16,D17,D19,D24
16:07:58.436     3011394  FFFFFFF3D3FFF  D16,D17,D19,D24,D25
16:07:58.436     3011396  FFFFFFF7D3FFF  D16,D17,D19,D25
16:08:00.413     3013368  FFFFFFF3D3FFF  D16,D17,D19,D24,D25
16:08:01.899     3014838  FFFFFFE3D3FFF  D16,D17,D19,D24,D25,D26
16:08:01.900     3014840  FFFFFFEFD3FFF  D16,D17,D19,D26
16:08:03.336     3016267  FFFFFFEBD3FFF  D16,D17,D19,D24,D26
16:08:04.664     3017577  FFFFFFE3D3FFF  D16,D17,D19,D24,D25,D26
16:08:04.664     3017579  FFFFFFE7D3FFF  D16,D17,D19,D25,D26
16:08:05.660     3018570  FFFFFFE3D3FFF  D16,D17,D19,D24,D25,D26
16:08:06.666     3019563  FFFFFFC3D3FFF  D16,D17,D19,D24,D25,D26,D27
16:08:06.666     3019564  FFFFFFCFD3FFF  D16,D17,D19,D26,D27
16:08:06.666     3019566  FFFFFFDFD3FFF  D16,D17,D19,D27
16:08:07.854     3020753  FFFFFFDBD3FFF  D16,D17,D19,D24,D27
16:08:09.347     3022222  FFFFFFD3D3FFF  D16,D17,D19,D24,D25,D27
16:08:09.347     3022224  FFFFFFD7D3FFF  D16,D17,D19,D25,D27
16:08:10.777     3023652  FFFFFFD3D3FFF  D16,D17,D19,D24,D25,D27
16:08:12.215     3025081  FFFFFFC3D3FFF  D16,D17,D19,D24,D25,D26,D27
16:08:12.215     3025083  FFFFFFCFD3FFF  D16,D17,D19,D26,D27
16:08:13.333     3026193  FFFFFFCBD3FFF  D16,D17,D19,D24,D26,D27
16:08:14.278     3027117  FFFFFFC3D3FFF  D16,D17,D19,D24,D25,D26,D27
16:08:14.278     3027119  FFFFFFC7D3FFF  D16,D17,D19,D25,D26,D27
16:08:15.175     3028020  FFFFFFC3D3FFF  D16,D17,D19,D24,D25,D26,D27
16:08:16.059     3028893  FFFFFF83D3FFF  D16,D17,D19,D24,D25,D26,D27,D28
16:08:16.060     3028894  FFFFFFAFD3FFF  D16,D17,D19,D26,D28
16:08:16.060     3028896  FFFFFFBFD3FFF  D16,D17,D19,D28
16:08:17.020     3029846  FFFFFFBBD3FFF  D16,D17,D19,D24,D28
16:08:17.893     3030719  FFFFFFB3D3FFF  D16,D17,D19,D24,D25,D28
16:08:17.893     3030721  FFFFFFB7D3FFF  D16,D17,D19,D25,D28
16:08:18.822     3031631  FFFFFFB3D3FFF  D16,D17,D19,D24,D25,D28
16:08:19.735     3032545  FFFFFFA3D3FFF  D16,D17,D19,D24,D25,D26,D28
16:08:19.735     3032547  FFFFFFAFD3FFF  D16,D17,D19,D26,D28
16:08:20.661     3033459  FFFFFFABD3FFF  D16,D17,D19,D24,D26,D28
16:08:22.018     3034808  FFFFFFA3D3FFF  D16,D17,D19,D24,D25,D26,D28
16:08:22.018     3034810  FFFFFFA7D3FFF  D16,D17,D19,D25,D26,D28
16:08:23.413     3036198  FFFFFFA3D3FFF  D16,D17,D19,D24,D25,D26,D28
16:08:24.356     3037121  FFFFFF83D3FFF  D16,D17,D19,D24,D25,D26,D27,D28
16:08:24.356     3037123  FFFFFF8FD3FFF  D16,D17,D19,D26,D27,D28
16:08:24.356     3037125  FFFFFF9FD3FFF  D16,D17,D19,D27,D28
16:08:25.220     3037985  FFFFFF9BD3FFF  D16,D17,D19,D24,D27,D28
16:08:26.135     3038898  FFFFFF93D3FFF  D16,D17,D19,D24,D25,D27,D28
16:08:26.135     3038900  FFFFFF97D3FFF  D16,D17,D19,D25,D27,D28
16:08:27.063     3039812  FFFFFF93D3FFF  D16,D17,D19,D24,D25,D27,D28
16:08:27.976     3040724  FFFFFF83D3FFF  D16,D17,D19,D24,D25,D26,D27,D28
16:08:27.976     3040726  FFFFFF8FD3FFF  D16,D17,D19,D26,D27,D28
16:08:28.902     3041638  FFFFFF8BD3FFF  D16,D17,D19,D24,D26,D27,D28
16:08:29.828     3042550  FFFFFF83D3FFF  D16,D17,D19,D24,D25,D26,D27,D28
16:08:29.828     3042552  FFFFFF87D3FFF  D16,D17,D19,D25,D26,D27,D28
16:08:30.820     3043544  FFFFFF83D3FFF  D16,D17,D19,D24,D25,D26,D27,D28
16:08:32.344     3045051  FFFFFF03D3FFF  D16,D17,D19,D24,D25,D26,D27,D28,D29
16:08:32.345     3045053  FFFFFF67D3FFF  D16,D17,D19,D25,D26,D29
16:08:32.345     3045055  FFFFFF7FD3FFF  D16,D17,D19,D29
16:08:35.299     3047987  FFFFFF7FD7FFF  D17,D19,D29
16:08:40.377     3053030  FFFFFF7FD7FFF  D17,D19,D29
16:08:44.059     3056686  FFFFFF7FF7FFF  D17,D29
16:09:40.793     3112993  FFFFFF7FF7FFF  D17,D29
16:10:40.943     3172697  FFFFFF7FF7FFF  D17,D29
16:10:55.577     3187228  FFFFFF7FB7FFF  D17,D20,D29
16:10:56.492     3188142  FFFFFF7FB3FFF  D16,D17,D20,D29
16:10:59.813     3191436  FFFFFF03B3FFF  D16,D17,D20,D24,D25,D26,D27,D28,D29
16:10:59.813     3191438  FFFFFF83B3FFF  D16,D17,D20,D24,D25,D26,D27,D28
16:11:01.293     3192906  FFFFFF87B3FFF  D16,D17,D20,D25,D26,D27,D28
16:11:02.302     3193899  FFFFFF83B3FFF  D16,D17,D20,D24,D25,D26,D27,D28
16:11:02.302     3193900  FFFFFF8BB3FFF  D16,D17,D20,D24,D26,D27,D28
16:11:03.252     3194852  FFFFFF8FB3FFF  D16,D17,D20,D26,D27,D28
16:11:04.140     3195723  FFFFFF87B3FFF  D16,D17,D20,D25,D26,D27,D28
16:11:04.140     3195725  FFFFFF83B3FFF  D16,D17,D20,D24,D25,D26,D27,D28
16:11:04.140     3195727  FFFFFF93B3FFF  D16,D17,D20,D24,D25,D27,D28
16:11:05.054     3196639  FFFFFF97B3FFF  D16,D17,D20,D25,D27,D28
16:11:05.981     3197551  FFFFFF93B3FFF  D16,D17,D20,D24,D25,D27,D28
16:11:05.981     3197552  FFFFFF9BB3FFF  D16,D17,D20,D24,D27,D28
16:11:06.896     3198466  FFFFFF9FB3FFF  D16,D17,D20,D27,D28
16:11:07.815     3199376  FFFFFF87B3FFF  D16,D17,D20,D25,D26,D27,D28
16:11:07.815     3199378  FFFFFFA3B3FFF  D16,D17,D20,D24,D25,D26,D28
16:11:08.700     3200251  FFFFFFA7B3FFF  D16,D17,D20,D25,D26,D28
16:11:10.107     3201640  FFFFFFA3B3FFF  D16,D17,D20,D24,D25,D26,D28
16:11:10.107     3201642  FFFFFFABB3FFF  D16,D17,D20,D24,D26,D28
16:11:11.461     3202991  FFFFFFAFB3FFF  D16,D17,D20,D26,D28
16:11:12.379     3203903  FFFFFFA3B3FFF  D16,D17,D20,D24,D25,D26,D28
16:11:12.379     3203906  FFFFFFB3B3FFF  D16,D17,D20,D24,D25,D28
16:11:13.297     3204817  FFFFFFB7B3FFF  D16,D17,D20,D25,D28
16:11:14.226     3205729  FFFFFFB3B3FFF  D16,D17,D20,D24,D25,D28
16:11:14.226     3205732  FFFFFFBBB3FFF  D16,D17,D20,D24,D28
16:11:15.136     3206643  FFFFFFBFB3FFF  D16,D17,D20,D28
16:11:16.062     3207555  FFFFFFB7B3FFF  D16,D17,D20,D25,D28
16:11:16.062     3207557  FFFFFFC3B3FFF  D16,D17,D20,D24,D25,D26,D27
16:11:16.980     3208470  FFFFFFC7B3FFF  D16,D17,D20,D25,D26,D27
16:11:17.855     3209342  FFFFFFC3B3FFF  D16,D17,D20,D24,D25,D26,D27
16:11:17.855     3209345  FFFFFFCBB3FFF  D16,D17,D20,D24,D26,D27
16:11:18.783     3210257  FFFFFFCFB3FFF  D16,D17,D20,D26,D27
16:11:19.895     3211367  FFFFFFC3B3FFF  D16,D17,D20,D24,D25,D26,D27
16:11:19.895     3211370  FFFFFFD3B3FFF  D16,D17,D20,D24,D25,D27
16:11:21.344     3212797  FFFFFFD7B3FFF  D16,D17,D20,D25,D27
16:11:22.787     3214226  FFFFFFD3B3FFF  D16,D17,D20,D24,D25,D27
16:11:22.787     3214228  FFFFFFDBB3FFF  D16,D17,D20,D24,D27
16:11:24.257     3215696  FFFFFFDFB3FFF  D16,D17,D20,D27
16:11:25.467     3216886  FFFFFFC3B3FFF  D16,D17,D20,D24,D25,D26,D27
16:11:25.467     3216888  FFFFFFE3B3FFF  D16,D17,D20,D24,D25,D26
16:11:26.460     3217880  FFFFFFE7B3FFF  D16,D17,D20,D25,D26
16:11:27.496     3218911  FFFFFFE3B3FFF  D16,D17,D20,D24,D25,D26
16:11:27.497     3218913  FFFFFFEBB3FFF  D16,D17,D20,D24,D26
16:11:28.773     3220183  FFFFFFEFB3FFF  D16,D17,D20,D26
16:11:30.216     3221610  FFFFFFE3B3FFF  D16,D17,D20,D24,D25,D26
16:11:30.216     3221613  FFFFFFF3B3FFF  D16,D17,D20,D24,D25
16:11:32.226     3223438  FFFFFFF7B3FFF  D16,D17,D20,D25
16:11:32.227     3223596  FFFFFFF793FFF  D16,D17,D19,D20,D25
16:11:32.227     3223597  FFFFFFF7D3FFF  D16,D17,D19,D25
16:11:35.734     3227046  FFFFFFF7D7FFF  D17,D19,D25
16:11:35.734     3227090  FFFFFFF7F7FFF  D17,D25
16:11:41.310     3232617  FFFFFFF7F7FFF  D17,D25
16:12:41.516     3292374  FFFFFFF7F7FFF  D17,D25
16:13:41.698     3352108  FFFFFFF7F7FFF  D17,D25
16:14:36.415     3406425  FFFFFFF7FFFFF  D25
16:14:37.102     3407101  FFFFFFF7F7FFF  D17,D25
16:14:39.575     3409564  FFFFFFF7D7FFF  D17,D19,D25
16:14:40.668     3410647  FFFFFFF7D3FFF  D16,D17,D19,D25
16:14:42.189     3412155  FFFFFFF7D3FFF  D16,D17,D19,D25
16:14:44.731     3414685  FFFFFFF3D3FFF  D16,D17,D19,D24,D25
16:14:46.543     3416471  FFFFFFE3D3FFF  D16,D17,D19,D24,D25,D26
16:14:46.544     3416473  FFFFFFEFD3FFF  D16,D17,D19,D26
16:14:47.977     3417902  FFFFFFEBD3FFF  D16,D17,D19,D24,D26
16:14:49.317     3419223  FFFFFFE3D3FFF  D16,D17,D19,D24,D25,D26
16:14:49.317     3419224  FFFFFFE7D3FFF  D16,D17,D19,D25,D26
16:14:50.293     3420205  FFFFFFE3D3FFF  D16,D17,D19,D24,D25,D26
16:14:51.346     3421237  FFFFFFC3D3FFF  D16,D17,D19,D24,D25,D26,D27
16:14:51.346     3421238  FFFFFFCFD3FFF  D16,D17,D19,D26,D27
16:14:51.347     3421240  FFFFFFDFD3FFF  D16,D17,D19,D27
16:14:52.536     3422427  FFFFFFDBD3FFF  D16,D17,D19,D24,D27
16:14:53.986     3423857  FFFFFFD3D3FFF  D16,D17,D19,D24,D25,D27
16:14:53.986     3423858  FFFFFFD7D3FFF  D16,D17,D19,D25,D27
16:14:55.454     3425326  FFFFFFD3D3FFF  D16,D17,D19,D24,D25,D27
16:14:57.303     3427162  FFFFFFC3D3FFF  D16,D17,D19,D24,D25,D26,D27
16:14:57.303     3427164  FFFFFFCFD3FFF  D16,D17,D19,D26,D27
16:15:00.729     3430563  FFFFFFCFD7FFF  D17,D19,D26,D27
16:15:11.982     3441723  FFFFFFCFD3FFF  D16,D17,D19,D26,D27
16:15:15.304     3445028  FFFFFFCBD3FFF  D16,D17,D19,D24,D26,D27
16:15:16.781     3446488  FFFFFFC3D3FFF  D16,D17,D19,D24,D25,D26,D27
16:15:16.782     3446489  FFFFFFC7D3FFF  D16,D17,D19,D25,D26,D27
16:15:17.812     3447520  FFFFFFC3D3FFF  D16,D17,D19,D24,D25,D26,D27
16:15:18.753     3448442  FFFFFF83D3FFF  D16,D17,D19,D24,D25,D26,D27,D28
16:15:18.753     3448444  FFFFFFAFD3FFF  D16,D17,D19,D26,D28
16:15:18.753     3448446  FFFFFFBFD3FFF  D16,D17,D19,D28
16:15:19.663     3449347  FFFFFFBBD3FFF  D16,D17,D19,D24,D28
16:15:20.532     3450219  FFFFFFB3D3FFF  D16,D17,D19,D24,D25,D28
16:15:20.533     3450221  FFFFFFB7D3FFF  D16,D17,D19,D25,D28
16:15:21.462     3451143  FFFFFFB3D3FFF  D16,D17,D19,D24,D25,D28
16:15:22.375     3452046  FFFFFFA3D3FFF  D16,D17,D19,D24,D25,D26,D28
16:15:22.375     3452048  FFFFFFAFD3FFF  D16,D17,D19,D26,D28
16:15:23.301     3452969  FFFFFFABD3FFF  D16,D17,D19,D24,D26,D28
16:15:24.986     3454637  FFFFFFA3D3FFF  D16,D17,D19,D24,D25,D26,D28
16:15:24.987     3454638  FFFFFFA7D3FFF  D16,D17,D19,D25,D26,D28
16:15:28.822     3458445  FFFFFFA7D7FFF  D17,D19,D25,D26,D28
16:15:37.505     3467055  FFFFFFA7F7FFF  D17,D25,D26,D28
16:15:40.544     3470070  FFFFFFA7D7FFF  D17,D19,D25,D26,D28
16:15:41.579     3471104  FFFFFFA7D3FFF  D16,D17,D19,D25,D26,D28
16:15:42.609     3472124  FFFFFFA7D3FFF  D16,D17,D19,D25,D26,D28
16:15:44.864     3474359  FFFFFFA3D3FFF  D16,D17,D19,D24,D25,D26,D28
16:15:46.384     3475868  FFFFFF83D3FFF  D16,D17,D19,D24,D25,D26,D27,D28
16:15:46.384     3475869  FFFFFF8FD3FFF  D16,D17,D19,D26,D27,D28
16:15:46.384     3475871  FFFFFF9FD3FFF  D16,D17,D19,D27,D28
16:15:47.374     3476860  FFFFFF9BD3FFF  D16,D17,D19,D24,D27,D28
16:15:48.308     3477773  FFFFFF93D3FFF  D16,D17,D19,D24,D25,D27,D28
16:15:48.308     3477775  FFFFFF97D3FFF  D16,D17,D19,D25,D27,D28
16:15:49.224     3478686  FFFFFF93D3FFF  D16,D17,D19,D24,D25,D27,D28
16:15:50.136     3479600  FFFFFF83D3FFF  D16,D17,D19,D24,D25,D26,D27,D28
16:15:50.136     3479602  FFFFFF8FD3FFF  D16,D17,D19,D26,D27,D28
16:15:51.074     3480523  FFFFFF8BD3FFF  D16,D17,D19,D24,D26,D27,D28
16:15:51.985     3481426  FFFFFF83D3FFF  D16,D17,D19,D24,D25,D26,D27,D28
16:15:51.985     3481427  FFFFFF87D3FFF  D16,D17,D19,D25,D26,D27,D28
16:15:52.857     3482300  FFFFFF83D3FFF  D16,D17,D19,D24,D25,D26,D27,D28
16:15:53.785     3483223  FFFFFF43D3FFF  D16,D17,D19,D24,D25,D26,D27,D29
16:15:53.786     3483225  FFFFFF6FD3FFF  D16,D17,D19,D26,D29
16:15:53.786     3483227  FFFFFF7FD3FFF  D16,D17,D19,D29
16:15:54.704     3484126  FFFFFF7BD3FFF  D16,D17,D19,D24,D29
16:15:55.742     3485158  FFFFFF73D3FFF  D16,D17,D19,D24,D25,D29
16:15:55.742     3485159  FFFFFF77D3FFF  D16,D17,D19,D25,D29
16:15:57.218     3486627  FFFFFF73D3FFF  D16,D17,D19,D24,D25,D29
16:16:00.378     3489601  FFFFFF73D7FFF  D17,D19,D24,D25,D29
16:16:00.379     3489765  FFFFFF73F7FFF  D17,D24,D25,D29
16:16:42.811     3531889  FFFFFF73F7FFF  D17,D24,D25,D29
16:17:28.224     3576950  FFFFFF73B7FFF  D17,D20,D24,D25,D29
16:17:29.265     3577984  FFFFFF73B3FFF  D16,D17,D20,D24,D25,D29
16:17:32.773     3581479  FFFFFF77B3FFF  D16,D17,D20,D25,D29
16:17:35.701     3584373  FFFFFF77B7FFF  D17,D20,D25,D29
16:17:43.270     3591888  FFFFFF77B7FFF  D17,D20,D25,D29
16:17:46.463     3595057  FFFFFF77B3FFF  D16,D17,D20,D25,D29
16:17:49.822     3598391  FFFFFF73B3FFF  D16,D17,D20,D24,D25,D29
16:17:49.822     3598393  FFFFFF7BB3FFF  D16,D17,D20,D24,D29
16:17:51.302     3599860  FFFFFF7FB3FFF  D16,D17,D20,D29
16:17:52.339     3600892  FFFFFF2FB3FFF  D16,D17,D20,D26,D28,D29
16:17:52.339     3600893  FFFFFF83B3FFF  D16,D17,D20,D24,D25,D26,D27,D28
16:17:53.257     3601807  FFFFFF87B3FFF  D16,D17,D20,D25,D26,D27,D28
16:17:54.143     3602678  FFFFFF83B3FFF  D16,D17,D20,D24,D25,D26,D27,D28
16:17:54.143     3602680  FFFFFF8BB3FFF  D16,D17,D20,D24,D26,D27,D28
16:17:55.059     3603593  FFFFFF8FB3FFF  D16,D17,D20,D26,D27,D28
16:17:55.976     3604505  FFFFFF83B3FFF  D16,D17,D20,D24,D25,D26,D27,D28
16:17:55.976     3604508  FFFFFF93B3FFF  D16,D17,D20,D24,D25,D27,D28
16:17:56.895     3605420  FFFFFF97B3FFF  D16,D17,D20,D25,D27,D28
16:17:57.814     3606331  FFFFFF93B3FFF  D16,D17,D20,D24,D25,D27,D28
16:17:57.814     3606333  FFFFFF9BB3FFF  D16,D17,D20,D24,D27,D28
16:17:58.744     3607245  FFFFFF9FB3FFF  D16,D17,D20,D27,D28
16:17:59.658     3608158  FFFFFF87B3FFF  D16,D17,D20,D25,D26,D27,D28
16:17:59.658     3608160  FFFFFFA3B3FFF  D16,D17,D20,D24,D25,D26,D28
16:18:00.544     3609032  FFFFFFA7B3FFF  D16,D17,D20,D25,D26,D28
16:18:01.937     3610422  FFFFFFA3B3FFF  D16,D17,D20,D24,D25,D26,D28
16:18:01.937     3610423  FFFFFFABB3FFF  D16,D17,D20,D24,D26,D28
16:18:03.290     3611771  FFFFFFAFB3FFF  D16,D17,D20,D26,D28
16:18:04.220     3612684  FFFFFFA3B3FFF  D16,D17,D20,D24,D25,D26,D28
16:18:04.220     3612687  FFFFFFB3B3FFF  D16,D17,D20,D24,D25,D28
16:18:05.131     3613598  FFFFFFB7B3FFF  D16,D17,D20,D25,D28
16:18:06.059     3614511  FFFFFFB3B3FFF  D16,D17,D20,D24,D25,D28
16:18:06.059     3614513  FFFFFFBBB3FFF  D16,D17,D20,D24,D28
16:18:06.942     3615385  FFFFFFBFB3FFF  D16,D17,D20,D28
16:18:07.857     3616296  FFFFFFA7B3FFF  D16,D17,D20,D25,D26,D28
16:18:07.857     3616299  FFFFFFC3B3FFF  D16,D17,D20,D24,D25,D26,D27
16:18:08.784     3617212  FFFFFFC7B3FFF  D16,D17,D20,D25,D26,D27
16:18:09.700     3618123  FFFFFFC3B3FFF  D16,D17,D20,D24,D25,D26,D27
16:18:09.700     3618125  FFFFFFCBB3FFF  D16,D17,D20,D24,D26,D27
16:18:10.625     3619038  FFFFFFCFB3FFF  D16,D17,D20,D26,D27
16:18:11.738     3620148  FFFFFFC3B3FFF  D16,D17,D20,D24,D25,D26,D27
16:18:11.738     3620151  FFFFFFD3B3FFF  D16,D17,D20,D24,D25,D27
16:18:13.149     3621550  FFFFFFD7B3FFF  D16,D17,D20,D25,D27
16:18:14.620     3623007  FFFFFFD3B3FFF  D16,D17,D20,D24,D25,D27
16:18:14.620     3623009  FFFFFFDBB3FFF  D16,D17,D20,D24,D27
16:18:16.063     3624437  FFFFFFDFB3FFF  D16,D17,D20,D27
16:18:17.264     3625627  FFFFFFC3B3FFF  D16,D17,D20,D24,D25,D26,D27
16:18:17.264     3625629  FFFFFFE3B3FFF  D16,D17,D20,D24,D25,D26
16:18:18.303     3626660  FFFFFFE7B3FFF  D16,D17,D20,D25,D26
16:18:19.293     3627652  FFFFFFE3B3FFF  D16,D17,D20,D24,D25,D26
16:18:19.293     3627654  FFFFFFEBB3FFF  D16,D17,D20,D24,D26
16:18:20.614     3628963  FFFFFFEFB3FFF  D16,D17,D20,D26
16:18:22.073     3630402  FFFFFFE3B3FFF  D16,D17,D20,D24,D25,D26
16:18:22.073     3630405  FFFFFFF3B3FFF  D16,D17,D20,D24,D25
16:18:23.893     3632180  FFFFFFF7B3FFF  D16,D17,D20,D25
16:18:23.894     3632218  FFFFFFF793FFF  D16,D17,D19,D20,D25
16:18:23.894     3632220  FFFFFFF7D3FFF  D16,D17,D19,D25
16:18:27.500     3635799  FFFFFFF7D7FFF  D17,D19,D25
16:18:36.382     3644606  FFFFFFF7F7FFF  D17,D25
16:18:40.538     3648734  FFFFFFF7D7FFF  D17,D19,D25
16:18:41.575     3649767  FFFFFFF7D3FFF  D16,D17,D19,D25
16:18:43.604     3651773  FFFFFFF7D3FFF  D16,D17,D19,D25
16:18:45.610     3653777  FFFFFFF3D3FFF  D16,D17,D19,D24,D25
16:18:47.423     3655563  FFFFFFE3D3FFF  D16,D17,D19,D24,D25,D26
16:18:47.424     3655565  FFFFFFEFD3FFF  D16,D17,D19,D26
16:18:48.891     3657032  FFFFFFEBD3FFF  D16,D17,D19,D24,D26
16:18:50.177     3658303  FFFFFFE3D3FFF  D16,D17,D19,D24,D25,D26
16:18:50.177     3658305  FFFFFFE7D3FFF  D16,D17,D19,D25,D26
16:18:51.215     3659335  FFFFFFE3D3FFF  D16,D17,D19,D24,D25,D26
16:18:52.222     3660327  FFFFFFC3D3FFF  D16,D17,D19,D24,D25,D26,D27
16:18:52.223     3660329  FFFFFFCFD3FFF  D16,D17,D19,D26,D27
16:18:52.223     3660332  FFFFFFDFD3FFF  D16,D17,D19,D27
16:18:53.414     3661518  FFFFFFDBD3FFF  D16,D17,D19,D24,D27
16:18:54.865     3662948  FFFFFFD3D3FFF  D16,D17,D19,D24,D25,D27
16:18:54.866     3662950  FFFFFFD7D3FFF  D16,D17,D19,D25,D27
16:18:56.340     3664417  FFFFFFD3D3FFF  D16,D17,D19,D24,D25,D27
16:18:57.744     3665817  FFFFFFC3D3FFF  D16,D17,D19,D24,D25,D26,D27
16:18:57.745     3665819  FFFFFFCFD3FFF  D16,D17,D19,D26,D27
16:18:58.903     3666958  FFFFFFCBD3FFF  D16,D17,D19,D24,D26,D27
16:18:59.784     3667831  FFFFFFC3D3FFF  D16,D17,D19,D24,D25,D26,D27
16:18:59.785     3667833  FFFFFFC7D3FFF  D16,D17,D19,D25,D26,D27
16:19:00.701     3668745  FFFFFFC3D3FFF  D16,D17,D19,D24,D25,D26,D27
16:19:01.618     3669658  FFFFFF83D3FFF  D16,D17,D19,D24,D25,D26,D27,D28
16:19:01.618     3669659  FFFFFFAFD3FFF  D16,D17,D19,D26,D28
16:19:01.618     3669661  FFFFFFBFD3FFF  D16,D17,D19,D28
16:19:02.549     3670581  FFFFFFBBD3FFF  D16,D17,D19,D24,D28
16:19:03.461     3671484  FFFFFFB3D3FFF  D16,D17,D19,D24,D25,D28
16:19:03.461     3671486  FFFFFFB7D3FFF  D16,D17,D19,D25,D28
16:19:04.331     3672357  FFFFFFB3D3FFF  D16,D17,D19,D24,D25,D28
16:19:05.306     3673311  FFFFFFA3D3FFF  D16,D17,D19,D24,D25,D26,D28
16:19:05.306     3673313  FFFFFFAFD3FFF  D16,D17,D19,D26,D28
16:19:06.222     3674233  FFFFFFABD3FFF  D16,D17,D19,D24,D26,D28
16:19:07.581     3675574  FFFFFFA3D3FFF  D16,D17,D19,D24,D25,D26,D28
16:19:07.581     3675576  FFFFFFA7D3FFF  D16,D17,D19,D25,D26,D28
16:19:08.943     3676923  FFFFFFA3D3FFF  D16,D17,D19,D24,D25,D26,D28
16:19:09.863     3677837  FFFFFF83D3FFF  D16,D17,D19,D24,D25,D26,D27,D28
16:19:09.864     3677839  FFFFFF8FD3FFF  D16,D17,D19,D26,D27,D28
16:19:09.864     3677840  FFFFFF9FD3FFF  D16,D17,D19,D27,D28
16:19:10.782     3678750  FFFFFF9BD3FFF  D16,D17,D19,D24,D27,D28
16:19:11.699     3679663  FFFFFF93D3FFF  D16,D17,D19,D24,D25,D27,D28
16:19:11.699     3679665  FFFFFF97D3FFF  D16,D17,D19,D25,D27,D28
16:19:12.630     3680586  FFFFFF93D3FFF  D16,D17,D19,D24,D25,D27,D28
16:19:13.505     3681449  FFFFFF83D3FFF  D16,D17,D19,D24,D25,D26,D27,D28
16:19:13.505     3681452  FFFFFF8FD3FFF  D16,D17,D19,D26,D27,D28
16:19:14.419     3682363  FFFFFF8BD3FFF  D16,D17,D19,D24,D26,D27,D28
16:19:15.348     3683287  FFFFFF83D3FFF  D16,D17,D19,D24,D25,D26,D27,D28
16:19:15.348     3683288  FFFFFF87D3FFF  D16,D17,D19,D25,D26,D27,D28
16:19:16.252     3684190  FFFFFF83D3FFF  D16,D17,D19,D24,D25,D26,D27,D28
16:19:17.181     3685102  FFFFFF43D3FFF  D16,D17,D19,D24,D25,D26,D27,D29
16:19:17.182     3685104  FFFFFF6FD3FFF  D16,D17,D19,D26,D29
16:19:17.182     3685106  FFFFFF7FD3FFF  D16,D17,D19,D29
16:19:18.096     3686016  FFFFFF7BD3FFF  D16,D17,D19,D24,D29
16:19:19.105     3687008  FFFFFF73D3FFF  D16,D17,D19,D24,D25,D29
16:19:19.105     3687010  FFFFFF77D3FFF  D16,D17,D19,D25,D29
16:19:20.622     3688517  FFFFFF73D3FFF  D16,D17,D19,D24,D25,D29
16:19:23.735     3691452  FFFFFF73D7FFF  D17,D19,D24,D25,D29
16:19:23.736     3691615  FFFFFF73F7FFF  D17,D24,D25,D29
16:19:43.986     3711708  FFFFFF73F7FFF  D17,D24,D25,D29
16:20:44.158     3771432  FFFFFF73F7FFF  D17,D24,D25,D29
16:21:44.346     3831173  FFFFFF73F7FFF  D17,D24,D25,D29
16:22:24.416     3870949  FFFFFF73FFFFF  D24,D25,D29
16:22:25.101     3871637  FFFFFF73F7FFF  D17,D24,D25,D29
16:22:44.784     3891173  FFFFFF73F7FFF  D17,D24,D25,D29
16:22:46.296     3892670  FFFFFF73B7FFF  D17,D20,D24,D25,D29
16:22:47.617     3893980  FFFFFF73B3FFF  D16,D17,D20,D24,D25,D29
16:22:50.938     3897277  FFFFFF77B3FFF  D16,D17,D20,D25,D29
16:22:52.496     3898824  FFFFFF73B3FFF  D16,D17,D20,D24,D25,D29
16:22:52.496     3898826  FFFFFF7BB3FFF  D16,D17,D20,D24,D29
16:22:54.102     3900412  FFFFFF7FB3FFF  D16,D17,D20,D29
16:22:56.976     3903267  FFFFFF7FB7FFF  D17,D20,D29
16:23:07.709     3913921  FFFFFF7FB3FFF  D16,D17,D20,D29
16:23:11.064     3917246  FFFFFF4FB3FFF  D16,D17,D20,D26,D27,D29
16:23:11.064     3917247  FFFFFF83B3FFF  D16,D17,D20,D24,D25,D26,D27,D28
16:23:12.502     3918676  FFFFFF87B3FFF  D16,D17,D20,D25,D26,D27,D28
16:23:13.544     3919708  FFFFFF83B3FFF  D16,D17,D20,D24,D25,D26,D27,D28
16:23:13.544     3919710  FFFFFF8BB3FFF  D16,D17,D20,D24,D26,D27,D28
16:23:14.451     3920621  FFFFFF8FB3FFF  D16,D17,D20,D26,D27,D28
16:23:15.396     3921544  FFFFFF83B3FFF  D16,D17,D20,D24,D25,D26,D27,D28
16:23:15.396     3921547  FFFFFF93B3FFF  D16,D17,D20,D24,D25,D27,D28
16:23:16.310     3922458  FFFFFF97B3FFF  D16,D17,D20,D25,D27,D28
16:23:17.212     3923360  FFFFFF93B3FFF  D16,D17,D20,D24,D25,D27,D28
16:23:17.212     3923362  FFFFFF9BB3FFF  D16,D17,D20,D24,D27,D28
16:23:18.099     3924235  FFFFFF9FB3FFF  D16,D17,D20,D27,D28
16:23:19.065     3925186  FFFFFF87B3FFF  D16,D17,D20,D25,D26,D27,D28
16:23:19.065     3925188  FFFFFFA3B3FFF  D16,D17,D20,D24,D25,D26,D28
16:23:19.936     3926061  FFFFFFA7B3FFF  D16,D17,D20,D25,D26,D28
16:23:21.340     3927450  FFFFFFA3B3FFF  D16,D17,D20,D24,D25,D26,D28
16:23:21.340     3927451  FFFFFFABB3FFF  D16,D17,D20,D24,D26,D28
16:23:22.715     3928811  FFFFFFAFB3FFF  D16,D17,D20,D26,D28
16:23:23.614     3929712  FFFFFFA7B3FFF  D16,D17,D20,D25,D26,D28
16:23:23.614     3929714  FFFFFFA3B3FFF  D16,D17,D20,D24,D25,D26,D28
16:23:23.615     3929716  FFFFFFB3B3FFF  D16,D17,D20,D24,D25,D28
16:23:24.530     3930627  FFFFFFB7B3FFF  D16,D17,D20,D25,D28
16:23:25.418     3931500  FFFFFFB3B3FFF  D16,D17,D20,D24,D25,D28
16:23:25.418     3931502  FFFFFFBBB3FFF  D16,D17,D20,D24,D28
16:23:26.337     3932413  FFFFFFBFB3FFF  D16,D17,D20,D28
16:23:27.265     3933325  FFFFFFE7B3FFF  D16,D17,D20,D25,D26
16:23:27.265     3933327  FFFFFFC3B3FFF  D16,D17,D20,D24,D25,D26,D27
16:23:28.180     3934240  FFFFFFC7B3FFF  D16,D17,D20,D25,D26,D27
16:23:29.108     3935163  FFFFFFC3B3FFF  D16,D17,D20,D24,D25,D26,D27
16:23:29.108     3935165  FFFFFFCBB3FFF  D16,D17,D20,D24,D26,D27
16:23:30.021     3936066  FFFFFFCFB3FFF  D16,D17,D20,D26,D27
16:23:31.142     3937176  FFFFFFC7B3FFF  D16,D17,D20,D25,D26,D27
16:23:31.143     3937178  FFFFFFC3B3FFF  D16,D17,D20,D24,D25,D26,D27
16:23:31.143     3937180  FFFFFFD3B3FFF  D16,D17,D20,D24,D25,D27
16:23:32.531     3938568  FFFFFFD7B3FFF  D16,D17,D20,D25,D27
16:23:34.023     3940035  FFFFFFD3B3FFF  D16,D17,D20,D24,D25,D27
16:23:34.023     3940037  FFFFFFDBB3FFF  D16,D17,D20,D24,D27
16:23:35.455     3941466  FFFFFFDFB3FFF  D16,D17,D20,D27
16:23:36.652     3942656  FFFFFFC7B3FFF  D16,D17,D20,D25,D26,D27
16:23:36.652     3942658  FFFFFFE3B3FFF  D16,D17,D20,D24,D25,D26
16:23:37.704     3943699  FFFFFFE7B3FFF  D16,D17,D20,D25,D26
16:23:38.693     3944681  FFFFFFE3B3FFF  D16,D17,D20,D24,D25,D26
16:23:38.693     3944683  FFFFFFEBB3FFF  D16,D17,D20,D24,D26
16:23:39.988     3945962  FFFFFFEFB3FFF  D16,D17,D20,D26
16:23:41.463     3947429  FFFFFFE7B3FFF  D16,D17,D20,D25,D26
16:23:41.463     3947431  FFFFFFE3B3FFF  D16,D17,D20,D24,D25,D26
16:23:41.463     3947433  FFFFFFF3B3FFF  D16,D17,D20,D24,D25
16:23:42.935     3948890  FFFFFFF7B3FFF  D16,D17,D20,D25
16:23:45.020     3950885  FFFFFFF3B3FFF  D16,D17,D20,D24,D25
16:23:45.021     3950887  FFFFFFFBB3FFF  D16,D17,D20,D24
16:23:45.021     3950954  FFFFFFFB93FFF  D16,D17,D19,D20,D24
16:23:45.021     3950955  FFFFFFFBD3FFF  D16,D17,D19,D24
16:23:45.541     3951467  FFFFFFFBD3FFF  D16,D17,D19,D24
16:23:48.256     3954166  FFFFFFFBD7FFF  D17,D19,D24
16:23:57.020     3962866  FFFFFFFBF7FFF  D17,D24
16:24:00.540     3966359  FFFFFFFBD7FFF  D17,D19,D24
16:24:01.588     3967401  FFFFFFFBD3FFF  D16,D17,D19,D24
16:24:05.374     3971162  FFFFFFF3D3FFF  D16,D17,D19,D24,D25
16:24:05.375     3971164  FFFFFFF7D3FFF  D16,D17,D19,D25
16:24:07.381     3973158  FFFFFFF3D3FFF  D16,D17,D19,D24,D25
16:24:08.863     3974617  FFFFFFE3D3FFF  D16,D17,D19,D24,D25,D26
16:24:08.863     3974619  FFFFFFEFD3FFF  D16,D17,D19,D26
16:24:10.298     3976046  FFFFFFEBD3FFF  D16,D17,D19,D24,D26
16:24:11.614     3977356  FFFFFFE3D3FFF  D16,D17,D19,D24,D25,D26
16:24:11.614     3977358  FFFFFFE7D3FFF  D16,D17,D19,D25,D26
16:24:12.626     3978359  FFFFFFE3D3FFF  D16,D17,D19,D24,D25,D26
16:24:13.637     3979352  FFFFFFC3D3FFF  D16,D17,D19,D24,D25,D26,D27
16:24:13.637     3979354  FFFFFFCFD3FFF  D16,D17,D19,D26,D27
16:24:13.637     3979355  FFFFFFDFD3FFF  D16,D17,D19,D27
16:24:14.824     3980542  FFFFFFDBD3FFF  D16,D17,D19,D24,D27
16:24:16.308     3982012  FFFFFFD3D3FFF  D16,D17,D19,D24,D25,D27
16:24:16.308     3982014  FFFFFFD7D3FFF  D16,D17,D19,D25,D27
16:24:17.751     3983441  FFFFFFD3D3FFF  D16,D17,D19,D24,D25,D27
16:24:19.186     3984870  FFFFFFC3D3FFF  D16,D17,D19,D24,D25,D26,D27
16:24:19.186     3984872  FFFFFFCFD3FFF  D16,D17,D19,D26,D27
16:24:20.302     3985982  FFFFFFCBD3FFF  D16,D17,D19,D24,D26,D27
16:24:21.213     3986885  FFFFFFC3D3FFF  D16,D17,D19,D24,D25,D26,D27
16:24:21.213     3986887  FFFFFFC7D3FFF  D16,D17,D19,D25,D26,D27
16:24:22.139     3987799  FFFFFFC3D3FFF  D16,D17,D19,D24,D25,D26,D27
16:24:23.067     3988721  FFFFFF83D3FFF  D16,D17,D19,D24,D25,D26,D27,D28
16:24:23.067     3988723  FFFFFFAFD3FFF  D16,D17,D19,D26,D28
16:24:23.067     3988725  FFFFFFBFD3FFF  D16,D17,D19,D28
16:24:23.993     3989635  FFFFFFBBD3FFF  D16,D17,D19,D24,D28
16:24:24.863     3990498  FFFFFFB3D3FFF  D16,D17,D19,D24,D25,D28
16:24:24.863     3990500  FFFFFFB7D3FFF  D16,D17,D19,D25,D28
16:24:25.781     3991421  FFFFFFB3D3FFF  D16,D17,D19,D24,D25,D28
16:24:26.704     3992335  FFFFFFA3D3FFF  D16,D17,D19,D24,D25,D26,D28
16:24:26.705     3992336  FFFFFFAFD3FFF  D16,D17,D19,D26,D28
16:24:27.620     3993237  FFFFFFABD3FFF  D16,D17,D19,D24,D26,D28
16:24:28.994     3994597  FFFFFFA3D3FFF  D16,D17,D19,D24,D25,D26,D28
16:24:28.994     3994599  FFFFFFA7D3FFF  D16,D17,D19,D25,D26,D28
16:24:30.380     3995987  FFFFFFA3D3FFF  D16,D17,D19,D24,D25,D26,D28
16:24:31.304     3996901  FFFFFF83D3FFF  D16,D17,D19,D24,D25,D26,D27,D28
16:24:31.305     3996902  FFFFFF8FD3FFF  D16,D17,D19,D26,D27,D28
16:24:31.305     3996904  FFFFFF9FD3FFF  D16,D17,D19,D27,D28
16:24:32.185     3997773  FFFFFF9BD3FFF  D16,D17,D19,D24,D27,D28
16:24:33.114     3998688  FFFFFF93D3FFF  D16,D17,D19,D24,D25,D27,D28
16:24:33.114     3998689  FFFFFF97D3FFF  D16,D17,D19,D25,D27,D28
16:24:34.024     3999600  FFFFFF93D3FFF  D16,D17,D19,D24,D25,D27,D28
16:24:34.938     4000503  FFFFFF83D3FFF  D16,D17,D19,D24,D25,D26,D27,D28
16:24:34.938     4000504  FFFFFF8FD3FFF  D16,D17,D19,D26,D27,D28
16:24:35.864     4001427  FFFFFF8BD3FFF  D16,D17,D19,D24,D26,D27,D28
16:24:36.781     4002339  FFFFFF83D3FFF  D16,D17,D19,D24,D25,D26,D27,D28
16:24:36.781     4002341  FFFFFF87D3FFF  D16,D17,D19,D25,D26,D27,D28
16:24:37.691     4003243  FFFFFF83D3FFF  D16,D17,D19,D24,D25,D26,D27,D28
16:24:38.585     4004125  FFFFFFC3D3FFF  D16,D17,D19,D24,D25,D26,D27
16:24:38.585     4004127  FFFFFF67D3FFF  D16,D17,D19,D25,D26,D29
16:24:38.586     4004129  FFFFFF7FD3FFF  D16,D17,D19,D29
16:24:39.512     4005040  FFFFFF7BD3FFF  D16,D17,D19,D24,D29
16:24:40.425     4005942  FFFFFF73D3FFF  D16,D17,D19,D24,D25,D29
16:24:40.425     4005944  FFFFFF77D3FFF  D16,D17,D19,D25,D29
16:24:41.340     4006855  FFFFFF73D3FFF  D16,D17,D19,D24,D25,D29
16:24:42.266     4007769  FFFFFF63D3FFF  D16,D17,D19,D24,D25,D26,D29
16:24:42.267     4007771  FFFFFF6FD3FFF  D16,D17,D19,D26,D29
16:24:43.177     4008683  FFFFFF6BD3FFF  D16,D17,D19,D24,D26,D29
16:24:44.223     4009714  FFFFFF63D3FFF  D16,D17,D19,D24,D25,D26,D29
16:24:44.223     4009715  FFFFFF67D3FFF  D16,D17,D19,D25,D26,D29
16:24:45.698     4011184  FFFFFF63D3FFF  D16,D17,D19,D24,D25,D26,D29
16:24:46.215     4011695  FFFFFF63D3FFF  D16,D17,D19,D24,D25,D26,D29
16:24:48.694     4014118  FFFFFF63D7FFF  D17,D19,D24,D25,D26,D29
16:24:48.694     4014161  FFFFFF63F7FFF  D17,D24,D25,D26,D29
16:25:46.393     4071422  FFFFFF63F7FFF  D17,D24,D25,D26,D29
16:26:46.660     4131245  FFFFFF63F7FFF  D17,D24,D25,D26,D29
16:27:46.974     4191110  FFFFFF63F7FFF  D17,D24,D25,D26,D29
16:27:49.377     4193497  FFFFFF63FFFFF  D24,D25,D26,D29
16:27:50.062     4194173  FFFFFF63F7FFF  D17,D24,D25,D26,D29
16:28:47.226     4250927  FFFFFF63F7FFF  D17,D24,D25,D26,D29
16:29:47.405     4310647  FFFFFF63F7FFF  D17,D24,D25,D26,D29
16:30:47.650     4370445  FFFFFF63F7FFF  D17,D24,D25,D26,D29
16:31:29.812     4412304  FFFFFF63B7FFF  D17,D20,D24,D25,D26,D29
16:31:31.231     4413704  FFFFFF63B3FFF  D16,D17,D20,D24,D25,D26,D29
16:31:34.769     4417228  FFFFFF67B3FFF  D16,D17,D20,D25,D26,D29
16:31:37.690     4420122  FFFFFF67B7FFF  D17,D20,D25,D26,D29
16:31:47.799     4430152  FFFFFF67B7FFF  D17,D20,D25,D26,D29
16:31:48.579     4430924  FFFFFF67B3FFF  D16,D17,D20,D25,D26,D29
16:31:51.951     4434271  FFFFFF63B3FFF  D16,D17,D20,D24,D25,D26,D29
16:31:51.951     4434272  FFFFFF6BB3FFF  D16,D17,D20,D24,D26,D29
16:31:53.430     4435740  FFFFFF6FB3FFF  D16,D17,D20,D26,D29
16:31:54.436     4436731  FFFFFF67B3FFF  D16,D17,D20,D25,D26,D29
16:31:54.436     4436733  FFFFFF63B3FFF  D16,D17,D20,D24,D25,D26,D29
16:31:54.436     4436734  FFFFFF73B3FFF  D16,D17,D20,D24,D25,D29
16:31:55.351     4437646  FFFFFF77B3FFF  D16,D17,D20,D25,D29
16:31:56.262     4438548  FFFFFF73B3FFF  D16,D17,D20,D24,D25,D29
16:31:56.262     4438550  FFFFFF7BB3FFF  D16,D17,D20,D24,D29
16:31:57.191     4439473  FFFFFF7FB3FFF  D16,D17,D20,D29
16:31:58.102     4440374  FFFFFF1FB3FFF  D16,D17,D20,D27,D28,D29
16:31:58.102     4440376  FFFFFF83B3FFF  D16,D17,D20,D24,D25,D26,D27,D28
16:31:59.033     4441298  FFFFFF87B3FFF  D16,D17,D20,D25,D26,D27,D28
16:31:59.931     4442201  FFFFFF83B3FFF  D16,D17,D20,D24,D25,D26,D27,D28
16:31:59.931     4442203  FFFFFF8BB3FFF  D16,D17,D20,D24,D26,D27,D28
16:32:00.860     4443115  FFFFFF8FB3FFF  D16,D17,D20,D26,D27,D28
16:32:01.746     4443997  FFFFFF87B3FFF  D16,D17,D20,D25,D26,D27,D28
16:32:01.746     4443999  FFFFFF83B3FFF  D16,D17,D20,D24,D25,D26,D27,D28
16:32:01.746     4444001  FFFFFF93B3FFF  D16,D17,D20,D24,D25,D27,D28
16:32:02.662     4444902  FFFFFF97B3FFF  D16,D17,D20,D25,D27,D28
16:32:03.574     4445814  FFFFFF93B3FFF  D16,D17,D20,D24,D25,D27,D28
16:32:03.574     4445815  FFFFFF9BB3FFF  D16,D17,D20,D24,D27,D28
16:32:04.502     4446738  FFFFFF9FB3FFF  D16,D17,D20,D27,D28
16:32:05.429     4447649  FFFFFF97B3FFF  D16,D17,D20,D25,D27,D28
16:32:05.429     4447651  FFFFFFA3B3FFF  D16,D17,D20,D24,D25,D26,D28
16:32:06.342     4448555  FFFFFFA7B3FFF  D16,D17,D20,D25,D26,D28
16:32:07.700     4449903  FFFFFFA3B3FFF  D16,D17,D20,D24,D25,D26,D28
16:32:07.700     4449905  FFFFFFABB3FFF  D16,D17,D20,D24,D26,D28
16:32:09.062     4451254  FFFFFFAFB3FFF  D16,D17,D20,D26,D28
16:32:09.984     4452176  FFFFFFA3B3FFF  D16,D17,D20,D24,D25,D26,D28
16:32:09.985     4452179  FFFFFFB3B3FFF  D16,D17,D20,D24,D25,D28
16:32:10.899     4453090  FFFFFFB7B3FFF  D16,D17,D20,D25,D28
16:32:11.827     4454003  FFFFFFB3B3FFF  D16,D17,D20,D24,D25,D28
16:32:11.827     4454005  FFFFFFBBB3FFF  D16,D17,D20,D24,D28
16:32:12.731     4454906  FFFFFFBFB3FFF  D16,D17,D20,D28
16:32:13.660     4455829  FFFFFFC3B3FFF  D16,D17,D20,D24,D25,D26,D27
16:32:14.540     4456704  FFFFFFC7B3FFF  D16,D17,D20,D25,D26,D27
16:32:15.451     4457606  FFFFFFC3B3FFF  D16,D17,D20,D24,D25,D26,D27
16:32:15.451     4457608  FFFFFFCBB3FFF  D16,D17,D20,D24,D26,D27
16:32:16.380     4458529  FFFFFFCFB3FFF  D16,D17,D20,D26,D27
16:32:17.534     4459670  FFFFFFC7B3FFF  D16,D17,D20,D25,D26,D27
16:32:17.534     4459672  FFFFFFC3B3FFF  D16,D17,D20,D24,D25,D26,D27
16:32:17.534     4459673  FFFFFFD3B3FFF  D16,D17,D20,D24,D25,D27
16:32:18.945     4461071  FFFFFFD7B3FFF  D16,D17,D20,D25,D27
16:32:20.392     4462499  FFFFFFD3B3FFF  D16,D17,D20,D24,D25,D27
16:32:20.393     4462501  FFFFFFDBB3FFF  D16,D17,D20,D24,D27
16:32:21.850     4463959  FFFFFFDFB3FFF  D16,D17,D20,D27
16:32:23.068     4465159  FFFFFFD7B3FFF  D16,D17,D20,D25,D27
16:32:23.068     4465161  FFFFFFE3B3FFF  D16,D17,D20,D24,D25,D26
16:32:24.072     4466153  FFFFFFE7B3FFF  D16,D17,D20,D25,D26
16:32:25.058     4467134  FFFFFFE3B3FFF  D16,D17,D20,D24,D25,D26
16:32:25.058     4467136  FFFFFFEBB3FFF  D16,D17,D20,D24,D26
16:32:26.381     4468455  FFFFFFEFB3FFF  D16,D17,D20,D26
16:32:27.835     4469884  FFFFFFE7B3FFF  D16,D17,D20,D25,D26
16:32:27.835     4469885  FFFFFFE3B3FFF  D16,D17,D20,D24,D25,D26
16:32:27.835     4469888  FFFFFFF3B3FFF  D16,D17,D20,D24,D25
16:32:29.654     4471661  FFFFFFF7B3FFF  D16,D17,D20,D25
16:32:29.654     4471700  FFFFFFF793FFF  D16,D17,D19,D20,D25
16:32:29.654     4471702  FFFFFFF7D3FFF  D16,D17,D19,D25
16:32:33.304     4475320  FFFFFFF7D7FFF  D17,D19,D25
16:32:42.129     4484088  FFFFFFF7F7FFF  D17,D25
16:32:45.502     4487422  FFFFFFF7D7FFF  D17,D19,D25
16:32:46.538     4488456  FFFFFFF7D3FFF  D16,D17,D19,D25
16:32:48.064     4489969  FFFFFFF7D3FFF  D16,D17,D19,D25
16:32:50.581     4492465  FFFFFFF3D3FFF  D16,D17,D19,D24,D25
16:32:52.380     4494252  FFFFFFE3D3FFF  D16,D17,D19,D24,D25,D26
16:32:52.380     4494254  FFFFFFEFD3FFF  D16,D17,D19,D26
16:32:53.862     4495721  FFFFFFEBD3FFF  D16,D17,D19,D24,D26
16:32:55.135     4496991  FFFFFFE3D3FFF  D16,D17,D19,D24,D25,D26
16:32:55.135     4496993  FFFFFFE7D3FFF  D16,D17,D19,D25,D26
16:32:56.175     4498023  FFFFFFE3D3FFF  D16,D17,D19,D24,D25,D26
16:32:57.181     4499016  FFFFFFC3D3FFF  D16,D17,D19,D24,D25,D26,D27
16:32:57.182     4499017  FFFFFFCFD3FFF  D16,D17,D19,D26,D27
16:32:57.182     4499019  FFFFFFDFD3FFF  D16,D17,D19,D27
16:32:58.372     4500207  FFFFFFDBD3FFF  D16,D17,D19,D24,D27
16:32:59.811     4501637  FFFFFFD3D3FFF  D16,D17,D19,D24,D25,D27
16:32:59.811     4501638  FFFFFFD7D3FFF  D16,D17,D19,D25,D27
16:33:01.291     4503105  FFFFFFD3D3FFF  D16,D17,D19,D24,D25,D27
16:33:02.699     4504496  FFFFFFC3D3FFF  D16,D17,D19,D24,D25,D26,D27
16:33:02.699     4504497  FFFFFFCFD3FFF  D16,D17,D19,D26,D27
16:33:03.856     4505647  FFFFFFCBD3FFF  D16,D17,D19,D24,D26,D27
16:33:04.738     4506520  FFFFFFC3D3FFF  D16,D17,D19,D24,D25,D26,D27
16:33:04.739     4506522  FFFFFFC7D3FFF  D16,D17,D19,D25,D26,D27
16:33:05.653     4507433  FFFFFFC3D3FFF  D16,D17,D19,D24,D25,D26,D27
16:33:06.581     4508346  FFFFFF83D3FFF  D16,D17,D19,D24,D25,D26,D27,D28
16:33:06.581     4508348  FFFFFFAFD3FFF  D16,D17,D19,D26,D28
16:33:06.581     4508350  FFFFFFBFD3FFF  D16,D17,D19,D28
16:33:07.492     4509259  FFFFFFBBD3FFF  D16,D17,D19,D24,D28
16:33:08.421     4510173  FFFFFFB3D3FFF  D16,D17,D19,D24,D25,D28
16:33:08.421     4510175  FFFFFFB7D3FFF  D16,D17,D19,D25,D28
16:33:09.293     4511046  FFFFFFB3D3FFF  D16,D17,D19,D24,D25,D28
16:33:10.264     4511998  FFFFFFA3D3FFF  D16,D17,D19,D24,D25,D26,D28
16:33:10.264     4512001  FFFFFFAFD3FFF  D16,D17,D19,D26,D28
16:33:11.175     4512912  FFFFFFABD3FFF  D16,D17,D19,D24,D26,D28
16:33:12.531     4514262  FFFFFFA3D3FFF  D16,D17,D19,D24,D25,D26,D28
16:33:12.531     4514264  FFFFFFA7D3FFF  D16,D17,D19,D25,D26,D28
16:33:13.896     4515612  FFFFFFA3D3FFF  D16,D17,D19,D24,D25,D26,D28
16:33:14.813     4516525  FFFFFF83D3FFF  D16,D17,D19,D24,D25,D26,D27,D28
16:33:14.813     4516527  FFFFFF8FD3FFF  D16,D17,D19,D26,D27,D28
16:33:14.813     4516529  FFFFFF9FD3FFF  D16,D17,D19,D27,D28
16:33:15.743     4517438  FFFFFF9BD3FFF  D16,D17,D19,D24,D27,D28
16:33:16.652     4518351  FFFFFF93D3FFF  D16,D17,D19,D24,D25,D27,D28
16:33:16.652     4518353  FFFFFF97D3FFF  D16,D17,D19,D25,D27,D28
16:33:17.658     4519344  FFFFFF93D3FFF  D16,D17,D19,D24,D25,D27,D28
16:33:19.179     4520853  FFFFFF83D3FFF  D16,D17,D19,D24,D25,D26,D27,D28
16:33:19.180     4520855  FFFFFF8FD3FFF  D16,D17,D19,D26,D27,D28
16:33:22.142     4523748  FFFFFF8FD7FFF  D17,D19,D26,D27,D28
16:33:22.142     4523792  FFFFFF8FF7FFF  D17,D26,D27,D28
16:33:30.454     4532049  FFFFFF8FB7FFF  D17,D20,D26,D27,D28
16:33:31.489     4533082  FFFFFF8FB3FFF  D16,D17,D20,D26,D27,D28
16:33:34.821     4536377  FFFFFF83B3FFF  D16,D17,D20,D24,D25,D26,D27,D28
16:33:34.821     4536380  FFFFFF93B3FFF  D16,D17,D20,D24,D25,D27,D28
16:33:36.294     4537847  FFFFFF97B3FFF  D16,D17,D20,D25,D27,D28
16:33:37.298     4538839  FFFFFF93B3FFF  D16,D17,D20,D24,D25,D27,D28
16:33:37.298     4538840  FFFFFF9BB3FFF  D16,D17,D20,D24,D27,D28
16:33:38.222     4539753  FFFFFF9FB3FFF  D16,D17,D20,D27,D28
16:33:39.134     4540664  FFFFFF83B3FFF  D16,D17,D20,D24,D25,D26,D27,D28
16:33:39.134     4540666  FFFFFFA3B3FFF  D16,D17,D20,D24,D25,D26,D28
16:33:40.049     4541579  FFFFFFA7B3FFF  D16,D17,D20,D25,D26,D28
16:33:41.451     4542967  FFFFFFA3B3FFF  D16,D17,D20,D24,D25,D26,D28
16:33:41.452     4542969  FFFFFFABB3FFF  D16,D17,D20,D24,D26,D28
16:33:42.821     4544318  FFFFFFAFB3FFF  D16,D17,D20,D26,D28
16:33:43.704     4545190  FFFFFFA3B3FFF  D16,D17,D20,D24,D25,D26,D28
16:33:43.704     4545193  FFFFFFB3B3FFF  D16,D17,D20,D24,D25,D28
16:33:44.659     4546145  FFFFFFB7B3FFF  D16,D17,D20,D25,D28
16:33:45.541     4547017  FFFFFFB3B3FFF  D16,D17,D20,D24,D25,D28
16:33:45.541     4547019  FFFFFFBBB3FFF  D16,D17,D20,D24,D28
16:33:46.458     4547932  FFFFFFBFB3FFF  D16,D17,D20,D28
16:33:47.373     4548843  FFFFFFE7B3FFF  D16,D17,D20,D25,D26
16:33:47.374     4548845  FFFFFFC3B3FFF  D16,D17,D20,D24,D25,D26,D27
16:33:48.304     4549757  FFFFFFC7B3FFF  D16,D17,D20,D25,D26,D27
16:33:49.219     4550275  FFFFFFC7B3FFF  D16,D17,D20,D25,D26,D27
16:33:49.220     4550670  FFFFFFC3B3FFF  D16,D17,D20,D24,D25,D26,D27
16:33:49.220     4550672  FFFFFFCBB3FFF  D16,D17,D20,D24,D26,D27
16:33:50.130     4551584  FFFFFFCFB3FFF  D16,D17,D20,D26,D27
16:33:51.260     4552694  FFFFFFC7B3FFF  D16,D17,D20,D25,D26,D27
16:33:51.260     4552696  FFFFFFC3B3FFF  D16,D17,D20,D24,D25,D26,D27
16:33:51.260     4552697  FFFFFFD3B3FFF  D16,D17,D20,D24,D25,D27
16:33:52.663     4554086  FFFFFFD7B3FFF  D16,D17,D20,D25,D27
16:33:54.141     4555553  FFFFFFD3B3FFF  D16,D17,D20,D24,D25,D27
16:33:54.141     4555555  FFFFFFDBB3FFF  D16,D17,D20,D24,D27
16:33:55.579     4556984  FFFFFFDFB3FFF  D16,D17,D20,D27
16:33:56.774     4558174  FFFFFFC7B3FFF  D16,D17,D20,D25,D26,D27
16:33:56.774     4558176  FFFFFFE3B3FFF  D16,D17,D20,D24,D25,D26
16:33:57.814     4559207  FFFFFFE7B3FFF  D16,D17,D20,D25,D26
16:33:58.819     4560199  FFFFFFE3B3FFF  D16,D17,D20,D24,D25,D26
16:33:58.819     4560201  FFFFFFEBB3FFF  D16,D17,D20,D24,D26
16:34:00.143     4561510  FFFFFFEFB3FFF  D16,D17,D20,D26
16:34:01.574     4562937  FFFFFFE7B3FFF  D16,D17,D20,D25,D26
16:34:01.574     4562939  FFFFFFE3B3FFF  D16,D17,D20,D24,D25,D26
16:34:01.574     4562941  FFFFFFF3B3FFF  D16,D17,D20,D24,D25
16:34:03.383     4564726  FFFFFFF7B3FFF  D16,D17,D20,D25
16:34:05.332     4566670  FFFFFFF793FFF  D16,D17,D19,D20,D25
16:34:05.332     4566672  FFFFFFF7D3FFF  D16,D17,D19,D25
16:34:07.098     4568375  FFFFFFF7D7FFF  D17,D19,D25
16:34:07.098     4568419  FFFFFFF7F7FFF  D17,D25
16:34:41.169     4602244  FFFFFFF7D7FFF  D17,D19,D25
16:34:42.172     4603237  FFFFFFF7D3FFF  D16,D17,D19,D25
16:34:46.215     4607247  FFFFFFF3D3FFF  D16,D17,D19,D24,D25
16:34:48.014     4609033  FFFFFFE3D3FFF  D16,D17,D19,D24,D25,D26
16:34:48.015     4609035  FFFFFFEFD3FFF  D16,D17,D19,D26
16:34:49.460     4610045  FFFFFFEFD3FFF  D16,D17,D19,D26
16:34:49.460     4610463  FFFFFFEBD3FFF  D16,D17,D19,D24,D26
16:34:50.779     4611773  FFFFFFE3D3FFF  D16,D17,D19,D24,D25,D26
16:34:50.780     4611775  FFFFFFE7D3FFF  D16,D17,D19,D25,D26
16:34:51.817     4612805  FFFFFFE3D3FFF  D16,D17,D19,D24,D25,D26
16:34:52.822     4613798  FFFFFFC3D3FFF  D16,D17,D19,D24,D25,D26,D27
16:34:52.822     4613800  FFFFFFCFD3FFF  D16,D17,D19,D26,D27
16:34:52.822     4613801  FFFFFFDFD3FFF  D16,D17,D19,D27
16:34:54.011     4614989  FFFFFFDBD3FFF  D16,D17,D19,D24,D27
16:34:55.457     4616419  FFFFFFD3D3FFF  D16,D17,D19,D24,D25,D27
16:34:55.457     4616421  FFFFFFD7D3FFF  D16,D17,D19,D25,D27
16:34:56.932     4617888  FFFFFFD3D3FFF  D16,D17,D19,D24,D25,D27
16:34:58.332     4619277  FFFFFFC3D3FFF  D16,D17,D19,D24,D25,D26,D27
16:34:58.333     4619279  FFFFFFCFD3FFF  D16,D17,D19,D26,D27
16:34:59.497     4620429  FFFFFFCBD3FFF  D16,D17,D19,D24,D26,D27
16:35:00.381     4621301  FFFFFFC3D3FFF  D16,D17,D19,D24,D25,D26,D27
16:35:00.381     4621303  FFFFFFC7D3FFF  D16,D17,D19,D25,D26,D27
16:35:01.292     4622215  FFFFFFC3D3FFF  D16,D17,D19,D24,D25,D26,D27
16:35:02.223     4623128  FFFFFF83D3FFF  D16,D17,D19,D24,D25,D26,D27,D28
16:35:02.223     4623129  FFFFFFAFD3FFF  D16,D17,D19,D26,D28
16:35:02.223     4623131  FFFFFFBFD3FFF  D16,D17,D19,D28
16:35:03.131     4624041  FFFFFFBBD3FFF  D16,D17,D19,D24,D28
16:35:04.062     4624955  FFFFFFB3D3FFF  D16,D17,D19,D24,D25,D28
16:35:04.062     4624956  FFFFFFB7D3FFF  D16,D17,D19,D25,D28
16:35:04.973     4625868  FFFFFFB3D3FFF  D16,D17,D19,D24,D25,D28
16:35:05.896     4626781  FFFFFFA3D3FFF  D16,D17,D19,D24,D25,D26,D28
16:35:05.896     4626783  FFFFFFAFD3FFF  D16,D17,D19,D26,D28
16:35:06.809     4627694  FFFFFFABD3FFF  D16,D17,D19,D24,D26,D28
16:35:08.699     4629322  FFFFFFA3D3FFF  D16,D17,D19,D24,D25,D26,D28
16:35:08.699     4629323  FFFFFFA7D3FFF  D16,D17,D19,D25,D26,D28
16:35:08.699     4629401  FFFFFFA793FFF  D16,D17,D19,D20,D25,D26,D28
16:35:08.699     4629561  FFFFFFA7B3FFF  D16,D17,D20,D25,D26,D28
16:35:12.296     4633131  FFFFFFA7B7FFF  D17,D20,D25,D26,D28
16:35:21.533     4642305  FFFFFFA7B3FFF  D16,D17,D20,D25,D26,D28
16:35:25.692     4646434  FFFFFFA3B3FFF  D16,D17,D20,D24,D25,D26,D28
16:35:25.692     4646436  FFFFFFABB3FFF  D16,D17,D20,D24,D26,D28
16:35:27.338     4648062  FFFFFFAFB3FFF  D16,D17,D20,D26,D28
16:35:28.254     4648975  FFFFFFA3B3FFF  D16,D17,D20,D24,D25,D26,D28
16:35:28.254     4648978  FFFFFFB3B3FFF  D16,D17,D20,D24,D25,D28
16:35:29.171     4649889  FFFFFFB7B3FFF  D16,D17,D20,D25,D28
16:35:30.101     4650802  FFFFFFB3B3FFF  D16,D17,D20,D24,D25,D28
16:35:30.101     4650804  FFFFFFBBB3FFF  D16,D17,D20,D24,D28
16:35:31.014     4651716  FFFFFFBFB3FFF  D16,D17,D20,D28
16:35:31.942     4652627  FFFFFFC3B3FFF  D16,D17,D20,D24,D25,D26,D27
16:35:32.855     4653542  FFFFFFC7B3FFF  D16,D17,D20,D25,D26,D27
16:35:33.784     4654454  FFFFFFC3B3FFF  D16,D17,D20,D24,D25,D26,D27
16:35:33.784     4654455  FFFFFFCBB3FFF  D16,D17,D20,D24,D26,D27
16:35:34.654     4655329  FFFFFFCFB3FFF  D16,D17,D20,D26,D27
16:35:35.825     4656479  FFFFFFC7B3FFF  D16,D17,D20,D25,D26,D27
16:35:35.825     4656481  FFFFFFC3B3FFF  D16,D17,D20,D24,D25,D26,D27
16:35:35.825     4656482  FFFFFFD3B3FFF  D16,D17,D20,D24,D25,D27
16:35:37.222     4657869  FFFFFFD7B3FFF  D16,D17,D20,D25,D27
16:35:38.712     4659347  FFFFFFD3B3FFF  D16,D17,D20,D24,D25,D27
16:35:38.712     4659349  FFFFFFDBB3FFF  D16,D17,D20,D24,D27
16:35:40.144     4660777  FFFFFFDFB3FFF  D16,D17,D20,D27
16:35:41.329     4661957  FFFFFFD7B3FFF  D16,D17,D20,D25,D27
16:35:41.329     4661959  FFFFFFE3B3FFF  D16,D17,D20,D24,D25,D26
16:35:42.336     4662951  FFFFFFE7B3FFF  D16,D17,D20,D25,D26
16:35:43.375     4663983  FFFFFFE3B3FFF  D16,D17,D20,D24,D25,D26
16:35:43.376     4663985  FFFFFFEBB3FFF  D16,D17,D20,D24,D26
16:35:44.654     4665254  FFFFFFEFB3FFF  D16,D17,D20,D26
16:35:46.104     4666683  FFFFFFE3B3FFF  D16,D17,D20,D24,D25,D26
16:35:46.104     4666685  FFFFFFF3B3FFF  D16,D17,D20,D24,D25
16:35:48.051     4668511  FFFFFFF7B3FFF  D16,D17,D20,D25
16:35:48.051     4668627  FFFFFFF793FFF  D16,D17,D19,D20,D25
16:35:48.052     4668630  FFFFFFF7D3FFF  D16,D17,D19,D25
16:35:49.073     4669634  FFFFFFF7D3FFF  D16,D17,D19,D25
16:35:51.530     4672079  FFFFFFF7D7FFF  D17,D19,D25
16:36:00.381     4680858  FFFFFFF7F7FFF  D17,D25
16:36:49.568     4729692  FFFFFFF7F7FFF  D17,D25
16:37:49.816     4789481  FFFFFFF7F7FFF  D17,D25
16:38:49.939     4849156  FFFFFFF7F7FFF  D17,D25
16:39:01.046     4860192  FFFFFFF7FFFFF  D25
16:39:01.731     4860869  FFFFFFF7F7FFF  D17,D25
16:39:50.387     4909156  FFFFFFF7F7FFF  D17,D25
16:40:50.534     4968858  FFFFFFF7F7FFF  D17,D25
16:41:33.190     5011196  FFFFFFF7D7FFF  D17,D19,D25
16:41:34.540     5012546  FFFFFFF7D3FFF  D16,D17,D19,D25
16:41:38.618     5016596  FFFFFFF3D3FFF  D16,D17,D19,D24,D25
16:41:40.427     5018382  FFFFFFE3D3FFF  D16,D17,D19,D24,D25,D26
16:41:40.427     5018384  FFFFFFEFD3FFF  D16,D17,D19,D26
16:41:41.860     5019811  FFFFFFEBD3FFF  D16,D17,D19,D24,D26
16:41:43.169     5021112  FFFFFFE3D3FFF  D16,D17,D19,D24,D25,D26
16:41:43.169     5021114  FFFFFFE7D3FFF  D16,D17,D19,D25,D26
16:41:44.170     5022104  FFFFFFE3D3FFF  D16,D17,D19,D24,D25,D26
16:41:45.225     5023136  FFFFFFC3D3FFF  D16,D17,D19,D24,D25,D26,D27
16:41:45.225     5023138  FFFFFFCFD3FFF  D16,D17,D19,D26,D27
16:41:45.225     5023140  FFFFFFDFD3FFF  D16,D17,D19,D27
16:41:46.413     5024327  FFFFFFDBD3FFF  D16,D17,D19,D24,D27
16:41:47.858     5025757  FFFFFFD3D3FFF  D16,D17,D19,D24,D25,D27
16:41:47.858     5025759  FFFFFFD7D3FFF  D16,D17,D19,D25,D27
16:41:49.340     5027226  FFFFFFD3D3FFF  D16,D17,D19,D24,D25,D27
16:41:51.419     5028752  FFFFFFD3D3FFF  D16,D17,D19,D24,D25,D27
16:41:51.419     5029052  FFFFFFC3D3FFF  D16,D17,D19,D24,D25,D26,D27
16:41:51.419     5029054  FFFFFFCFD3FFF  D16,D17,D19,D26,D27
16:41:51.420     5029132  FFFFFFCF93FFF  D16,D17,D19,D20,D26,D27
16:41:51.420     5029293  FFFFFFCFB3FFF  D16,D17,D20,D26,D27
16:41:54.628     5032474  FFFFFFCFB7FFF  D17,D20,D26,D27
16:42:05.343     5043118  FFFFFFCFB3FFF  D16,D17,D20,D26,D27
16:42:09.136     5046879  FFFFFFC3B3FFF  D16,D17,D20,D24,D25,D26,D27
16:42:09.136     5046882  FFFFFFD3B3FFF  D16,D17,D20,D24,D25,D27
16:42:10.982     5048717  FFFFFFD7B3FFF  D16,D17,D20,D25,D27
16:42:12.458     5050174  FFFFFFD3B3FFF  D16,D17,D20,D24,D25,D27
16:42:12.458     5050176  FFFFFFDBB3FFF  D16,D17,D20,D24,D27
16:42:13.936     5051644  FFFFFFDFB3FFF  D16,D17,D20,D27
16:42:15.154     5052845  FFFFFFD7B3FFF  D16,D17,D20,D25,D27
16:42:15.154     5052847  FFFFFFE3B3FFF  D16,D17,D20,D24,D25,D26
16:42:16.139     5053829  FFFFFFE7B3FFF  D16,D17,D20,D25,D26
16:42:17.131     5054820  FFFFFFE3B3FFF  D16,D17,D20,D24,D25,D26
16:42:17.131     5054822  FFFFFFEBB3FFF  D16,D17,D20,D24,D26
16:42:18.459     5056131  FFFFFFEFB3FFF  D16,D17,D20,D26
16:42:19.891     5057559  FFFFFFE3B3FFF  D16,D17,D20,D24,D25,D26
16:42:19.891     5057562  FFFFFFF3B3FFF  D16,D17,D20,D24,D25
16:42:21.700     5059358  FFFFFFF7B3FFF  D16,D17,D20,D25
16:42:25.384     5063006  FFFFFFF7B7FFF  D17,D20,D25
16:42:35.432     5072975  FFFFFFF7F7FFF  D17,D25
16:42:51.132     5088561  FFFFFFF7F7FFF  D17,D25
16:43:14.931     5112190  FFFFFFF7B7FFF  D17,D20,D25
16:43:51.397     5148379  FFFFFFF7B7FFF  D17,D20,D25
16:44:16.966     5173770  FFFFFFF7B3FFF  D16,D17,D20,D25
16:44:20.979     5177741  FFFFFFF3B3FFF  D16,D17,D20,D24,D25
16:44:20.979     5177742  FFFFFFFBB3FFF  D16,D17,D20,D24
16:44:24.688     5181112  FFFFFFFBB7FFF  D17,D20,D24
16:44:24.689     5181276  FFFFFFFBF7FFF  D17,D24
16:44:24.689     5181432  FFFFFFFBD7FFF  D17,D19,D24
16:44:28.491     5185205  FFFFFFFBD3FFF  D16,D17,D19,D24
16:44:32.289     5188976  FFFFFFF3D3FFF  D16,D17,D19,D24,D25
16:44:32.289     5188978  FFFFFFF7D3FFF  D16,D17,D19,D25
16:44:34.293     5190962  FFFFFFF3D3FFF  D16,D17,D19,D24,D25
16:44:35.788     5192440  FFFFFFE3D3FFF  D16,D17,D19,D24,D25,D26
16:44:35.788     5192442  FFFFFFEFD3FFF  D16,D17,D19,D26
16:44:37.221     5193861  FFFFFFEBD3FFF  D16,D17,D19,D24,D26
16:44:38.534     5195171  FFFFFFE3D3FFF  D16,D17,D19,D24,D25,D26
16:44:38.534     5195173  FFFFFFE7D3FFF  D16,D17,D19,D25,D26
16:44:39.538     5196163  FFFFFFE3D3FFF  D16,D17,D19,D24,D25,D26
16:44:40.584     5197195  FFFFFFC3D3FFF  D16,D17,D19,D24,D25,D26,D27
16:44:40.584     5197197  FFFFFFCFD3FFF  D16,D17,D19,D26,D27
16:44:40.584     5197199  FFFFFFDFD3FFF  D16,D17,D19,D27
16:44:41.740     5198346  FFFFFFDBD3FFF  D16,D17,D19,D24,D27
16:44:43.220     5199815  FFFFFFD3D3FFF  D16,D17,D19,D24,D25,D27
16:44:43.220     5199817  FFFFFFD7D3FFF  D16,D17,D19,D25,D27
16:44:44.647     5201245  FFFFFFD3D3FFF  D16,D17,D19,D24,D25,D27
16:44:46.090     5202674  FFFFFFC3D3FFF  D16,D17,D19,D24,D25,D26,D27
16:44:46.090     5202676  FFFFFFCFD3FFF  D16,D17,D19,D26,D27
16:44:47.218     5203786  FFFFFFCBD3FFF  D16,D17,D19,D24,D26,D27
16:44:48.133     5204699  FFFFFFC3D3FFF  D16,D17,D19,D24,D25,D26,D27
16:44:48.133     5204701  FFFFFFC7D3FFF  D16,D17,D19,D25,D26,D27
16:44:49.063     5205622  FFFFFFC3D3FFF  D16,D17,D19,D24,D25,D26,D27
16:44:49.975     5206524  FFFFFF83D3FFF  D16,D17,D19,D24,D25,D26,D27,D28
16:44:49.975     5206526  FFFFFFAFD3FFF  D16,D17,D19,D26,D28
16:44:49.975     5206529  FFFFFFBFD3FFF  D16,D17,D19,D28
16:44:50.900     5207438  FFFFFFBBD3FFF  D16,D17,D19,D24,D28
16:44:51.814     5207955  FFFFFFBBD3FFF  D16,D17,D19,D24,D28
16:44:51.814     5208352  FFFFFFB3D3FFF  D16,D17,D19,D24,D25,D28
16:44:51.814     5208353  FFFFFFB7D3FFF  D16,D17,D19,D25,D28
16:44:52.699     5209225  FFFFFFB3D3FFF  D16,D17,D19,D24,D25,D28
16:44:53.613     5210138  FFFFFFA3D3FFF  D16,D17,D19,D24,D25,D26,D28
16:44:53.613     5210140  FFFFFFAFD3FFF  D16,D17,D19,D26,D28
16:44:54.537     5211052  FFFFFFABD3FFF  D16,D17,D19,D24,D26,D28
16:44:55.894     5212401  FFFFFFA3D3FFF  D16,D17,D19,D24,D25,D26,D28
16:44:55.894     5212402  FFFFFFA7D3FFF  D16,D17,D19,D25,D26,D28
16:44:57.297     5213791  FFFFFFA3D3FFF  D16,D17,D19,D24,D25,D26,D28
16:44:58.214     5214704  FFFFFF83D3FFF  D16,D17,D19,D24,D25,D26,D27,D28
16:44:58.214     5214706  FFFFFF8FD3FFF  D16,D17,D19,D26,D27,D28
16:44:58.214     5214707  FFFFFF9FD3FFF  D16,D17,D19,D27,D28
16:44:59.146     5215628  FFFFFF9BD3FFF  D16,D17,D19,D24,D27,D28
16:45:00.019     5216490  FFFFFF93D3FFF  D16,D17,D19,D24,D25,D27,D28
16:45:00.019     5216492  FFFFFF97D3FFF  D16,D17,D19,D25,D27,D28
16:45:00.933     5217403  FFFFFF93D3FFF  D16,D17,D19,D24,D25,D27,D28
16:45:01.874     5218327  FFFFFF83D3FFF  D16,D17,D19,D24,D25,D26,D27,D28
16:45:01.874     5218329  FFFFFF8FD3FFF  D16,D17,D19,D26,D27,D28
16:45:02.769     5219230  FFFFFF8BD3FFF  D16,D17,D19,D24,D26,D27,D28
16:45:03.696     5220144  FFFFFF83D3FFF  D16,D17,D19,D24,D25,D26,D27,D28
16:45:03.696     5220146  FFFFFF87D3FFF  D16,D17,D19,D25,D26,D27,D28
16:45:04.611     5221056  FFFFFF83D3FFF  D16,D17,D19,D24,D25,D26,D27,D28
16:45:05.542     5221969  FFFFFF43D3FFF  D16,D17,D19,D24,D25,D26,D27,D29
16:45:05.542     5221971  FFFFFF6FD3FFF  D16,D17,D19,D26,D29
16:45:05.542     5221974  FFFFFF7FD3FFF  D16,D17,D19,D29
16:45:06.410     5222844  FFFFFF7BD3FFF  D16,D17,D19,D24,D29
16:45:07.338     5223756  FFFFFF73D3FFF  D16,D17,D19,D24,D25,D29
16:45:07.338     5223758  FFFFFF77D3FFF  D16,D17,D19,D25,D29
16:45:08.268     5224680  FFFFFF73D3FFF  D16,D17,D19,D24,D25,D29
16:45:09.177     5225583  FFFFFF63D3FFF  D16,D17,D19,D24,D25,D26,D29
16:45:09.177     5225584  FFFFFF6FD3FFF  D16,D17,D19,D26,D29
16:45:10.090     5226496  FFFFFF6BD3FFF  D16,D17,D19,D24,D26,D29
16:45:11.031     5227419  FFFFFF63D3FFF  D16,D17,D19,D24,D25,D26,D29
16:45:11.031     5227421  FFFFFF67D3FFF  D16,D17,D19,D25,D26,D29
16:45:11.944     5228333  FFFFFF63D3FFF  D16,D17,D19,D24,D25,D26,D29
16:45:12.904     5229275  FFFFFF43D3FFF  D16,D17,D19,D24,D25,D26,D27,D29
16:45:12.904     5229277  FFFFFF4FD3FFF  D16,D17,D19,D26,D27,D29
16:45:12.904     5229279  FFFFFF5FD3FFF  D16,D17,D19,D27,D29
16:45:13.859     5230238  FFFFFF5BD3FFF  D16,D17,D19,D24,D27,D29
16:45:14.890     5231260  FFFFFF53D3FFF  D16,D17,D19,D24,D25,D27,D29
16:45:14.890     5231262  FFFFFF57D3FFF  D16,D17,D19,D25,D27,D29
16:45:16.462     5232819  FFFFFF53D3FFF  D16,D17,D19,D24,D25,D27,D29
16:45:19.412     5235744  FFFFFF53D7FFF  D17,D19,D24,D25,D27,D29
16:45:28.050     5244323  FFFFFF53F7FFF  D17,D24,D25,D27,D29
16:45:30.455     5246705  FFFFFF53B7FFF  D17,D20,D24,D25,D27,D29
16:45:31.468     5247708  FFFFFF53B3FFF  D16,D17,D20,D24,D25,D27,D29
16:45:34.773     5250994  FFFFFF57B3FFF  D16,D17,D20,D25,D27,D29
16:45:36.296     5252502  FFFFFF53B3FFF  D16,D17,D20,D24,D25,D27,D29
16:45:36.296     5252504  FFFFFF5BB3FFF  D16,D17,D20,D24,D27,D29
16:45:37.378     5253585  FFFFFF5FB3FFF  D16,D17,D20,D27,D29
16:45:38.340     5254536  FFFFFF4FB3FFF  D16,D17,D20,D26,D27,D29
16:45:38.340     5254538  FFFFFF63B3FFF  D16,D17,D20,D24,D25,D26,D29
16:45:39.312     5255491  FFFFFF67B3FFF  D16,D17,D20,D25,D26,D29
16:45:40.182     5256352  FFFFFF63B3FFF  D16,D17,D20,D24,D25,D26,D29
16:45:40.182     5256354  FFFFFF6BB3FFF  D16,D17,D20,D24,D26,D29
16:45:41.106     5257277  FFFFFF6FB3FFF  D16,D17,D20,D26,D29
16:45:42.034     5258189  FFFFFF67B3FFF  D16,D17,D20,D25,D26,D29
16:45:42.034     5258190  FFFFFF63B3FFF  D16,D17,D20,D24,D25,D26,D29
16:45:42.034     5258192  FFFFFF73B3FFF  D16,D17,D20,D24,D25,D29
16:45:42.932     5259094  FFFFFF77B3FFF  D16,D17,D20,D25,D29
16:45:43.849     5260005  FFFFFF73B3FFF  D16,D17,D20,D24,D25,D29
16:45:43.850     5260008  FFFFFF7BB3FFF  D16,D17,D20,D24,D29
16:45:44.767     5260919  FFFFFF7FB3FFF  D16,D17,D20,D29
16:45:45.709     5261841  FFFFFF3FB3FFF  D16,D17,D20,D28,D29
16:45:45.709     5261843  FFFFFF83B3FFF  D16,D17,D20,D24,D25,D26,D27,D28
16:45:46.620     5262746  FFFFFF87B3FFF  D16,D17,D20,D25,D26,D27,D28
16:45:47.654     5263777  FFFFFF83B3FFF  D16,D17,D20,D24,D25,D26,D27,D28
16:45:47.654     5263779  FFFFFF8BB3FFF  D16,D17,D20,D24,D26,D27,D28
16:45:49.129     5265247  FFFFFF8FB3FFF  D16,D17,D20,D26,D27,D28
16:45:51.973     5267744  FFFFFF8FB3FFF  D16,D17,D20,D26,D27,D28
16:45:51.973     5268063  FFFFFF8FB7FFF  D17,D20,D26,D27,D28
16:45:56.088     5272156  FFFFFF8FB3FFF  D16,D17,D20,D26,D27,D28
16:45:59.411     5275449  FFFFFF8BB3FFF  D16,D17,D20,D24,D26,D27,D28
16:45:59.411     5275451  FFFFFF83B3FFF  D16,D17,D20,D24,D25,D26,D27,D28
16:45:59.411     5275453  FFFFFF93B3FFF  D16,D17,D20,D24,D25,D27,D28
16:46:00.900     5276931  FFFFFF97B3FFF  D16,D17,D20,D25,D27,D28
16:46:01.889     5277912  FFFFFF93B3FFF  D16,D17,D20,D24,D25,D27,D28
16:46:01.889     5277914  FFFFFF9BB3FFF  D16,D17,D20,D24,D27,D28
16:46:02.827     5278836  FFFFFF9FB3FFF  D16,D17,D20,D27,D28
16:46:03.741     5279737  FFFFFF83B3FFF  D16,D17,D20,D24,D25,D26,D27,D28
16:46:03.741     5279739  FFFFFFA3B3FFF  D16,D17,D20,D24,D25,D26,D28
16:46:04.656     5280653  FFFFFFA7B3FFF  D16,D17,D20,D25,D26,D28
16:46:06.059     5282040  FFFFFFA3B3FFF  D16,D17,D20,D24,D25,D26,D28
16:46:06.059     5282042  FFFFFFABB3FFF  D16,D17,D20,D24,D26,D28
16:46:07.414     5283391  FFFFFFAFB3FFF  D16,D17,D20,D26,D28
16:46:08.299     5284263  FFFFFFA7B3FFF  D16,D17,D20,D25,D26,D28
16:46:08.299     5284265  FFFFFFA3B3FFF  D16,D17,D20,D24,D25,D26,D28
16:46:08.299     5284267  FFFFFFB3B3FFF  D16,D17,D20,D24,D25,D28
16:46:09.259     5285218  FFFFFFB7B3FFF  D16,D17,D20,D25,D28
16:46:10.129     5286090  FFFFFFB3B3FFF  D16,D17,D20,D24,D25,D28
16:46:10.129     5286092  FFFFFFBBB3FFF  D16,D17,D20,D24,D28
16:46:11.053     5287005  FFFFFFBFB3FFF  D16,D17,D20,D28
16:46:11.980     5287916  FFFFFFAFB3FFF  D16,D17,D20,D26,D28
16:46:11.980     5287918  FFFFFFC3B3FFF  D16,D17,D20,D24,D25,D26,D27
16:46:12.911     5288841  FFFFFFC7B3FFF  D16,D17,D20,D25,D26,D27
16:46:13.809     5289743  FFFFFFC3B3FFF  D16,D17,D20,D24,D25,D26,D27
16:46:13.810     5289745  FFFFFFCBB3FFF  D16,D17,D20,D24,D26,D27
16:46:14.692     5290618  FFFFFFCFB3FFF  D16,D17,D20,D26,D27
16:46:15.851     5291767  FFFFFFC7B3FFF  D16,D17,D20,D25,D26,D27
16:46:15.851     5291769  FFFFFFC3B3FFF  D16,D17,D20,D24,D25,D26,D27
16:46:15.851     5291770  FFFFFFD3B3FFF  D16,D17,D20,D24,D25,D27
16:46:17.253     5293159  FFFFFFD7B3FFF  D16,D17,D20,D25,D27
16:46:18.741     5294626  FFFFFFD3B3FFF  D16,D17,D20,D24,D25,D27
16:46:18.741     5294628  FFFFFFDBB3FFF  D16,D17,D20,D24,D27
16:46:20.170     5296057  FFFFFFDFB3FFF  D16,D17,D20,D27
16:46:21.385     5297257  FFFFFFCBB3FFF  D16,D17,D20,D24,D26,D27
16:46:21.385     5297259  FFFFFFE3B3FFF  D16,D17,D20,D24,D25,D26
16:46:22.375     5298241  FFFFFFE7B3FFF  D16,D17,D20,D25,D26
16:46:23.411     5299271  FFFFFFE3B3FFF  D16,D17,D20,D24,D25,D26
16:46:23.411     5299273  FFFFFFEBB3FFF  D16,D17,D20,D24,D26
16:46:24.752     5300594  FFFFFFEFB3FFF  D16,D17,D20,D26
16:46:26.172     5302010  FFFFFFE7B3FFF  D16,D17,D20,D25,D26
16:46:26.172     5302012  FFFFFFE3B3FFF  D16,D17,D20,D24,D25,D26
16:46:26.172     5302014  FFFFFFF3B3FFF  D16,D17,D20,D24,D25
16:46:28.056     5303799  FFFFFFF7B3FFF  D16,D17,D20,D25
16:46:28.056     5303877  FFFFFFF793FFF  D16,D17,D19,D20,D25
16:46:28.056     5303879  FFFFFFF7D3FFF  D16,D17,D19,D25
16:46:31.732     5307448  FFFFFFF7D7FFF  D17,D19,D25
16:46:31.732     5307531  FFFFFFF7F7FFF  D17,D25
16:46:51.929     5327567  FFFFFFF7F7FFF  D17,D25
16:47:36.207     5371532  FFFFFFF7D7FFF  D17,D19,D25
16:47:37.216     5372534  FFFFFFF7D3FFF  D16,D17,D19,D25
16:47:41.252     5376534  FFFFFFF3D3FFF  D16,D17,D19,D24,D25
16:47:43.072     5378330  FFFFFFE3D3FFF  D16,D17,D19,D24,D25,D26
16:47:43.072     5378332  FFFFFFE7D3FFF  D16,D17,D19,D25,D26
16:47:43.072     5378333  FFFFFFEFD3FFF  D16,D17,D19,D26
16:47:44.497     5379760  FFFFFFEBD3FFF  D16,D17,D19,D24,D26
16:47:45.808     5381060  FFFFFFE3D3FFF  D16,D17,D19,D24,D25,D26
16:47:45.808     5381062  FFFFFFE7D3FFF  D16,D17,D19,D25,D26
16:47:46.821     5382063  FFFFFFE3D3FFF  D16,D17,D19,D24,D25,D26
16:47:47.870     5383095  FFFFFFC3D3FFF  D16,D17,D19,D24,D25,D26,D27
16:47:47.870     5383097  FFFFFFCFD3FFF  D16,D17,D19,D26,D27
16:47:47.870     5383099  FFFFFFDFD3FFF  D16,D17,D19,D27
16:47:49.058     5384286  FFFFFFDBD3FFF  D16,D17,D19,D24,D27
16:47:50.511     5385715  FFFFFFD3D3FFF  D16,D17,D19,D24,D25,D27
16:47:50.511     5385717  FFFFFFD7D3FFF  D16,D17,D19,D25,D27
16:47:51.988     5387184  FFFFFFD3D3FFF  D16,D17,D19,D24,D25,D27
16:47:52.506     5387698  FFFFFFD3D3FFF  D16,D17,D19,D24,D25,D27
16:47:53.390     5388574  FFFFFFC3D3FFF  D16,D17,D19,D24,D25,D26,D27
16:47:53.391     5388576  FFFFFFCFD3FFF  D16,D17,D19,D26,D27
16:47:54.544     5389725  FFFFFFCBD3FFF  D16,D17,D19,D24,D26,D27
16:47:55.535     5390708  FFFFFFC3D3FFF  D16,D17,D19,D24,D25,D26,D27
16:47:55.535     5390709  FFFFFFC7D3FFF  D16,D17,D19,D25,D26,D27
16:47:57.338     5392177  FFFFFFC3D3FFF  D16,D17,D19,D24,D25,D26,D27
16:47:57.338     5392335  FFFFFFC393FFF  D16,D17,D19,D20,D24,D25,D26,D27
16:47:57.338     5392495  FFFFFFC3B3FFF  D16,D17,D20,D24,D25,D26,D27
16:47:59.987     5395122  FFFFFFC3B7FFF  D17,D20,D24,D25,D26,D27
16:48:10.660     5405726  FFFFFFC3B3FFF  D16,D17,D20,D24,D25,D26,D27
16:48:14.021     5409062  FFFFFFC7B3FFF  D16,D17,D20,D25,D26,D27
16:48:15.502     5410530  FFFFFFC3B3FFF  D16,D17,D20,D24,D25,D26,D27
16:48:15.502     5410532  FFFFFFCBB3FFF  D16,D17,D20,D24,D26,D27
16:48:16.505     5411523  FFFFFFCFB3FFF  D16,D17,D20,D26,D27
16:48:17.649     5412664  FFFFFFC3B3FFF  D16,D17,D20,D24,D25,D26,D27
16:48:17.649     5412666  FFFFFFD3B3FFF  D16,D17,D20,D24,D25,D27
16:48:19.066     5414064  FFFFFFD7B3FFF  D16,D17,D20,D25,D27
16:48:20.539     5415522  FFFFFFD3B3FFF  D16,D17,D20,D24,D25,D27
16:48:20.539     5415524  FFFFFFDBB3FFF  D16,D17,D20,D24,D27
16:48:21.978     5416952  FFFFFFDFB3FFF  D16,D17,D20,D27
16:48:23.180     5418152  FFFFFFC3B3FFF  D16,D17,D20,D24,D25,D26,D27
16:48:23.180     5418155  FFFFFFE3B3FFF  D16,D17,D20,D24,D25,D26
16:48:24.180     5419147  FFFFFFE7B3FFF  D16,D17,D20,D25,D26
16:48:25.230     5420178  FFFFFFE3B3FFF  D16,D17,D20,D24,D25,D26
16:48:25.230     5420179  FFFFFFEBB3FFF  D16,D17,D20,D24,D26
16:48:26.511     5421449  FFFFFFEFB3FFF  D16,D17,D20,D26
16:48:27.948     5422877  FFFFFFE3B3FFF  D16,D17,D20,D24,D25,D26
16:48:27.948     5422880  FFFFFFF3B3FFF  D16,D17,D20,D24,D25
16:48:29.813     5424705  FFFFFFF7B3FFF  D16,D17,D20,D25
16:48:29.813     5424733  FFFFFFF793FFF  D16,D17,D19,D20,D25
16:48:29.813     5424735  FFFFFFF7D3FFF  D16,D17,D19,D25
16:48:33.462     5428354  FFFFFFF7D7FFF  D17,D19,D25
16:48:42.301     5437121  FFFFFFF7F7FFF  D17,D25
16:48:52.904     5447647  FFFFFFF7F7FFF  D17,D25
16:49:53.150     5507445  FFFFFFF7F7FFF  D17,D25
16:50:53.352     5567212  FFFFFFF7F7FFF  D17,D25
16:51:28.859     5602444  FFFFFFF7D7FFF  D17,D19,D25
16:51:41.339     5614832  FFFFFFF7F7FFF  D17,D25
16:51:42.607     5616101  FFFFFFF7D7FFF  D17,D19,D25
16:51:53.739     5627143  FFFFFFF7D7FFF  D17,D19,D25
16:51:56.417     5629799  FFFFFFF7D3FFF  D16,D17,D19,D25
16:52:00.451     5633809  FFFFFFF3D3FFF  D16,D17,D19,D24,D25
16:52:02.289     5635635  FFFFFFE3D3FFF  D16,D17,D19,D24,D25,D26
16:52:02.289     5635637  FFFFFFEFD3FFF  D16,D17,D19,D26
16:52:03.735     5637064  FFFFFFEBD3FFF  D16,D17,D19,D24,D26
16:52:05.022     5638335  FFFFFFE3D3FFF  D16,D17,D19,D24,D25,D26
16:52:05.022     5638336  FFFFFFE7D3FFF  D16,D17,D19,D25,D26
16:52:06.059     5639367  FFFFFFE3D3FFF  D16,D17,D19,D24,D25,D26
16:52:07.063     5640359  FFFFFFC3D3FFF  D16,D17,D19,D24,D25,D26,D27
16:52:07.063     5640361  FFFFFFCFD3FFF  D16,D17,D19,D26,D27
16:52:07.063     5640364  FFFFFFDFD3FFF  D16,D17,D19,D27
16:52:08.254     5641551  FFFFFFDBD3FFF  D16,D17,D19,D24,D27
16:52:10.136     5643416  FFFFFFD3D3FFF  D16,D17,D19,D24,D25,D27
16:52:10.136     5643418  FFFFFFD7D3FFF  D16,D17,D19,D25,D27
16:52:13.655     5646908  FFFFFFD7D7FFF  D17,D19,D25,D27
16:52:23.299     5656480  FFFFFFD7D3FFF  D16,D17,D19,D25,D27
16:52:27.177     5660331  FFFFFFD3D3FFF  D16,D17,D19,D24,D25,D27
16:52:28.974     5662116  FFFFFFC3D3FFF  D16,D17,D19,D24,D25,D26,D27
16:52:28.974     5662118  FFFFFFC7D3FFF  D16,D17,D19,D25,D26,D27
16:52:28.974     5662120  FFFFFFCFD3FFF  D16,D17,D19,D26,D27
16:52:30.126     5663268  FFFFFFCBD3FFF  D16,D17,D19,D24,D26,D27
16:52:31.058     5664182  FFFFFFC3D3FFF  D16,D17,D19,D24,D25,D26,D27
16:52:31.058     5664184  FFFFFFC7D3FFF  D16,D17,D19,D25,D26,D27
16:52:31.976     5665094  FFFFFFC3D3FFF  D16,D17,D19,D24,D25,D26,D27
16:52:32.970     5666087  FFFFFF83D3FFF  D16,D17,D19,D24,D25,D26,D27,D28
16:52:32.971     5666089  FFFFFFAFD3FFF  D16,D17,D19,D26,D28
16:52:32.971     5666091  FFFFFFBFD3FFF  D16,D17,D19,D28
16:52:34.491     5667597  FFFFFFBBD3FFF  D16,D17,D19,D24,D28
16:52:37.450     5670532  FFFFFFBBD7FFF  D17,D19,D24,D28
16:52:46.140     5679151  FFFFFFBBF7FFF  D17,D24,D28
16:52:53.753     5686710  FFFFFFBBF7FFF  D17,D24,D28
16:53:54.002     5746509  FFFFFFBBF7FFF  D17,D24,D28
16:54:52.211     5804293  FFFFFFBBB7FFF  D17,D20,D24,D28
16:54:53.225     5805296  FFFFFFBBB3FFF  D16,D17,D20,D24,D28
16:54:54.255     5806318  FFFFFFBBB3FFF  D16,D17,D20,D24,D28
16:54:56.587     5808632  FFFFFFBFB3FFF  D16,D17,D20,D28
16:54:58.051     5810089  FFFFFFC7B3FFF  D16,D17,D20,D25,D26,D27
16:54:58.051     5810092  FFFFFFC3B3FFF  D16,D17,D20,D24,D25,D26,D27
16:54:59.066     5811094  FFFFFFC7B3FFF  D16,D17,D20,D25,D26,D27
16:54:59.982     5811996  FFFFFFC3B3FFF  D16,D17,D20,D24,D25,D26,D27
16:54:59.982     5811997  FFFFFFCBB3FFF  D16,D17,D20,D24,D26,D27
16:55:00.908     5812920  FFFFFFCFB3FFF  D16,D17,D20,D26,D27
16:55:02.022     5814030  FFFFFFC7B3FFF  D16,D17,D20,D25,D26,D27
16:55:02.022     5814032  FFFFFFC3B3FFF  D16,D17,D20,D24,D25,D26,D27
16:55:02.022     5814034  FFFFFFD3B3FFF  D16,D17,D20,D24,D25,D27
16:55:03.471     5815461  FFFFFFD7B3FFF  D16,D17,D20,D25,D27
16:55:04.902     5816890  FFFFFFD3B3FFF  D16,D17,D20,D24,D25,D27
16:55:04.902     5816892  FFFFFFDBB3FFF  D16,D17,D20,D24,D27
16:55:06.819     5818796  FFFFFFDFB3FFF  D16,D17,D20,D27
16:55:10.185     5822128  FFFFFFDFB7FFF  D17,D20,D27
16:55:21.819     5833675  FFFFFFDFF7FFF  D17,D27
16:55:25.498     5837326  FFFFFFDFD7FFF  D17,D19,D27
16:55:26.454     5838279  FFFFFFDF97FFF  D17,D19,D20,D27
16:55:26.454     5838281  FFFFFFDFB7FFF  D17,D20,D27
16:55:27.458     5839282  FFFFFFDFB3FFF  D16,D17,D20,D27
16:55:30.850     5842646  FFFFFFC7B3FFF  D16,D17,D20,D25,D26,D27
16:55:30.851     5842648  FFFFFFE3B3FFF  D16,D17,D20,D24,D25,D26
16:55:32.455     5844235  FFFFFFE7B3FFF  D16,D17,D20,D25,D26
16:55:33.549     5845317  FFFFFFE3B3FFF  D16,D17,D20,D24,D25,D26
16:55:33.550     5845318  FFFFFFEBB3FFF  D16,D17,D20,D24,D26
16:55:34.846     5846618  FFFFFFEFB3FFF  D16,D17,D20,D26
16:55:36.296     5848046  FFFFFFE3B3FFF  D16,D17,D20,D24,D25,D26
16:55:36.297     5848049  FFFFFFF3B3FFF  D16,D17,D20,D24,D25
16:55:37.777     5849516  FFFFFFF7B3FFF  D16,D17,D20,D25
16:55:39.900     5851510  FFFFFFF3B3FFF  D16,D17,D20,D24,D25
16:55:39.900     5851512  FFFFFFFBB3FFF  D16,D17,D20,D24
16:55:39.900     5851620  FFFFFFFB93FFF  D16,D17,D19,D20,D24
16:55:39.900     5851621  FFFFFFFBD3FFF  D16,D17,D19,D24
16:55:43.139     5854842  FFFFFFFBD7FFF  D17,D19,D24
16:55:54.612     5865895  FFFFFFFBD7FFF  D17,D19,D24
16:55:54.612     5866231  FFFFFFFBF7FFF  D17,D24
16:56:30.447     5901803  FFFFFFFBD7FFF  D17,D19,D24
16:56:31.406     5902756  FFFFFFFBD3FFF  D16,D17,D19,D24
16:56:35.377     5906686  FFFFFFF3D3FFF  D16,D17,D19,D24,D25
16:56:35.377     5906689  FFFFFFF7D3FFF  D16,D17,D19,D25
16:56:38.936     5910178  FFFFFFF7D7FFF  D17,D19,D25
16:56:38.936     5910221  FFFFFFF7F7FFF  D17,D25
16:56:54.605     5925772  FFFFFFF7F7FFF  D17,D25
16:57:54.834     5985552  FFFFFFF7F7FFF  D17,D25
16:58:55.090     6045376  FFFFFFF7F7FFF  D17,D25
16:59:39.609     6089556  FFFFFFF7FFFFF  D25
16:59:40.295     6090233  FFFFFFF7F7FFF  D17,D25
16:59:55.505     6105328  FFFFFFF7F7FFF  D17,D25
17:00:38.460     6147972  FFFFFFF7D7FFF  D17,D19,D25
17:00:52.383     6161789  FFFFFFF7D3FFF  D16,D17,D19,D25
17:00:56.458     6165323  FFFFFFF7D3FFF  D16,D17,D19,D25
17:00:56.458     6165829  FFFFFFF3D3FFF  D16,D17,D19,D24,D25
17:00:58.260     6167615  FFFFFFE3D3FFF  D16,D17,D19,D24,D25,D26
17:00:58.260     6167617  FFFFFFEFD3FFF  D16,D17,D19,D26
17:00:59.708     6169055  FFFFFFEBD3FFF  D16,D17,D19,D24,D26
17:01:01.026     6170365  FFFFFFE3D3FFF  D16,D17,D19,D24,D25,D26
17:01:01.027     6170368  FFFFFFE7D3FFF  D16,D17,D19,D25,D26
17:01:02.016     6171358  FFFFFFE3D3FFF  D16,D17,D19,D24,D25,D26
17:01:03.055     6172380  FFFFFFC3D3FFF  D16,D17,D19,D24,D25,D26,D27
17:01:03.056     6172382  FFFFFFCFD3FFF  D16,D17,D19,D26,D27
17:01:03.056     6172384  FFFFFFDFD3FFF  D16,D17,D19,D27
17:01:04.263     6173581  FFFFFFDBD3FFF  D16,D17,D19,D24,D27
17:01:05.700     6175010  FFFFFFD3D3FFF  D16,D17,D19,D24,D25,D27
17:01:05.700     6175012  FFFFFFD7D3FFF  D16,D17,D19,D25,D27
17:01:07.171     6176470  FFFFFFD3D3FFF  D16,D17,D19,D24,D25,D27
17:01:08.593     6177868  FFFFFFC3D3FFF  D16,D17,D19,D24,D25,D26,D27
17:01:08.594     6177870  FFFFFFC7D3FFF  D16,D17,D19,D25,D26,D27
17:01:08.594     6177872  FFFFFFCFD3FFF  D16,D17,D19,D26,D27
17:01:09.697     6178980  FFFFFFCBD3FFF  D16,D17,D19,D24,D26,D27
17:01:10.627     6179895  FFFFFFC3D3FFF  D16,D17,D19,D24,D25,D26,D27
17:01:10.627     6179897  FFFFFFC7D3FFF  D16,D17,D19,D25,D26,D27
17:01:11.530     6180797  FFFFFFC3D3FFF  D16,D17,D19,D24,D25,D26,D27
17:01:12.450     6181709  FFFFFF83D3FFF  D16,D17,D19,D24,D25,D26,D27,D28
17:01:12.450     6181711  FFFFFFAFD3FFF  D16,D17,D19,D26,D28
17:01:12.450     6181713  FFFFFFBFD3FFF  D16,D17,D19,D28
17:01:13.382     6182634  FFFFFFBBD3FFF  D16,D17,D19,D24,D28
17:01:14.303     6183546  FFFFFFB3D3FFF  D16,D17,D19,D24,D25,D28
17:01:14.303     6183548  FFFFFFB7D3FFF  D16,D17,D19,D25,D28
17:01:15.171     6184410  FFFFFFB3D3FFF  D16,D17,D19,D24,D25,D28
17:01:16.101     6185333  FFFFFFA3D3FFF  D16,D17,D19,D24,D25,D26,D28
17:01:16.101     6185334  FFFFFFAFD3FFF  D16,D17,D19,D26,D28
17:01:17.018     6186247  FFFFFFABD3FFF  D16,D17,D19,D24,D26,D28
17:01:18.413     6187626  FFFFFFA3D3FFF  D16,D17,D19,D24,D25,D26,D28
17:01:18.413     6187627  FFFFFFA7D3FFF  D16,D17,D19,D25,D26,D28
17:01:19.765     6188976  FFFFFFA3D3FFF  D16,D17,D19,D24,D25,D26,D28
17:01:20.701     6189899  FFFFFF83D3FFF  D16,D17,D19,D24,D25,D26,D27,D28
17:01:20.701     6189901  FFFFFF8FD3FFF  D16,D17,D19,D26,D27,D28
17:01:20.701     6189903  FFFFFF9FD3FFF  D16,D17,D19,D27,D28
17:01:21.609     6190802  FFFFFF9BD3FFF  D16,D17,D19,D24,D27,D28
17:01:22.540     6191715  FFFFFF93D3FFF  D16,D17,D19,D24,D25,D27,D28
17:01:22.540     6191717  FFFFFF97D3FFF  D16,D17,D19,D25,D27,D28
17:01:23.423     6192599  FFFFFF93D3FFF  D16,D17,D19,D24,D25,D27,D28
17:01:24.337     6193512  FFFFFF83D3FFF  D16,D17,D19,D24,D25,D26,D27,D28
17:01:24.338     6193514  FFFFFF8FD3FFF  D16,D17,D19,D26,D27,D28
17:01:25.249     6194415  FFFFFF8BD3FFF  D16,D17,D19,D24,D26,D27,D28
17:01:26.188     6195338  FFFFFF83D3FFF  D16,D17,D19,D24,D25,D26,D27,D28
17:01:26.189     6195340  FFFFFF87D3FFF  D16,D17,D19,D25,D26,D27,D28
17:01:27.107     6196251  FFFFFF83D3FFF  D16,D17,D19,D24,D25,D26,D27,D28
17:01:28.021     6197154  FFFFFF43D3FFF  D16,D17,D19,D24,D25,D26,D27,D29
17:01:28.021     6197156  FFFFFF6FD3FFF  D16,D17,D19,D26,D29
17:01:28.021     6197158  FFFFFF7FD3FFF  D16,D17,D19,D29
17:01:28.938     6198068  FFFFFF7BD3FFF  D16,D17,D19,D24,D29
17:01:29.868     6198991  FFFFFF73D3FFF  D16,D17,D19,D24,D25,D29
17:01:29.868     6198992  FFFFFF77D3FFF  D16,D17,D19,D25,D29
17:01:30.739     6199864  FFFFFF73D3FFF  D16,D17,D19,D24,D25,D29
17:01:31.658     6200768  FFFFFF63D3FFF  D16,D17,D19,D24,D25,D26,D29
17:01:31.658     6200769  FFFFFF6FD3FFF  D16,D17,D19,D26,D29
17:01:32.708     6201810  FFFFFF6BD3FFF  D16,D17,D19,D24,D26,D29
17:01:34.188     6203280  FFFFFF63D3FFF  D16,D17,D19,D24,D25,D26,D29
17:01:34.188     6203281  FFFFFF67D3FFF  D16,D17,D19,D25,D26,D29
17:01:37.132     6206204  FFFFFF67D7FFF  D17,D19,D25,D26,D29
17:01:45.983     6214993  FFFFFF67F7FFF  D17,D25,D26,D29
17:01:56.095     6225026  FFFFFF67F7FFF  D17,D25,D26,D29
17:02:56.382     6284863  FFFFFF67F7FFF  D17,D25,D26,D29
17:03:46.465     6334577  FFFFFF67B7FFF  D17,D20,D25,D26,D29
17:03:47.374     6335480  FFFFFF67B3FFF  D16,D17,D20,D25,D26,D29
17:03:50.695     6338775  FFFFFF63B3FFF  D16,D17,D20,D24,D25,D26,D29
17:03:50.695     6338777  FFFFFF6BB3FFF  D16,D17,D20,D24,D26,D29
17:03:52.170     6340245  FFFFFF6FB3FFF  D16,D17,D20,D26,D29
17:03:53.219     6341276  FFFFFF6BB3FFF  D16,D17,D20,D24,D26,D29
17:03:53.219     6341278  FFFFFF63B3FFF  D16,D17,D20,D24,D25,D26,D29
17:03:53.219     6341280  FFFFFF73B3FFF  D16,D17,D20,D24,D25,D29
17:03:54.147     6342201  FFFFFF77B3FFF  D16,D17,D20,D25,D29
17:03:55.020     6343063  FFFFFF73B3FFF  D16,D17,D20,D24,D25,D29
17:03:55.020     6343065  FFFFFF7BB3FFF  D16,D17,D20,D24,D29
17:03:55.927     6343977  FFFFFF7FB3FFF  D16,D17,D20,D29
17:03:56.873     6344480  FFFFFF7FB3FFF  D16,D17,D20,D29
17:03:56.874     6344899  FFFFFF07B3FFF  D16,D17,D20,D25,D26,D27,D28,D29
17:03:56.874     6344901  FFFFFF03B3FFF  D16,D17,D20,D24,D25,D26,D27,D28,D29
17:03:56.874     6344903  FFFFFF83B3FFF  D16,D17,D20,D24,D25,D26,D27,D28
17:03:57.767     6345804  FFFFFF87B3FFF  D16,D17,D20,D25,D26,D27,D28
17:03:58.687     6346716  FFFFFF83B3FFF  D16,D17,D20,D24,D25,D26,D27,D28
17:03:58.687     6346718  FFFFFF8BB3FFF  D16,D17,D20,D24,D26,D27,D28
17:03:59.740     6347760  FFFFFF8FB3FFF  D16,D17,D20,D26,D27,D28
17:04:01.214     6349217  FFFFFF83B3FFF  D16,D17,D20,D24,D25,D26,D27,D28
17:04:01.214     6349220  FFFFFF93B3FFF  D16,D17,D20,D24,D25,D27,D28
17:04:04.049     6352033  FFFFFF93B7FFF  D17,D20,D24,D25,D27,D28
17:04:25.251     6373079  FFFFFF93B3FFF  D16,D17,D20,D24,D25,D27,D28
17:04:28.615     6376414  FFFFFF97B3FFF  D16,D17,D20,D25,D27,D28
17:04:30.091     6377882  FFFFFF93B3FFF  D16,D17,D20,D24,D25,D27,D28
17:04:30.091     6377884  FFFFFF9BB3FFF  D16,D17,D20,D24,D27,D28
17:04:31.098     6378876  FFFFFF9FB3FFF  D16,D17,D20,D27,D28
17:04:32.015     6379788  FFFFFF83B3FFF  D16,D17,D20,D24,D25,D26,D27,D28
17:04:32.015     6379789  FFFFFFA3B3FFF  D16,D17,D20,D24,D25,D26,D28
17:04:32.934     6380702  FFFFFFA7B3FFF  D16,D17,D20,D25,D26,D28
17:04:34.290     6382051  FFFFFFA3B3FFF  D16,D17,D20,D24,D25,D26,D28
17:04:34.291     6382053  FFFFFFABB3FFF  D16,D17,D20,D24,D26,D28
17:04:35.696     6383442  FFFFFFAFB3FFF  D16,D17,D20,D26,D28
17:04:36.578     6384314  FFFFFFA3B3FFF  D16,D17,D20,D24,D25,D26,D28
17:04:36.578     6384317  FFFFFFB3B3FFF  D16,D17,D20,D24,D25,D28
17:04:37.526     6385268  FFFFFFB7B3FFF  D16,D17,D20,D25,D28
17:04:38.457     6386190  FFFFFFB3B3FFF  D16,D17,D20,D24,D25,D28
17:04:38.457     6386192  FFFFFFBBB3FFF  D16,D17,D20,D24,D28
17:04:39.325     6387054  FFFFFFBFB3FFF  D16,D17,D20,D28
17:04:40.252     6387965  FFFFFFB7B3FFF  D16,D17,D20,D25,D28
17:04:40.252     6387968  FFFFFFC3B3FFF  D16,D17,D20,D24,D25,D26,D27
17:04:41.181     6388881  FFFFFFC7B3FFF  D16,D17,D20,D25,D26,D27
17:04:42.095     6389793  FFFFFFC3B3FFF  D16,D17,D20,D24,D25,D26,D27
17:04:42.095     6389794  FFFFFFCBB3FFF  D16,D17,D20,D24,D26,D27
17:04:42.974     6390668  FFFFFFCFB3FFF  D16,D17,D20,D26,D27
17:04:44.131     6391818  FFFFFFC3B3FFF  D16,D17,D20,D24,D25,D26,D27
17:04:44.131     6391821  FFFFFFD3B3FFF  D16,D17,D20,D24,D25,D27
17:04:45.531     6393208  FFFFFFD7B3FFF  D16,D17,D20,D25,D27
17:04:47.012     6394677  FFFFFFD3B3FFF  D16,D17,D20,D24,D25,D27
17:04:47.012     6394678  FFFFFFDBB3FFF  D16,D17,D20,D24,D27
17:04:48.459     6396107  FFFFFFDFB3FFF  D16,D17,D20,D27
17:04:49.646     6397296  FFFFFFCFB3FFF  D16,D17,D20,D26,D27
17:04:49.646     6397298  FFFFFFE3B3FFF  D16,D17,D20,D24,D25,D26
17:04:50.697     6398330  FFFFFFE7B3FFF  D16,D17,D20,D25,D26
17:04:51.691     6399322  FFFFFFE3B3FFF  D16,D17,D20,D24,D25,D26
17:04:51.691     6399324  FFFFFFEBB3FFF  D16,D17,D20,D24,D26
17:04:53.016     6400643  FFFFFFEFB3FFF  D16,D17,D20,D26
17:04:54.450     6402061  FFFFFFE3B3FFF  D16,D17,D20,D24,D25,D26
17:04:54.450     6402064  FFFFFFF3B3FFF  D16,D17,D20,D24,D25
17:04:56.374     6403849  FFFFFFF7B3FFF  D16,D17,D20,D25
17:04:56.375     6403966  FFFFFFF793FFF  D16,D17,D19,D20,D25
17:04:56.375     6403969  FFFFFFF7D3FFF  D16,D17,D19,D25
17:04:56.895     6404480  FFFFFFF7D3FFF  D16,D17,D19,D25
17:04:59.887     6407457  FFFFFFF7D7FFF  D17,D19,D25
17:05:17.494     6424931  FFFFFFF7F7FFF  D17,D25
17:05:20.526     6427948  FFFFFFF7D7FFF  D17,D19,D25
17:05:21.457     6428860  FFFFFFF7D3FFF  D16,D17,D19,D25
17:05:25.491     6432871  FFFFFFF3D3FFF  D16,D17,D19,D24,D25
17:05:27.288     6434657  FFFFFFE3D3FFF  D16,D17,D19,D24,D25,D26
17:05:27.288     6434659  FFFFFFEFD3FFF  D16,D17,D19,D26
17:05:28.777     6436125  FFFFFFEBD3FFF  D16,D17,D19,D24,D26
17:05:30.053     6437396  FFFFFFE3D3FFF  D16,D17,D19,D24,D25,D26
17:05:30.053     6437398  FFFFFFE7D3FFF  D16,D17,D19,D25,D26
17:05:31.096     6438428  FFFFFFE3D3FFF  D16,D17,D19,D24,D25,D26
17:05:32.090     6439420  FFFFFFC3D3FFF  D16,D17,D19,D24,D25,D26,D27
17:05:32.090     6439422  FFFFFFCFD3FFF  D16,D17,D19,D26,D27
17:05:32.090     6439425  FFFFFFDFD3FFF  D16,D17,D19,D27
17:05:33.298     6440612  FFFFFFDBD3FFF  D16,D17,D19,D24,D27
17:05:34.733     6442041  FFFFFFD3D3FFF  D16,D17,D19,D24,D25,D27
17:05:34.733     6442043  FFFFFFD7D3FFF  D16,D17,D19,D25,D27
17:05:36.208     6443511  FFFFFFD3D3FFF  D16,D17,D19,D24,D25,D27
17:05:37.614     6444900  FFFFFFC3D3FFF  D16,D17,D19,D24,D25,D26,D27
17:05:37.614     6444902  FFFFFFCFD3FFF  D16,D17,D19,D26,D27
17:05:38.776     6446052  FFFFFFCBD3FFF  D16,D17,D19,D24,D26,D27
17:05:39.693     6446964  FFFFFFC3D3FFF  D16,D17,D19,D24,D25,D26,D27
17:05:39.693     6446965  FFFFFFC7D3FFF  D16,D17,D19,D25,D26,D27
17:05:40.572     6447838  FFFFFFC3D3FFF  D16,D17,D19,D24,D25,D26,D27
17:05:41.500     6448761  FFFFFF83D3FFF  D16,D17,D19,D24,D25,D26,D27,D28
17:05:41.500     6448763  FFFFFFAFD3FFF  D16,D17,D19,D26,D28
17:05:41.500     6448764  FFFFFFBFD3FFF  D16,D17,D19,D28
17:05:42.417     6449664  FFFFFFBBD3FFF  D16,D17,D19,D24,D28
17:05:43.330     6450577  FFFFFFB3D3FFF  D16,D17,D19,D24,D25,D28
17:05:43.330     6450579  FFFFFFB7D3FFF  D16,D17,D19,D25,D28
17:05:44.244     6451490  FFFFFFB3D3FFF  D16,D17,D19,D24,D25,D28
17:05:45.167     6452404  FFFFFFA3D3FFF  D16,D17,D19,D24,D25,D26,D28
17:05:45.168     6452406  FFFFFFAFD3FFF  D16,D17,D19,D26,D28
17:05:46.097     6453316  FFFFFFABD3FFF  D16,D17,D19,D24,D26,D28
17:05:47.451     6454667  FFFFFFA3D3FFF  D16,D17,D19,D24,D25,D26,D28
17:05:47.451     6454669  FFFFFFA7D3FFF  D16,D17,D19,D25,D26,D28
17:05:48.803     6456016  FFFFFFA3D3FFF  D16,D17,D19,D24,D25,D26,D28
17:05:49.732     6456930  FFFFFF83D3FFF  D16,D17,D19,D24,D25,D26,D27,D28
17:05:49.732     6456932  FFFFFF8FD3FFF  D16,D17,D19,D26,D27,D28
17:05:49.732     6456934  FFFFFF9FD3FFF  D16,D17,D19,D27,D28
17:05:50.644     6457842  FFFFFF9BD3FFF  D16,D17,D19,D24,D27,D28
17:05:51.586     6458766  FFFFFF93D3FFF  D16,D17,D19,D24,D25,D27,D28
17:05:51.587     6458768  FFFFFF97D3FFF  D16,D17,D19,D25,D27,D28
17:05:52.489     6459669  FFFFFF93D3FFF  D16,D17,D19,D24,D25,D27,D28
17:05:53.375     6460542  FFFFFF83D3FFF  D16,D17,D19,D24,D25,D26,D27,D28
17:05:53.375     6460545  FFFFFF8FD3FFF  D16,D17,D19,D26,D27,D28
17:05:54.304     6461466  FFFFFF8BD3FFF  D16,D17,D19,D24,D26,D27,D28
17:05:55.217     6462369  FFFFFF83D3FFF  D16,D17,D19,D24,D25,D26,D27,D28
17:05:55.217     6462370  FFFFFF87D3FFF  D16,D17,D19,D25,D26,D27,D28
17:05:56.133     6463282  FFFFFF83D3FFF  D16,D17,D19,D24,D25,D26,D27,D28
17:05:57.053     6464195  FFFFFF43D3FFF  D16,D17,D19,D24,D25,D26,D27,D29
17:05:57.053     6464197  FFFFFF6FD3FFF  D16,D17,D19,D26,D29
17:05:57.053     6464199  FFFFFF7FD3FFF  D16,D17,D19,D29
17:05:57.968     6464707  FFFFFF7FD3FFF  D16,D17,D19,D29
17:05:57.968     6465108  FFFFFF7BD3FFF  D16,D17,D19,D24,D29
17:05:58.976     6466101  FFFFFF73D3FFF  D16,D17,D19,D24,D25,D29
17:05:58.977     6466103  FFFFFF77D3FFF  D16,D17,D19,D25,D29
17:06:00.485     6467609  FFFFFF73D3FFF  D16,D17,D19,D24,D25,D29
17:06:03.577     6470545  FFFFFF73D7FFF  D17,D19,D24,D25,D29
17:06:03.577     6470678  FFFFFF73F7FFF  D17,D24,D25,D29
17:06:09.505     6476553  FFFFFF73D7FFF  D17,D19,D24,D25,D29
17:06:10.450     6477496  FFFFFF73D3FFF  D16,D17,D19,D24,D25,D29
17:06:13.741     6480751  FFFFFF63D3FFF  D16,D17,D19,D24,D25,D26,D29
17:06:13.741     6480753  FFFFFF6FD3FFF  D16,D17,D19,D26,D29
17:06:15.244     6482259  FFFFFF6BD3FFF  D16,D17,D19,D24,D26,D29
17:06:16.249     6483253  FFFFFF63D3FFF  D16,D17,D19,D24,D25,D26,D29
17:06:16.249     6483255  FFFFFF67D3FFF  D16,D17,D19,D25,D26,D29
17:06:17.169     6484165  FFFFFF63D3FFF  D16,D17,D19,D24,D25,D26,D29
17:06:18.142     6485118  FFFFFF43D3FFF  D16,D17,D19,D24,D25,D26,D27,D29
17:06:18.142     6485121  FFFFFF4FD3FFF  D16,D17,D19,D26,D27,D29
17:06:18.142     6485123  FFFFFF5FD3FFF  D16,D17,D19,D27,D29
17:06:19.091     6486072  FFFFFF5BD3FFF  D16,D17,D19,D24,D27,D29
17:06:20.049     6487024  FFFFFF53D3FFF  D16,D17,D19,D24,D25,D27,D29
17:06:20.049     6487026  FFFFFF57D3FFF  D16,D17,D19,D25,D27,D29
17:06:21.007     6487977  FFFFFF53D3FFF  D16,D17,D19,D24,D25,D27,D29
17:06:21.978     6488930  FFFFFF43D3FFF  D16,D17,D19,D24,D25,D26,D27,D29
17:06:21.978     6488932  FFFFFF4FD3FFF  D16,D17,D19,D26,D27,D29
17:06:23.016     6489962  FFFFFF4BD3FFF  D16,D17,D19,D24,D26,D27,D29
17:06:25.008     6491630  FFFFFF43D3FFF  D16,D17,D19,D24,D25,D26,D27,D29
17:06:25.008     6491631  FFFFFF47D3FFF  D16,D17,D19,D25,D26,D27,D29
17:06:25.008     6491789  FFFFFF4793FFF  D16,D17,D19,D20,D25,D26,D27,D29
17:06:25.008     6491949  FFFFFF47B3FFF  D16,D17,D20,D25,D26,D27,D29
17:06:28.171     6495081  FFFFFF47B7FFF  D17,D20,D25,D26,D27,D29
17:06:38.804     6505645  FFFFFF47B3FFF  D16,D17,D20,D25,D26,D27,D29
17:06:42.660     6509456  FFFFFF43B3FFF  D16,D17,D20,D24,D25,D26,D27,D29
17:06:42.660     6509458  FFFFFF4BB3FFF  D16,D17,D20,D24,D26,D27,D29
17:06:44.288     6511085  FFFFFF4FB3FFF  D16,D17,D20,D26,D27,D29
17:06:45.382     6512155  FFFFFF47B3FFF  D16,D17,D20,D25,D26,D27,D29
17:06:45.382     6512157  FFFFFF43B3FFF  D16,D17,D20,D24,D25,D26,D27,D29
17:06:45.382     6512159  FFFFFF53B3FFF  D16,D17,D20,D24,D25,D27,D29
17:06:46.326     6513110  FFFFFF57B3FFF  D16,D17,D20,D25,D27,D29
17:06:47.286     6514062  FFFFFF53B3FFF  D16,D17,D20,D24,D25,D27,D29
17:06:47.286     6514063  FFFFFF5BB3FFF  D16,D17,D20,D24,D27,D29
17:06:48.227     6514987  FFFFFF5FB3FFF  D16,D17,D20,D27,D29
17:06:49.172     6515928  FFFFFF57B3FFF  D16,D17,D20,D25,D27,D29
17:06:49.172     6515930  FFFFFF63B3FFF  D16,D17,D20,D24,D25,D26,D29
17:06:50.137     6516882  FFFFFF67B3FFF  D16,D17,D20,D25,D26,D29
17:06:51.059     6517793  FFFFFF63B3FFF  D16,D17,D20,D24,D25,D26,D29
17:06:51.059     6517795  FFFFFF6BB3FFF  D16,D17,D20,D24,D26,D29
17:06:51.972     6518708  FFFFFF6FB3FFF  D16,D17,D20,D26,D29
17:06:52.888     6519619  FFFFFF67B3FFF  D16,D17,D20,D25,D26,D29
17:06:52.888     6519621  FFFFFF63B3FFF  D16,D17,D20,D24,D25,D26,D29
17:06:52.888     6519623  FFFFFF73B3FFF  D16,D17,D20,D24,D25,D29
17:06:53.817     6520535  FFFFFF77B3FFF  D16,D17,D20,D25,D29
17:06:54.729     6521446  FFFFFF73B3FFF  D16,D17,D20,D24,D25,D29
17:06:54.729     6521448  FFFFFF7BB3FFF  D16,D17,D20,D24,D29
17:06:55.610     6522320  FFFFFF7FB3FFF  D16,D17,D20,D29
17:06:56.570     6523272  FFFFFF47B3FFF  D16,D17,D20,D25,D26,D27,D29
17:06:56.570     6523274  FFFFFF83B3FFF  D16,D17,D20,D24,D25,D26,D27,D28
17:06:57.453     6524147  FFFFFF87B3FFF  D16,D17,D20,D25,D26,D27,D28
17:06:58.370     6524658  FFFFFF87B3FFF  D16,D17,D20,D25,D26,D27,D28
17:06:58.370     6525059  FFFFFF83B3FFF  D16,D17,D20,D24,D25,D26,D27,D28
17:06:58.370     6525061  FFFFFF8BB3FFF  D16,D17,D20,D24,D26,D27,D28
17:06:59.288     6525973  FFFFFF8FB3FFF  D16,D17,D20,D26,D27,D28
17:07:00.217     6526885  FFFFFF8BB3FFF  D16,D17,D20,D24,D26,D27,D28
17:07:00.218     6526887  FFFFFF83B3FFF  D16,D17,D20,D24,D25,D26,D27,D28
17:07:00.218     6526889  FFFFFF93B3FFF  D16,D17,D20,D24,D25,D27,D28
17:07:01.136     6527800  FFFFFF97B3FFF  D16,D17,D20,D25,D27,D28
17:07:02.008     6528672  FFFFFF93B3FFF  D16,D17,D20,D24,D25,D27,D28
17:07:02.008     6528674  FFFFFF9BB3FFF  D16,D17,D20,D24,D27,D28
17:07:02.970     6529626  FFFFFF9FB3FFF  D16,D17,D20,D27,D28
17:07:03.976     6530617  FFFFFF83B3FFF  D16,D17,D20,D24,D25,D26,D27,D28
17:07:03.976     6530619  FFFFFFA3B3FFF  D16,D17,D20,D24,D25,D26,D28
17:07:05.499     6532127  FFFFFFA7B3FFF  D16,D17,D20,D25,D26,D28
17:07:08.332     6534942  FFFFFFA7B7FFF  D17,D20,D25,D26,D28
17:07:17.167     6543721  FFFFFFA7F7FFF  D17,D25,D26,D28
17:07:58.172     6584409  FFFFFFA7F7FFF  D17,D25,D26,D28
17:08:58.278     6644069  FFFFFFA7F7FFF  D17,D25,D26,D28
17:09:58.508     6703851  FFFFFFA7F7FFF  D17,D25,D26,D28
17:10:06.778     6712068  FFFFFFA7B7FFF  D17,D20,D25,D26,D28
17:10:07.694     6712971  FFFFFFA7B3FFF  D16,D17,D20,D25,D26,D28
17:10:11.905     6717150  FFFFFFA3B3FFF  D16,D17,D20,D24,D25,D26,D28
17:10:11.905     6717152  FFFFFFABB3FFF  D16,D17,D20,D24,D26,D28
17:10:13.527     6718769  FFFFFFAFB3FFF  D16,D17,D20,D26,D28
17:10:14.457     6719690  FFFFFFA3B3FFF  D16,D17,D20,D24,D25,D26,D28
17:10:14.457     6719693  FFFFFFB3B3FFF  D16,D17,D20,D24,D25,D28
17:10:15.368     6720595  FFFFFFB7B3FFF  D16,D17,D20,D25,D28
17:10:16.293     6721507  FFFFFFB3B3FFF  D16,D17,D20,D24,D25,D28
17:10:16.293     6721509  FFFFFFBBB3FFF  D16,D17,D20,D24,D28
17:10:17.206     6722421  FFFFFFBFB3FFF  D16,D17,D20,D28
17:10:18.148     6723343  FFFFFFFFB3FFF  D16,D17,D20
17:10:18.148     6723345  FFFFFFC3B3FFF  D16,D17,D20,D24,D25,D26,D27
17:10:19.045     6724247  FFFFFFC7B3FFF  D16,D17,D20,D25,D26,D27
17:10:20.068     6725249  FFFFFFC3B3FFF  D16,D17,D20,D24,D25,D26,D27
17:10:20.068     6725251  FFFFFFCBB3FFF  D16,D17,D20,D24,D26,D27
17:10:21.573     6726749  FFFFFFCFB3FFF  D16,D17,D20,D26,D27
17:10:24.402     6729564  FFFFFFCFB7FFF  D17,D20,D26,D27
17:10:35.170     6740246  FFFFFFCFB3FFF  D16,D17,D20,D26,D27
17:10:38.972     6744017  FFFFFFCBB3FFF  D16,D17,D20,D24,D26,D27
17:10:38.972     6744019  FFFFFFC3B3FFF  D16,D17,D20,D24,D25,D26,D27
17:10:38.972     6744022  FFFFFFD3B3FFF  D16,D17,D20,D24,D25,D27
17:10:40.860     6745895  FFFFFFD7B3FFF  D16,D17,D20,D25,D27
17:10:42.307     6747324  FFFFFFD3B3FFF  D16,D17,D20,D24,D25,D27
17:10:42.307     6747326  FFFFFFDBB3FFF  D16,D17,D20,D24,D27
17:10:43.770     6748783  FFFFFFDFB3FFF  D16,D17,D20,D27
17:10:44.975     6749973  FFFFFFC7B3FFF  D16,D17,D20,D25,D26,D27
17:10:44.975     6749975  FFFFFFE3B3FFF  D16,D17,D20,D24,D25,D26
17:10:45.983     6750978  FFFFFFE7B3FFF  D16,D17,D20,D25,D26
17:10:46.980     6751959  FFFFFFE3B3FFF  D16,D17,D20,D24,D25,D26
17:10:46.980     6751960  FFFFFFEBB3FFF  D16,D17,D20,D24,D26
17:10:48.292     6753270  FFFFFFEFB3FFF  D16,D17,D20,D26
17:10:49.738     6754698  FFFFFFE3B3FFF  D16,D17,D20,D24,D25,D26
17:10:49.738     6754701  FFFFFFF3B3FFF  D16,D17,D20,D24,D25
17:10:51.743     6756536  FFFFFFF7B3FFF  D16,D17,D20,D25
17:10:51.744     6756694  FFFFFFF793FFF  D16,D17,D19,D20,D25
17:10:51.744     6756696  FFFFFFF7D3FFF  D16,D17,D19,D25
17:10:55.201     6760134  FFFFFFF7D7FFF  D17,D19,D25
17:10:58.748     6763654  FFFFFFF7D7FFF  D17,D19,D25
===== capture stopped 2026-08-08 17:11:00, 2760 changes in 113.6 min =====
