
===== capture started 2026-08-08 15:41:44 =====
--- armed, watch mode confirmed 15:41:48 ---
15:41:49.097        3292  FFFFFFBFF7FFF  D17,D28
15:42:05.664       19734  FFFFFFBFD7FFF  D17,D19,D28
15:42:06.633       20685  FFFFFFBFD3FFF  D16,D17,D19,D28
15:42:11.431       25446  FFFFFFB7D3FFF  D16,D17,D19,D25,D28
15:42:13.349       27352  FFFFFFA7D3FFF  D16,D17,D19,D25,D26,D28
15:42:13.349       27355  FFFFFFAFD3FFF  D16,D17,D19,D26,D28
15:42:15.661       29651  FFFFFFA7D3FFF  D16,D17,D19,D25,D26,D28
15:42:18.631       32587  FFFFFF87D3FFF  D16,D17,D19,D25,D26,D27,D28
15:42:18.632       32589  FFFFFF97D3FFF  D16,D17,D19,D25,D27,D28
15:42:18.632       32591  FFFFFF9FD3FFF  D16,D17,D19,D27,D28
15:42:21.666       35441  FFFFFF9FD7FFF  D17,D19,D27,D28
15:42:21.666       35607  FFFFFF9FF7FFF  D17,D27,D28
15:42:34.307       48141  FFFFFF9FB7FFF  D17,D20,D27,D28
15:42:35.270       49093  FFFFFF9FB3FFF  D16,D17,D20,D27,D28
15:42:38.596       52384  FFFFFF97B3FFF  D16,D17,D20,D25,D27,D28
15:42:38.596       52386  FFFFFFA7B3FFF  D16,D17,D20,D25,D26,D28
15:42:41.952       55721  FFFFFFAFB3FFF  D16,D17,D20,D26,D28
15:42:45.014       58755  FFFFFFAFB3FFF  D16,D17,D20,D26,D28
15:42:45.672       59405  FFFFFFAFB7FFF  D17,D20,D26,D28
15:42:56.828       70477  FFFFFFAFB3FFF  D16,D17,D20,D26,D28
15:43:01.589       75197  FFFFFFA7B3FFF  D16,D17,D20,D25,D26,D28
15:43:01.589       75199  FFFFFFB7B3FFF  D16,D17,D20,D25,D28
15:43:03.550       77146  FFFFFFBFB3FFF  D16,D17,D20,D28
15:43:05.400       78966  FFFFFFB7B3FFF  D16,D17,D20,D25,D28
15:43:05.401       78968  FFFFFF87B3FFF  D16,D17,D20,D25,D26,D27,D28
15:43:05.401       78972  FFFFFFC7B3FFF  D16,D17,D20,D25,D26,D27
15:43:07.198       80756  FFFFFFCFB3FFF  D16,D17,D20,D26,D27
15:43:09.313       82854  FFFFFFC7B3FFF  D16,D17,D20,D25,D26,D27
15:43:09.313       82856  FFFFFFD7B3FFF  D16,D17,D20,D25,D27
15:43:12.189       85716  FFFFFFDFB3FFF  D16,D17,D20,D27
15:43:14.788       88290  FFFFFFD7B3FFF  D16,D17,D20,D25,D27
15:43:14.788       88292  FFFFFFC7B3FFF  D16,D17,D20,D25,D26,D27
15:43:14.788       88293  FFFFFFE7B3FFF  D16,D17,D20,D25,D26
15:43:16.824       90317  FFFFFFEFB3FFF  D16,D17,D20,D26
15:43:20.144       93606  FFFFFFE7B3FFF  D16,D17,D20,D25,D26
15:43:20.145       93608  FFFFFFF7B3FFF  D16,D17,D20,D25
15:43:23.300       96739  FFFFFFF7B7FFF  D17,D20,D25
15:43:32.066      105432  FFFFFFF7F7FFF  D17,D25
15:43:34.643      107979  FFFFFFF7D7FFF  D17,D19,D25
15:43:35.554      108881  FFFFFFF7D3FFF  D16,D17,D19,D25
15:43:39.145      112452  FFFFFFE7D3FFF  D16,D17,D19,D25,D26
15:43:39.145      112455  FFFFFFEFD3FFF  D16,D17,D19,D26
15:43:42.484      115756  FFFFFFE7D3FFF  D16,D17,D19,D25,D26
15:43:44.510      117768  FFFFFFC7D3FFF  D16,D17,D19,D25,D26,D27
15:43:44.510      117770  FFFFFFD7D3FFF  D16,D17,D19,D25,D27
15:43:44.510      117772  FFFFFFDFD3FFF  D16,D17,D19,D27
15:43:45.028      118280  FFFFFFDFD3FFF  D16,D17,D19,D27
15:43:47.514      120743  FFFFFFD7D3FFF  D16,D17,D19,D25,D27
15:43:51.022      124232  FFFFFFD7D7FFF  D17,D19,D25,D27
15:44:01.992      135117  FFFFFFD7D3FFF  D16,D17,D19,D25,D27
15:44:07.671      140740  FFFFFFC7D3FFF  D16,D17,D19,D25,D26,D27
15:44:07.671      140743  FFFFFFCFD3FFF  D16,D17,D19,D26,D27
15:44:10.545      143596  FFFFFFC7D3FFF  D16,D17,D19,D25,D26,D27
15:44:13.424      146450  FFFFFFC7D7FFF  D17,D19,D25,D26,D27
15:44:22.169      155117  FFFFFFC7F7FFF  D17,D25,D26,D27
15:44:25.665      158594  FFFFFFC7D7FFF  D17,D19,D25,D26,D27
15:44:26.638      159556  FFFFFFC7D3FFF  D16,D17,D19,D25,D26,D27
15:44:31.475      164356  FFFFFF87D3FFF  D16,D17,D19,D25,D26,D27,D28
15:44:31.475      164357  FFFFFFB7D3FFF  D16,D17,D19,D25,D28
15:44:31.475      164359  FFFFFFBFD3FFF  D16,D17,D19,D28
15:44:33.398      166260  FFFFFFB7D3FFF  D16,D17,D19,D25,D28
15:44:35.232      168076  FFFFFFA7D3FFF  D16,D17,D19,D25,D26,D28
15:44:35.232      168078  FFFFFFAFD3FFF  D16,D17,D19,D26,D28
15:44:37.518      170346  FFFFFFA7D3FFF  D16,D17,D19,D25,D26,D28
15:44:40.515      173312  FFFFFF87D3FFF  D16,D17,D19,D25,D26,D27,D28
15:44:40.515      173314  FFFFFF97D3FFF  D16,D17,D19,D25,D27,D28
15:44:40.515      173316  FFFFFF9FD3FFF  D16,D17,D19,D27,D28
15:44:43.438      176126  FFFFFF9FD7FFF  D17,D19,D27,D28
15:44:43.438      176224  FFFFFF9FF7FFF  D17,D27,D28
15:44:45.487      178247  FFFFFF9FF7FFF  D17,D27,D28
15:45:45.795      238065  FFFFFF9FF7FFF  D17,D27,D28
15:46:40.711      292534  FFFFFF9FB7FFF  D17,D20,D27,D28
15:46:41.620      293445  FFFFFF9FB3FFF  D16,D17,D20,D27,D28
15:46:44.910      296698  FFFFFF87B3FFF  D16,D17,D20,D25,D26,D27,D28
15:46:44.910      296700  FFFFFFA7B3FFF  D16,D17,D20,D25,D26,D28
15:46:45.932      297709  FFFFFFA7B3FFF  D16,D17,D20,D25,D26,D28
15:46:47.920      299688  FFFFFFAFB3FFF  D16,D17,D20,D26,D28
15:46:50.190      301935  FFFFFFA7B3FFF  D16,D17,D20,D25,D26,D28
15:46:50.190      301937  FFFFFFB7B3FFF  D16,D17,D20,D25,D28
15:46:51.990      303724  FFFFFFBFB3FFF  D16,D17,D20,D28
15:46:53.849      305556  FFFFFFB7B3FFF  D16,D17,D20,D25,D28
15:46:53.850      305558  FFFFFF87B3FFF  D16,D17,D20,D25,D26,D27,D28
15:46:53.850      305562  FFFFFFC7B3FFF  D16,D17,D20,D25,D26,D27
15:46:55.675      307374  FFFFFFCFB3FFF  D16,D17,D20,D26,D27
15:46:57.795      309474  FFFFFFC7B3FFF  D16,D17,D20,D25,D26,D27
15:46:57.795      309476  FFFFFFD7B3FFF  D16,D17,D20,D25,D27
15:47:00.670      312334  FFFFFFDFB3FFF  D16,D17,D20,D27
15:47:03.277      314919  FFFFFFD7B3FFF  D16,D17,D20,D25,D27
15:47:03.277      314920  FFFFFFE7B3FFF  D16,D17,D20,D25,D26
15:47:05.270      316896  FFFFFFEFB3FFF  D16,D17,D20,D26
15:47:08.068      319670  FFFFFFE7B3FFF  D16,D17,D20,D25,D26
15:47:08.068      319672  FFFFFFF7B3FFF  D16,D17,D20,D25
15:47:09.987      321575  FFFFFFF793FFF  D16,D17,D19,D20,D25
15:47:09.987      321576  FFFFFFF7D3FFF  D16,D17,D19,D25
15:47:13.678      325063  FFFFFFF7D7FFF  D17,D19,D25
15:47:13.678      325229  FFFFFFF7F7FFF  D17,D25
15:47:43.115      354425  FFFFFFF7D7FFF  D17,D19,D25
15:47:44.032      355337  FFFFFFF7D3FFF  D16,D17,D19,D25
15:47:46.061      357347  FFFFFFF7D3FFF  D16,D17,D19,D25
15:47:49.877      361129  FFFFFFE7D3FFF  D16,D17,D19,D25,D26
15:47:49.877      361133  FFFFFFEFD3FFF  D16,D17,D19,D26
15:47:52.621      363867  FFFFFFE7D3FFF  D16,D17,D19,D25,D26
15:47:54.674      365890  FFFFFFC7D3FFF  D16,D17,D19,D25,D26,D27
15:47:54.675      365892  FFFFFFD7D3FFF  D16,D17,D19,D25,D27
15:47:54.675      365894  FFFFFFDFD3FFF  D16,D17,D19,D27
15:47:58.006      368876  FFFFFFD7D3FFF  D16,D17,D19,D25,D27
15:47:58.007      369025  FFFFFFD793FFF  D16,D17,D19,D20,D25,D27
15:47:58.007      369198  FFFFFFD7B3FFF  D16,D17,D20,D25,D27
15:48:01.187      372355  FFFFFFD7B7FFF  D17,D20,D25,D27
15:48:10.953      382050  FFFFFFD7F7FFF  D17,D25,D27
15:48:14.632      385698  FFFFFFD7B7FFF  D17,D20,D25,D27
15:48:15.544      386600  FFFFFFD7B3FFF  D16,D17,D20,D25,D27
15:48:19.476      390492  FFFFFFDFB3FFF  D16,D17,D20,D27
15:48:22.478      393474  FFFFFFD7B3FFF  D16,D17,D20,D25,D27
15:48:22.479      393476  FFFFFFE7B3FFF  D16,D17,D20,D25,D26
15:48:24.510      395490  FFFFFFEFB3FFF  D16,D17,D20,D26
15:48:27.263      398225  FFFFFFE7B3FFF  D16,D17,D20,D25,D26
15:48:27.263      398227  FFFFFFF7B3FFF  D16,D17,D20,D25
15:48:29.196      400130  FFFFFFF793FFF  D16,D17,D19,D20,D25
15:48:29.196      400132  FFFFFFF7D3FFF  D16,D17,D19,D25
15:48:32.720      403629  FFFFFFF7D7FFF  D17,D19,D25
15:48:44.248      415062  FFFFFFF7F7FFF  D17,D25
15:48:46.298      417096  FFFFFFF7F7FFF  D17,D25
15:49:46.499      476809  FFFFFFF7F7FFF  D17,D25
15:50:46.796      536461  FFFFFFF7F7FFF  D17,D25
15:50:46.796      536619  FFFFFFF7D7FFF  D17,D19,D25
15:50:47.709      537521  FFFFFFF7D3FFF  D16,D17,D19,D25
15:50:53.547      543313  FFFFFFE7D3FFF  D16,D17,D19,D25,D26
15:50:53.547      543316  FFFFFFEFD3FFF  D16,D17,D19,D26
15:50:56.313      546051  FFFFFFE7D3FFF  D16,D17,D19,D25,D26
15:50:58.357      548074  FFFFFFC7D3FFF  D16,D17,D19,D25,D26,D27
15:50:58.357      548075  FFFFFFD7D3FFF  D16,D17,D19,D25,D27
15:50:58.357      548077  FFFFFFDFD3FFF  D16,D17,D19,D27
15:51:00.944      550652  FFFFFFD7D3FFF  D16,D17,D19,D25,D27
15:51:03.837      553509  FFFFFFC7D3FFF  D16,D17,D19,D25,D26,D27
15:51:03.837      553512  FFFFFFCFD3FFF  D16,D17,D19,D26,D27
15:51:05.953      555612  FFFFFFC7D3FFF  D16,D17,D19,D25,D26,D27
15:51:07.766      557407  FFFFFF87D3FFF  D16,D17,D19,D25,D26,D27,D28
15:51:07.766      557409  FFFFFFB7D3FFF  D16,D17,D19,D25,D28
15:51:07.766      557411  FFFFFFBFD3FFF  D16,D17,D19,D28
15:51:09.580      559222  FFFFFFB7D3FFF  D16,D17,D19,D25,D28
15:51:11.435      561057  FFFFFFA7D3FFF  D16,D17,D19,D25,D26,D28
15:51:11.435      561061  FFFFFFAFD3FFF  D16,D17,D19,D26,D28
15:51:13.710      563309  FFFFFFA7D3FFF  D16,D17,D19,D25,D26,D28
15:51:15.998      565570  FFFFFF87D3FFF  D16,D17,D19,D25,D26,D27,D28
15:51:15.998      565572  FFFFFF97D3FFF  D16,D17,D19,D25,D27,D28
15:51:15.998      565573  FFFFFF9FD3FFF  D16,D17,D19,D27,D28
15:51:17.829      567405  FFFFFF97D3FFF  D16,D17,D19,D25,D27,D28
15:51:19.635      569181  FFFFFF87D3FFF  D16,D17,D19,D25,D26,D27,D28
15:51:19.635      569185  FFFFFF8FD3FFF  D16,D17,D19,D26,D27,D28
15:51:21.463      571005  FFFFFF87D3FFF  D16,D17,D19,D25,D26,D27,D28
15:51:23.308      572830  FFFFFF17D3FFF  D16,D17,D19,D25,D27,D28,D29
15:51:23.309      572832  FFFFFF37D3FFF  D16,D17,D19,D25,D28,D29
15:51:23.309      572834  FFFFFF3FD3FFF  D16,D17,D19,D28,D29
15:51:23.309      572836  FFFFFF7FD3FFF  D16,D17,D19,D29
15:51:25.149      574655  FFFFFF77D3FFF  D16,D17,D19,D25,D29
15:51:26.960      576451  FFFFFF67D3FFF  D16,D17,D19,D25,D26,D29
15:51:26.960      576454  FFFFFF6FD3FFF  D16,D17,D19,D26,D29
15:51:28.783      578266  FFFFFF67D3FFF  D16,D17,D19,D25,D26,D29
15:51:30.664      580130  FFFFFF47D3FFF  D16,D17,D19,D25,D26,D27,D29
15:51:30.665      580132  FFFFFF57D3FFF  D16,D17,D19,D25,D27,D29
15:51:30.665      580134  FFFFFF5FD3FFF  D16,D17,D19,D27,D29
15:51:32.582      582035  FFFFFF57D3FFF  D16,D17,D19,D25,D27,D29
15:51:34.485      583910  FFFFFF47D3FFF  D16,D17,D19,D25,D26,D27,D29
15:51:34.485      583913  FFFFFF4FD3FFF  D16,D17,D19,D26,D27,D29
15:51:37.519      586637  FFFFFF47D3FFF  D16,D17,D19,D25,D26,D27,D29
15:51:37.519      586767  FFFFFF4793FFF  D16,D17,D19,D20,D25,D26,D27,D29
15:51:37.519      586930  FFFFFF47B3FFF  D16,D17,D20,D25,D26,D27,D29
15:51:40.587      589967  FFFFFF47B7FFF  D17,D20,D25,D26,D27,D29
15:51:46.689      596023  FFFFFF47B7FFF  D17,D20,D25,D26,D27,D29
15:51:55.280      604542  FFFFFF47F7FFF  D17,D25,D26,D27,D29
15:51:56.721      605969  FFFFFF47B7FFF  D17,D20,D25,D26,D27,D29
15:52:15.112      624219  FFFFFF47B3FFF  D16,D17,D20,D25,D26,D27,D29
15:52:18.872      627952  FFFFFF4FB3FFF  D16,D17,D20,D26,D27,D29
15:52:21.633      630675  FFFFFF47B3FFF  D16,D17,D20,D25,D26,D27,D29
15:52:21.633      630677  FFFFFF57B3FFF  D16,D17,D20,D25,D27,D29
15:52:23.506      632543  FFFFFF5FB3FFF  D16,D17,D20,D27,D29
15:52:25.435      634444  FFFFFF57B3FFF  D16,D17,D20,D25,D27,D29
15:52:25.435      634446  FFFFFF67B3FFF  D16,D17,D20,D25,D26,D29
15:52:27.310      636312  FFFFFF6FB3FFF  D16,D17,D20,D26,D29
15:52:29.155      638134  FFFFFF67B3FFF  D16,D17,D20,D25,D26,D29
15:52:29.155      638136  FFFFFF77B3FFF  D16,D17,D20,D25,D29
15:52:30.985      639962  FFFFFF7FB3FFF  D16,D17,D20,D29
15:52:32.789      641744  FFFFFF67B3FFF  D16,D17,D20,D25,D26,D29
15:52:32.789      641746  FFFFFF07B3FFF  D16,D17,D20,D25,D26,D27,D28,D29
15:52:32.790      641751  FFFFFF87B3FFF  D16,D17,D20,D25,D26,D27,D28
15:52:34.633      643582  FFFFFF8FB3FFF  D16,D17,D20,D26,D27,D28
15:52:36.465      645394  FFFFFF87B3FFF  D16,D17,D20,D25,D26,D27,D28
15:52:36.465      645396  FFFFFF97B3FFF  D16,D17,D20,D25,D27,D28
15:52:38.314      647232  FFFFFF9FB3FFF  D16,D17,D20,D27,D28
15:52:40.109      649005  FFFFFF97B3FFF  D16,D17,D20,D25,D27,D28
15:52:40.109      649007  FFFFFFA7B3FFF  D16,D17,D20,D25,D26,D28
15:52:42.429      651310  FFFFFFAFB3FFF  D16,D17,D20,D26,D28
15:52:44.718      653577  FFFFFFA7B3FFF  D16,D17,D20,D25,D26,D28
15:52:44.719      653579  FFFFFFB7B3FFF  D16,D17,D20,D25,D28
15:52:46.515      655355  FFFFFFBFB3FFF  D16,D17,D20,D28
15:52:47.021      655870  FFFFFFBFB3FFF  D16,D17,D20,D28
15:52:48.486      657306  FFFFFF97B3FFF  D16,D17,D20,D25,D27,D28
15:52:48.486      657308  FFFFFF87B3FFF  D16,D17,D20,D25,D26,D27,D28
15:52:48.486      657312  FFFFFFC7B3FFF  D16,D17,D20,D25,D26,D27
15:52:52.815      661618  FFFFFFC7B7FFF  D17,D20,D25,D26,D27
15:53:03.545      672253  FFFFFFC7B3FFF  D16,D17,D20,D25,D26,D27
15:53:06.867      675550  FFFFFFCFB3FFF  D16,D17,D20,D26,D27
15:53:09.680      678334  FFFFFFC7B3FFF  D16,D17,D20,D25,D26,D27
15:53:09.680      678336  FFFFFFD7B3FFF  D16,D17,D20,D25,D27
15:53:12.565      681194  FFFFFFDFB3FFF  D16,D17,D20,D27
15:53:15.139      683758  FFFFFFD7B3FFF  D16,D17,D20,D25,D27
15:53:15.139      683760  FFFFFFE7B3FFF  D16,D17,D20,D25,D26
15:53:17.195      685796  FFFFFFEFB3FFF  D16,D17,D20,D26
15:53:19.951      688520  FFFFFFE7B3FFF  D16,D17,D20,D25,D26
15:53:19.951      688522  FFFFFFF7B3FFF  D16,D17,D20,D25
15:53:21.842      690396  FFFFFFF793FFF  D16,D17,D19,D20,D25
15:53:21.842      690398  FFFFFFF7D3FFF  D16,D17,D19,D25
15:53:25.348      693883  FFFFFFF7D7FFF  D17,D19,D25
15:53:38.959      707381  FFFFFFF7F7FFF  D17,D25
15:53:47.078      715425  FFFFFFF7F7FFF  D17,D25
15:54:03.114      731339  FFFFFFF7D7FFF  D17,D19,D25
15:54:04.031      732241  FFFFFFF7D3FFF  D16,D17,D19,D25
15:54:09.864      738034  FFFFFFE7D3FFF  D16,D17,D19,D25,D26
15:54:09.864      738036  FFFFFFEFD3FFF  D16,D17,D19,D26
15:54:12.634      740781  FFFFFFE7D3FFF  D16,D17,D19,D25,D26
15:54:14.669      742794  FFFFFFC7D3FFF  D16,D17,D19,D25,D26,D27
15:54:14.669      742796  FFFFFFD7D3FFF  D16,D17,D19,D25,D27
15:54:14.669      742798  FFFFFFDFD3FFF  D16,D17,D19,D27
15:54:17.259      745373  FFFFFFD7D3FFF  D16,D17,D19,D25,D27
15:54:20.154      748230  FFFFFFC7D3FFF  D16,D17,D19,D25,D26,D27
15:54:20.155      748233  FFFFFFCFD3FFF  D16,D17,D19,D26,D27
15:54:22.230      750303  FFFFFFC7D3FFF  D16,D17,D19,D25,D26,D27
15:54:24.079      752128  FFFFFF87D3FFF  D16,D17,D19,D25,D26,D27,D28
15:54:24.079      752130  FFFFFFB7D3FFF  D16,D17,D19,D25,D28
15:54:24.079      752132  FFFFFFBFD3FFF  D16,D17,D19,D28
15:54:25.909      753952  FFFFFFB7D3FFF  D16,D17,D19,D25,D28
15:54:28.717      756443  FFFFFFA7D3FFF  D16,D17,D19,D25,D26,D28
15:54:28.717      756446  FFFFFFAFD3FFF  D16,D17,D19,D26,D28
15:54:28.717      756573  FFFFFFAF93FFF  D16,D17,D19,D20,D26,D28
15:54:28.717      756733  FFFFFFAFB3FFF  D16,D17,D20,D26,D28
15:54:31.271      759266  FFFFFFAFB7FFF  D17,D20,D26,D28
15:54:42.801      770697  FFFFFFAFF7FFF  D17,D26,D28
15:54:45.672      773553  FFFFFFAFB7FFF  D17,D20,D26,D28
15:54:46.587      774455  FFFFFFAFB3FFF  D16,D17,D20,D26,D28
15:54:47.105      774965  FFFFFFAFB3FFF  D16,D17,D20,D26,D28
15:54:49.901      777747  FFFFFFA7B3FFF  D16,D17,D20,D25,D26,D28
15:54:49.901      777749  FFFFFFB7B3FFF  D16,D17,D20,D25,D28
15:54:52.395      780221  FFFFFFBFB3FFF  D16,D17,D20,D28
15:54:54.230      782031  FFFFFFB7B3FFF  D16,D17,D20,D25,D28
15:54:54.230      782033  FFFFFF87B3FFF  D16,D17,D20,D25,D26,D27,D28
15:54:54.230      782039  FFFFFFC7B3FFF  D16,D17,D20,D25,D26,D27
15:54:56.075      783862  FFFFFFCFB3FFF  D16,D17,D20,D26,D27
15:54:58.150      785920  FFFFFFC7B3FFF  D16,D17,D20,D25,D26,D27
15:54:58.150      785922  FFFFFFD7B3FFF  D16,D17,D20,D25,D27
15:55:01.036      788790  FFFFFFDFB3FFF  D16,D17,D20,D27
15:55:03.630      791355  FFFFFFD7B3FFF  D16,D17,D20,D25,D27
15:55:03.630      791357  FFFFFFE7B3FFF  D16,D17,D20,D25,D26
15:55:05.675      793393  FFFFFFEFB3FFF  D16,D17,D20,D26
15:55:08.430      796116  FFFFFFE7B3FFF  D16,D17,D20,D25,D26
15:55:08.430      796118  FFFFFFF7B3FFF  D16,D17,D20,D25
15:55:12.078      799582  FFFFFFFFB3FFF  D16,D17,D20
15:55:12.079      799737  FFFFFFFF93FFF  D16,D17,D19,D20
15:55:12.079      799739  FFFFFFFFD3FFF  D16,D17,D19
15:55:15.217      802859  FFFFFFFFD7FFF  D17,D19
15:55:25.951      813504  FFFFFFFFD3FFF  D16,D17,D19
15:55:29.901      817421  FFFFFFF7D3FFF  D16,D17,D19,D25
15:55:33.317      820801  FFFFFFF7D7FFF  D17,D19,D25
15:55:46.063      833449  FFFFFFF7D3FFF  D16,D17,D19,D25
15:55:47.591      834958  FFFFFFF7D3FFF  D16,D17,D19,D25
15:55:51.945      839281  FFFFFFE7D3FFF  D16,D17,D19,D25,D26
15:55:51.945      839284  FFFFFFEFD3FFF  D16,D17,D19,D26
15:55:54.751      842058  FFFFFFE7D3FFF  D16,D17,D19,D25,D26
15:55:56.753      844043  FFFFFFC7D3FFF  D16,D17,D19,D25,D26,D27
15:55:56.753      844044  FFFFFFD7D3FFF  D16,D17,D19,D25,D27
15:55:56.753      844046  FFFFFFDFD3FFF  D16,D17,D19,D27
15:55:59.340      846621  FFFFFFD7D3FFF  D16,D17,D19,D25,D27
15:56:02.232      849478  FFFFFFC7D3FFF  D16,D17,D19,D25,D26,D27
15:56:02.233      849481  FFFFFFCFD3FFF  D16,D17,D19,D26,D27
15:56:05.033      852265  FFFFFFC7D3FFF  D16,D17,D19,D25,D26,D27
15:56:07.917      855119  FFFFFFC7D7FFF  D17,D19,D25,D26,D27
15:56:16.565      863695  FFFFFFC7F7FFF  D17,D25,D26,D27
15:56:45.665      892564  FFFFFFC7D7FFF  D17,D19,D25,D26,D27
15:56:46.582      893476  FFFFFFC7D3FFF  D16,D17,D19,D25,D26,D27
15:56:47.604      894480  FFFFFFC7D3FFF  D16,D17,D19,D25,D26,D27
15:56:51.383      898237  FFFFFF87D3FFF  D16,D17,D19,D25,D26,D27,D28
15:56:51.383      898239  FFFFFFB7D3FFF  D16,D17,D19,D25,D28
15:56:51.383      898240  FFFFFFBFD3FFF  D16,D17,D19,D28
15:56:53.309      900142  FFFFFFB7D3FFF  D16,D17,D19,D25,D28
15:56:55.155      901967  FFFFFFA7D3FFF  D16,D17,D19,D25,D26,D28
15:56:55.155      901969  FFFFFFAFD3FFF  D16,D17,D19,D26,D28
15:56:57.422      904227  FFFFFFA7D3FFF  D16,D17,D19,D25,D26,D28
15:57:00.437      907203  FFFFFF87D3FFF  D16,D17,D19,D25,D26,D27,D28
15:57:00.437      907205  FFFFFF97D3FFF  D16,D17,D19,D25,D27,D28
15:57:00.437      907207  FFFFFF9FD3FFF  D16,D17,D19,D27,D28
15:57:03.427      910057  FFFFFF9FD7FFF  D17,D19,D27,D28
15:57:03.427      910183  FFFFFF9FF7FFF  D17,D27,D28
15:57:47.918      954315  FFFFFF9FF7FFF  D17,D27,D28
15:58:01.185      967469  FFFFFF9FB7FFF  D17,D20,D27,D28
15:58:02.105      968382  FFFFFF9FB3FFF  D16,D17,D20,D27,D28
15:58:05.431      971673  FFFFFF97B3FFF  D16,D17,D20,D25,D27,D28
15:58:05.431      971675  FFFFFFA7B3FFF  D16,D17,D20,D25,D26,D28
15:58:08.405      974624  FFFFFFAFB3FFF  D16,D17,D20,D26,D28
15:58:10.660      976871  FFFFFFA7B3FFF  D16,D17,D20,D25,D26,D28
15:58:10.660      976873  FFFFFFB7B3FFF  D16,D17,D20,D25,D28
15:58:12.505      978700  FFFFFFBFB3FFF  D16,D17,D20,D28
15:58:14.326      980492  FFFFFFB7B3FFF  D16,D17,D20,D25,D28
15:58:14.326      980493  FFFFFF87B3FFF  D16,D17,D20,D25,D26,D27,D28
15:58:14.326      980498  FFFFFFC7B3FFF  D16,D17,D20,D25,D26,D27
15:58:16.143      982311  FFFFFFCFB3FFF  D16,D17,D20,D26,D27
15:58:18.273      984410  FFFFFFC7B3FFF  D16,D17,D20,D25,D26,D27
15:58:18.273      984411  FFFFFFD7B3FFF  D16,D17,D20,D25,D27
15:58:20.234      986363  FFFFFFD793FFF  D16,D17,D19,D20,D25,D27
15:58:20.234      986365  FFFFFFD7D3FFF  D16,D17,D19,D25,D27
15:58:23.430      989535  FFFFFFD7D7FFF  D17,D19,D25,D27
15:58:34.149     1000171  FFFFFFD7D3FFF  D16,D17,D19,D25,D27
15:58:39.790     1005755  FFFFFFC7D3FFF  D16,D17,D19,D25,D26,D27
15:58:39.790     1005757  FFFFFFCFD3FFF  D16,D17,D19,D26,D27
15:58:41.865     1007817  FFFFFFC7D3FFF  D16,D17,D19,D25,D26,D27
15:58:43.710     1009642  FFFFFF87D3FFF  D16,D17,D19,D25,D26,D27,D28
15:58:43.710     1009644  FFFFFFB7D3FFF  D16,D17,D19,D25,D28
15:58:43.710     1009646  FFFFFFBFD3FFF  D16,D17,D19,D28
15:58:45.540     1011467  FFFFFFB7D3FFF  D16,D17,D19,D25,D28
15:58:48.081     1013977  FFFFFFA7D3FFF  D16,D17,D19,D25,D26,D28
15:58:48.081     1013979  FFFFFFA7D3FFF  D16,D17,D19,D25,D26,D28
15:58:48.081     1013981  FFFFFFAFD3FFF  D16,D17,D19,D26,D28
15:58:50.948     1016820  FFFFFFAFD7FFF  D17,D19,D26,D28
15:58:59.585     1025397  FFFFFFAFF7FFF  D17,D26,D28
15:59:05.670     1031424  FFFFFFAFB7FFF  D17,D20,D26,D28
15:59:06.589     1032336  FFFFFFAFB3FFF  D16,D17,D20,D26,D28
15:59:09.905     1035628  FFFFFFA7B3FFF  D16,D17,D20,D25,D26,D28
15:59:09.905     1035630  FFFFFFB7B3FFF  D16,D17,D20,D25,D28
15:59:12.383     1038093  FFFFFFBFB3FFF  D16,D17,D20,D28
15:59:14.230     1039913  FFFFFF97B3FFF  D16,D17,D20,D25,D27,D28
15:59:14.230     1039915  FFFFFF87B3FFF  D16,D17,D20,D25,D26,D27,D28
15:59:14.230     1039920  FFFFFFC7B3FFF  D16,D17,D20,D25,D26,D27
15:59:16.075     1041752  FFFFFFCFB3FFF  D16,D17,D20,D26,D27
15:59:18.191     1043841  FFFFFFC7B3FFF  D16,D17,D20,D25,D26,D27
15:59:18.191     1043843  FFFFFFD7B3FFF  D16,D17,D20,D25,D27
15:59:21.025     1046662  FFFFFFDFB3FFF  D16,D17,D20,D27
15:59:23.620     1049236  FFFFFFD7B3FFF  D16,D17,D20,D25,D27
15:59:23.620     1049238  FFFFFFE7B3FFF  D16,D17,D20,D25,D26
15:59:25.668     1051264  FFFFFFEFB3FFF  D16,D17,D20,D26
15:59:28.472     1054038  FFFFFFE7B3FFF  D16,D17,D20,D25,D26
15:59:28.472     1054039  FFFFFFF7B3FFF  D16,D17,D20,D25
15:59:30.315     1055863  FFFFFFF793FFF  D16,D17,D19,D20,D25
15:59:30.315     1055864  FFFFFFF7D3FFF  D16,D17,D19,D25
15:59:33.866     1059390  FFFFFFF7D7FFF  D17,D19,D25
15:59:45.520     1070953  FFFFFFF7F7FFF  D17,D25
15:59:48.565     1073968  FFFFFFF7F7FFF  D17,D25
15:59:53.041     1078408  FFFFFFF7D7FFF  D17,D19,D25
15:59:54.078     1079440  FFFFFFF7D3FFF  D16,D17,D19,D25
15:59:59.955     1085260  FFFFFFE7D3FFF  D16,D17,D19,D25,D26
15:59:59.955     1085264  FFFFFFEFD3FFF  D16,D17,D19,D26
16:00:02.721     1088009  FFFFFFE7D3FFF  D16,D17,D19,D25,D26
16:00:04.742     1090022  FFFFFFC7D3FFF  D16,D17,D19,D25,D26,D27
16:00:04.742     1090024  FFFFFFD7D3FFF  D16,D17,D19,D25,D27
16:00:04.742     1090025  FFFFFFDFD3FFF  D16,D17,D19,D27
16:00:07.346     1092600  FFFFFFD7D3FFF  D16,D17,D19,D25,D27
16:00:10.226     1095457  FFFFFFC7D3FFF  D16,D17,D19,D25,D26,D27
16:00:10.226     1095461  FFFFFFCFD3FFF  D16,D17,D19,D26,D27
16:00:12.318     1097530  FFFFFFC7D3FFF  D16,D17,D19,D25,D26,D27
16:00:14.153     1099355  FFFFFF87D3FFF  D16,D17,D19,D25,D26,D27,D28
16:00:14.153     1099357  FFFFFFB7D3FFF  D16,D17,D19,D25,D28
16:00:14.153     1099359  FFFFFFBFD3FFF  D16,D17,D19,D28
16:00:15.983     1101170  FFFFFFB7D3FFF  D16,D17,D19,D25,D28
16:00:17.835     1103005  FFFFFFA7D3FFF  D16,D17,D19,D25,D26,D28
16:00:17.835     1103008  FFFFFFAFD3FFF  D16,D17,D19,D26,D28
16:00:20.112     1105257  FFFFFFA7D3FFF  D16,D17,D19,D25,D26,D28
16:00:23.085     1108202  FFFFFF87D3FFF  D16,D17,D19,D25,D26,D27,D28
16:00:23.086     1108204  FFFFFF97D3FFF  D16,D17,D19,D25,D27,D28
16:00:23.086     1108206  FFFFFF9FD3FFF  D16,D17,D19,D27,D28
16:00:25.955     1111057  FFFFFF9FD7FFF  D17,D19,D27,D28
16:00:34.635     1119673  FFFFFF9FF7FFF  D17,D27,D28
16:00:48.782     1133697  FFFFFF9FF7FFF  D17,D27,D28
16:01:12.389     1157122  FFFFFF9FB7FFF  D17,D20,D27,D28
16:01:13.323     1158035  FFFFFF9FB3FFF  D16,D17,D20,D27,D28
16:01:16.633     1161316  FFFFFF87B3FFF  D16,D17,D20,D25,D26,D27,D28
16:01:16.633     1161318  FFFFFFA7B3FFF  D16,D17,D20,D25,D26,D28
16:01:19.625     1164297  FFFFFFAFB3FFF  D16,D17,D20,D26,D28
16:01:21.910     1166563  FFFFFFA7B3FFF  D16,D17,D20,D25,D26,D28
16:01:21.910     1166565  FFFFFFB7B3FFF  D16,D17,D20,D25,D28
16:01:23.757     1168392  FFFFFFBFB3FFF  D16,D17,D20,D28
16:01:25.557     1170163  FFFFFFB7B3FFF  D16,D17,D20,D25,D28
16:01:25.557     1170165  FFFFFF87B3FFF  D16,D17,D20,D25,D26,D27,D28
16:01:25.557     1170169  FFFFFFC7B3FFF  D16,D17,D20,D25,D26,D27
16:01:27.398     1172003  FFFFFFCFB3FFF  D16,D17,D20,D26,D27
16:01:29.516     1174102  FFFFFFC7B3FFF  D16,D17,D20,D25,D26,D27
16:01:29.516     1174103  FFFFFFD7B3FFF  D16,D17,D20,D25,D27
16:01:32.360     1176922  FFFFFFDFB3FFF  D16,D17,D20,D27
16:01:34.983     1179527  FFFFFFD7B3FFF  D16,D17,D20,D25,D27
16:01:34.983     1179528  FFFFFFE7B3FFF  D16,D17,D20,D25,D26
16:01:37.001     1181523  FFFFFFEFB3FFF  D16,D17,D20,D26
16:01:39.779     1184287  FFFFFFE7B3FFF  D16,D17,D20,D25,D26
16:01:39.779     1184289  FFFFFFF7B3FFF  D16,D17,D20,D25
16:01:41.674     1186163  FFFFFFF793FFF  D16,D17,D19,D20,D25
16:01:41.675     1186165  FFFFFFF7D3FFF  D16,D17,D19,D25
16:01:45.221     1189681  FFFFFFF7D7FFF  D17,D19,D25
16:01:49.285     1193707  FFFFFFF7D7FFF  D17,D19,D25
16:01:57.032     1201401  FFFFFFF7F7FFF  D17,D25
16:02:49.649     1253590  FFFFFFF7F7FFF  D17,D25
16:03:49.879     1313316  FFFFFFF7F7FFF  D17,D25
16:04:50.061     1373008  FFFFFFF7F7FFF  D17,D25
16:04:57.699     1380591  FFFFFFF7FFFFF  D25
16:04:58.385     1381269  FFFFFFF7F7FFF  D17,D25
16:05:16.381     1399122  FFFFFFF7D7FFF  D17,D19,D25
16:05:30.217     1412849  FFFFFFF7D3FFF  D16,D17,D19,D25
16:05:36.063     1418642  FFFFFFE7D3FFF  D16,D17,D19,D25,D26
16:05:36.063     1418645  FFFFFFEFD3FFF  D16,D17,D19,D26
16:05:38.857     1421419  FFFFFFE7D3FFF  D16,D17,D19,D25,D26
16:05:40.875     1423404  FFFFFFC7D3FFF  D16,D17,D19,D25,D26,D27
16:05:40.875     1423406  FFFFFFD7D3FFF  D16,D17,D19,D25,D27
16:05:40.875     1423407  FFFFFFDFD3FFF  D16,D17,D19,D27
16:05:43.871     1426379  FFFFFFD7D3FFF  D16,D17,D19,D25,D27
16:05:47.376     1429868  FFFFFFD7D7FFF  D17,D19,D25,D27
16:05:50.414     1432872  FFFFFFD7D7FFF  D17,D19,D25,D27
16:05:56.068     1438484  FFFFFFD7F7FFF  D17,D25,D27
16:06:00.545     1442923  FFFFFFD7D7FFF  D17,D19,D25,D27
16:06:01.580     1443954  FFFFFFD7D3FFF  D16,D17,D19,D25,D27
16:06:07.179     1449509  FFFFFFC7D3FFF  D16,D17,D19,D25,D26,D27
16:06:07.179     1449511  FFFFFFCFD3FFF  D16,D17,D19,D26,D27
16:06:09.310     1451612  FFFFFFC7D3FFF  D16,D17,D19,D25,D26,D27
16:06:11.105     1453396  FFFFFF87D3FFF  D16,D17,D19,D25,D26,D27,D28
16:06:11.105     1453399  FFFFFFB7D3FFF  D16,D17,D19,D25,D28
16:06:11.105     1453401  FFFFFFBFD3FFF  D16,D17,D19,D28
16:06:12.949     1455221  FFFFFFB7D3FFF  D16,D17,D19,D25,D28
16:06:14.784     1457047  FFFFFFA7D3FFF  D16,D17,D19,D25,D26,D28
16:06:14.784     1457049  FFFFFFAFD3FFF  D16,D17,D19,D26,D28
16:06:17.056     1459308  FFFFFFA7D3FFF  D16,D17,D19,D25,D26,D28
16:06:19.352     1461570  FFFFFF87D3FFF  D16,D17,D19,D25,D26,D27,D28
16:06:19.352     1461571  FFFFFF97D3FFF  D16,D17,D19,D25,D27,D28
16:06:19.352     1461573  FFFFFF9FD3FFF  D16,D17,D19,D27,D28
16:06:21.192     1463405  FFFFFF97D3FFF  D16,D17,D19,D25,D27,D28
16:06:23.108     1465299  FFFFFF87D3FFF  D16,D17,D19,D25,D26,D27,D28
16:06:23.108     1465302  FFFFFF8FD3FFF  D16,D17,D19,D26,D27,D28
16:06:27.594     1469661  FFFFFF8FD7FFF  D17,D19,D26,D27,D28
16:06:27.594     1469747  FFFFFF8FF7FFF  D17,D26,D27,D28
16:06:50.446     1492414  FFFFFF8FF7FFF  D17,D26,D27,D28
16:07:33.178     1534809  FFFFFF8FB7FFF  D17,D20,D26,D27,D28
16:07:34.225     1535840  FFFFFF8FB3FFF  D16,D17,D20,D26,D27,D28
16:07:38.991     1540560  FFFFFF87B3FFF  D16,D17,D20,D25,D26,D27,D28
16:07:38.991     1540562  FFFFFF97B3FFF  D16,D17,D20,D25,D27,D28
16:07:40.955     1542508  FFFFFF9FB3FFF  D16,D17,D20,D27,D28
16:07:42.800     1544340  FFFFFF87B3FFF  D16,D17,D20,D25,D26,D27,D28
16:07:42.800     1544341  FFFFFFA7B3FFF  D16,D17,D20,D25,D26,D28
16:07:45.075     1546605  FFFFFFAFB3FFF  D16,D17,D20,D26,D28
16:07:47.350     1548853  FFFFFFA7B3FFF  D16,D17,D20,D25,D26,D28
16:07:47.351     1548854  FFFFFFB7B3FFF  D16,D17,D20,D25,D28
16:07:49.197     1550691  FFFFFFBFB3FFF  D16,D17,D20,D28
16:07:51.034     1552202  FFFFFFBFB3FFF  D16,D17,D20,D28
16:07:51.034     1552502  FFFFFFB7B3FFF  D16,D17,D20,D25,D28
16:07:51.034     1552504  FFFFFF87B3FFF  D16,D17,D20,D25,D26,D27,D28
16:07:51.034     1552508  FFFFFFC7B3FFF  D16,D17,D20,D25,D26,D27
16:07:53.560     1555015  FFFFFFCFB3FFF  D16,D17,D20,D26,D27
16:07:56.389     1557826  FFFFFFCFB7FFF  D17,D20,D26,D27
16:08:06.636     1567987  FFFFFFCFF7FFF  D17,D26,D27
16:08:09.679     1571001  FFFFFFCFB7FFF  D17,D20,D26,D27
16:08:23.184     1584401  FFFFFFCFB3FFF  D16,D17,D20,D26,D27
16:08:28.357     1589528  FFFFFFC7B3FFF  D16,D17,D20,D25,D26,D27
16:08:28.357     1589529  FFFFFFD7B3FFF  D16,D17,D20,D25,D27
16:08:31.279     1592428  FFFFFFDFB3FFF  D16,D17,D20,D27
16:08:33.875     1595003  FFFFFFD7B3FFF  D16,D17,D20,D25,D27
16:08:33.875     1595004  FFFFFFE7B3FFF  D16,D17,D20,D25,D26
16:08:35.911     1597030  FFFFFFEFB3FFF  D16,D17,D20,D26
16:08:38.659     1599754  FFFFFFE7B3FFF  D16,D17,D20,D25,D26
16:08:38.659     1599756  FFFFFFF7B3FFF  D16,D17,D20,D25
16:08:40.561     1601630  FFFFFFF793FFF  D16,D17,D19,D20,D25
16:08:40.561     1601632  FFFFFFF7D3FFF  D16,D17,D19,D25
16:08:44.135     1605187  FFFFFFF7D7FFF  D17,D19,D25
16:08:51.211     1612206  FFFFFFF7D7FFF  D17,D19,D25
16:08:52.879     1613853  FFFFFFF7F7FFF  D17,D25
16:09:51.654     1672144  FFFFFFF7F7FFF  D17,D25
16:10:51.858     1731861  FFFFFFF7F7FFF  D17,D25
16:10:53.667     1733655  FFFFFFF7D7FFF  D17,D19,D25
16:10:54.708     1734686  FFFFFFF7D3FFF  D16,D17,D19,D25
16:11:00.544     1740478  FFFFFFE7D3FFF  D16,D17,D19,D25,D26
16:11:00.544     1740482  FFFFFFEFD3FFF  D16,D17,D19,D26
16:11:03.298     1743216  FFFFFFE7D3FFF  D16,D17,D19,D25,D26
16:11:05.341     1745240  FFFFFFC7D3FFF  D16,D17,D19,D25,D26,D27
16:11:05.341     1745241  FFFFFFD7D3FFF  D16,D17,D19,D25,D27
16:11:05.341     1745243  FFFFFFDFD3FFF  D16,D17,D19,D27
16:11:08.347     1748225  FFFFFFD7D3FFF  D16,D17,D19,D25,D27
16:11:11.872     1751713  FFFFFFD7D7FFF  D17,D19,D25,D27
16:11:22.865     1762617  FFFFFFD7D3FFF  D16,D17,D19,D25,D27
16:11:28.467     1768171  FFFFFFC7D3FFF  D16,D17,D19,D25,D26,D27
16:11:28.467     1768174  FFFFFFCFD3FFF  D16,D17,D19,D26,D27
16:11:30.751     1770443  FFFFFFC7D3FFF  D16,D17,D19,D25,D26,D27
16:11:35.094     1774754  FFFFFFC7D7FFF  D17,D19,D25,D26,D27
16:11:43.750     1783330  FFFFFFC7F7FFF  D17,D25,D26,D27
16:11:45.337     1784914  FFFFFFC7B7FFF  D17,D20,D25,D26,D27
16:11:46.382     1785946  FFFFFFC7B3FFF  D16,D17,D20,D25,D26,D27
16:11:51.627     1791145  FFFFFFCFB3FFF  D16,D17,D20,D26,D27
16:11:52.145     1791655  FFFFFFCFB3FFF  D16,D17,D20,D26,D27
16:11:54.454     1793956  FFFFFFCFB7FFF  D17,D20,D26,D27
16:12:05.506     1804911  FFFFFFCFF7FFF  D17,D26,D27
16:12:09.347     1808718  FFFFFFCFB7FFF  D17,D20,D26,D27
16:12:10.340     1809711  FFFFFFCFB3FFF  D16,D17,D20,D26,D27
16:12:15.513     1814827  FFFFFFC7B3FFF  D16,D17,D20,D25,D26,D27
16:12:15.513     1814829  FFFFFFD7B3FFF  D16,D17,D20,D25,D27
16:12:18.428     1817726  FFFFFFDFB3FFF  D16,D17,D20,D27
16:12:21.030     1820302  FFFFFFD7B3FFF  D16,D17,D20,D25,D27
16:12:21.031     1820304  FFFFFFE7B3FFF  D16,D17,D20,D25,D26
16:12:23.075     1822340  FFFFFFEFB3FFF  D16,D17,D20,D26
16:12:25.828     1825063  FFFFFFE7B3FFF  D16,D17,D20,D25,D26
16:12:25.828     1825065  FFFFFFF7B3FFF  D16,D17,D20,D25
16:12:27.741     1826968  FFFFFFF793FFF  D16,D17,D19,D20,D25
16:12:27.741     1826970  FFFFFFF7D3FFF  D16,D17,D19,D25
16:12:31.252     1830456  FFFFFFF7D7FFF  D17,D19,D25
16:12:39.914     1839033  FFFFFFF7F7FFF  D17,D25
16:12:52.584     1851599  FFFFFFF7F7FFF  D17,D25
16:13:52.721     1911259  FFFFFFF7F7FFF  D17,D25
16:14:52.930     1970969  FFFFFFF7F7FFF  D17,D25
16:15:40.574     2018233  FFFFFFF7FFFFF  D25
16:15:41.274     2018922  FFFFFFF7F7FFF  D17,D25
16:15:53.023     2030571  FFFFFFF7F7FFF  D17,D25
16:16:53.095     2090152  FFFFFFF7F7FFF  D17,D25
16:17:53.348     2149914  FFFFFFF7F7FFF  D17,D25
16:18:53.550     2209627  FFFFFFF7F7FFF  D17,D25
16:19:49.979     2265605  FFFFFFF7D7FFF  D17,D19,D25
16:19:54.013     2269609  FFFFFFF7D7FFF  D17,D19,D25
16:20:02.467     2277987  FFFFFFF7F7FFF  D17,D25
16:20:04.226     2279728  FFFFFFF7D7FFF  D17,D19,D25
16:20:05.346     2280839  FFFFFFF7D3FFF  D16,D17,D19,D25
16:20:11.229     2286671  FFFFFFE7D3FFF  D16,D17,D19,D25,D26
16:20:11.229     2286674  FFFFFFEFD3FFF  D16,D17,D19,D26
16:20:14.015     2289448  FFFFFFE7D3FFF  D16,D17,D19,D25,D26
16:20:16.028     2291432  FFFFFFC7D3FFF  D16,D17,D19,D25,D26,D27
16:20:16.029     2291434  FFFFFFD7D3FFF  D16,D17,D19,D25,D27
16:20:16.029     2291436  FFFFFFDFD3FFF  D16,D17,D19,D27
16:20:18.620     2294010  FFFFFFD7D3FFF  D16,D17,D19,D25,D27
16:20:21.500     2296867  FFFFFFC7D3FFF  D16,D17,D19,D25,D26,D27
16:20:21.500     2296870  FFFFFFCFD3FFF  D16,D17,D19,D26,D27
16:20:23.586     2298931  FFFFFFC7D3FFF  D16,D17,D19,D25,D26,D27
16:20:25.425     2300755  FFFFFF87D3FFF  D16,D17,D19,D25,D26,D27,D28
16:20:25.425     2300758  FFFFFFB7D3FFF  D16,D17,D19,D25,D28
16:20:25.425     2300760  FFFFFFBFD3FFF  D16,D17,D19,D28
16:20:27.256     2302580  FFFFFFB7D3FFF  D16,D17,D19,D25,D28
16:20:29.112     2304406  FFFFFFA7D3FFF  D16,D17,D19,D25,D26,D28
16:20:29.112     2304408  FFFFFFAFD3FFF  D16,D17,D19,D26,D28
16:20:31.379     2306666  FFFFFFA7D3FFF  D16,D17,D19,D25,D26,D28
16:20:33.664     2308928  FFFFFF87D3FFF  D16,D17,D19,D25,D26,D27,D28
16:20:33.664     2308930  FFFFFF97D3FFF  D16,D17,D19,D25,D27,D28
16:20:33.664     2308932  FFFFFF9FD3FFF  D16,D17,D19,D27,D28
16:20:35.496     2310753  FFFFFF97D3FFF  D16,D17,D19,D25,D27,D28
16:20:37.306     2312539  FFFFFF87D3FFF  D16,D17,D19,D25,D26,D27,D28
16:20:37.306     2312541  FFFFFF8FD3FFF  D16,D17,D19,D26,D27,D28
16:20:39.137     2314363  FFFFFF87D3FFF  D16,D17,D19,D25,D26,D27,D28
16:20:40.998     2316198  FFFFFF07D3FFF  D16,D17,D19,D25,D26,D27,D28,D29
16:20:40.998     2316200  FFFFFF37D3FFF  D16,D17,D19,D25,D28,D29
16:20:40.998     2316203  FFFFFF3FD3FFF  D16,D17,D19,D28,D29
16:20:40.998     2316205  FFFFFF7FD3FFF  D16,D17,D19,D29
16:20:42.786     2317974  FFFFFF77D3FFF  D16,D17,D19,D25,D29
16:20:44.632     2319810  FFFFFF67D3FFF  D16,D17,D19,D25,D26,D29
16:20:44.632     2319812  FFFFFF6FD3FFF  D16,D17,D19,D26,D29
16:20:46.460     2321625  FFFFFF67D3FFF  D16,D17,D19,D25,D26,D29
16:20:48.343     2323488  FFFFFF47D3FFF  D16,D17,D19,D25,D26,D27,D29
16:20:48.344     2323490  FFFFFF57D3FFF  D16,D17,D19,D25,D27,D29
16:20:48.344     2323492  FFFFFF5FD3FFF  D16,D17,D19,D27,D29
16:20:50.254     2325393  FFFFFF57D3FFF  D16,D17,D19,D25,D27,D29
16:20:52.162     2327268  FFFFFF47D3FFF  D16,D17,D19,D25,D26,D27,D29
16:20:52.162     2327271  FFFFFF4FD3FFF  D16,D17,D19,D26,D27,D29
16:20:54.205     2329298  FFFFFF4FD3FFF  D16,D17,D19,D26,D27,D29
16:20:55.105     2329995  FFFFFF47D3FFF  D16,D17,D19,D25,D26,D27,D29
16:20:55.105     2330035  FFFFFF4793FFF  D16,D17,D19,D20,D25,D26,D27,D29
16:20:55.106     2330198  FFFFFF47B3FFF  D16,D17,D20,D25,D26,D27,D29
16:20:58.258     2333325  FFFFFF47B7FFF  D17,D20,D25,D26,D27,D29
16:21:06.946     2341939  FFFFFF47F7FFF  D17,D25,D26,D27,D29
16:21:10.465     2345428  FFFFFF47B7FFF  D17,D20,D25,D26,D27,D29
16:21:11.458     2346420  FFFFFF47B3FFF  D16,D17,D20,D25,D26,D27,D29
16:21:15.225     2350153  FFFFFF4FB3FFF  D16,D17,D20,D26,D27,D29
16:21:17.979     2352886  FFFFFF47B3FFF  D16,D17,D20,D25,D26,D27,D29
16:21:17.979     2352888  FFFFFF57B3FFF  D16,D17,D20,D25,D27,D29
16:21:19.865     2354754  FFFFFF5FB3FFF  D16,D17,D20,D27,D29
16:21:21.796     2356666  FFFFFF57B3FFF  D16,D17,D20,D25,D27,D29
16:21:21.796     2356668  FFFFFF67B3FFF  D16,D17,D20,D25,D26,D29
16:21:23.667     2358523  FFFFFF6FB3FFF  D16,D17,D20,D26,D29
16:21:25.503     2360346  FFFFFF67B3FFF  D16,D17,D20,D25,D26,D29
16:21:25.504     2360348  FFFFFF77B3FFF  D16,D17,D20,D25,D29
16:21:27.346     2362173  FFFFFF7FB3FFF  D16,D17,D20,D29
16:21:29.187     2363996  FFFFFF57B3FFF  D16,D17,D20,D25,D27,D29
16:21:29.187     2363997  FFFFFF07B3FFF  D16,D17,D20,D25,D26,D27,D28,D29
16:21:29.187     2364000  FFFFFF87B3FFF  D16,D17,D20,D25,D26,D27,D28
16:21:30.986     2365784  FFFFFF8FB3FFF  D16,D17,D20,D26,D27,D28
16:21:32.830     2367617  FFFFFF87B3FFF  D16,D17,D20,D25,D26,D27,D28
16:21:32.830     2367618  FFFFFF97B3FFF  D16,D17,D20,D25,D27,D28
16:21:34.669     2369434  FFFFFF9FB3FFF  D16,D17,D20,D27,D28
16:21:36.464     2371217  FFFFFF87B3FFF  D16,D17,D20,D25,D26,D27,D28
16:21:36.464     2371219  FFFFFFA7B3FFF  D16,D17,D20,D25,D26,D28
16:21:38.782     2373522  FFFFFFAFB3FFF  D16,D17,D20,D26,D28
16:21:41.069     2375779  FFFFFFA7B3FFF  D16,D17,D20,D25,D26,D28
16:21:41.070     2375781  FFFFFFB7B3FFF  D16,D17,D20,D25,D28
16:21:42.912     2377607  FFFFFFBFB3FFF  D16,D17,D20,D28
16:21:44.710     2379389  FFFFFF87B3FFF  D16,D17,D20,D25,D26,D27,D28
16:21:44.710     2379396  FFFFFFC7B3FFF  D16,D17,D20,D25,D26,D27
16:21:46.552     2381218  FFFFFFCFB3FFF  D16,D17,D20,D26,D27
16:21:48.662     2383316  FFFFFFC7B3FFF  D16,D17,D20,D25,D26,D27
16:21:48.662     2383319  FFFFFFD7B3FFF  D16,D17,D20,D25,D27
16:21:51.505     2386138  FFFFFFDFB3FFF  D16,D17,D20,D27
16:21:54.137     2388752  FFFFFFD7B3FFF  D16,D17,D20,D25,D27
16:21:54.138     2388754  FFFFFFE7B3FFF  D16,D17,D20,D25,D26
16:21:54.654     2389258  FFFFFFE7B3FFF  D16,D17,D20,D25,D26
16:21:56.146     2390740  FFFFFFEFB3FFF  D16,D17,D20,D26
16:21:58.938     2393513  FFFFFFE7B3FFF  D16,D17,D20,D25,D26
16:21:58.939     2393515  FFFFFFF7B3FFF  D16,D17,D20,D25
16:22:00.860     2395418  FFFFFFF793FFF  D16,D17,D19,D20,D25
16:22:00.860     2395420  FFFFFFF7D3FFF  D16,D17,D19,D25
16:22:04.385     2398867  FFFFFFF7D7FFF  D17,D19,D25
16:22:04.385     2398913  FFFFFFF7F7FFF  D17,D25
16:22:10.463     2404939  FFFFFFF7D7FFF  D17,D19,D25
16:22:20.544     2414942  FFFFFFF7F7FFF  D17,D25
16:22:54.869     2448992  FFFFFFF7F7FFF  D17,D25
16:23:54.986     2508620  FFFFFFF7F7FFF  D17,D25
16:24:55.244     2568376  FFFFFFF7F7FFF  D17,D25
16:25:20.623     2593557  FFFFFFF7FFFFF  D25
16:25:21.308     2594235  FFFFFFF7F7FFF  D17,D25
16:25:55.261     2627908  FFFFFFF7F7FFF  D17,D25
16:26:55.498     2687653  FFFFFFF7F7FFF  D17,D25
16:27:55.778     2747438  FFFFFFF7F7FFF  D17,D25
16:28:56.007     2807189  FFFFFFF7F7FFF  D17,D25
16:29:56.244     2866921  FFFFFFF7F7FFF  D17,D25
16:30:56.405     2926595  FFFFFFF7F7FFF  D17,D25
16:31:56.657     2986355  FFFFFFF7F7FFF  D17,D25
16:32:56.860     3046068  FFFFFFF7F7FFF  D17,D25
16:33:06.141     3055277  FFFFFFF7D7FFF  D17,D19,D25
16:33:20.013     3069043  FFFFFFF7D3FFF  D16,D17,D19,D25
16:33:25.918     3074885  FFFFFFE7D3FFF  D16,D17,D19,D25,D26
16:33:25.918     3074888  FFFFFFEFD3FFF  D16,D17,D19,D26
16:33:28.658     3077613  FFFFFFE7D3FFF  D16,D17,D19,D25,D26
16:33:30.713     3079646  FFFFFFC7D3FFF  D16,D17,D19,D25,D26,D27
16:33:30.713     3079648  FFFFFFD7D3FFF  D16,D17,D19,D25,D27
16:33:30.713     3079650  FFFFFFDFD3FFF  D16,D17,D19,D27
16:33:33.297     3082215  FFFFFFD7D3FFF  D16,D17,D19,D25,D27
16:33:36.188     3085081  FFFFFFC7D3FFF  D16,D17,D19,D25,D26,D27
16:33:36.188     3085085  FFFFFFCFD3FFF  D16,D17,D19,D26,D27
16:33:38.253     3087134  FFFFFFC7D3FFF  D16,D17,D19,D25,D26,D27
16:33:40.111     3088959  FFFFFF87D3FFF  D16,D17,D19,D25,D26,D27,D28
16:33:40.111     3088961  FFFFFFB7D3FFF  D16,D17,D19,D25,D28
16:33:40.111     3088963  FFFFFFBFD3FFF  D16,D17,D19,D28
16:33:41.940     3090784  FFFFFFB7D3FFF  D16,D17,D19,D25,D28
16:33:43.780     3092610  FFFFFFA7D3FFF  D16,D17,D19,D25,D26,D28
16:33:43.780     3092613  FFFFFFAFD3FFF  D16,D17,D19,D26,D28
16:33:46.335     3095148  FFFFFFA7D3FFF  D16,D17,D19,D25,D26,D28
16:33:50.069     3098846  FFFFFFA7D7FFF  D17,D19,D25,D26,D28
16:33:57.142     3105856  FFFFFFA7D7FFF  D17,D19,D25,D26,D28
16:33:58.789     3107491  FFFFFFA7F7FFF  D17,D25,D26,D28
16:34:00.372     3109074  FFFFFFA7D7FFF  D17,D19,D25,D26,D28
16:34:01.374     3110067  FFFFFFA7D3FFF  D16,D17,D19,D25,D26,D28
16:34:06.263     3114906  FFFFFF87D3FFF  D16,D17,D19,D25,D26,D27,D28
16:34:06.263     3114908  FFFFFF97D3FFF  D16,D17,D19,D25,D27,D28
16:34:06.263     3114910  FFFFFF9FD3FFF  D16,D17,D19,D27,D28
16:34:10.789     3119318  FFFFFF9FD7FFF  D17,D19,D27,D28
16:34:10.789     3119389  FFFFFF9F97FFF  D17,D19,D20,D27,D28
16:34:10.789     3119394  FFFFFF9FB7FFF  D17,D20,D27,D28
16:34:14.818     3123397  FFFFFF9FB3FFF  D16,D17,D20,D27,D28
16:34:19.620     3128158  FFFFFF87B3FFF  D16,D17,D20,D25,D26,D27,D28
16:34:19.620     3128160  FFFFFFA7B3FFF  D16,D17,D20,D25,D26,D28
16:34:22.150     3130660  FFFFFFAFB3FFF  D16,D17,D20,D26,D28
16:34:27.020     3135505  FFFFFFAFB7FFF  D17,D20,D26,D28
16:34:37.747     3146140  FFFFFFAFB3FFF  D16,D17,D20,D26,D28
16:34:41.109     3149462  FFFFFFA7B3FFF  D16,D17,D20,D25,D26,D28
16:34:41.109     3149464  FFFFFFB7B3FFF  D16,D17,D20,D25,D28
16:34:43.588     3151927  FFFFFFBFB3FFF  D16,D17,D20,D28
16:34:45.437     3153757  FFFFFFB7B3FFF  D16,D17,D20,D25,D28
16:34:45.438     3153759  FFFFFF87B3FFF  D16,D17,D20,D25,D26,D27,D28
16:34:45.438     3153764  FFFFFFC7B3FFF  D16,D17,D20,D25,D26,D27
16:34:47.268     3155575  FFFFFFCFB3FFF  D16,D17,D20,D26,D27
16:34:49.384     3157675  FFFFFFC7B3FFF  D16,D17,D20,D25,D26,D27
16:34:49.385     3157677  FFFFFFD7B3FFF  D16,D17,D20,D25,D27
16:34:52.227     3160495  FFFFFFDFB3FFF  D16,D17,D20,D27
16:34:54.819     3163070  FFFFFFD7B3FFF  D16,D17,D20,D25,D27
16:34:54.820     3163072  FFFFFFE7B3FFF  D16,D17,D20,D25,D26
16:34:56.856     3165097  FFFFFFEFB3FFF  D16,D17,D20,D26
16:34:57.373     3165599  FFFFFFEFB3FFF  D16,D17,D20,D26
16:34:59.664     3167881  FFFFFFE7B3FFF  D16,D17,D20,D25,D26
16:34:59.665     3167883  FFFFFFF7B3FFF  D16,D17,D20,D25
16:35:01.504     3169696  FFFFFFF793FFF  D16,D17,D19,D20,D25
16:35:01.504     3169698  FFFFFFF7D3FFF  D16,D17,D19,D25
16:35:05.110     3173274  FFFFFFF7D7FFF  D17,D19,D25
16:35:13.817     3181920  FFFFFFF7F7FFF  D17,D25
16:35:57.830     3225575  FFFFFFF7F7FFF  D17,D25
16:36:58.213     3285455  FFFFFFF7F7FFF  D17,D25
16:37:57.496     3344262  FFFFFFF7D7FFF  D17,D19,D25
16:37:58.493     3345254  FFFFFFF7D3FFF  D16,D17,D19,D25
16:37:59.012     3345757  FFFFFFF7D3FFF  D16,D17,D19,D25
16:38:04.345     3351046  FFFFFFE7D3FFF  D16,D17,D19,D25,D26
16:38:04.345     3351050  FFFFFFEFD3FFF  D16,D17,D19,D26
16:38:07.142     3353823  FFFFFFE7D3FFF  D16,D17,D19,D25,D26
16:38:09.137     3355807  FFFFFFC7D3FFF  D16,D17,D19,D25,D26,D27
16:38:09.137     3355808  FFFFFFD7D3FFF  D16,D17,D19,D25,D27
16:38:09.137     3355810  FFFFFFDFD3FFF  D16,D17,D19,D27
16:38:11.738     3358386  FFFFFFD7D3FFF  D16,D17,D19,D25,D27
16:38:14.622     3361243  FFFFFFC7D3FFF  D16,D17,D19,D25,D26,D27
16:38:14.622     3361246  FFFFFFCFD3FFF  D16,D17,D19,D26,D27
16:38:17.658     3364020  FFFFFFC7D3FFF  D16,D17,D19,D25,D26,D27
16:38:17.658     3364100  FFFFFFC793FFF  D16,D17,D19,D20,D25,D26,D27
16:38:17.658     3364262  FFFFFFC7B3FFF  D16,D17,D20,D25,D26,D27
16:38:20.257     3366834  FFFFFFC7B7FFF  D17,D20,D25,D26,D27
16:38:30.385     3376874  FFFFFFC7B3FFF  D16,D17,D20,D25,D26,D27
16:38:33.740     3380210  FFFFFFCFB3FFF  D16,D17,D20,D26,D27
16:38:36.499     3382944  FFFFFFC7B3FFF  D16,D17,D20,D25,D26,D27
16:38:36.499     3382945  FFFFFFD7B3FFF  D16,D17,D20,D25,D27
16:38:39.389     3385804  FFFFFFDFB3FFF  D16,D17,D20,D27
16:38:41.977     3388379  FFFFFFD7B3FFF  D16,D17,D20,D25,D27
16:38:41.977     3388381  FFFFFFE7B3FFF  D16,D17,D20,D25,D26
16:38:44.019     3390406  FFFFFFEFB3FFF  D16,D17,D20,D26
16:38:46.781     3393140  FFFFFFE7B3FFF  D16,D17,D20,D25,D26
16:38:46.781     3393142  FFFFFFF7B3FFF  D16,D17,D20,D25
16:38:48.703     3395045  FFFFFFF793FFF  D16,D17,D19,D20,D25
16:38:48.703     3395047  FFFFFFF7D3FFF  D16,D17,D19,D25
16:38:52.216     3398534  FFFFFFF7D7FFF  D17,D19,D25
16:38:59.297     3405550  FFFFFFF7D7FFF  D17,D19,D25
16:39:00.862     3407110  FFFFFFF7F7FFF  D17,D25
16:39:59.528     3465305  FFFFFFF7F7FFF  D17,D25
16:40:59.769     3525042  FFFFFFF7F7FFF  D17,D25
16:42:00.009     3584791  FFFFFFF7F7FFF  D17,D25
16:42:01.544     3586320  FFFFFFF7FFFFF  D25
16:42:02.227     3586998  FFFFFFF7F7FFF  D17,D25
16:42:18.778     3603412  FFFFFFF7D7FFF  D17,D19,D25
16:43:00.222     3644513  FFFFFFF7D7FFF  D17,D19,D25
16:43:14.061     3658243  FFFFFFF7D3FFF  D16,D17,D19,D25
16:43:19.937     3664074  FFFFFFE7D3FFF  D16,D17,D19,D25,D26
16:43:19.937     3664078  FFFFFFEFD3FFF  D16,D17,D19,D26
16:43:22.695     3666811  FFFFFFE7D3FFF  D16,D17,D19,D25,D26
16:43:24.736     3668835  FFFFFFC7D3FFF  D16,D17,D19,D25,D26,D27
16:43:24.736     3668837  FFFFFFD7D3FFF  D16,D17,D19,D25,D27
16:43:24.736     3668839  FFFFFFDFD3FFF  D16,D17,D19,D27
16:43:27.334     3671414  FFFFFFD7D3FFF  D16,D17,D19,D25,D27
16:43:30.226     3674271  FFFFFFC7D3FFF  D16,D17,D19,D25,D26,D27
16:43:30.226     3674274  FFFFFFCFD3FFF  D16,D17,D19,D26,D27
16:43:32.296     3676333  FFFFFFC7D3FFF  D16,D17,D19,D25,D26,D27
16:43:34.136     3678158  FFFFFF87D3FFF  D16,D17,D19,D25,D26,D27,D28
16:43:34.136     3678160  FFFFFFB7D3FFF  D16,D17,D19,D25,D28
16:43:34.136     3678162  FFFFFFBFD3FFF  D16,D17,D19,D28
16:43:35.983     3679983  FFFFFFB7D3FFF  D16,D17,D19,D25,D28
16:43:37.788     3681769  FFFFFFA7D3FFF  D16,D17,D19,D25,D26,D28
16:43:37.789     3681773  FFFFFFAFD3FFF  D16,D17,D19,D26,D28
16:43:40.114     3684080  FFFFFFA7D3FFF  D16,D17,D19,D25,D26,D28
16:43:42.389     3686332  FFFFFF87D3FFF  D16,D17,D19,D25,D26,D27,D28
16:43:42.389     3686334  FFFFFF97D3FFF  D16,D17,D19,D25,D27,D28
16:43:42.389     3686335  FFFFFF9FD3FFF  D16,D17,D19,D27,D28
16:43:44.179     3688116  FFFFFF97D3FFF  D16,D17,D19,D25,D27,D28
16:43:46.025     3689952  FFFFFF87D3FFF  D16,D17,D19,D25,D26,D27,D28
16:43:46.025     3689955  FFFFFF8FD3FFF  D16,D17,D19,D26,D27,D28
16:43:47.858     3691766  FFFFFF87D3FFF  D16,D17,D19,D25,D26,D27,D28
16:43:49.702     3693591  FFFFFF07D3FFF  D16,D17,D19,D25,D26,D27,D28,D29
16:43:49.703     3693593  FFFFFF37D3FFF  D16,D17,D19,D25,D28,D29
16:43:49.703     3693595  FFFFFF3FD3FFF  D16,D17,D19,D28,D29
16:43:49.703     3693598  FFFFFF7FD3FFF  D16,D17,D19,D29
16:43:51.504     3695377  FFFFFF77D3FFF  D16,D17,D19,D25,D29
16:43:53.337     3697202  FFFFFF67D3FFF  D16,D17,D19,D25,D26,D29
16:43:53.338     3697205  FFFFFF6FD3FFF  D16,D17,D19,D26,D29
16:43:55.182     3699027  FFFFFF67D3FFF  D16,D17,D19,D25,D26,D29
16:43:57.069     3700892  FFFFFF47D3FFF  D16,D17,D19,D25,D26,D27,D29
16:43:57.069     3700893  FFFFFF57D3FFF  D16,D17,D19,D25,D27,D29
16:43:57.069     3700896  FFFFFF5FD3FFF  D16,D17,D19,D27,D29
16:43:58.978     3702797  FFFFFF57D3FFF  D16,D17,D19,D25,D27,D29
16:44:00.503     3704306  FFFFFF57D3FFF  D16,D17,D19,D25,D27,D29
16:44:01.537     3705335  FFFFFF47D3FFF  D16,D17,D19,D25,D26,D27,D29
16:44:01.537     3705338  FFFFFF4FD3FFF  D16,D17,D19,D26,D27,D29
16:44:04.459     3708229  FFFFFF4FD7FFF  D17,D19,D26,D27,D29
16:44:13.188     3716884  FFFFFF4FF7FFF  D17,D26,D27,D29
16:44:23.423     3727037  FFFFFF4FB7FFF  D17,D20,D26,D27,D29
16:44:24.414     3728029  FFFFFF4FB3FFF  D16,D17,D20,D26,D27,D29
16:44:27.778     3731361  FFFFFF47B3FFF  D16,D17,D20,D25,D26,D27,D29
16:44:27.778     3731362  FFFFFF57B3FFF  D16,D17,D20,D25,D27,D29
16:44:30.337     3733904  FFFFFF5FB3FFF  D16,D17,D20,D27,D29
16:44:32.258     3735804  FFFFFF57B3FFF  D16,D17,D20,D25,D27,D29
16:44:32.258     3735806  FFFFFF67B3FFF  D16,D17,D20,D25,D26,D29
16:44:34.140     3737672  FFFFFF6FB3FFF  D16,D17,D20,D26,D29
16:44:35.939     3739455  FFFFFF67B3FFF  D16,D17,D20,D25,D26,D29
16:44:35.940     3739457  FFFFFF77B3FFF  D16,D17,D20,D25,D29
16:44:37.787     3741284  FFFFFF7FB3FFF  D16,D17,D20,D29
16:44:39.629     3743105  FFFFFF07B3FFF  D16,D17,D20,D25,D26,D27,D28,D29
16:44:39.629     3743112  FFFFFF87B3FFF  D16,D17,D20,D25,D26,D27,D28
16:44:41.466     3744933  FFFFFF8FB3FFF  D16,D17,D20,D26,D27,D28
16:44:43.265     3746715  FFFFFF87B3FFF  D16,D17,D20,D25,D26,D27,D28
16:44:43.265     3746717  FFFFFF97B3FFF  D16,D17,D20,D25,D27,D28
16:44:45.103     3748544  FFFFFF9FB3FFF  D16,D17,D20,D27,D28
16:44:46.944     3750365  FFFFFF97B3FFF  D16,D17,D20,D25,D27,D28
16:44:46.944     3750367  FFFFFFA7B3FFF  D16,D17,D20,D25,D26,D28
16:44:49.216     3752631  FFFFFFAFB3FFF  D16,D17,D20,D26,D28
16:44:51.496     3754889  FFFFFFA7B3FFF  D16,D17,D20,D25,D26,D28
16:44:51.496     3754890  FFFFFFB7B3FFF  D16,D17,D20,D25,D28
16:44:53.340     3756717  FFFFFFBFB3FFF  D16,D17,D20,D28
16:44:55.177     3758538  FFFFFF97B3FFF  D16,D17,D20,D25,D27,D28
16:44:55.177     3758540  FFFFFF87B3FFF  D16,D17,D20,D25,D26,D27,D28
16:44:55.177     3758544  FFFFFFC7B3FFF  D16,D17,D20,D25,D26,D27
16:44:57.099     3760447  FFFFFFCFB3FFF  D16,D17,D20,D26,D27
16:45:00.673     3763985  FFFFFFCFB3FFF  D16,D17,D20,D26,D27
16:45:01.448     3764764  FFFFFFCFB7FFF  D17,D20,D26,D27
16:45:12.173     3775400  FFFFFFCFB3FFF  D16,D17,D20,D26,D27
16:45:16.112     3779298  FFFFFFC7B3FFF  D16,D17,D20,D25,D26,D27
16:45:16.112     3779300  FFFFFFD7B3FFF  D16,D17,D20,D25,D27
16:45:19.337     3782505  FFFFFFDFB3FFF  D16,D17,D20,D27
16:45:21.973     3785119  FFFFFFD7B3FFF  D16,D17,D20,D25,D27
16:45:21.973     3785121  FFFFFFE7B3FFF  D16,D17,D20,D25,D26
16:45:23.974     3787107  FFFFFFEFB3FFF  D16,D17,D20,D26
16:45:26.781     3789880  FFFFFFE7B3FFF  D16,D17,D20,D25,D26
16:45:26.781     3789882  FFFFFFF7B3FFF  D16,D17,D20,D25
16:45:28.703     3791784  FFFFFFF793FFF  D16,D17,D19,D20,D25
16:45:28.703     3791787  FFFFFFF7D3FFF  D16,D17,D19,D25
16:45:32.168     3795233  FFFFFFF7D7FFF  D17,D19,D25
16:45:47.106     3810039  FFFFFFF7F7FFF  D17,D25
16:45:48.703     3811622  FFFFFFF7D7FFF  D17,D19,D25
16:45:49.740     3812654  FFFFFFF7D3FFF  D16,D17,D19,D25
16:45:55.632     3818497  FFFFFFE7D3FFF  D16,D17,D19,D25,D26
16:45:55.632     3818499  FFFFFFEFD3FFF  D16,D17,D19,D26
16:45:58.384     3821222  FFFFFFE7D3FFF  D16,D17,D19,D25,D26
16:46:00.428     3823256  FFFFFFC7D3FFF  D16,D17,D19,D25,D26,D27
16:46:00.428     3823258  FFFFFFD7D3FFF  D16,D17,D19,D25,D27
16:46:00.428     3823260  FFFFFFDFD3FFF  D16,D17,D19,D27
16:46:00.946     3823766  FFFFFFDFD3FFF  D16,D17,D19,D27
16:46:03.010     3825824  FFFFFFD7D3FFF  D16,D17,D19,D25,D27
16:46:06.304     3829079  FFFFFFC7D3FFF  D16,D17,D19,D25,D26,D27
16:46:06.304     3829082  FFFFFFCFD3FFF  D16,D17,D19,D26,D27
16:46:09.731     3832487  FFFFFFCFD7FFF  D17,D19,D26,D27
16:46:20.292     3842964  FFFFFFCFD3FFF  D16,D17,D19,D26,D27
16:46:25.548     3848171  FFFFFFC7D3FFF  D16,D17,D19,D25,D26,D27
16:46:28.375     3850976  FFFFFFC7D7FFF  D17,D19,D25,D26,D27
16:46:37.184     3859710  FFFFFFC7F7FFF  D17,D25,D26,D27
16:47:01.041     3883370  FFFFFFC7F7FFF  D17,D25,D26,D27
16:47:25.497     3907634  FFFFFFC7D7FFF  D17,D19,D25,D26,D27
16:47:26.456     3908586  FFFFFFC7D3FFF  D16,D17,D19,D25,D26,D27
16:47:31.256     3913347  FFFFFF87D3FFF  D16,D17,D19,D25,D26,D27,D28
16:47:31.257     3913348  FFFFFFB7D3FFF  D16,D17,D19,D25,D28
16:47:31.257     3913350  FFFFFFBFD3FFF  D16,D17,D19,D28
16:47:33.174     3915250  FFFFFFB7D3FFF  D16,D17,D19,D25,D28
16:47:35.022     3917076  FFFFFFA7D3FFF  D16,D17,D19,D25,D26,D28
16:47:35.022     3917078  FFFFFFAFD3FFF  D16,D17,D19,D26,D28
16:47:37.292     3919338  FFFFFFA7D3FFF  D16,D17,D19,D25,D26,D28
16:47:39.638     3921648  FFFFFF87D3FFF  D16,D17,D19,D25,D26,D27,D28
16:47:39.638     3921650  FFFFFF97D3FFF  D16,D17,D19,D25,D27,D28
16:47:39.638     3921652  FFFFFF9FD3FFF  D16,D17,D19,D27,D28
16:47:41.417     3923424  FFFFFF97D3FFF  D16,D17,D19,D25,D27,D28
16:47:43.946     3925923  FFFFFF87D3FFF  D16,D17,D19,D25,D26,D27,D28
16:47:43.946     3925926  FFFFFF8FD3FFF  D16,D17,D19,D26,D27,D28
16:47:46.944     3928777  FFFFFF8FD7FFF  D17,D19,D26,D27,D28
16:47:46.944     3928898  FFFFFF8F97FFF  D17,D19,D20,D26,D27,D28
16:47:46.944     3928902  FFFFFF8FB7FFF  D17,D20,D26,D27,D28
16:47:50.936     3932866  FFFFFF8FB3FFF  D16,D17,D20,D26,D27,D28
16:47:54.253     3936158  FFFFFF87B3FFF  D16,D17,D20,D25,D26,D27,D28
16:47:54.253     3936160  FFFFFF97B3FFF  D16,D17,D20,D25,D27,D28
16:47:56.758     3938632  FFFFFF9FB3FFF  D16,D17,D20,D27,D28
16:47:58.574     3940444  FFFFFF87B3FFF  D16,D17,D20,D25,D26,D27,D28
16:47:58.574     3940445  FFFFFFA7B3FFF  D16,D17,D20,D25,D26,D28
16:48:00.859     3942709  FFFFFFAFB3FFF  D16,D17,D20,D26,D28
16:48:01.379     3943216  FFFFFFAFB3FFF  D16,D17,D20,D26,D28
16:48:03.154     3944976  FFFFFFA7B3FFF  D16,D17,D20,D25,D26,D28
16:48:03.155     3944978  FFFFFFB7B3FFF  D16,D17,D20,D25,D28
16:48:04.973     3946795  FFFFFFBFB3FFF  D16,D17,D20,D28
16:48:06.839     3948626  FFFFFF87B3FFF  D16,D17,D20,D25,D26,D27,D28
16:48:06.839     3948633  FFFFFFC7B3FFF  D16,D17,D20,D25,D26,D27
16:48:08.626     3950406  FFFFFFCFB3FFF  D16,D17,D20,D26,D27
16:48:10.736     3952504  FFFFFFC7B3FFF  D16,D17,D20,D25,D26,D27
16:48:10.736     3952506  FFFFFFD7B3FFF  D16,D17,D20,D25,D27
16:48:13.626     3955364  FFFFFFDFB3FFF  D16,D17,D20,D27
16:48:16.216     3957940  FFFFFFD7B3FFF  D16,D17,D20,D25,D27
16:48:16.216     3957941  FFFFFFE7B3FFF  D16,D17,D20,D25,D26
16:48:18.259     3959967  FFFFFFEFB3FFF  D16,D17,D20,D26
16:48:21.071     3962750  FFFFFFE7B3FFF  D16,D17,D20,D25,D26
16:48:21.072     3962753  FFFFFFF7B3FFF  D16,D17,D20,D25
16:48:22.937     3964606  FFFFFFF793FFF  D16,D17,D19,D20,D25
16:48:22.937     3964607  FFFFFFF7D3FFF  D16,D17,D19,D25
16:48:26.619     3968094  FFFFFFF7D7FFF  D17,D19,D25
16:48:26.619     3968260  FFFFFFF7F7FFF  D17,D25
16:49:01.479     4002831  FFFFFFF7F7FFF  D17,D25
16:49:26.458     4027608  FFFFFFF7D7FFF  D17,D19,D25
16:49:27.416     4028560  FFFFFFF7D3FFF  D16,D17,D19,D25
16:49:33.299     4034392  FFFFFFE7D3FFF  D16,D17,D19,D25,D26
16:49:33.299     4034395  FFFFFFEFD3FFF  D16,D17,D19,D26
16:49:36.054     4037129  FFFFFFE7D3FFF  D16,D17,D19,D25,D26
16:49:38.109     4039152  FFFFFFC7D3FFF  D16,D17,D19,D25,D26,D27
16:49:38.109     4039154  FFFFFFD7D3FFF  D16,D17,D19,D25,D27
16:49:38.109     4039156  FFFFFFDFD3FFF  D16,D17,D19,D27
16:49:40.690     4041731  FFFFFFD7D3FFF  D16,D17,D19,D25,D27
16:49:44.220     4044995  FFFFFFC7D3FFF  D16,D17,D19,D25,D26,D27
16:49:44.220     4044997  FFFFFFCFD3FFF  D16,D17,D19,D26,D27
16:49:44.220     4045065  FFFFFFCF93FFF  D16,D17,D19,D20,D26,D27
16:49:44.220     4045227  FFFFFFCFB3FFF  D16,D17,D20,D26,D27
16:49:47.418     4048394  FFFFFFCFB7FFF  D17,D20,D26,D27
16:49:58.134     4059029  FFFFFFCFB3FFF  D16,D17,D20,D26,D27
16:50:02.028     4062547  FFFFFFCFB3FFF  D16,D17,D20,D26,D27
16:50:02.028     4062887  FFFFFFC7B3FFF  D16,D17,D20,D25,D26,D27
16:50:02.028     4062889  FFFFFFD7B3FFF  D16,D17,D20,D25,D27
16:50:05.298     4066136  FFFFFFDFB3FFF  D16,D17,D20,D27
16:50:07.904     4068709  FFFFFFD7B3FFF  D16,D17,D20,D25,D27
16:50:07.904     4068711  FFFFFFE7B3FFF  D16,D17,D20,D25,D26
16:50:09.947     4070747  FFFFFFEFB3FFF  D16,D17,D20,D26
16:50:12.754     4073520  FFFFFFE7B3FFF  D16,D17,D20,D25,D26
16:50:12.754     4073522  FFFFFFF7B3FFF  D16,D17,D20,D25
16:50:14.625     4075375  FFFFFFF793FFF  D16,D17,D19,D20,D25
16:50:14.625     4075377  FFFFFFF7D3FFF  D16,D17,D19,D25
16:50:18.140     4078863  FFFFFFF7D7FFF  D17,D19,D25
16:50:26.776     4087440  FFFFFFF7F7FFF  D17,D25
16:51:02.154     4122519  FFFFFFF7F7FFF  D17,D25
16:52:01.820     4181701  FFFFFFF7D7FFF  D17,D19,D25
16:52:02.334     4182213  FFFFFFF7D7FFF  D17,D19,D25
16:52:14.297     4194083  FFFFFFF7F7FFF  D17,D25
16:52:15.575     4195349  FFFFFFF7D7FFF  D17,D19,D25
16:52:16.594     4196352  FFFFFFF7D3FFF  D16,D17,D19,D25
16:52:22.459     4202173  FFFFFFE7D3FFF  D16,D17,D19,D25,D26
16:52:22.460     4202177  FFFFFFEFD3FFF  D16,D17,D19,D26
16:52:25.233     4204920  FFFFFFE7D3FFF  D16,D17,D19,D25,D26
16:52:27.269     4206934  FFFFFFC7D3FFF  D16,D17,D19,D25,D26,D27
16:52:27.269     4206936  FFFFFFD7D3FFF  D16,D17,D19,D25,D27
16:52:27.269     4206938  FFFFFFDFD3FFF  D16,D17,D19,D27
16:52:29.869     4209523  FFFFFFD7D3FFF  D16,D17,D19,D25,D27
16:52:33.139     4212766  FFFFFFC7D3FFF  D16,D17,D19,D25,D26,D27
16:52:33.140     4212768  FFFFFFCFD3FFF  D16,D17,D19,D26,D27
16:52:36.607     4216215  FFFFFFCFD7FFF  D17,D19,D26,D27
16:52:45.344     4224871  FFFFFFCFF7FFF  D17,D26,D27
16:52:50.462     4229945  FFFFFFCFD7FFF  D17,D19,D26,D27
16:52:51.419     4230897  FFFFFFCFD3FFF  D16,D17,D19,D26,D27
16:52:56.209     4235658  FFFFFFC7D3FFF  D16,D17,D19,D25,D26,D27
16:52:58.134     4237561  FFFFFF87D3FFF  D16,D17,D19,D25,D26,D27,D28
16:52:58.134     4237563  FFFFFFB7D3FFF  D16,D17,D19,D25,D28
16:52:58.134     4237565  FFFFFFBFD3FFF  D16,D17,D19,D28
16:52:59.981     4239387  FFFFFFB7D3FFF  D16,D17,D19,D25,D28
16:53:01.813     4241213  FFFFFFA7D3FFF  D16,D17,D19,D25,D26,D28
16:53:01.813     4241215  FFFFFFAFD3FFF  D16,D17,D19,D26,D28
16:53:02.836     4242220  FFFFFFAFD3FFF  D16,D17,D19,D26,D28
16:53:04.090     4243473  FFFFFFA7D3FFF  D16,D17,D19,D25,D26,D28
16:53:06.380     4245736  FFFFFF97D3FFF  D16,D17,D19,D25,D27,D28
16:53:06.380     4245738  FFFFFF9FD3FFF  D16,D17,D19,D27,D28
16:53:08.223     4247560  FFFFFF97D3FFF  D16,D17,D19,D25,D27,D28
16:53:10.024     4249356  FFFFFF87D3FFF  D16,D17,D19,D25,D26,D27,D28
16:53:10.024     4249360  FFFFFF8FD3FFF  D16,D17,D19,D26,D27,D28
16:53:11.851     4251169  FFFFFF87D3FFF  D16,D17,D19,D25,D26,D27,D28
16:53:13.707     4253005  FFFFFF07D3FFF  D16,D17,D19,D25,D26,D27,D28,D29
16:53:13.708     4253007  FFFFFF37D3FFF  D16,D17,D19,D25,D28,D29
16:53:13.708     4253009  FFFFFF3FD3FFF  D16,D17,D19,D28,D29
16:53:13.708     4253011  FFFFFF7FD3FFF  D16,D17,D19,D29
16:53:15.502     4254780  FFFFFF77D3FFF  D16,D17,D19,D25,D29
16:53:17.346     4256607  FFFFFF67D3FFF  D16,D17,D19,D25,D26,D29
16:53:17.346     4256609  FFFFFF6FD3FFF  D16,D17,D19,D26,D29
16:53:19.300     4258560  FFFFFF67D3FFF  D16,D17,D19,D25,D26,D29
16:53:23.737     4262871  FFFFFF67D7FFF  D17,D19,D25,D26,D29
16:53:23.737     4262958  FFFFFF67F7FFF  D17,D25,D26,D29
16:54:03.221     4302123  FFFFFF67F7FFF  D17,D25,D26,D29
16:55:03.487     4361888  FFFFFF67F7FFF  D17,D25,D26,D29
16:56:03.894     4421799  FFFFFF67F7FFF  D17,D25,D26,D29
16:56:24.420     4442168  FFFFFF67FFFFF  D25,D26,D29
16:56:25.102     4442835  FFFFFF67F7FFF  D17,D25,D26,D29
16:57:04.107     4481522  FFFFFF67F7FFF  D17,D25,D26,D29
16:58:04.403     4541330  FFFFFF67F7FFF  D17,D25,D26,D29
16:59:04.673     4601108  FFFFFF67F7FFF  D17,D25,D26,D29
17:00:04.799     4660744  FFFFFF67F7FFF  D17,D25,D26,D29
17:01:05.014     4720480  FFFFFF67F7FFF  D17,D25,D26,D29
17:01:09.666     4725088  FFFFFF67B7FFF  D17,D20,D25,D26,D29
17:01:10.703     4726108  FFFFFF67B3FFF  D16,D17,D20,D25,D26,D29
17:01:15.462     4730832  FFFFFF6FB3FFF  D16,D17,D20,D26,D29
17:01:17.412     4732773  FFFFFF67B3FFF  D16,D17,D20,D25,D26,D29
17:01:17.412     4732775  FFFFFF77B3FFF  D16,D17,D20,D25,D29
17:01:19.273     4734613  FFFFFF7FB3FFF  D16,D17,D20,D29
17:01:21.099     4736423  FFFFFF17B3FFF  D16,D17,D20,D25,D27,D28,D29
17:01:21.100     4736425  FFFFFF07B3FFF  D16,D17,D20,D25,D26,D27,D28,D29
17:01:21.100     4736427  FFFFFF87B3FFF  D16,D17,D20,D25,D26,D27,D28
17:01:22.953     4738262  FFFFFF8FB3FFF  D16,D17,D20,D26,D27,D28
17:01:24.732     4740033  FFFFFF87B3FFF  D16,D17,D20,D25,D26,D27,D28
17:01:24.733     4740035  FFFFFF97B3FFF  D16,D17,D20,D25,D27,D28
17:01:26.585     4741862  FFFFFF9FB3FFF  D16,D17,D20,D27,D28
17:01:28.416     4743684  FFFFFF97B3FFF  D16,D17,D20,D25,D27,D28
17:01:28.416     4743686  FFFFFFA7B3FFF  D16,D17,D20,D25,D26,D28
17:01:30.694     4745948  FFFFFFAFB3FFF  D16,D17,D20,D26,D28
17:01:32.968     4748207  FFFFFFB7B3FFF  D16,D17,D20,D25,D28
17:01:34.952     4750163  FFFFFFBFB3FFF  D16,D17,D20,D28
17:01:39.270     4754443  FFFFFFBFB7FFF  D17,D20,D28
17:01:50.251     4765346  FFFFFFBFB3FFF  D16,D17,D20,D28
17:01:53.582     4768638  FFFFFF97B3FFF  D16,D17,D20,D25,D27,D28
17:01:53.582     4768641  FFFFFF87B3FFF  D16,D17,D20,D25,D26,D27,D28
17:01:53.582     4768645  FFFFFFC7B3FFF  D16,D17,D20,D25,D26,D27
17:01:56.065     4771112  FFFFFFCFB3FFF  D16,D17,D20,D26,D27
17:01:58.177     4773201  FFFFFFC7B3FFF  D16,D17,D20,D25,D26,D27
17:01:58.177     4773202  FFFFFFD7B3FFF  D16,D17,D20,D25,D27
17:02:01.022     4776031  FFFFFFDFB3FFF  D16,D17,D20,D27
17:02:03.661     4778636  FFFFFFD7B3FFF  D16,D17,D20,D25,D27
17:02:03.661     4778638  FFFFFFE7B3FFF  D16,D17,D20,D25,D26
17:02:05.188     4780150  FFFFFFE7B3FFF  D16,D17,D20,D25,D26
17:02:05.694     4780663  FFFFFFEFB3FFF  D16,D17,D20,D26
17:02:08.454     4783397  FFFFFFE7B3FFF  D16,D17,D20,D25,D26
17:02:08.454     4783399  FFFFFFF7B3FFF  D16,D17,D20,D25
17:02:10.302     4785233  FFFFFFF793FFF  D16,D17,D19,D20,D25
17:02:10.302     4785234  FFFFFFF7D3FFF  D16,D17,D19,D25
17:02:13.860     4788751  FFFFFFF7D7FFF  D17,D19,D25
17:02:22.616     4797447  FFFFFFF7F7FFF  D17,D25
17:03:05.222     4839709  FFFFFFF7F7FFF  D17,D25
17:04:05.385     4899381  FFFFFFF7F7FFF  D17,D25
17:05:05.517     4959023  FFFFFFF7F7FFF  D17,D25
17:05:23.292     4976647  FFFFFFF7FFFFF  D25
17:05:23.976     4977325  FFFFFFF7F7FFF  D17,D25
17:06:05.541     5018551  FFFFFFF7F7FFF  D17,D25
17:07:05.775     5078289  FFFFFFF7F7FFF  D17,D25
17:08:05.953     5137976  FFFFFFF7F7FFF  D17,D25
17:09:06.090     5197625  FFFFFFF7F7FFF  D17,D25
17:10:06.305     5257334  FFFFFFF7F7FFF  D17,D25
===== capture stopped 2026-08-08 17:11:00, 990 changes in 89.3 min =====
# lift: B

===== capture started 2026-08-30 09:44:23  lift=B  port=COM99 =====
--- link lost 09:44:23: could not open port 'COM99': FileNotFoundError(2, 'The system cannot find the file specified.', None, 2) ---
--- link lost 09:44:26: could not open port 'COM99': FileNotFoundError(2, 'The system cannot find the file specified.', None, 2) ---
--- link lost 09:44:29: could not open port 'COM99': FileNotFoundError(2, 'The system cannot find the file specified.', None, 2) ---
--- link lost 09:44:32: could not open port 'COM99': FileNotFoundError(2, 'The system cannot find the file specified.', None, 2) ---
--- link lost 09:44:35: could not open port 'COM99': FileNotFoundError(2, 'The system cannot find the file specified.', None, 2) ---
--- link lost 09:44:38: could not open port 'COM99': FileNotFoundError(2, 'The system cannot find the file specified.', None, 2) ---
--- link lost 09:44:41: could not open port 'COM99': FileNotFoundError(2, 'The system cannot find the file specified.', None, 2) ---
--- link lost 09:44:44: could not open port 'COM99': FileNotFoundError(2, 'The system cannot find the file specified.', None, 2) ---
--- link lost 09:44:47: could not open port 'COM99': FileNotFoundError(2, 'The system cannot find the file specified.', None, 2) ---
--- link lost 09:44:50: could not open port 'COM99': FileNotFoundError(2, 'The system cannot find the file specified.', None, 2) ---
--- link lost 09:44:53: could not open port 'COM99': FileNotFoundError(2, 'The system cannot find the file specified.', None, 2) ---
--- link lost 09:44:56: could not open port 'COM99': FileNotFoundError(2, 'The system cannot find the file specified.', None, 2) ---
--- link lost 09:44:59: could not open port 'COM99': FileNotFoundError(2, 'The system cannot find the file specified.', None, 2) ---
--- link lost 09:45:02: could not open port 'COM99': FileNotFoundError(2, 'The system cannot find the file specified.', None, 2) ---
--- link lost 09:45:05: could not open port 'COM99': FileNotFoundError(2, 'The system cannot find the file specified.', None, 2) ---
--- link lost 09:45:08: could not open port 'COM99': FileNotFoundError(2, 'The system cannot find the file specified.', None, 2) ---
--- link lost 09:45:11: could not open port 'COM99': FileNotFoundError(2, 'The system cannot find the file specified.', None, 2) ---
--- link lost 09:45:14: could not open port 'COM99': FileNotFoundError(2, 'The system cannot find the file specified.', None, 2) ---
--- link lost 09:45:17: could not open port 'COM99': FileNotFoundError(2, 'The system cannot find the file specified.', None, 2) ---
--- link lost 09:45:20: could not open port 'COM99': FileNotFoundError(2, 'The system cannot find the file specified.', None, 2) ---
--- link lost 09:45:23: could not open port 'COM99': FileNotFoundError(2, 'The system cannot find the file specified.', None, 2) ---
--- link lost 09:45:26: could not open port 'COM99': FileNotFoundError(2, 'The system cannot find the file specified.', None, 2) ---
--- link lost 09:45:29: could not open port 'COM99': FileNotFoundError(2, 'The system cannot find the file specified.', None, 2) ---
--- link lost 09:45:32: could not open port 'COM99': FileNotFoundError(2, 'The system cannot find the file specified.', None, 2) ---
--- link lost 09:45:35: could not open port 'COM99': FileNotFoundError(2, 'The system cannot find the file specified.', None, 2) ---
--- link lost 09:45:38: could not open port 'COM99': FileNotFoundError(2, 'The system cannot find the file specified.', None, 2) ---
--- link lost 09:45:41: could not open port 'COM99': FileNotFoundError(2, 'The system cannot find the file specified.', None, 2) ---
--- link lost 09:45:44: could not open port 'COM99': FileNotFoundError(2, 'The system cannot find the file specified.', None, 2) ---
--- link lost 09:45:47: could not open port 'COM99': FileNotFoundError(2, 'The system cannot find the file specified.', None, 2) ---
--- link lost 09:45:50: could not open port 'COM99': FileNotFoundError(2, 'The system cannot find the file specified.', None, 2) ---
--- link lost 09:45:53: could not open port 'COM99': FileNotFoundError(2, 'The system cannot find the file specified.', None, 2) ---
--- link lost 09:45:56: could not open port 'COM99': FileNotFoundError(2, 'The system cannot find the file specified.', None, 2) ---
--- link lost 09:45:59: could not open port 'COM99': FileNotFoundError(2, 'The system cannot find the file specified.', None, 2) ---
--- link lost 09:46:02: could not open port 'COM99': FileNotFoundError(2, 'The system cannot find the file specified.', None, 2) ---
--- link lost 09:46:05: could not open port 'COM99': FileNotFoundError(2, 'The system cannot find the file specified.', None, 2) ---
--- link lost 09:46:08: could not open port 'COM99': FileNotFoundError(2, 'The system cannot find the file specified.', None, 2) ---
--- link lost 09:46:11: could not open port 'COM99': FileNotFoundError(2, 'The system cannot find the file specified.', None, 2) ---
--- link lost 09:46:14: could not open port 'COM99': FileNotFoundError(2, 'The system cannot find the file specified.', None, 2) ---
--- link lost 09:46:17: could not open port 'COM99': FileNotFoundError(2, 'The system cannot find the file specified.', None, 2) ---
--- link lost 09:46:20: could not open port 'COM99': FileNotFoundError(2, 'The system cannot find the file specified.', None, 2) ---
--- link lost 09:46:23: could not open port 'COM99': FileNotFoundError(2, 'The system cannot find the file specified.', None, 2) ---
--- link lost 09:46:26: could not open port 'COM99': FileNotFoundError(2, 'The system cannot find the file specified.', None, 2) ---
--- link lost 09:46:29: could not open port 'COM99': FileNotFoundError(2, 'The system cannot find the file specified.', None, 2) ---
--- link lost 09:46:32: could not open port 'COM99': FileNotFoundError(2, 'The system cannot find the file specified.', None, 2) ---
--- link lost 09:46:35: could not open port 'COM99': FileNotFoundError(2, 'The system cannot find the file specified.', None, 2) ---
--- link lost 09:46:38: could not open port 'COM99': FileNotFoundError(2, 'The system cannot find the file specified.', None, 2) ---
--- link lost 09:46:41: could not open port 'COM99': FileNotFoundError(2, 'The system cannot find the file specified.', None, 2) ---
--- link lost 09:46:44: could not open port 'COM99': FileNotFoundError(2, 'The system cannot find the file specified.', None, 2) ---
# lift: 1

===== capture started 2026-08-30 19:51:51  lift=1  port=COM4 =====
--- armed, watch mode confirmed 19:51:57 ---
19:51:58.131        4730  FFFFFFF7F7FFF  D17,D25
19:52:07.636       14155  FFFFFFF7D7FFF  D17,D19,D25
19:52:20.121       26537  FFFFFFF7F7FFF  D17,D25
19:52:22.838       29232  FFFFFFF7D7FFF  D17,D19,D25
--- FW IODebug 1.2.2 2026-08-31 LIFT=1 19:52:23 ---
19:52:23.817       30184  FFFFFFF7D3FFF  D16,D17,D19,D25
19:52:29.630       35976  FFFFFFE7D3FFF  D16,D17,D19,D25,D26
19:52:29.630       35979  FFFFFFEFD3FFF  D16,D17,D19,D26
19:52:32.431       38753  FFFFFFE7D3FFF  D16,D17,D19,D25,D26
19:52:34.432       40737  FFFFFFC7D3FFF  D16,D17,D19,D25,D26,D27
19:52:34.432       40738  FFFFFFD7D3FFF  D16,D17,D19,D25,D27
19:52:34.432       40741  FFFFFFDFD3FFF  D16,D17,D19,D27
19:52:37.031       43316  FFFFFFD7D3FFF  D16,D17,D19,D25,D27
19:52:39.918       46173  FFFFFFC7D3FFF  D16,D17,D19,D25,D26,D27
19:52:39.918       46176  FFFFFFCFD3FFF  D16,D17,D19,D26,D27
19:52:42.037       48275  FFFFFFC7D3FFF  D16,D17,D19,D25,D26,D27
19:52:43.850       50071  FFFFFF87D3FFF  D16,D17,D19,D25,D26,D27,D28
19:52:43.850       50072  FFFFFFB7D3FFF  D16,D17,D19,D25,D28
19:52:43.850       50075  FFFFFFBFD3FFF  D16,D17,D19,D28
19:52:46.354       52559  FFFFFFB7D3FFF  D16,D17,D19,D25,D28
19:52:49.237       55413  FFFFFFB7D7FFF  D17,D19,D25,D28
19:52:52.822       58974  FFFFFFB7D7FFF  D17,D19,D25,D28
--- FW IODebug 1.2.2 2026-08-31 LIFT=1 19:52:53 ---
19:52:57.869       63990  FFFFFFB7F7FFF  D17,D25,D28
--- FW IODebug 1.2.2 2026-08-31 LIFT=1 19:53:24 ---
19:53:47.800      113499  FFFFFFB7B7FFF  D17,D20,D25,D28
19:53:48.753      114451  FFFFFFB7B3FFF  D16,D17,D20,D25,D28
19:53:52.036      117707  FFFFFFBFB3FFF  D16,D17,D20,D28
19:53:53.066      118728  FFFFFFBFB3FFF  D16,D17,D20,D28
--- FW IODebug 1.2.2 2026-08-31 LIFT=1 19:53:54 ---
19:53:54.557      120204  FFFFFFA7B3FFF  D16,D17,D20,D25,D26,D28
19:53:54.557      120205  FFFFFF87B3FFF  D16,D17,D20,D25,D26,D27,D28
19:53:54.557      120210  FFFFFFC7B3FFF  D16,D17,D20,D25,D26,D27
19:53:56.399      122034  FFFFFFCFB3FFF  D16,D17,D20,D26,D27
19:53:58.515      124131  FFFFFFC7B3FFF  D16,D17,D20,D25,D26,D27
19:53:58.515      124133  FFFFFFD7B3FFF  D16,D17,D20,D25,D27
19:54:01.353      126951  FFFFFFDFB3FFF  D16,D17,D20,D27
19:54:04.029      129606  FFFFFFC7B3FFF  D16,D17,D20,D25,D26,D27
19:54:04.029      129608  FFFFFFE7B3FFF  D16,D17,D20,D25,D26
19:54:08.906      134126  FFFFFFE7B7FFF  D17,D20,D25,D26
19:54:08.906      134290  FFFFFFE7F7FFF  D17,D25,D26
19:54:08.906      134447  FFFFFFE7D7FFF  D17,D19,D25,D26
19:54:12.713      138216  FFFFFFE7D3FFF  D16,D17,D19,D25,D26
19:54:17.760      143215  FFFFFFC7D3FFF  D16,D17,D19,D25,D26,D27
19:54:17.760      143216  FFFFFFD7D3FFF  D16,D17,D19,D25,D27
19:54:17.760      143218  FFFFFFDFD3FFF  D16,D17,D19,D27
19:54:20.908      146349  FFFFFFD7D3FFF  D16,D17,D19,D25,D27
19:54:24.592      149837  FFFFFFD7D7FFF  D17,D19,D25,D27
--- FW IODebug 1.2.2 2026-08-31 LIFT=1 19:54:24 ---
19:54:35.113      160433  FFFFFFD7D3FFF  D16,D17,D19,D25,D27
19:54:40.749      166027  FFFFFFC7D3FFF  D16,D17,D19,D25,D26,D27
19:54:40.749      166030  FFFFFFCFD3FFF  D16,D17,D19,D26,D27
19:54:42.865      168130  FFFFFFC7D3FFF  D16,D17,D19,D25,D26,D27
19:54:44.676      169915  FFFFFF87D3FFF  D16,D17,D19,D25,D26,D27,D28
19:54:44.676      169917  FFFFFFB7D3FFF  D16,D17,D19,D25,D28
19:54:44.676      169919  FFFFFFBFD3FFF  D16,D17,D19,D28
19:54:46.518      171741  FFFFFFB7D3FFF  D16,D17,D19,D25,D28
19:54:48.360      173565  FFFFFFA7D3FFF  D16,D17,D19,D25,D26,D28
19:54:48.360      173569  FFFFFFAFD3FFF  D16,D17,D19,D26,D28
19:54:50.637      175826  FFFFFFA7D3FFF  D16,D17,D19,D25,D26,D28
19:54:52.921      178087  FFFFFF87D3FFF  D16,D17,D19,D25,D26,D27,D28
19:54:52.921      178089  FFFFFF97D3FFF  D16,D17,D19,D25,D27,D28
19:54:52.921      178092  FFFFFF9FD3FFF  D16,D17,D19,D27,D28
19:54:53.437      178606  FFFFFF9FD3FFF  D16,D17,D19,D27,D28
19:54:54.837      179912  FFFFFF97D3FFF  D16,D17,D19,D25,D27,D28
--- FW IODebug 1.2.2 2026-08-31 LIFT=1 19:54:54 ---
19:54:56.677      181818  FFFFFF87D3FFF  D16,D17,D19,D25,D26,D27,D28
19:54:56.677      181820  FFFFFF8FD3FFF  D16,D17,D19,D26,D27,D28
19:55:01.076      186179  FFFFFF8FD7FFF  D17,D19,D26,D27,D28
19:55:09.709      194756  FFFFFF8FF7FFF  D17,D26,D27,D28
--- FW IODebug 1.2.2 2026-08-31 LIFT=1 19:55:25 ---
19:55:53.732      238413  FFFFFF8FF7FFF  D17,D26,D27,D28
--- FW IODebug 1.2.2 2026-08-31 LIFT=1 19:55:55 ---
19:56:10.213      254756  FFFFFF8FF7FFF  D17,D26,D27,D28
--- FW IODebug 1.2.2 2026-08-31 LIFT=1 19:56:25 ---
19:56:53.747      297935  FFFFFF8FF7FFF  D17,D26,D27,D28
--- FW IODebug 1.2.2 2026-08-31 LIFT=1 19:56:55 ---
19:57:10.697      314756  FFFFFF8FF7FFF  D17,D26,D27,D28
--- FW IODebug 1.2.2 2026-08-31 LIFT=1 19:57:26 ---
19:57:54.157      357859  FFFFFF8FF7FFF  D17,D26,D27,D28
--- FW IODebug 1.2.2 2026-08-31 LIFT=1 19:57:56 ---
19:57:56.601      360270  FFFFFF8FB7FFF  D17,D20,D26,D27,D28
19:57:57.549      361223  FFFFFF8FB3FFF  D16,D17,D20,D26,D27,D28
19:58:02.359      365983  FFFFFF87B3FFF  D16,D17,D20,D25,D26,D27,D28
19:58:02.359      365985  FFFFFF97B3FFF  D16,D17,D20,D25,D27,D28
19:58:04.268      367891  FFFFFF9FB3FFF  D16,D17,D20,D27,D28
19:58:06.114      369712  FFFFFF97B3FFF  D16,D17,D20,D25,D27,D28
19:58:06.115      369714  FFFFFFA7B3FFF  D16,D17,D20,D25,D26,D28
19:58:08.387      371978  FFFFFFAFB3FFF  D16,D17,D20,D26,D28
19:58:10.787      374354  FFFFFFA7B3FFF  D16,D17,D20,D25,D26,D28
19:58:10.787      374356  FFFFFFB7B3FFF  D16,D17,D20,D25,D28
19:58:15.151      378677  FFFFFFB7B7FFF  D17,D20,D25,D28
19:58:25.708      388679  FFFFFFB7F7FFF  D17,D25,D28
19:58:25.708      389153  FFFFFFB7D7FFF  D17,D19,D25,D28
--- FW IODebug 1.2.2 2026-08-31 LIFT=1 19:58:26 ---
19:58:26.672      390105  FFFFFFB7D3FFF  D16,D17,D19,D25,D28
19:58:31.474      394866  FFFFFFA7D3FFF  D16,D17,D19,D25,D26,D28
19:58:31.474      394870  FFFFFFAFD3FFF  D16,D17,D19,D26,D28
19:58:33.873      397246  FFFFFFA7D3FFF  D16,D17,D19,D25,D26,D28
19:58:36.158      399508  FFFFFF87D3FFF  D16,D17,D19,D25,D26,D27,D28
19:58:36.158      399510  FFFFFF97D3FFF  D16,D17,D19,D25,D27,D28
19:58:36.158      399511  FFFFFF9FD3FFF  D16,D17,D19,D27,D28
19:58:37.948      401293  FFFFFF97D3FFF  D16,D17,D19,D25,D27,D28
19:58:39.798      403119  FFFFFF87D3FFF  D16,D17,D19,D25,D26,D27,D28
19:58:39.798      403122  FFFFFF8FD3FFF  D16,D17,D19,D26,D27,D28
19:58:41.634      404942  FFFFFF87D3FFF  D16,D17,D19,D25,D26,D27,D28
19:58:43.480      406768  FFFFFF07D3FFF  D16,D17,D19,D25,D26,D27,D28,D29
19:58:43.480      406769  FFFFFF37D3FFF  D16,D17,D19,D25,D28,D29
19:58:43.480      406771  FFFFFF3FD3FFF  D16,D17,D19,D28,D29
19:58:43.480      406774  FFFFFF7FD3FFF  D16,D17,D19,D29
19:58:45.317      408593  FFFFFF77D3FFF  D16,D17,D19,D25,D29
19:58:47.113      410379  FFFFFF67D3FFF  D16,D17,D19,D25,D26,D29
19:58:47.113      410382  FFFFFF6FD3FFF  D16,D17,D19,D26,D29
19:58:48.950      412204  FFFFFF67D3FFF  D16,D17,D19,D25,D26,D29
19:58:50.838      414068  FFFFFF47D3FFF  D16,D17,D19,D25,D26,D27,D29
19:58:50.838      414069  FFFFFF57D3FFF  D16,D17,D19,D25,D27,D29
19:58:50.838      414071  FFFFFF5FD3FFF  D16,D17,D19,D27,D29
19:58:52.755      415972  FFFFFF57D3FFF  D16,D17,D19,D25,D27,D29
19:58:54.634      417489  FFFFFF57D3FFF  D16,D17,D19,D25,D27,D29
19:58:54.634      417838  FFFFFF47D3FFF  D16,D17,D19,D25,D26,D27,D29
19:58:54.634      417842  FFFFFF4FD3FFF  D16,D17,D19,D26,D27,D29
--- FW IODebug 1.2.2 2026-08-31 LIFT=1 19:58:56 ---
19:58:57.723      420574  FFFFFF47D3FFF  D16,D17,D19,D25,D26,D27,D29
19:58:57.724      420733  FFFFFF4793FFF  D16,D17,D19,D20,D25,D26,D27,D29
19:58:57.724      420896  FFFFFF47B3FFF  D16,D17,D20,D25,D26,D27,D29
19:59:00.747      423904  FFFFFF47B7FFF  D17,D20,D25,D26,D27,D29
19:59:11.750      434818  FFFFFF47B3FFF  D16,D17,D20,D25,D26,D27,D29
19:59:15.556      438590  FFFFFF4FB3FFF  D16,D17,D20,D26,D27,D29
19:59:18.317      441323  FFFFFF47B3FFF  D16,D17,D20,D25,D26,D27,D29
19:59:18.317      441325  FFFFFF57B3FFF  D16,D17,D20,D25,D27,D29
19:59:20.196      443193  FFFFFF5FB3FFF  D16,D17,D20,D27,D29
19:59:22.117      445092  FFFFFF57B3FFF  D16,D17,D20,D25,D27,D29
19:59:22.118      445094  FFFFFF67B3FFF  D16,D17,D20,D25,D26,D29
19:59:23.991      446961  FFFFFF6FB3FFF  D16,D17,D20,D26,D29
19:59:25.837      448783  FFFFFF67B3FFF  D16,D17,D20,D25,D26,D29
19:59:25.838      448785  FFFFFF77B3FFF  D16,D17,D20,D25,D29
--- FW IODebug 1.2.2 2026-08-31 LIFT=1 19:59:27 ---
19:59:27.673      450613  FFFFFF7FB3FFF  D16,D17,D20,D29
19:59:29.471      452392  FFFFFF77B3FFF  D16,D17,D20,D25,D29
19:59:29.471      452395  FFFFFF07B3FFF  D16,D17,D20,D25,D26,D27,D28,D29
19:59:29.471      452400  FFFFFF87B3FFF  D16,D17,D20,D25,D26,D27,D28
19:59:31.321      454221  FFFFFF8FB3FFF  D16,D17,D20,D26,D27,D28
19:59:33.147      456043  FFFFFF87B3FFF  D16,D17,D20,D25,D26,D27,D28
19:59:33.147      456044  FFFFFF97B3FFF  D16,D17,D20,D25,D27,D28
19:59:34.990      457873  FFFFFF9FB3FFF  D16,D17,D20,D27,D28
19:59:36.790      459653  FFFFFF97B3FFF  D16,D17,D20,D25,D27,D28
19:59:36.790      459655  FFFFFFA7B3FFF  D16,D17,D20,D25,D26,D28
19:59:39.070      461918  FFFFFFAFB3FFF  D16,D17,D20,D26,D28
19:59:41.395      464216  FFFFFFA7B3FFF  D16,D17,D20,D25,D26,D28
19:59:41.396      464218  FFFFFFB7B3FFF  D16,D17,D20,D25,D28
19:59:43.239      466045  FFFFFFBFB3FFF  D16,D17,D20,D28
19:59:45.042      467825  FFFFFFB7B3FFF  D16,D17,D20,D25,D28
19:59:45.042      467827  FFFFFF87B3FFF  D16,D17,D20,D25,D26,D27,D28
19:59:45.042      467832  FFFFFFC7B3FFF  D16,D17,D20,D25,D26,D27
19:59:46.867      469654  FFFFFFCFB3FFF  D16,D17,D20,D26,D27
19:59:48.997      471753  FFFFFFC7B3FFF  D16,D17,D20,D25,D26,D27
19:59:48.997      471755  FFFFFFD7B3FFF  D16,D17,D20,D25,D27
19:59:51.839      474574  FFFFFFDFB3FFF  D16,D17,D20,D27
19:59:54.429      477117  FFFFFFDFB3FFF  D16,D17,D20,D27
19:59:54.429      477149  FFFFFFD7B3FFF  D16,D17,D20,D25,D27
19:59:54.429      477151  FFFFFFE7B3FFF  D16,D17,D20,D25,D26
19:59:56.468      479176  FFFFFFEFB3FFF  D16,D17,D20,D26
--- FW IODebug 1.2.2 2026-08-31 LIFT=1 19:59:57 ---
19:59:59.268      481950  FFFFFFE7B3FFF  D16,D17,D20,D25,D26
19:59:59.269      481952  FFFFFFF7B3FFF  D16,D17,D20,D25
20:00:01.071      483736  FFFFFFF793FFF  D16,D17,D19,D20,D25
20:00:01.071      483737  FFFFFFF7D3FFF  D16,D17,D19,D25
20:00:04.675      487303  FFFFFFF7D7FFF  D17,D19,D25
20:00:16.437      498974  FFFFFFF7F7FFF  D17,D25
--- FW IODebug 1.2.2 2026-08-31 LIFT=1 20:00:27 ---
20:00:44.425      526742  FFFFFFF7D7FFF  D17,D19,D25
20:00:54.659      536888  FFFFFFF7D7FFF  D17,D19,D25
20:00:56.913      539124  FFFFFFF7F7FFF  D17,D25
--- FW IODebug 1.2.2 2026-08-31 LIFT=1 20:00:57 ---
20:00:58.515      540707  FFFFFFF7D7FFF  D17,D19,D25
20:00:59.426      541620  FFFFFFF7D3FFF  D16,D17,D19,D25
20:01:05.277      547412  FFFFFFE7D3FFF  D16,D17,D19,D25,D26
20:01:05.277      547416  FFFFFFEFD3FFF  D16,D17,D19,D26
20:01:08.037      550149  FFFFFFE7D3FFF  D16,D17,D19,D25,D26
20:01:10.076      552173  FFFFFFC7D3FFF  D16,D17,D19,D25,D26,D27
20:01:10.076      552175  FFFFFFD7D3FFF  D16,D17,D19,D25,D27
20:01:10.076      552176  FFFFFFDFD3FFF  D16,D17,D19,D27
20:01:12.672      554752  FFFFFFD7D3FFF  D16,D17,D19,D25,D27
20:01:15.550      557608  FFFFFFC7D3FFF  D16,D17,D19,D25,D26,D27
20:01:15.551      557611  FFFFFFCFD3FFF  D16,D17,D19,D26,D27
20:01:17.633      559671  FFFFFFC7D3FFF  D16,D17,D19,D25,D26,D27
20:01:19.482      561497  FFFFFF87D3FFF  D16,D17,D19,D25,D26,D27,D28
20:01:19.482      561499  FFFFFFB7D3FFF  D16,D17,D19,D25,D28
20:01:19.482      561501  FFFFFFBFD3FFF  D16,D17,D19,D28
20:01:21.435      563440  FFFFFFB7D3FFF  D16,D17,D19,D25,D28
20:01:25.744      567723  FFFFFFB7D7FFF  D17,D19,D25,D28
--- FW IODebug 1.2.2 2026-08-31 LIFT=1 20:01:28 ---
20:01:34.514      576418  FFFFFFB7F7FFF  D17,D25,D28
20:01:42.676      584508  FFFFFFB7B7FFF  D17,D20,D25,D28
20:01:43.636      585459  FFFFFFB7B3FFF  D16,D17,D20,D25,D28
20:01:48.427      590223  FFFFFFBFB3FFF  D16,D17,D20,D28
20:01:50.354      592123  FFFFFFB7B3FFF  D16,D17,D20,D25,D28
20:01:50.354      592125  FFFFFF87B3FFF  D16,D17,D20,D25,D26,D27,D28
20:01:50.354      592131  FFFFFFC7B3FFF  D16,D17,D20,D25,D26,D27
20:01:52.196      593952  FFFFFFCFB3FFF  D16,D17,D20,D26,D27
20:01:54.305      596051  FFFFFFC7B3FFF  D16,D17,D20,D25,D26,D27
20:01:54.306      596054  FFFFFFD7B3FFF  D16,D17,D20,D25,D27
20:01:54.826      596556  FFFFFFD7B3FFF  D16,D17,D20,D25,D27
20:01:57.150      598873  FFFFFFDFB3FFF  D16,D17,D20,D27
--- FW IODebug 1.2.2 2026-08-31 LIFT=1 20:01:58 ---
20:01:59.757      601447  FFFFFFD7B3FFF  D16,D17,D20,D25,D27
20:01:59.757      601449  FFFFFFE7B3FFF  D16,D17,D20,D25,D26
20:02:01.790      603474  FFFFFFEFB3FFF  D16,D17,D20,D26
20:02:04.599      606247  FFFFFFE7B3FFF  D16,D17,D20,D25,D26
20:02:04.599      606249  FFFFFFF7B3FFF  D16,D17,D20,D25
20:02:06.515      608153  FFFFFFF793FFF  D16,D17,D19,D20,D25
20:02:06.515      608155  FFFFFFF7D3FFF  D16,D17,D19,D25
20:02:10.035      611561  FFFFFFF7D7FFF  D17,D19,D25
20:02:10.035      611648  FFFFFFF7F7FFF  D17,D25
--- FW IODebug 1.2.2 2026-08-31 LIFT=1 20:02:28 ---
20:02:55.090      656336  FFFFFFF7F7FFF  D17,D25
--- FW IODebug 1.2.2 2026-08-31 LIFT=1 20:02:58 ---
20:03:10.535      671648  FFFFFFF7F7FFF  D17,D25
--- FW IODebug 1.2.2 2026-08-31 LIFT=1 20:03:29 ---
20:03:55.566      716320  FFFFFFF7F7FFF  D17,D25
--- FW IODebug 1.2.2 2026-08-31 LIFT=1 20:03:59 ---
20:04:11.018      731648  FFFFFFF7F7FFF  D17,D25
--- FW IODebug 1.2.2 2026-08-31 LIFT=1 20:04:29 ---
20:04:55.579      775843  FFFFFFF7F7FFF  D17,D25
--- FW IODebug 1.2.2 2026-08-31 LIFT=1 20:04:59 ---
20:05:07.794      787954  FFFFFFF7D7FFF  D17,D19,D25
20:05:08.756      788907  FFFFFFF7D3FFF  D16,D17,D19,D25
20:05:14.587      794698  FFFFFFE7D3FFF  D16,D17,D19,D25,D26
20:05:14.587      794703  FFFFFFEFD3FFF  D16,D17,D19,D26
20:05:17.357      797435  FFFFFFE7D3FFF  D16,D17,D19,D25,D26
20:05:19.401      799459  FFFFFFC7D3FFF  D16,D17,D19,D25,D26,D27
20:05:19.401      799461  FFFFFFD7D3FFF  D16,D17,D19,D25,D27
20:05:19.401      799463  FFFFFFDFD3FFF  D16,D17,D19,D27
20:05:21.986      802038  FFFFFFD7D3FFF  D16,D17,D19,D25,D27
20:05:24.914      804935  FFFFFFC7D3FFF  D16,D17,D19,D25,D26,D27
20:05:24.914      804937  FFFFFFCFD3FFF  D16,D17,D19,D26,D27
20:05:26.990      806850  FFFFFFCF93FFF  D16,D17,D19,D20,D26,D27
20:05:26.990      807002  FFFFFFCFB3FFF  D16,D17,D20,D26,D27
20:05:30.014      809573  FFFFFFCFB7FFF  D17,D20,D26,D27
--- FW IODebug 1.2.2 2026-08-31 LIFT=1 20:05:30 ---
20:05:40.677      820566  FFFFFFCFB3FFF  D16,D17,D20,D26,D27
20:05:45.836      825694  FFFFFFC7B3FFF  D16,D17,D20,D25,D26,D27
20:05:45.836      825696  FFFFFFD7B3FFF  D16,D17,D20,D25,D27
20:05:48.771      828594  FFFFFFDFB3FFF  D16,D17,D20,D27
20:05:51.369      831168  FFFFFFD7B3FFF  D16,D17,D20,D25,D27
20:05:51.369      831170  FFFFFFE7B3FFF  D16,D17,D20,D25,D26
20:05:53.403      833196  FFFFFFEFB3FFF  D16,D17,D20,D26
20:05:56.164      835736  FFFFFFEFB3FFF  D16,D17,D20,D26
20:05:56.164      835929  FFFFFFE7B3FFF  D16,D17,D20,D25,D26
20:05:56.164      835931  FFFFFFF7B3FFF  D16,D17,D20,D25
20:05:58.045      837794  FFFFFFF793FFF  D16,D17,D19,D20,D25
20:05:58.045      837796  FFFFFFF7D3FFF  D16,D17,D19,D25
--- FW IODebug 1.2.2 2026-08-31 LIFT=1 20:06:00 ---
20:06:01.601      841322  FFFFFFF7D7FFF  D17,D19,D25
20:06:13.237      852875  FFFFFFF7F7FFF  D17,D25
--- FW IODebug 1.2.2 2026-08-31 LIFT=1 20:06:30 ---
20:06:55.999      895276  FFFFFFF7F7FFF  D17,D25
--- FW IODebug 1.2.2 2026-08-31 LIFT=1 20:07:00 ---
20:07:13.733      912875  FFFFFFF7F7FFF  D17,D25
--- FW IODebug 1.2.2 2026-08-31 LIFT=1 20:07:31 ---
20:07:56.056      954847  FFFFFFF7F7FFF  D17,D25
--- FW IODebug 1.2.2 2026-08-31 LIFT=1 20:08:01 ---
20:08:14.231      972875  FFFFFFF7F7FFF  D17,D25
--- FW IODebug 1.2.2 2026-08-31 LIFT=1 20:08:31 ---
20:08:56.519     1014817  FFFFFFF7F7FFF  D17,D25
--- FW IODebug 1.2.2 2026-08-31 LIFT=1 20:09:01 ---
20:09:13.909     1032064  FFFFFFF7FFFFF  D25
20:09:14.593     1032741  FFFFFFF7F7FFF  D17,D25
--- FW IODebug 1.2.2 2026-08-31 LIFT=1 20:09:31 ---
20:09:57.017     1074821  FFFFFFF7F7FFF  D17,D25
--- FW IODebug 1.2.2 2026-08-31 LIFT=1 20:10:02 ---
20:10:15.078     1092741  FFFFFFF7F7FFF  D17,D25
20:10:20.598     1098213  FFFFFFF7D7FFF  D17,D19,D25
--- FW IODebug 1.2.2 2026-08-31 LIFT=1 20:10:32 ---
20:10:34.476     1111970  FFFFFFF7D3FFF  D16,D17,D19,D25
20:10:40.319     1117763  FFFFFFE7D3FFF  D16,D17,D19,D25,D26
20:10:40.319     1117765  FFFFFFEFD3FFF  D16,D17,D19,D26
20:10:43.117     1120539  FFFFFFE7D3FFF  D16,D17,D19,D25,D26
20:10:45.119     1122523  FFFFFFC7D3FFF  D16,D17,D19,D25,D26,D27
20:10:45.119     1122525  FFFFFFD7D3FFF  D16,D17,D19,D25,D27
20:10:45.119     1122528  FFFFFFDFD3FFF  D16,D17,D19,D27
20:10:47.710     1125102  FFFFFFD7D3FFF  D16,D17,D19,D25,D27
20:10:50.596     1127958  FFFFFFC7D3FFF  D16,D17,D19,D25,D26,D27
20:10:50.596     1127961  FFFFFFCFD3FFF  D16,D17,D19,D26,D27
20:10:52.707     1130061  FFFFFFC7D3FFF  D16,D17,D19,D25,D26,D27
20:10:54.521     1131857  FFFFFF87D3FFF  D16,D17,D19,D25,D26,D27,D28
20:10:54.521     1131858  FFFFFFB7D3FFF  D16,D17,D19,D25,D28
20:10:54.521     1131860  FFFFFFBFD3FFF  D16,D17,D19,D28
20:10:56.347     1133672  FFFFFFB7D3FFF  D16,D17,D19,D25,D28
20:10:57.361     1134679  FFFFFFB7D3FFF  D16,D17,D19,D25,D28
20:10:58.198     1135507  FFFFFFA7D3FFF  D16,D17,D19,D25,D26,D28
20:10:58.198     1135510  FFFFFFAFD3FFF  D16,D17,D19,D26,D28
20:11:00.475     1137758  FFFFFFA7D3FFF  D16,D17,D19,D25,D26,D28
--- FW IODebug 1.2.2 2026-08-31 LIFT=1 20:11:02 ---
20:11:02.752     1140020  FFFFFF87D3FFF  D16,D17,D19,D25,D26,D27,D28
20:11:02.752     1140021  FFFFFF97D3FFF  D16,D17,D19,D25,D27,D28
20:11:02.752     1140023  FFFFFF9FD3FFF  D16,D17,D19,D27,D28
20:11:04.716     1141962  FFFFFF97D3FFF  D16,D17,D19,D25,D27,D28
20:11:09.072     1146296  FFFFFF97D7FFF  D17,D19,D25,D27,D28
20:11:17.718     1154872  FFFFFF97F7FFF  D17,D25,D27,D28
--- FW IODebug 1.2.2 2026-08-31 LIFT=1 20:11:32 ---
20:11:57.531     1194353  FFFFFF97F7FFF  D17,D25,D27,D28
--- FW IODebug 1.2.2 2026-08-31 LIFT=1 20:12:03 ---
20:12:15.475     1212146  FFFFFF97D7FFF  D17,D19,D25,D27,D28
20:12:16.387     1213059  FFFFFF97D3FFF  D16,D17,D19,D25,D27,D28
20:12:19.707     1216352  FFFFFF87D3FFF  D16,D17,D19,D25,D26,D27,D28
20:12:19.707     1216355  FFFFFF8FD3FFF  D16,D17,D19,D26,D27,D28
20:12:22.196     1218811  FFFFFF87D3FFF  D16,D17,D19,D25,D26,D27,D28
20:12:24.042     1220636  FFFFFF07D3FFF  D16,D17,D19,D25,D26,D27,D28,D29
20:12:24.042     1220638  FFFFFF37D3FFF  D16,D17,D19,D25,D28,D29
20:12:24.042     1220640  FFFFFF3FD3FFF  D16,D17,D19,D28,D29
20:12:24.042     1220642  FFFFFF7FD3FFF  D16,D17,D19,D29
20:12:25.885     1222471  FFFFFF77D3FFF  D16,D17,D19,D25,D29
20:12:27.711     1224287  FFFFFF67D3FFF  D16,D17,D19,D25,D26,D29
20:12:27.711     1224290  FFFFFF6FD3FFF  D16,D17,D19,D26,D29
20:12:29.558     1226122  FFFFFF67D3FFF  D16,D17,D19,D25,D26,D29
20:12:31.386     1227936  FFFFFF47D3FFF  D16,D17,D19,D25,D26,D27,D29
20:12:31.386     1227938  FFFFFF57D3FFF  D16,D17,D19,D25,D27,D29
20:12:31.386     1227940  FFFFFF5FD3FFF  D16,D17,D19,D27,D29
20:12:33.466     1229841  FFFFFF57D3FFF  D16,D17,D19,D25,D27,D29
--- FW IODebug 1.2.2 2026-08-31 LIFT=1 20:12:33 ---
20:12:35.269     1231784  FFFFFF47D3FFF  D16,D17,D19,D25,D26,D27,D29
20:12:35.269     1231789  FFFFFF4FD3FFF  D16,D17,D19,D26,D27,D29
20:12:37.080     1233423  FFFFFF4F93FFF  D16,D17,D19,D20,D26,D27,D29
20:12:37.081     1233586  FFFFFF4FB3FFF  D16,D17,D20,D26,D27,D29
20:12:39.901     1236384  FFFFFF4FB7FFF  D17,D20,D26,D27,D29
20:12:49.836     1246226  FFFFFF4FB3FFF  D16,D17,D20,D26,D27,D29
20:12:54.868     1251225  FFFFFF47B3FFF  D16,D17,D20,D25,D26,D27,D29
20:12:54.869     1251227  FFFFFF57B3FFF  D16,D17,D20,D25,D27,D29
20:12:56.871     1253213  FFFFFF5FB3FFF  D16,D17,D20,D27,D29
20:12:57.901     1254231  FFFFFF5FB3FFF  D16,D17,D20,D27,D29
20:12:58.798     1255112  FFFFFF57B3FFF  D16,D17,D20,D25,D27,D29
20:12:58.799     1255114  FFFFFF67B3FFF  D16,D17,D20,D25,D26,D29
20:13:00.629     1256943  FFFFFF6FB3FFF  D16,D17,D20,D26,D29
20:13:02.465     1258763  FFFFFF67B3FFF  D16,D17,D20,D25,D26,D29
20:13:02.465     1258765  FFFFFF77B3FFF  D16,D17,D20,D25,D29
--- FW IODebug 1.2.2 2026-08-31 LIFT=1 20:13:03 ---
20:13:04.308     1260592  FFFFFF7FB3FFF  D16,D17,D20,D29
20:13:06.160     1262412  FFFFFF57B3FFF  D16,D17,D20,D25,D27,D29
20:13:06.160     1262414  FFFFFF07B3FFF  D16,D17,D20,D25,D26,D27,D28,D29
20:13:06.160     1262419  FFFFFF87B3FFF  D16,D17,D20,D25,D26,D27,D28
20:13:07.990     1264243  FFFFFF8FB3FFF  D16,D17,D20,D26,D27,D28
20:13:09.796     1266024  FFFFFF87B3FFF  D16,D17,D20,D25,D26,D27,D28
20:13:09.796     1266026  FFFFFF97B3FFF  D16,D17,D20,D25,D27,D28
20:13:11.651     1267862  FFFFFF9FB3FFF  D16,D17,D20,D27,D28
20:13:13.473     1269672  FFFFFF97B3FFF  D16,D17,D20,D25,D27,D28
20:13:13.473     1269675  FFFFFFA7B3FFF  D16,D17,D20,D25,D26,D28
20:13:15.747     1271938  FFFFFFAFB3FFF  D16,D17,D20,D26,D28
20:13:18.033     1274206  FFFFFFA7B3FFF  D16,D17,D20,D25,D26,D28
20:13:18.034     1274208  FFFFFFB7B3FFF  D16,D17,D20,D25,D28
20:13:19.877     1276024  FFFFFFBFB3FFF  D16,D17,D20,D28
20:13:21.714     1277846  FFFFFF87B3FFF  D16,D17,D20,D25,D26,D27,D28
20:13:21.715     1277851  FFFFFFC7B3FFF  D16,D17,D20,D25,D26,D27
--- link lost 20:13:24: GetOverlappedResult failed (PermissionError(13, 'Access is denied.', None, 5)) ---
--- link lost 20:13:27: could not open port 'COM4': FileNotFoundError(2, 'The system cannot find the file specified.', None, 2) ---
--- link lost 20:13:30: could not open port 'COM4': FileNotFoundError(2, 'The system cannot find the file specified.', None, 2) ---
--- link lost 20:13:33: could not open port 'COM4': FileNotFoundError(2, 'The system cannot find the file specified.', None, 2) ---
--- link lost 20:13:36: could not open port 'COM4': FileNotFoundError(2, 'The system cannot find the file specified.', None, 2) ---
--- link lost 20:13:39: could not open port 'COM4': FileNotFoundError(2, 'The system cannot find the file specified.', None, 2) ---
--- link lost 20:13:42: could not open port 'COM4': FileNotFoundError(2, 'The system cannot find the file specified.', None, 2) ---
--- link lost 20:13:45: could not open port 'COM4': FileNotFoundError(2, 'The system cannot find the file specified.', None, 2) ---
--- link lost 20:13:48: could not open port 'COM4': FileNotFoundError(2, 'The system cannot find the file specified.', None, 2) ---
--- link lost 20:13:51: could not open port 'COM4': FileNotFoundError(2, 'The system cannot find the file specified.', None, 2) ---
--- link lost 20:13:54: could not open port 'COM4': FileNotFoundError(2, 'The system cannot find the file specified.', None, 2) ---
--- link lost 20:13:58: could not open port 'COM4': FileNotFoundError(2, 'The system cannot find the file specified.', None, 2) ---
--- link lost 20:14:01: could not open port 'COM4': FileNotFoundError(2, 'The system cannot find the file specified.', None, 2) ---
--- link lost 20:14:04: could not open port 'COM4': FileNotFoundError(2, 'The system cannot find the file specified.', None, 2) ---
--- link lost 20:14:07: could not open port 'COM4': FileNotFoundError(2, 'The system cannot find the file specified.', None, 2) ---
--- link lost 20:14:10: could not open port 'COM4': FileNotFoundError(2, 'The system cannot find the file specified.', None, 2) ---
--- link lost 20:14:13: could not open port 'COM4': FileNotFoundError(2, 'The system cannot find the file specified.', None, 2) ---
--- link lost 20:14:16: could not open port 'COM4': FileNotFoundError(2, 'The system cannot find the file specified.', None, 2) ---
--- link lost 20:14:19: could not open port 'COM4': FileNotFoundError(2, 'The system cannot find the file specified.', None, 2) ---
--- link lost 20:14:22: could not open port 'COM4': FileNotFoundError(2, 'The system cannot find the file specified.', None, 2) ---
--- link lost 20:14:25: could not open port 'COM4': FileNotFoundError(2, 'The system cannot find the file specified.', None, 2) ---
--- link lost 20:14:28: could not open port 'COM4': FileNotFoundError(2, 'The system cannot find the file specified.', None, 2) ---
--- link lost 20:14:31: could not open port 'COM4': FileNotFoundError(2, 'The system cannot find the file specified.', None, 2) ---
--- link lost 20:14:34: could not open port 'COM4': FileNotFoundError(2, 'The system cannot find the file specified.', None, 2) ---
--- link lost 20:14:37: could not open port 'COM4': FileNotFoundError(2, 'The system cannot find the file specified.', None, 2) ---
--- link lost 20:14:40: could not open port 'COM4': FileNotFoundError(2, 'The system cannot find the file specified.', None, 2) ---
--- link lost 20:14:43: could not open port 'COM4': FileNotFoundError(2, 'The system cannot find the file specified.', None, 2) ---
--- link lost 20:14:46: could not open port 'COM4': FileNotFoundError(2, 'The system cannot find the file specified.', None, 2) ---
--- link lost 20:14:49: could not open port 'COM4': FileNotFoundError(2, 'The system cannot find the file specified.', None, 2) ---
--- link lost 20:14:52: could not open port 'COM4': FileNotFoundError(2, 'The system cannot find the file specified.', None, 2) ---
--- link lost 20:14:55: could not open port 'COM4': FileNotFoundError(2, 'The system cannot find the file specified.', None, 2) ---
--- link lost 20:14:58: could not open port 'COM4': FileNotFoundError(2, 'The system cannot find the file specified.', None, 2) ---
--- link lost 20:15:01: could not open port 'COM4': FileNotFoundError(2, 'The system cannot find the file specified.', None, 2) ---
--- link lost 20:15:04: could not open port 'COM4': FileNotFoundError(2, 'The system cannot find the file specified.', None, 2) ---
--- link lost 20:15:07: could not open port 'COM4': FileNotFoundError(2, 'The system cannot find the file specified.', None, 2) ---
--- link lost 20:15:10: could not open port 'COM4': FileNotFoundError(2, 'The system cannot find the file specified.', None, 2) ---
--- link lost 20:15:13: could not open port 'COM4': FileNotFoundError(2, 'The system cannot find the file specified.', None, 2) ---
--- link lost 20:15:17: could not open port 'COM4': FileNotFoundError(2, 'The system cannot find the file specified.', None, 2) ---
--- link lost 20:15:20: could not open port 'COM4': FileNotFoundError(2, 'The system cannot find the file specified.', None, 2) ---
--- link lost 20:15:23: could not open port 'COM4': FileNotFoundError(2, 'The system cannot find the file specified.', None, 2) ---
--- link lost 20:15:26: could not open port 'COM4': FileNotFoundError(2, 'The system cannot find the file specified.', None, 2) ---
--- link lost 20:15:29: could not open port 'COM4': FileNotFoundError(2, 'The system cannot find the file specified.', None, 2) ---
--- link lost 20:15:32: could not open port 'COM4': FileNotFoundError(2, 'The system cannot find the file specified.', None, 2) ---
--- link lost 20:15:35: could not open port 'COM4': FileNotFoundError(2, 'The system cannot find the file specified.', None, 2) ---
--- link lost 20:15:38: could not open port 'COM4': FileNotFoundError(2, 'The system cannot find the file specified.', None, 2) ---
# lift: 1

===== capture started 2026-09-06 18:31:23  lift=1  port=COM20 =====
--- listening (one-way) 18:31:45 ---
18:31:47.356     1562331  FFFFFFF393FFF  D16,D17,D19,D20,D24,D25
18:31:47.356     1562333  FFFFFFF3D3FFF  D16,D17,D19,D24,D25
18:31:51.029     1565819  FFFFFFF3D7FFF  D17,D19,D24,D25
18:31:51.029     1565984  FFFFFFF3F7FFF  D17,D24,D25
--- FW IODebug 1.2.2 2026-08-31 LIFT=1 18:32:15 ---
18:32:25.599     1600259  FFFFFFF3D7FFF  D17,D19,D24,D25
18:32:26.514     1601172  FFFFFFF3D3FFF  D16,D17,D19,D24,D25
18:32:32.387     1606993  FFFFFFE3D3FFF  D16,D17,D19,D24,D25,D26
18:32:32.387     1606998  FFFFFFEBD3FFF  D16,D17,D19,D24,D26
18:32:35.127     1609731  FFFFFFE3D3FFF  D16,D17,D19,D24,D25,D26
18:32:37.173     1611754  FFFFFFC3D3FFF  D16,D17,D19,D24,D25,D26,D27
18:32:37.173     1611756  FFFFFFD3D3FFF  D16,D17,D19,D24,D25,D27
18:32:37.173     1611758  FFFFFFDBD3FFF  D16,D17,D19,D24,D27
18:32:40.180     1614740  FFFFFFD3D3FFF  D16,D17,D19,D24,D25,D27
18:32:43.688     1618217  FFFFFFD3D7FFF  D17,D19,D24,D25,D27
--- FW IODebug 1.2.2 2026-08-31 LIFT=1 18:32:45 ---
18:32:53.434     1627876  FFFFFFD3F7FFF  D17,D24,D25,D27
18:32:56.784     1631206  FFFFFFD3B7FFF  D17,D20,D24,D25,D27
18:32:57.784     1632197  FFFFFFD3B3FFF  D16,D17,D20,D24,D25,D27
18:33:01.746     1636129  FFFFFFDBB3FFF  D16,D17,D20,D24,D27
18:33:04.743     1639090  FFFFFFD3B3FFF  D16,D17,D20,D24,D25,D27
18:33:04.743     1639091  FFFFFFE3B3FFF  D16,D17,D20,D24,D25,D26
18:33:06.779     1641116  FFFFFFEBB3FFF  D16,D17,D20,D24,D26
18:33:09.543     1643860  FFFFFFE3B3FFF  D16,D17,D20,D24,D25,D26
18:33:09.543     1643863  FFFFFFF3B3FFF  D16,D17,D20,D24,D25
18:33:15.183     1649243  FFFFFFF3B7FFF  D17,D20,D24,D25
18:33:15.183     1649298  FFFFFFF3F7FFF  D17,D24,D25
18:33:15.183     1649455  FFFFFFF3D7FFF  D17,D19,D24,D25
--- FW IODebug 1.2.2 2026-08-31 LIFT=1 18:33:15 ---
18:33:24.742     1658928  FFFFFFF3D3FFF  D16,D17,D19,D24,D25
18:33:30.584     1664729  FFFFFFE3D3FFF  D16,D17,D19,D24,D25,D26
18:33:30.584     1664733  FFFFFFEBD3FFF  D16,D17,D19,D24,D26
18:33:33.340     1667457  FFFFFFE3D3FFF  D16,D17,D19,D24,D25,D26
18:33:35.387     1669489  FFFFFFC3D3FFF  D16,D17,D19,D24,D25,D26,D27
18:33:35.388     1669491  FFFFFFD3D3FFF  D16,D17,D19,D24,D25,D27
18:33:35.388     1669493  FFFFFFDBD3FFF  D16,D17,D19,D24,D27
18:33:37.972     1672058  FFFFFFD3D3FFF  D16,D17,D19,D24,D25,D27
18:33:38.801     1672882  FFFFFFD7D3FFF  D16,D17,D19,D25,D27
18:33:40.868     1674915  FFFFFFC7D3FFF  D16,D17,D19,D25,D26,D27
18:33:40.868     1674918  FFFFFFCFD3FFF  D16,D17,D19,D26,D27
18:33:42.935     1676978  FFFFFFC7D3FFF  D16,D17,D19,D25,D26,D27
18:33:44.777     1678814  FFFFFF97D3FFF  D16,D17,D19,D25,D27,D28
18:33:44.777     1678816  FFFFFFB7D3FFF  D16,D17,D19,D25,D28
18:33:44.777     1678818  FFFFFFBFD3FFF  D16,D17,D19,D28
--- FW IODebug 1.2.2 2026-08-31 LIFT=1 18:33:45 ---
18:33:46.624     1680628  FFFFFFB7D3FFF  D16,D17,D19,D25,D28
18:33:48.537     1682533  FFFFFFA7D3FFF  D16,D17,D19,D25,D26,D28
18:33:48.537     1682536  FFFFFFAFD3FFF  D16,D17,D19,D26,D28
18:33:49.837     1684219  FFFFFFABD3FFF  D16,D17,D19,D24,D26,D28
18:33:49.837     1684224  FFFFFFAFD3FFF  D16,D17,D19,D26,D28
18:33:49.837     1684239  FFFFFFABD3FFF  D16,D17,D19,D24,D26,D28
18:33:49.837     1684242  FFFFFFAFD3FFF  D16,D17,D19,D26,D28
18:33:49.837     1684245  FFFFFFABD3FFF  D16,D17,D19,D24,D26,D28
18:33:49.837     1684246  FFFFFFAFD3FFF  D16,D17,D19,D26,D28
18:33:49.837     1684258  FFFFFFABD3FFF  D16,D17,D19,D24,D26,D28
18:33:49.837     1684262  FFFFFFAFD3FFF  D16,D17,D19,D26,D28
18:33:49.837     1684279  FFFFFFABD3FFF  D16,D17,D19,D24,D26,D28
18:33:49.837     1684283  FFFFFFAFD3FFF  D16,D17,D19,D26,D28
18:33:49.837     1684285  FFFFFFABD3FFF  D16,D17,D19,D24,D26,D28
18:33:49.837     1684287  FFFFFFAFD3FFF  D16,D17,D19,D26,D28
18:33:49.837     1684298  FFFFFFABD3FFF  D16,D17,D19,D24,D26,D28
18:33:49.837     1684302  FFFFFFAFD3FFF  D16,D17,D19,D26,D28
18:33:49.837     1684304  FFFFFFABD3FFF  D16,D17,D19,D24,D26,D28
18:33:49.837     1684306  FFFFFFAFD3FFF  D16,D17,D19,D26,D28
18:33:49.837     1684318  FFFFFFABD3FFF  D16,D17,D19,D24,D26,D28
18:33:49.837     1684322  FFFFFFAFD3FFF  D16,D17,D19,D26,D28
18:33:49.837     1684326  FFFFFFABD3FFF  D16,D17,D19,D24,D26,D28
18:33:49.983     1684328  FFFFFFAFD3FFF  D16,D17,D19,D26,D28
18:33:49.983     1684338  FFFFFFABD3FFF  D16,D17,D19,D24,D26,D28
18:33:49.983     1684342  FFFFFFAFD3FFF  D16,D17,D19,D26,D28
18:33:49.983     1684358  FFFFFFABD3FFF  D16,D17,D19,D24,D26,D28
18:33:49.983     1684362  FFFFFFAFD3FFF  D16,D17,D19,D26,D28
18:33:49.983     1684379  FFFFFFABD3FFF  D16,D17,D19,D24,D26,D28
18:33:49.983     1684380  FFFFFFAFD3FFF  D16,D17,D19,D26,D28
18:33:49.983     1684385  FFFFFFABD3FFF  D16,D17,D19,D24,D26,D28
18:33:49.983     1684386  FFFFFFAFD3FFF  D16,D17,D19,D26,D28
18:33:49.983     1684418  FFFFFFABD3FFF  D16,D17,D19,D24,D26,D28
18:33:49.983     1684420  FFFFFFAFD3FFF  D16,D17,D19,D26,D28
18:33:49.983     1684444  FFFFFFABD3FFF  D16,D17,D19,D24,D26,D28
18:33:49.983     1684445  FFFFFFAFD3FFF  D16,D17,D19,D26,D28
18:33:49.983     1684456  FFFFFFABD3FFF  D16,D17,D19,D24,D26,D28
18:33:49.983     1684461  FFFFFFAFD3FFF  D16,D17,D19,D26,D28
18:33:49.983     1684462  FFFFFFABD3FFF  D16,D17,D19,D24,D26,D28
18:33:49.983     1684465  FFFFFFAFD3FFF  D16,D17,D19,D26,D28
18:33:49.983     1684476  FFFFFFABD3FFF  D16,D17,D19,D24,D26,D28
18:33:49.983     1684481  FFFFFFAFD3FFF  D16,D17,D19,D26,D28
18:33:49.983     1684483  FFFFFFABD3FFF  D16,D17,D19,D24,D26,D28
18:33:50.550     1684485  FFFFFFAFD3FFF  D16,D17,D19,D26,D28
18:33:50.550     1684496  FFFFFFABD3FFF  D16,D17,D19,D24,D26,D28
18:33:50.550     1684499  FFFFFFAFD3FFF  D16,D17,D19,D26,D28
18:33:50.550     1684502  FFFFFFABD3FFF  D16,D17,D19,D24,D26,D28
18:33:50.550     1684504  FFFFFFAFD3FFF  D16,D17,D19,D26,D28
18:33:50.550     1684515  FFFFFFABD3FFF  D16,D17,D19,D24,D26,D28
18:33:50.550     1684520  FFFFFFAFD3FFF  D16,D17,D19,D26,D28
18:33:50.550     1684523  FFFFFFABD3FFF  D16,D17,D19,D24,D26,D28
18:33:50.550     1684525  FFFFFFAFD3FFF  D16,D17,D19,D26,D28
18:33:50.550     1684536  FFFFFFABD3FFF  D16,D17,D19,D24,D26,D28
18:33:50.550     1684540  FFFFFFAFD3FFF  D16,D17,D19,D26,D28
18:33:51.717     1685688  FFFFFFABD3FFF  D16,D17,D19,D24,D26,D28
18:33:51.717     1685690  FFFFFFAFD3FFF  D16,D17,D19,D26,D28
18:33:52.888     1686854  FFFFFFAFD7FFF  D17,D19,D26,D28
18:33:54.600     1688956  FFFFFFABD7FFF  D17,D19,D24,D26,D28
18:33:54.600     1688958  FFFFFFAFD7FFF  D17,D19,D26,D28
18:33:54.600     1688976  FFFFFFABD7FFF  D17,D19,D24,D26,D28
18:33:54.600     1688978  FFFFFFAFD7FFF  D17,D19,D26,D28
18:33:54.600     1688982  FFFFFFABD7FFF  D17,D19,D24,D26,D28
18:33:54.600     1688984  FFFFFFAFD7FFF  D17,D19,D26,D28
18:33:54.600     1688995  FFFFFFABD7FFF  D17,D19,D24,D26,D28
18:33:54.600     1688998  FFFFFFAFD7FFF  D17,D19,D26,D28
18:33:54.600     1689003  FFFFFFABD7FFF  D17,D19,D24,D26,D28
18:33:54.600     1689005  FFFFFFAFD7FFF  D17,D19,D26,D28
18:33:54.600     1689015  FFFFFFABD7FFF  D17,D19,D24,D26,D28
18:33:54.600     1689019  FFFFFFAFD7FFF  D17,D19,D26,D28
18:33:54.600     1689022  FFFFFFABD7FFF  D17,D19,D24,D26,D28
18:33:54.600     1689024  FFFFFFAFD7FFF  D17,D19,D26,D28
18:33:54.600     1689034  FFFFFFABD7FFF  D17,D19,D24,D26,D28
18:33:54.600     1689038  FFFFFFAFD7FFF  D17,D19,D26,D28
18:33:54.600     1689040  FFFFFFABD7FFF  D17,D19,D24,D26,D28
18:33:54.600     1689042  FFFFFFAFD7FFF  D17,D19,D26,D28
18:33:54.600     1689056  FFFFFFABD7FFF  D17,D19,D24,D26,D28
18:33:54.708     1689059  FFFFFFAFD7FFF  D17,D19,D26,D28
18:33:54.708     1689062  FFFFFFABD7FFF  D17,D19,D24,D26,D28
18:33:54.708     1689064  FFFFFFAFD7FFF  D17,D19,D26,D28
18:33:54.708     1689074  FFFFFFABD7FFF  D17,D19,D24,D26,D28
18:33:54.708     1689078  FFFFFFAFD7FFF  D17,D19,D26,D28
18:33:54.708     1689081  FFFFFFABD7FFF  D17,D19,D24,D26,D28
18:33:54.708     1689083  FFFFFFAFD7FFF  D17,D19,D26,D28
18:33:54.708     1689095  FFFFFFABD7FFF  D17,D19,D24,D26,D28
18:33:54.708     1689098  FFFFFFAFD7FFF  D17,D19,D26,D28
18:33:54.708     1689114  FFFFFFABD7FFF  D17,D19,D24,D26,D28
18:33:54.708     1689118  FFFFFFAFD7FFF  D17,D19,D26,D28
18:33:54.708     1689119  FFFFFFABD7FFF  D17,D19,D24,D26,D28
18:33:54.708     1689121  FFFFFFAFD7FFF  D17,D19,D26,D28
18:33:54.708     1689134  FFFFFFABD7FFF  D17,D19,D24,D26,D28
18:33:54.708     1689137  FFFFFFAFD7FFF  D17,D19,D26,D28
18:33:54.708     1689141  FFFFFFABD7FFF  D17,D19,D24,D26,D28
18:33:54.708     1689143  FFFFFFAFD7FFF  D17,D19,D26,D28
18:33:54.708     1689154  FFFFFFABD7FFF  D17,D19,D24,D26,D28
18:33:54.708     1689157  FFFFFFAFD7FFF  D17,D19,D26,D28
18:33:54.708     1689159  FFFFFFABD7FFF  D17,D19,D24,D26,D28
18:33:54.802     1689161  FFFFFFAFD7FFF  D17,D19,D26,D28
18:33:54.802     1689174  FFFFFFABD7FFF  D17,D19,D24,D26,D28
18:33:54.802     1689177  FFFFFFAFD7FFF  D17,D19,D26,D28
18:33:54.802     1689180  FFFFFFABD7FFF  D17,D19,D24,D26,D28
18:33:54.802     1689182  FFFFFFAFD7FFF  D17,D19,D26,D28
18:33:54.802     1689193  FFFFFFABD7FFF  D17,D19,D24,D26,D28
18:33:54.802     1689198  FFFFFFAFD7FFF  D17,D19,D26,D28
18:33:54.802     1689200  FFFFFFABD7FFF  D17,D19,D24,D26,D28
18:33:54.802     1689201  FFFFFFAFD7FFF  D17,D19,D26,D28
18:33:54.802     1689213  FFFFFFABD7FFF  D17,D19,D24,D26,D28
18:33:54.802     1689217  FFFFFFAFD7FFF  D17,D19,D26,D28
18:33:54.802     1689220  FFFFFFABD7FFF  D17,D19,D24,D26,D28
18:33:54.802     1689222  FFFFFFAFD7FFF  D17,D19,D26,D28
18:33:54.802     1689233  FFFFFFABD7FFF  D17,D19,D24,D26,D28
18:33:54.802     1689236  FFFFFFAFD7FFF  D17,D19,D26,D28
18:33:54.802     1689239  FFFFFFABD7FFF  D17,D19,D24,D26,D28
18:33:54.802     1689241  FFFFFFAFD7FFF  D17,D19,D26,D28
18:33:54.802     1689252  FFFFFFABD7FFF  D17,D19,D24,D26,D28
18:33:54.802     1689255  FFFFFFAFD7FFF  D17,D19,D26,D28
18:33:54.802     1689260  FFFFFFABD7FFF  D17,D19,D24,D26,D28
18:33:54.951     1689262  FFFFFFAFD7FFF  D17,D19,D26,D28
18:33:54.951     1689273  FFFFFFABD7FFF  D17,D19,D24,D26,D28
18:33:54.951     1689276  FFFFFFAFD7FFF  D17,D19,D26,D28
18:33:54.951     1689292  FFFFFFABD7FFF  D17,D19,D24,D26,D28
18:33:54.951     1689296  FFFFFFAFD7FFF  D17,D19,D26,D28
18:33:54.951     1689313  FFFFFFABD7FFF  D17,D19,D24,D26,D28
18:33:54.951     1689316  FFFFFFAFD7FFF  D17,D19,D26,D28
18:33:54.951     1689332  FFFFFFABD7FFF  D17,D19,D24,D26,D28
18:33:54.951     1689336  FFFFFFAFD7FFF  D17,D19,D26,D28
18:33:54.951     1689352  FFFFFFABD7FFF  D17,D19,D24,D26,D28
18:33:54.951     1689356  FFFFFFAFD7FFF  D17,D19,D26,D28
18:33:54.951     1689359  FFFFFFABD7FFF  D17,D19,D24,D26,D28
18:33:54.951     1689361  FFFFFFAFD7FFF  D17,D19,D26,D28
18:33:54.951     1689372  FFFFFFABD7FFF  D17,D19,D24,D26,D28
18:33:54.951     1689375  FFFFFFAFD7FFF  D17,D19,D26,D28
18:33:54.951     1689378  FFFFFFABD7FFF  D17,D19,D24,D26,D28
18:33:54.951     1689380  FFFFFFAFD7FFF  D17,D19,D26,D28
18:33:54.951     1689391  FFFFFFABD7FFF  D17,D19,D24,D26,D28
18:33:54.951     1689395  FFFFFFAFD7FFF  D17,D19,D26,D28
18:33:55.033     1689398  FFFFFFABD7FFF  D17,D19,D24,D26,D28
18:33:55.033     1689400  FFFFFFAFD7FFF  D17,D19,D26,D28
18:33:55.033     1689412  FFFFFFABD7FFF  D17,D19,D24,D26,D28
18:33:55.033     1689415  FFFFFFAFD7FFF  D17,D19,D26,D28
18:33:55.033     1689418  FFFFFFABD7FFF  D17,D19,D24,D26,D28
18:33:55.049     1689419  FFFFFFAFD7FFF  D17,D19,D26,D28
18:33:55.049     1689432  FFFFFFABD7FFF  D17,D19,D24,D26,D28
18:33:55.049     1689435  FFFFFFAFD7FFF  D17,D19,D26,D28
18:33:55.049     1689439  FFFFFFABD7FFF  D17,D19,D24,D26,D28
18:33:55.050     1689441  FFFFFFAFD7FFF  D17,D19,D26,D28
18:33:55.050     1689451  FFFFFFABD7FFF  D17,D19,D24,D26,D28
18:33:55.051     1689455  FFFFFFAFD7FFF  D17,D19,D26,D28
18:33:55.051     1689458  FFFFFFABD7FFF  D17,D19,D24,D26,D28
18:33:55.051     1689460  FFFFFFAFD7FFF  D17,D19,D26,D28
18:33:55.051     1689470  FFFFFFABD7FFF  D17,D19,D24,D26,D28
18:33:55.051     1689474  FFFFFFAFD7FFF  D17,D19,D26,D28
18:33:55.052     1689477  FFFFFFABD7FFF  D17,D19,D24,D26,D28
18:33:55.052     1689479  FFFFFFAFD7FFF  D17,D19,D26,D28
18:33:55.052     1689491  FFFFFFABD7FFF  D17,D19,D24,D26,D28
18:33:55.052     1689494  FFFFFFAFD7FFF  D17,D19,D26,D28
18:33:55.164     1689497  FFFFFFABD7FFF  D17,D19,D24,D26,D28
18:33:55.164     1689499  FFFFFFAFD7FFF  D17,D19,D26,D28
18:33:55.164     1689510  FFFFFFABD7FFF  D17,D19,D24,D26,D28
18:33:55.164     1689515  FFFFFFAFD7FFF  D17,D19,D26,D28
18:33:55.165     1689518  FFFFFFABD7FFF  D17,D19,D24,D26,D28
18:33:55.165     1689520  FFFFFFAFD7FFF  D17,D19,D26,D28
18:33:55.165     1689531  FFFFFFABD7FFF  D17,D19,D24,D26,D28
18:33:55.165     1689534  FFFFFFAFD7FFF  D17,D19,D26,D28
18:33:55.165     1689550  FFFFFFABD7FFF  D17,D19,D24,D26,D28
18:33:55.165     1689553  FFFFFFAFD7FFF  D17,D19,D26,D28
18:33:55.165     1689556  FFFFFFABD7FFF  D17,D19,D24,D26,D28
18:33:55.165     1689559  FFFFFFAFD7FFF  D17,D19,D26,D28
18:33:55.165     1689570  FFFFFFABD7FFF  D17,D19,D24,D26,D28
18:33:55.165     1689574  FFFFFFAFD7FFF  D17,D19,D26,D28
18:33:55.165     1689575  FFFFFFABD7FFF  D17,D19,D24,D26,D28
18:33:55.165     1689577  FFFFFFAFD7FFF  D17,D19,D26,D28
18:33:55.165     1689589  FFFFFFABD7FFF  D17,D19,D24,D26,D28
18:33:55.165     1689594  FFFFFFAFD7FFF  D17,D19,D26,D28
18:33:55.165     1689597  FFFFFFABD7FFF  D17,D19,D24,D26,D28
18:33:55.165     1689600  FFFFFFAFD7FFF  D17,D19,D26,D28
18:33:55.253     1689610  FFFFFFABD7FFF  D17,D19,D24,D26,D28
18:33:55.253     1689614  FFFFFFAFD7FFF  D17,D19,D26,D28
18:33:55.253     1689617  FFFFFFABD7FFF  D17,D19,D24,D26,D28
18:33:55.269     1689619  FFFFFFAFD7FFF  D17,D19,D26,D28
18:33:55.269     1689629  FFFFFFABD7FFF  D17,D19,D24,D26,D28
18:33:55.269     1689632  FFFFFFAFD7FFF  D17,D19,D26,D28
18:33:55.270     1689635  FFFFFFABD7FFF  D17,D19,D24,D26,D28
18:33:55.270     1689637  FFFFFFAFD7FFF  D17,D19,D26,D28
18:33:55.271     1689649  FFFFFFABD7FFF  D17,D19,D24,D26,D28
18:33:55.271     1689654  FFFFFFAFD7FFF  D17,D19,D26,D28
18:33:55.271     1689669  FFFFFFABD7FFF  D17,D19,D24,D26,D28
18:33:55.271     1689673  FFFFFFAFD7FFF  D17,D19,D26,D28
18:33:55.271     1689675  FFFFFFABD7FFF  D17,D19,D24,D26,D28
18:33:55.271     1689677  FFFFFFAFD7FFF  D17,D19,D26,D28
18:33:55.271     1689689  FFFFFFABD7FFF  D17,D19,D24,D26,D28
18:33:55.271     1689693  FFFFFFAFD7FFF  D17,D19,D26,D28
18:33:55.271     1689697  FFFFFFABD7FFF  D17,D19,D24,D26,D28
18:33:55.271     1689698  FFFFFFAFD7FFF  D17,D19,D26,D28
18:33:55.271     1689709  FFFFFFABD7FFF  D17,D19,D24,D26,D28
18:33:55.371     1689712  FFFFFFAFD7FFF  D17,D19,D26,D28
18:33:55.371     1689715  FFFFFFABD7FFF  D17,D19,D24,D26,D28
18:33:55.371     1689717  FFFFFFAFD7FFF  D17,D19,D26,D28
18:33:55.371     1689728  FFFFFFABD7FFF  D17,D19,D24,D26,D28
18:33:55.371     1689733  FFFFFFAFD7FFF  D17,D19,D26,D28
18:33:55.371     1689736  FFFFFFABD7FFF  D17,D19,D24,D26,D28
18:33:55.371     1689738  FFFFFFAFD7FFF  D17,D19,D26,D28
18:33:55.371     1689749  FFFFFFABD7FFF  D17,D19,D24,D26,D28
18:33:55.371     1689752  FFFFFFAFD7FFF  D17,D19,D26,D28
18:33:55.371     1689755  FFFFFFABD7FFF  D17,D19,D24,D26,D28
18:33:55.371     1689756  FFFFFFAFD7FFF  D17,D19,D26,D28
18:33:55.371     1689768  FFFFFFABD7FFF  D17,D19,D24,D26,D28
18:33:55.371     1689772  FFFFFFAFD7FFF  D17,D19,D26,D28
18:33:55.371     1689776  FFFFFFABD7FFF  D17,D19,D24,D26,D28
18:33:55.371     1689778  FFFFFFAFD7FFF  D17,D19,D26,D28
18:33:55.371     1689788  FFFFFFABD7FFF  D17,D19,D24,D26,D28
18:33:55.371     1689791  FFFFFFAFD7FFF  D17,D19,D26,D28
18:33:55.371     1689807  FFFFFFABD7FFF  D17,D19,D24,D26,D28
18:33:55.371     1689812  FFFFFFAFD7FFF  D17,D19,D26,D28
18:33:55.371     1689815  FFFFFFABD7FFF  D17,D19,D24,D26,D28
18:33:55.503     1689816  FFFFFFAFD7FFF  D17,D19,D26,D28
18:33:55.503     1689828  FFFFFFABD7FFF  D17,D19,D24,D26,D28
18:33:55.503     1689832  FFFFFFAFD7FFF  D17,D19,D26,D28
18:33:55.503     1689834  FFFFFFABD7FFF  D17,D19,D24,D26,D28
18:33:55.503     1689836  FFFFFFAFD7FFF  D17,D19,D26,D28
18:33:55.503     1689847  FFFFFFABD7FFF  D17,D19,D24,D26,D28
18:33:55.503     1689850  FFFFFFAFD7FFF  D17,D19,D26,D28
18:33:55.503     1689854  FFFFFFABD7FFF  D17,D19,D24,D26,D28
18:33:55.503     1689857  FFFFFFAFD7FFF  D17,D19,D26,D28
18:33:55.503     1689867  FFFFFFABD7FFF  D17,D19,D24,D26,D28
18:33:55.503     1689872  FFFFFFAFD7FFF  D17,D19,D26,D28
18:33:55.503     1689875  FFFFFFABD7FFF  D17,D19,D24,D26,D28
18:33:55.503     1689876  FFFFFFAFD7FFF  D17,D19,D26,D28
18:33:55.503     1689887  FFFFFFABD7FFF  D17,D19,D24,D26,D28
18:33:55.503     1689891  FFFFFFAFD7FFF  D17,D19,D26,D28
18:33:55.503     1689907  FFFFFFABD7FFF  D17,D19,D24,D26,D28
18:33:55.503     1689911  FFFFFFAFD7FFF  D17,D19,D26,D28
18:33:55.503     1689927  FFFFFFABD7FFF  D17,D19,D24,D26,D28
18:33:55.503     1689930  FFFFFFAFD7FFF  D17,D19,D26,D28
18:33:55.503     1689947  FFFFFFABD7FFF  D17,D19,D24,D26,D28
18:33:55.621     1689952  FFFFFFAFD7FFF  D17,D19,D26,D28
18:33:55.621     1689953  FFFFFFABD7FFF  D17,D19,D24,D26,D28
18:33:55.621     1689955  FFFFFFAFD7FFF  D17,D19,D26,D28
18:33:55.621     1689967  FFFFFFABD7FFF  D17,D19,D24,D26,D28
18:33:55.621     1689970  FFFFFFAFD7FFF  D17,D19,D26,D28
18:33:55.621     1689973  FFFFFFABD7FFF  D17,D19,D24,D26,D28
18:33:55.621     1689974  FFFFFFAFD7FFF  D17,D19,D26,D28
18:33:55.621     1689987  FFFFFFABD7FFF  D17,D19,D24,D26,D28
18:33:55.621     1689990  FFFFFFAFD7FFF  D17,D19,D26,D28
18:33:55.621     1689993  FFFFFFABD7FFF  D17,D19,D24,D26,D28
18:33:55.621     1689994  FFFFFFAFD7FFF  D17,D19,D26,D28
18:33:55.621     1690006  FFFFFFABD7FFF  D17,D19,D24,D26,D28
18:33:55.621     1690010  FFFFFFAFD7FFF  D17,D19,D26,D28
18:33:55.621     1690025  FFFFFFABD7FFF  D17,D19,D24,D26,D28
18:33:55.621     1690029  FFFFFFAFD7FFF  D17,D19,D26,D28
18:33:55.621     1690032  FFFFFFABD7FFF  D17,D19,D24,D26,D28
18:33:55.621     1690034  FFFFFFAFD7FFF  D17,D19,D26,D28
18:33:55.621     1690046  FFFFFFABD7FFF  D17,D19,D24,D26,D28
18:33:55.621     1690049  FFFFFFAFD7FFF  D17,D19,D26,D28
18:33:55.730     1690065  FFFFFFABD7FFF  D17,D19,D24,D26,D28
18:33:55.730     1690068  FFFFFFAFD7FFF  D17,D19,D26,D28
18:33:55.730     1690072  FFFFFFABD7FFF  D17,D19,D24,D26,D28
18:33:55.730     1690074  FFFFFFAFD7FFF  D17,D19,D26,D28
18:33:55.730     1690085  FFFFFFABD7FFF  D17,D19,D24,D26,D28
18:33:55.730     1690089  FFFFFFAFD7FFF  D17,D19,D26,D28
18:33:55.730     1690091  FFFFFFABD7FFF  D17,D19,D24,D26,D28
18:33:55.730     1690093  FFFFFFAFD7FFF  D17,D19,D26,D28
18:33:55.730     1690105  FFFFFFABD7FFF  D17,D19,D24,D26,D28
18:33:55.730     1690108  FFFFFFAFD7FFF  D17,D19,D26,D28
18:33:55.730     1690112  FFFFFFABD7FFF  D17,D19,D24,D26,D28
18:33:55.730     1690113  FFFFFFAFD7FFF  D17,D19,D26,D28
18:33:55.730     1690125  FFFFFFABD7FFF  D17,D19,D24,D26,D28
18:33:55.730     1690128  FFFFFFAFD7FFF  D17,D19,D26,D28
18:33:55.730     1690132  FFFFFFABD7FFF  D17,D19,D24,D26,D28
18:33:55.730     1690134  FFFFFFAFD7FFF  D17,D19,D26,D28
18:33:55.730     1690144  FFFFFFABD7FFF  D17,D19,D24,D26,D28
18:33:55.730     1690148  FFFFFFAFD7FFF  D17,D19,D26,D28
18:33:55.730     1690165  FFFFFFABD7FFF  D17,D19,D24,D26,D28
18:33:55.730     1690168  FFFFFFAFD7FFF  D17,D19,D26,D28
18:33:55.815     1690171  FFFFFFABD7FFF  D17,D19,D24,D26,D28
18:33:55.815     1690172  FFFFFFAFD7FFF  D17,D19,D26,D28
18:33:55.815     1690184  FFFFFFABD7FFF  D17,D19,D24,D26,D28
18:33:55.815     1690188  FFFFFFAFD7FFF  D17,D19,D26,D28
18:33:55.815     1690191  FFFFFFABD7FFF  D17,D19,D24,D26,D28
18:33:55.815     1690193  FFFFFFAFD7FFF  D17,D19,D26,D28
18:33:55.815     1690204  FFFFFFABD7FFF  D17,D19,D24,D26,D28
18:33:55.815     1690208  FFFFFFAFD7FFF  D17,D19,D26,D28
18:33:55.815     1690210  FFFFFFABD7FFF  D17,D19,D24,D26,D28
18:33:55.815     1690212  FFFFFFAFD7FFF  D17,D19,D26,D28
18:33:55.815     1690224  FFFFFFABD7FFF  D17,D19,D24,D26,D28
18:33:55.815     1690227  FFFFFFAFD7FFF  D17,D19,D26,D28
18:33:55.815     1690230  FFFFFFABD7FFF  D17,D19,D24,D26,D28
18:33:55.815     1690232  FFFFFFAFD7FFF  D17,D19,D26,D28
18:33:55.831     1690244  FFFFFFABD7FFF  D17,D19,D24,D26,D28
18:33:55.831     1690248  FFFFFFAFD7FFF  D17,D19,D26,D28
18:33:55.831     1690251  FFFFFFABD7FFF  D17,D19,D24,D26,D28
18:33:55.831     1690253  FFFFFFAFD7FFF  D17,D19,D26,D28
18:33:55.831     1690264  FFFFFFABD7FFF  D17,D19,D24,D26,D28
18:33:55.831     1690266  FFFFFFAFD7FFF  D17,D19,D26,D28
18:33:55.924     1690270  FFFFFFABD7FFF  D17,D19,D24,D26,D28
18:33:55.924     1690271  FFFFFFAFD7FFF  D17,D19,D26,D28
18:33:55.924     1690284  FFFFFFABD7FFF  D17,D19,D24,D26,D28
18:33:55.924     1690288  FFFFFFAFD7FFF  D17,D19,D26,D28
18:33:55.924     1690291  FFFFFFABD7FFF  D17,D19,D24,D26,D28
18:33:55.924     1690293  FFFFFFAFD7FFF  D17,D19,D26,D28
18:33:55.924     1690303  FFFFFFABD7FFF  D17,D19,D24,D26,D28
18:33:55.924     1690307  FFFFFFAFD7FFF  D17,D19,D26,D28
18:33:55.924     1690310  FFFFFFABD7FFF  D17,D19,D24,D26,D28
18:33:55.924     1690312  FFFFFFAFD7FFF  D17,D19,D26,D28
18:33:55.924     1690323  FFFFFFABD7FFF  D17,D19,D24,D26,D28
18:33:55.924     1690327  FFFFFFAFD7FFF  D17,D19,D26,D28
18:33:55.924     1690330  FFFFFFABD7FFF  D17,D19,D24,D26,D28
18:33:55.924     1690332  FFFFFFAFD7FFF  D17,D19,D26,D28
18:33:55.924     1690343  FFFFFFABD7FFF  D17,D19,D24,D26,D28
18:33:55.924     1690346  FFFFFFAFD7FFF  D17,D19,D26,D28
18:33:55.924     1690348  FFFFFFABD7FFF  D17,D19,D24,D26,D28
18:33:55.924     1690350  FFFFFFAFD7FFF  D17,D19,D26,D28
18:33:55.924     1690362  FFFFFFABD7FFF  D17,D19,D24,D26,D28
18:33:55.924     1690366  FFFFFFAFD7FFF  D17,D19,D26,D28
18:33:56.020     1690370  FFFFFFABD7FFF  D17,D19,D24,D26,D28
18:33:56.020     1690371  FFFFFFAFD7FFF  D17,D19,D26,D28
18:33:56.020     1690383  FFFFFFABD7FFF  D17,D19,D24,D26,D28
18:33:56.020     1690386  FFFFFFAFD7FFF  D17,D19,D26,D28
18:33:56.020     1690388  FFFFFFABD7FFF  D17,D19,D24,D26,D28
18:33:56.020     1690390  FFFFFFAFD7FFF  D17,D19,D26,D28
18:33:56.020     1690402  FFFFFFABD7FFF  D17,D19,D24,D26,D28
18:33:56.020     1690405  FFFFFFAFD7FFF  D17,D19,D26,D28
18:33:56.020     1690408  FFFFFFABD7FFF  D17,D19,D24,D26,D28
18:33:56.020     1690411  FFFFFFAFD7FFF  D17,D19,D26,D28
18:33:56.020     1690422  FFFFFFABD7FFF  D17,D19,D24,D26,D28
18:33:56.020     1690426  FFFFFFAFD7FFF  D17,D19,D26,D28
18:33:56.020     1690430  FFFFFFABD7FFF  D17,D19,D24,D26,D28
18:33:56.020     1690432  FFFFFFAFD7FFF  D17,D19,D26,D28
18:33:56.020     1690441  FFFFFFABD7FFF  D17,D19,D24,D26,D28
18:33:56.020     1690445  FFFFFFAFD7FFF  D17,D19,D26,D28
18:33:56.020     1690449  FFFFFFABD7FFF  D17,D19,D24,D26,D28
18:33:56.020     1690450  FFFFFFAFD7FFF  D17,D19,D26,D28
18:33:56.020     1690462  FFFFFFABD7FFF  D17,D19,D24,D26,D28
18:33:56.122     1690465  FFFFFFAFD7FFF  D17,D19,D26,D28
18:33:56.122     1690469  FFFFFFABD7FFF  D17,D19,D24,D26,D28
18:33:56.122     1690471  FFFFFFAFD7FFF  D17,D19,D26,D28
18:33:56.122     1690482  FFFFFFABD7FFF  D17,D19,D24,D26,D28
18:33:56.122     1690485  FFFFFFAFD7FFF  D17,D19,D26,D28
18:33:56.122     1690487  FFFFFFABD7FFF  D17,D19,D24,D26,D28
18:33:56.122     1690490  FFFFFFAFD7FFF  D17,D19,D26,D28
18:33:56.122     1690502  FFFFFFABD7FFF  D17,D19,D24,D26,D28
18:33:56.122     1690505  FFFFFFAFD7FFF  D17,D19,D26,D28
18:33:56.122     1690508  FFFFFFABD7FFF  D17,D19,D24,D26,D28
18:33:56.122     1690510  FFFFFFAFD7FFF  D17,D19,D26,D28
18:33:56.122     1690522  FFFFFFABD7FFF  D17,D19,D24,D26,D28
18:33:56.122     1690524  FFFFFFAFD7FFF  D17,D19,D26,D28
18:33:56.122     1690527  FFFFFFABD7FFF  D17,D19,D24,D26,D28
18:33:56.122     1690529  FFFFFFAFD7FFF  D17,D19,D26,D28
18:33:56.122     1690541  FFFFFFABD7FFF  D17,D19,D24,D26,D28
18:33:56.122     1690545  FFFFFFAFD7FFF  D17,D19,D26,D28
18:33:56.122     1690549  FFFFFFABD7FFF  D17,D19,D24,D26,D28
18:33:56.122     1690550  FFFFFFAFD7FFF  D17,D19,D26,D28
18:33:56.122     1690561  FFFFFFABD7FFF  D17,D19,D24,D26,D28
18:33:56.221     1690565  FFFFFFAFD7FFF  D17,D19,D26,D28
18:33:56.221     1690566  FFFFFFABD7FFF  D17,D19,D24,D26,D28
18:33:56.221     1690568  FFFFFFAFD7FFF  D17,D19,D26,D28
18:33:56.221     1690580  FFFFFFABD7FFF  D17,D19,D24,D26,D28
18:33:56.221     1690585  FFFFFFAFD7FFF  D17,D19,D26,D28
18:33:56.221     1690587  FFFFFFABD7FFF  D17,D19,D24,D26,D28
18:33:56.221     1690589  FFFFFFAFD7FFF  D17,D19,D26,D28
18:33:56.221     1690601  FFFFFFABD7FFF  D17,D19,D24,D26,D28
18:33:56.221     1690603  FFFFFFAFD7FFF  D17,D19,D26,D28
18:33:56.221     1690606  FFFFFFABD7FFF  D17,D19,D24,D26,D28
18:33:56.221     1690608  FFFFFFAFD7FFF  D17,D19,D26,D28
18:33:56.221     1690620  FFFFFFABD7FFF  D17,D19,D24,D26,D28
18:33:56.221     1690624  FFFFFFAFD7FFF  D17,D19,D26,D28
18:33:56.221     1690628  FFFFFFABD7FFF  D17,D19,D24,D26,D28
18:33:56.221     1690630  FFFFFFAFD7FFF  D17,D19,D26,D28
18:33:56.221     1690640  FFFFFFABD7FFF  D17,D19,D24,D26,D28
18:33:56.221     1690644  FFFFFFAFD7FFF  D17,D19,D26,D28
18:33:56.221     1690646  FFFFFFABD7FFF  D17,D19,D24,D26,D28
18:33:56.221     1690648  FFFFFFAFD7FFF  D17,D19,D26,D28
18:33:56.221     1690660  FFFFFFABD7FFF  D17,D19,D24,D26,D28
18:33:56.312     1690664  FFFFFFAFD7FFF  D17,D19,D26,D28
18:33:56.312     1690667  FFFFFFABD7FFF  D17,D19,D24,D26,D28
18:33:56.312     1690668  FFFFFFAFD7FFF  D17,D19,D26,D28
18:33:56.312     1690680  FFFFFFABD7FFF  D17,D19,D24,D26,D28
18:33:56.312     1690684  FFFFFFAFD7FFF  D17,D19,D26,D28
18:33:56.312     1690686  FFFFFFABD7FFF  D17,D19,D24,D26,D28
18:33:56.312     1690688  FFFFFFAFD7FFF  D17,D19,D26,D28
18:33:56.312     1690699  FFFFFFABD7FFF  D17,D19,D24,D26,D28
18:33:56.312     1690702  FFFFFFAFD7FFF  D17,D19,D26,D28
18:33:56.312     1690707  FFFFFFABD7FFF  D17,D19,D24,D26,D28
18:33:56.312     1690708  FFFFFFAFD7FFF  D17,D19,D26,D28
18:33:56.312     1690720  FFFFFFABD7FFF  D17,D19,D24,D26,D28
18:33:56.312     1690723  FFFFFFAFD7FFF  D17,D19,D26,D28
18:33:56.312     1690725  FFFFFFABD7FFF  D17,D19,D24,D26,D28
18:33:56.312     1690727  FFFFFFAFD7FFF  D17,D19,D26,D28
18:33:56.312     1690739  FFFFFFABD7FFF  D17,D19,D24,D26,D28
18:33:56.312     1690743  FFFFFFAFD7FFF  D17,D19,D26,D28
18:33:56.312     1690746  FFFFFFABD7FFF  D17,D19,D24,D26,D28
18:33:56.312     1690747  FFFFFFAFD7FFF  D17,D19,D26,D28
18:33:56.421     1690760  FFFFFFABD7FFF  D17,D19,D24,D26,D28
18:33:56.421     1690763  FFFFFFAFD7FFF  D17,D19,D26,D28
18:33:56.421     1690766  FFFFFFABD7FFF  D17,D19,D24,D26,D28
18:33:56.421     1690768  FFFFFFAFD7FFF  D17,D19,D26,D28
18:33:56.421     1690778  FFFFFFABD7FFF  D17,D19,D24,D26,D28
18:33:56.421     1690783  FFFFFFAFD7FFF  D17,D19,D26,D28
18:33:56.421     1690785  FFFFFFABD7FFF  D17,D19,D24,D26,D28
18:33:56.421     1690787  FFFFFFAFD7FFF  D17,D19,D26,D28
18:33:56.421     1690799  FFFFFFABD7FFF  D17,D19,D24,D26,D28
18:33:56.421     1690802  FFFFFFAFD7FFF  D17,D19,D26,D28
18:33:56.421     1690806  FFFFFFABD7FFF  D17,D19,D24,D26,D28
18:33:56.421     1690808  FFFFFFAFD7FFF  D17,D19,D26,D28
18:33:56.421     1690818  FFFFFFABD7FFF  D17,D19,D24,D26,D28
18:33:56.421     1690823  FFFFFFAFD7FFF  D17,D19,D26,D28
18:33:56.421     1690826  FFFFFFABD7FFF  D17,D19,D24,D26,D28
18:33:56.421     1690827  FFFFFFAFD7FFF  D17,D19,D26,D28
18:33:56.421     1690839  FFFFFFABD7FFF  D17,D19,D24,D26,D28
18:33:56.421     1690843  FFFFFFAFD7FFF  D17,D19,D26,D28
18:33:56.421     1690846  FFFFFFABD7FFF  D17,D19,D24,D26,D28
18:33:56.421     1690848  FFFFFFAFD7FFF  D17,D19,D26,D28
18:33:56.526     1690858  FFFFFFABD7FFF  D17,D19,D24,D26,D28
18:33:56.528     1690862  FFFFFFAFD7FFF  D17,D19,D26,D28
18:33:56.528     1690864  FFFFFFABD7FFF  D17,D19,D24,D26,D28
18:33:56.528     1690866  FFFFFFAFD7FFF  D17,D19,D26,D28
18:33:56.528     1690878  FFFFFFABD7FFF  D17,D19,D24,D26,D28
18:33:56.528     1690882  FFFFFFAFD7FFF  D17,D19,D26,D28
18:33:56.529     1690897  FFFFFFABD7FFF  D17,D19,D24,D26,D28
18:33:56.529     1690902  FFFFFFAFD7FFF  D17,D19,D26,D28
18:33:56.529     1690904  FFFFFFABD7FFF  D17,D19,D24,D26,D28
18:33:56.529     1690906  FFFFFFAFD7FFF  D17,D19,D26,D28
18:33:56.529     1690917  FFFFFFABD7FFF  D17,D19,D24,D26,D28
18:33:56.529     1690923  FFFFFFAFD7FFF  D17,D19,D26,D28
18:33:56.529     1690925  FFFFFFABD7FFF  D17,D19,D24,D26,D28
18:33:56.529     1690927  FFFFFFAFD7FFF  D17,D19,D26,D28
18:33:56.529     1690938  FFFFFFABD7FFF  D17,D19,D24,D26,D28
18:33:56.529     1690941  FFFFFFAFD7FFF  D17,D19,D26,D28
18:33:56.529     1690944  FFFFFFABD7FFF  D17,D19,D24,D26,D28
18:33:56.529     1690946  FFFFFFAFD7FFF  D17,D19,D26,D28
18:33:56.529     1690957  FFFFFFABD7FFF  D17,D19,D24,D26,D28
18:33:56.529     1690960  FFFFFFAFD7FFF  D17,D19,D26,D28
18:33:56.634     1690963  FFFFFFABD7FFF  D17,D19,D24,D26,D28
18:33:56.634     1690966  FFFFFFAFD7FFF  D17,D19,D26,D28
18:33:56.634     1690977  FFFFFFABD7FFF  D17,D19,D24,D26,D28
18:33:56.634     1690982  FFFFFFAFD7FFF  D17,D19,D26,D28
18:33:56.634     1690997  FFFFFFABD7FFF  D17,D19,D24,D26,D28
18:33:56.634     1691000  FFFFFFAFD7FFF  D17,D19,D26,D28
18:33:56.634     1691017  FFFFFFABD7FFF  D17,D19,D24,D26,D28
18:33:56.634     1691021  FFFFFFAFD7FFF  D17,D19,D26,D28
18:33:56.634     1691024  FFFFFFABD7FFF  D17,D19,D24,D26,D28
18:33:56.634     1691026  FFFFFFAFD7FFF  D17,D19,D26,D28
18:33:56.634     1691036  FFFFFFABD7FFF  D17,D19,D24,D26,D28
18:33:56.634     1691041  FFFFFFAFD7FFF  D17,D19,D26,D28
18:33:56.634     1691043  FFFFFFABD7FFF  D17,D19,D24,D26,D28
18:33:56.634     1691044  FFFFFFAFD7FFF  D17,D19,D26,D28
18:33:56.634     1691057  FFFFFFABD7FFF  D17,D19,D24,D26,D28
18:33:56.634     1691059  FFFFFFAFD7FFF  D17,D19,D26,D28
18:33:56.634     1691063  FFFFFFABD7FFF  D17,D19,D24,D26,D28
18:33:56.634     1691065  FFFFFFAFD7FFF  D17,D19,D26,D28
18:33:56.634     1691076  FFFFFFABD7FFF  D17,D19,D24,D26,D28
18:33:57.122     1691079  FFFFFFAFD7FFF  D17,D19,D26,D28
18:33:57.122     1691083  FFFFFFABD7FFF  D17,D19,D24,D26,D28
18:33:57.122     1691085  FFFFFFAFD7FFF  D17,D19,D26,D28
18:33:57.122     1691096  FFFFFFABD7FFF  D17,D19,D24,D26,D28
18:33:57.122     1691099  FFFFFFAFD7FFF  D17,D19,D26,D28
18:33:57.122     1691103  FFFFFFABD7FFF  D17,D19,D24,D26,D28
18:33:57.122     1691104  FFFFFFAFD7FFF  D17,D19,D26,D28
18:33:57.122     1691116  FFFFFFABD7FFF  D17,D19,D24,D26,D28
18:33:57.122     1691119  FFFFFFAFD7FFF  D17,D19,D26,D28
18:33:57.122     1691122  FFFFFFABD7FFF  D17,D19,D24,D26,D28
18:33:57.122     1691123  FFFFFFAFD7FFF  D17,D19,D26,D28
18:33:57.122     1691136  FFFFFFABD7FFF  D17,D19,D24,D26,D28
18:33:57.122     1691140  FFFFFFAFD7FFF  D17,D19,D26,D28
18:33:57.122     1691156  FFFFFFABD7FFF  D17,D19,D24,D26,D28
18:33:57.122     1691158  FFFFFFAFD7FFF  D17,D19,D26,D28
18:33:57.122     1691495  FFFFFFABD7FFF  D17,D19,D24,D26,D28
18:33:57.122     1691497  FFFFFFAFD7FFF  D17,D19,D26,D28
18:33:57.122     1691534  FFFFFFABD7FFF  D17,D19,D24,D26,D28
18:33:57.122     1691536  FFFFFFAFD7FFF  D17,D19,D26,D28
18:33:57.122     1691553  FFFFFFABD7FFF  D17,D19,D24,D26,D28
18:33:58.120     1691555  FFFFFFAFD7FFF  D17,D19,D26,D28
18:33:58.121     1691872  FFFFFFABD7FFF  D17,D19,D24,D26,D28
18:33:58.121     1691873  FFFFFFAFD7FFF  D17,D19,D26,D28
18:33:58.121     1692010  FFFFFFABD7FFF  D17,D19,D24,D26,D28
18:33:58.121     1692012  FFFFFFAFD7FFF  D17,D19,D26,D28
18:33:58.121     1692029  FFFFFFABD7FFF  D17,D19,D24,D26,D28
18:33:58.122     1692032  FFFFFFAFD7FFF  D17,D19,D26,D28
18:34:01.589     1695481  FFFFFFAFF7FFF  D17,D26,D28
18:34:03.187     1697064  FFFFFFAFD7FFF  D17,D19,D26,D28
18:34:04.093     1697966  FFFFFFAFD3FFF  D16,D17,D19,D26,D28
18:34:08.257     1702091  FFFFFFA7D3FFF  D16,D17,D19,D25,D26,D28
18:34:10.869     1704681  FFFFFF87D3FFF  D16,D17,D19,D25,D26,D27,D28
18:34:10.869     1704683  FFFFFF97D3FFF  D16,D17,D19,D25,D27,D28
18:34:10.869     1704685  FFFFFF9FD3FFF  D16,D17,D19,D27,D28
18:34:12.641     1706456  FFFFFF97D3FFF  D16,D17,D19,D25,D27,D28
18:34:14.484     1708281  FFFFFF87D3FFF  D16,D17,D19,D25,D26,D27,D28
18:34:14.484     1708283  FFFFFF8FD3FFF  D16,D17,D19,D26,D27,D28
--- FW IODebug 1.2.2 2026-08-31 LIFT=1 18:34:16 ---
18:34:16.334     1710106  FFFFFF87D3FFF  D16,D17,D19,D25,D26,D27,D28
18:34:18.141     1711891  FFFFFF07D3FFF  D16,D17,D19,D25,D26,D27,D28,D29
18:34:18.142     1711893  FFFFFF37D3FFF  D16,D17,D19,D25,D28,D29
18:34:18.142     1711895  FFFFFF3FD3FFF  D16,D17,D19,D28,D29
18:34:18.142     1711897  FFFFFF7FD3FFF  D16,D17,D19,D29
18:34:20.102     1713835  FFFFFF77D3FFF  D16,D17,D19,D25,D29
18:34:24.626     1718167  FFFFFF77D7FFF  D17,D19,D25,D29
18:34:24.626     1718332  FFFFFF77F7FFF  D17,D25,D29
--- FW IODebug 1.2.2 2026-08-31 LIFT=1 18:34:46 ---
18:35:11.983     1765303  FFFFFF77D7FFF  D17,D19,D25,D29
18:35:12.885     1766205  FFFFFF77D3FFF  D16,D17,D19,D25,D29
18:35:16.707     1769498  FFFFFF67D3FFF  D16,D17,D19,D25,D26,D29
18:35:16.707     1769501  FFFFFF6FD3FFF  D16,D17,D19,D26,D29
--- FW IODebug 1.2.2 2026-08-31 LIFT=1 18:35:16 ---
18:35:19.668     1772632  FFFFFF67D3FFF  D16,D17,D19,D25,D26,D29
18:35:19.668     1772762  FFFFFF6793FFF  D16,D17,D19,D20,D25,D26,D29
18:35:19.668     1772924  FFFFFF67B3FFF  D16,D17,D20,D25,D26,D29
18:35:22.246     1775485  FFFFFF67B7FFF  D17,D20,D25,D26,D29
18:35:32.620     1785449  FFFFFF67F7FFF  D17,D25,D26,D29
18:35:32.620     1785775  FFFFFF67B7FFF  D17,D20,D25,D26,D29
18:35:33.573     1786717  FFFFFF67B3FFF  D16,D17,D20,D25,D26,D29
18:35:36.843     1789973  FFFFFF6FB3FFF  D16,D17,D20,D26,D29
18:35:39.382     1792468  FFFFFF67B3FFF  D16,D17,D20,D25,D26,D29
18:35:39.382     1792471  FFFFFF77B3FFF  D16,D17,D20,D25,D29
18:35:41.208     1794297  FFFFFF7FB3FFF  D16,D17,D20,D29
18:35:43.052     1796118  FFFFFF5FB3FFF  D16,D17,D20,D27,D29
18:35:43.052     1796120  FFFFFF07B3FFF  D16,D17,D20,D25,D26,D27,D28,D29
18:35:43.052     1796123  FFFFFF87B3FFF  D16,D17,D20,D25,D26,D27,D28
18:35:44.891     1797947  FFFFFF8FB3FFF  D16,D17,D20,D26,D27,D28
18:35:46.966     1799740  FFFFFF87B3FFF  D16,D17,D20,D25,D26,D27,D28
18:35:46.966     1799742  FFFFFF97B3FFF  D16,D17,D20,D25,D27,D28
--- FW IODebug 1.2.2 2026-08-31 LIFT=1 18:35:46 ---
18:35:48.529     1801558  FFFFFF9FB3FFF  D16,D17,D20,D27,D28
18:35:50.377     1803389  FFFFFF97B3FFF  D16,D17,D20,D25,D27,D28
18:35:50.377     1803392  FFFFFFA7B3FFF  D16,D17,D20,D25,D26,D28
18:35:52.638     1805644  FFFFFFAFB3FFF  D16,D17,D20,D26,D28
18:35:54.927     1807901  FFFFFFA7B3FFF  D16,D17,D20,D25,D26,D28
18:35:54.927     1807903  FFFFFFB7B3FFF  D16,D17,D20,D25,D28
18:35:56.778     1809742  FFFFFFBFB3FFF  D16,D17,D20,D28
18:35:58.566     1811513  FFFFFF87B3FFF  D16,D17,D20,D25,D26,D27,D28
18:35:58.566     1811519  FFFFFFC7B3FFF  D16,D17,D20,D25,D26,D27
18:36:00.405     1813341  FFFFFFCFB3FFF  D16,D17,D20,D26,D27
18:36:02.535     1815450  FFFFFFC7B3FFF  D16,D17,D20,D25,D26,D27
18:36:02.535     1815452  FFFFFFD7B3FFF  D16,D17,D20,D25,D27
18:36:05.421     1818311  FFFFFFDFB3FFF  D16,D17,D20,D27
18:36:08.014     1820875  FFFFFFD7B3FFF  D16,D17,D20,D25,D27
18:36:08.014     1820877  FFFFFFE7B3FFF  D16,D17,D20,D25,D26
18:36:10.063     1822913  FFFFFFEFB3FFF  D16,D17,D20,D26
18:36:12.797     1825636  FFFFFFE7B3FFF  D16,D17,D20,D25,D26
18:36:12.797     1825638  FFFFFFF7B3FFF  D16,D17,D20,D25
18:36:14.687     1827502  FFFFFFF793FFF  D16,D17,D19,D20,D25
18:36:14.687     1827504  FFFFFFF7D3FFF  D16,D17,D19,D25
--- FW IODebug 1.2.2 2026-08-31 LIFT=1 18:36:17 ---
18:36:18.240     1831029  FFFFFFF7D7FFF  D17,D19,D25
18:36:27.024     1839735  FFFFFFF7F7FFF  D17,D25
--- FW IODebug 1.2.2 2026-08-31 LIFT=1 18:36:47 ---
--- FW IODebug 1.2.2 2026-08-31 LIFT=1 18:37:17 ---
18:37:27.517     1899735  FFFFFFF7F7FFF  D17,D25
--- FW IODebug 1.2.2 2026-08-31 LIFT=1 18:37:47 ---
--- FW IODebug 1.2.2 2026-08-31 LIFT=1 18:38:18 ---
18:38:27.994     1959735  FFFFFFF7F7FFF  D17,D25
--- FW IODebug 1.2.2 2026-08-31 LIFT=1 18:38:48 ---
--- FW IODebug 1.2.2 2026-08-31 LIFT=1 18:39:18 ---
18:39:27.669     2018934  FFFFFFF7FFFFF  D25
18:39:28.358     2019580  FFFFFFF3FFFFF  D24,D25
18:39:28.358     2019581  FFFFFFF7FFFFF  D25
18:39:28.358     2019613  FFFFFFF7F7FFF  D17,D25
--- FW IODebug 1.2.2 2026-08-31 LIFT=1 18:39:48 ---
--- FW IODebug 1.2.2 2026-08-31 LIFT=1 18:40:19 ---
18:40:28.868     2079613  FFFFFFF7F7FFF  D17,D25
--- FW IODebug 1.2.2 2026-08-31 LIFT=1 18:40:49 ---
--- FW IODebug 1.2.2 2026-08-31 LIFT=1 18:41:19 ---
18:41:29.337     2139613  FFFFFFF7F7FFF  D17,D25
--- FW IODebug 1.2.2 2026-08-31 LIFT=1 18:41:49 ---
--- FW IODebug 1.2.2 2026-08-31 LIFT=1 18:42:20 ---
18:42:29.834     2199613  FFFFFFF7F7FFF  D17,D25
--- FW IODebug 1.2.2 2026-08-31 LIFT=1 18:42:50 ---
--- FW IODebug 1.2.2 2026-08-31 LIFT=1 18:43:20 ---
18:43:30.327     2259613  FFFFFFF7F7FFF  D17,D25
--- FW IODebug 1.2.2 2026-08-31 LIFT=1 18:43:50 ---
--- FW IODebug 1.2.2 2026-08-31 LIFT=1 18:44:21 ---
18:44:30.822     2319613  FFFFFFF7F7FFF  D17,D25
--- FW IODebug 1.2.2 2026-08-31 LIFT=1 18:44:51 ---
--- FW IODebug 1.2.2 2026-08-31 LIFT=1 18:45:21 ---
18:45:31.319     2379613  FFFFFFF7F7FFF  D17,D25
--- FW IODebug 1.2.2 2026-08-31 LIFT=1 18:45:51 ---
--- FW IODebug 1.2.2 2026-08-31 LIFT=1 18:46:22 ---
18:46:31.791     2439613  FFFFFFF7F7FFF  D17,D25
--- FW IODebug 1.2.2 2026-08-31 LIFT=1 18:46:52 ---
--- FW IODebug 1.2.2 2026-08-31 LIFT=1 18:47:22 ---
18:47:32.281     2499613  FFFFFFF7F7FFF  D17,D25
--- FW IODebug 1.2.2 2026-08-31 LIFT=1 18:47:52 ---
--- FW IODebug 1.2.2 2026-08-31 LIFT=1 18:48:23 ---
18:48:32.767     2559613  FFFFFFF7F7FFF  D17,D25
--- FW IODebug 1.2.2 2026-08-31 LIFT=1 18:48:53 ---
--- FW IODebug 1.2.2 2026-08-31 LIFT=1 18:49:23 ---
18:49:33.256     2619613  FFFFFFF7F7FFF  D17,D25
--- FW IODebug 1.2.2 2026-08-31 LIFT=1 18:49:53 ---
--- FW IODebug 1.2.2 2026-08-31 LIFT=1 18:50:24 ---
18:50:33.756     2679613  FFFFFFF7F7FFF  D17,D25
--- FW IODebug 1.2.2 2026-08-31 LIFT=1 18:50:54 ---
--- FW IODebug 1.2.2 2026-08-31 LIFT=1 18:51:24 ---
18:51:34.243     2739613  FFFFFFF7F7FFF  D17,D25
--- FW IODebug 1.2.2 2026-08-31 LIFT=1 18:51:54 ---
--- FW IODebug 1.2.2 2026-08-31 LIFT=1 18:52:25 ---
18:52:34.725     2799613  FFFFFFF7F7FFF  D17,D25
--- FW IODebug 1.2.2 2026-08-31 LIFT=1 18:52:55 ---
--- FW IODebug 1.2.2 2026-08-31 LIFT=1 18:53:25 ---
18:53:35.236     2859613  FFFFFFF7F7FFF  D17,D25
--- FW IODebug 1.2.2 2026-08-31 LIFT=1 18:53:55 ---
--- FW IODebug 1.2.2 2026-08-31 LIFT=1 18:54:26 ---
18:54:35.730     2919613  FFFFFFF7F7FFF  D17,D25
18:54:49.999     2933771  FFFFFFF7D7FFF  D17,D19,D25
18:54:51.192     2934962  FFFFFFF7D3FFF  D16,D17,D19,D25
--- FW IODebug 1.2.2 2026-08-31 LIFT=1 18:54:56 ---
18:54:57.038     2940753  FFFFFFE7D3FFF  D16,D17,D19,D25,D26
18:54:57.038     2940756  FFFFFFEFD3FFF  D16,D17,D19,D26
18:54:59.783     2943491  FFFFFFE7D3FFF  D16,D17,D19,D25,D26
18:55:01.833     2945514  FFFFFFC7D3FFF  D16,D17,D19,D25,D26,D27
18:55:01.833     2945516  FFFFFFD7D3FFF  D16,D17,D19,D25,D27
18:55:01.833     2945518  FFFFFFDFD3FFF  D16,D17,D19,D27
18:55:04.825     2948490  FFFFFFD7D3FFF  D16,D17,D19,D25,D27
18:55:08.359     2951989  FFFFFFD7D7FFF  D17,D19,D25,D27
18:55:19.019     2962575  FFFFFFD7D3FFF  D16,D17,D19,D25,D27
18:55:24.626     2968129  FFFFFFC7D3FFF  D16,D17,D19,D25,D26,D27
18:55:24.626     2968132  FFFFFFCFD3FFF  D16,D17,D19,D26,D27
--- FW IODebug 1.2.2 2026-08-31 LIFT=1 18:55:26 ---
18:55:26.759     2970231  FFFFFFC7D3FFF  D16,D17,D19,D25,D26,D27
18:55:29.283     2972731  FFFFFF87D3FFF  D16,D17,D19,D25,D26,D27,D28
18:55:29.283     2972732  FFFFFFB7D3FFF  D16,D17,D19,D25,D28
18:55:29.283     2972734  FFFFFFBFD3FFF  D16,D17,D19,D28
18:55:32.120     2975545  FFFFFFBFD7FFF  D17,D19,D28
18:55:40.866     2984241  FFFFFFBFF7FFF  D17,D28
18:55:43.113     2986459  FFFFFFBFD7FFF  D17,D19,D28
18:55:44.036     2987371  FFFFFFBFD3FFF  D16,D17,D19,D28
18:55:48.829     2992131  FFFFFFB7D3FFF  D16,D17,D19,D25,D28
18:55:50.747     2994035  FFFFFFA7D3FFF  D16,D17,D19,D25,D26,D28
18:55:50.747     2994038  FFFFFFAFD3FFF  D16,D17,D19,D26,D28
18:55:53.064     2996336  FFFFFFA7D3FFF  D16,D17,D19,D25,D26,D28
18:55:55.352     2998598  FFFFFF87D3FFF  D16,D17,D19,D25,D26,D27,D28
18:55:55.352     2998600  FFFFFF97D3FFF  D16,D17,D19,D25,D27,D28
18:55:55.352     2998602  FFFFFF9FD3FFF  D16,D17,D19,D27,D28
--- FW IODebug 1.2.2 2026-08-31 LIFT=1 18:55:57 ---
18:55:57.141     3000383  FFFFFF97D3FFF  D16,D17,D19,D25,D27,D28
18:55:58.996     3002209  FFFFFF87D3FFF  D16,D17,D19,D25,D26,D27,D28
18:55:58.996     3002212  FFFFFF8FD3FFF  D16,D17,D19,D26,D27,D28
18:56:00.830     3004034  FFFFFF87D3FFF  D16,D17,D19,D25,D26,D27,D28
18:56:02.684     3005858  FFFFFF07D3FFF  D16,D17,D19,D25,D26,D27,D28,D29
18:56:02.684     3005860  FFFFFF37D3FFF  D16,D17,D19,D25,D28,D29
18:56:02.684     3005862  FFFFFF3FD3FFF  D16,D17,D19,D28,D29
18:56:02.684     3005864  FFFFFF7FD3FFF  D16,D17,D19,D29
18:56:04.587     3007763  FFFFFF77D3FFF  D16,D17,D19,D25,D29
18:56:09.023     3012124  FFFFFF77D7FFF  D17,D19,D25,D29
18:56:09.023     3012171  FFFFFF77F7FFF  D17,D25,D29
--- FW IODebug 1.2.2 2026-08-31 LIFT=1 18:56:27 ---
--- FW IODebug 1.2.2 2026-08-31 LIFT=1 18:56:57 ---
18:57:09.533     3072171  FFFFFF77F7FFF  D17,D25,D29
--- FW IODebug 1.2.2 2026-08-31 LIFT=1 18:57:27 ---
--- FW IODebug 1.2.2 2026-08-31 LIFT=1 18:57:57 ---
18:58:10.001     3132171  FFFFFF77F7FFF  D17,D25,D29
--- FW IODebug 1.2.2 2026-08-31 LIFT=1 18:58:27 ---
--- FW IODebug 1.2.2 2026-08-31 LIFT=1 18:58:58 ---
18:59:09.686     3191370  FFFFFF77FFFFF  D25,D29
18:59:10.379     3192048  FFFFFF77F7FFF  D17,D25,D29
--- FW IODebug 1.2.2 2026-08-31 LIFT=1 18:59:28 ---
--- FW IODebug 1.2.2 2026-08-31 LIFT=1 18:59:58 ---
19:00:10.881     3252048  FFFFFF77F7FFF  D17,D25,D29
--- FW IODebug 1.2.2 2026-08-31 LIFT=1 19:00:28 ---
19:00:45.651     3286552  FFFFFF77B7FFF  D17,D20,D25,D29
19:00:46.778     3287663  FFFFFF77B3FFF  D16,D17,D20,D25,D29
19:00:51.574     3292426  FFFFFF7FB3FFF  D16,D17,D20,D29
19:00:53.529     3294367  FFFFFF77B3FFF  D16,D17,D20,D25,D29
19:00:53.529     3294368  FFFFFF07B3FFF  D16,D17,D20,D25,D26,D27,D28,D29
19:00:53.529     3294371  FFFFFF87B3FFF  D16,D17,D20,D25,D26,D27,D28
19:00:55.375     3296206  FFFFFF8FB3FFF  D16,D17,D20,D26,D27,D28
19:00:57.171     3297978  FFFFFF87B3FFF  D16,D17,D20,D25,D26,D27,D28
19:00:57.171     3297980  FFFFFF97B3FFF  D16,D17,D20,D25,D27,D28
19:00:59.211     3299806  FFFFFF9FB3FFF  D16,D17,D20,D27,D28
--- FW IODebug 1.2.2 2026-08-31 LIFT=1 19:00:59 ---
19:01:00.872     3301627  FFFFFF87B3FFF  D16,D17,D20,D25,D26,D27,D28
19:01:00.872     3301629  FFFFFFA7B3FFF  D16,D17,D20,D25,D26,D28
19:01:03.126     3303892  FFFFFFAFB3FFF  D16,D17,D20,D26,D28
19:01:05.417     3306150  FFFFFFA7B3FFF  D16,D17,D20,D25,D26,D28
19:01:05.418     3306152  FFFFFFB7B3FFF  D16,D17,D20,D25,D28
19:01:07.386     3308109  FFFFFFBFB3FFF  D16,D17,D20,D28
19:01:11.700     3312388  FFFFFFBFB7FFF  D17,D20,D28
19:01:22.404     3323013  FFFFFFBFB3FFF  D16,D17,D20,D28
19:01:25.721     3326305  FFFFFF97B3FFF  D16,D17,D20,D25,D27,D28
19:01:25.722     3326307  FFFFFF87B3FFF  D16,D17,D20,D25,D26,D27,D28
19:01:25.722     3326311  FFFFFFC7B3FFF  D16,D17,D20,D25,D26,D27
19:01:28.209     3328769  FFFFFFCFB3FFF  D16,D17,D20,D26,D27
--- FW IODebug 1.2.2 2026-08-31 LIFT=1 19:01:29 ---
19:01:30.328     3330868  FFFFFFC7B3FFF  D16,D17,D20,D25,D26,D27
19:01:30.328     3330869  FFFFFFD7B3FFF  D16,D17,D20,D25,D27
19:01:33.166     3333688  FFFFFFDFB3FFF  D16,D17,D20,D27
19:01:35.807     3336303  FFFFFFC7B3FFF  D16,D17,D20,D25,D26,D27
19:01:35.807     3336305  FFFFFFE7B3FFF  D16,D17,D20,D25,D26
19:01:37.807     3338290  FFFFFFEFB3FFF  D16,D17,D20,D26
19:01:40.610     3341064  FFFFFFE7B3FFF  D16,D17,D20,D25,D26
19:01:40.610     3341066  FFFFFFF7B3FFF  D16,D17,D20,D25
19:01:42.446     3342889  FFFFFFF793FFF  D16,D17,D19,D20,D25
19:01:42.446     3342891  FFFFFFF7D3FFF  D16,D17,D19,D25
19:01:46.008     3346417  FFFFFFF7D7FFF  D17,D19,D25
19:01:54.775     3355113  FFFFFFF7F7FFF  D17,D25
--- FW IODebug 1.2.2 2026-08-31 LIFT=1 19:01:59 ---
--- FW IODebug 1.2.2 2026-08-31 LIFT=1 19:02:29 ---
19:02:55.278     3415113  FFFFFFF7F7FFF  D17,D25
--- FW IODebug 1.2.2 2026-08-31 LIFT=1 19:03:00 ---
19:03:06.367     3426116  FFFFFFF3F7FFF  D17,D24,D25
19:03:07.076     3426829  FFFFFFF7F7FFF  D17,D25
19:03:10.273     3429993  FFFFFFE7F7FFF  D17,D25,D26
19:03:10.274     3429995  FFFFFFF7F7FFF  D17,D25
19:03:10.274     3429997  FFFFFFE7F7FFF  D17,D25,D26
19:03:11.063     3430794  FFFFFFF7F7FFF  D17,D25
19:03:12.340     3432031  FFFFFFD7F7FFF  D17,D25,D27
19:03:12.340     3432044  FFFFFFF7F7FFF  D17,D25
19:03:12.340     3432045  FFFFFFD7F7FFF  D17,D25,D27
19:03:14.789     3434213  FFFFFFF7F7FFF  D17,D25
19:03:14.789     3434215  FFFFFFD7F7FFF  D17,D25,D27
19:03:14.789     3434220  FFFFFFF7F7FFF  D17,D25
19:03:14.789     3434222  FFFFFFD7F7FFF  D17,D25,D27
19:03:14.789     3434224  FFFFFFF7F7FFF  D17,D25
19:03:14.790     3434255  FFFFFFD7F7FFF  D17,D25,D27
19:03:14.790     3434257  FFFFFFF7F7FFF  D17,D25
19:03:14.790     3434298  FFFFFFD7F7FFF  D17,D25,D27
19:03:14.791     3434482  FFFFFFF7F7FFF  D17,D25
19:03:16.198     3435845  FFFFFFB7F7FFF  D17,D25,D28
19:03:16.198     3435848  FFFFFFF7F7FFF  D17,D25
19:03:16.198     3435850  FFFFFFB7F7FFF  D17,D25,D28
19:03:16.198     3435852  FFFFFFF7F7FFF  D17,D25
19:03:16.198     3435855  FFFFFFB7F7FFF  D17,D25,D28
19:03:17.106     3436792  FFFFFFF7F7FFF  D17,D25
19:03:18.228     3437853  FFFFFF77F7FFF  D17,D25,D29
19:03:18.229     3437865  FFFFFFF7F7FFF  D17,D25
19:03:18.229     3437871  FFFFFF77F7FFF  D17,D25,D29
19:03:18.229     3437872  FFFFFFF7F7FFF  D17,D25
19:03:18.229     3437875  FFFFFF77F7FFF  D17,D25,D29
19:03:18.229     3437877  FFFFFFF7F7FFF  D17,D25
19:03:18.229     3437880  FFFFFF77F7FFF  D17,D25,D29
19:03:18.230     3437883  FFFFFFF7F7FFF  D17,D25
19:03:18.230     3437885  FFFFFF77F7FFF  D17,D25,D29
19:03:19.154     3438819  FFFFFFF7F7FFF  D17,D25
19:03:19.154     3438821  FFFFFF77F7FFF  D17,D25,D29
19:03:19.154     3438823  FFFFFFF7F7FFF  D17,D25
--- FW IODebug 1.2.2 2026-08-31 LIFT=1 19:03:30 ---
--- FW IODebug 1.2.2 2026-08-31 LIFT=1 19:04:00 ---
19:04:19.668     3498823  FFFFFFF7F7FFF  D17,D25
--- FW IODebug 1.2.2 2026-08-31 LIFT=1 19:04:30 ---
19:04:55.448     3534312  FFFFFFF7FFFFF  D25
19:04:56.118     3534990  FFFFFFF7F7FFF  D17,D25
--- FW IODebug 1.2.2 2026-08-31 LIFT=1 19:05:01 ---
--- FW IODebug 1.2.2 2026-08-31 LIFT=1 19:05:31 ---
19:05:56.605     3594990  FFFFFFF7F7FFF  D17,D25
--- FW IODebug 1.2.2 2026-08-31 LIFT=1 19:06:01 ---
19:06:21.472     3619655  FFFFFFF7B7FFF  D17,D20,D25
19:06:22.598     3620766  FFFFFFF7B3FFF  D16,D17,D20,D25
19:06:26.599     3624708  FFFFFFFFB3FFF  D16,D17,D20
19:06:26.599     3624733  FFFFFFFF93FFF  D16,D17,D19,D20
19:06:26.599     3624735  FFFFFFFFD3FFF  D16,D17,D19
19:06:29.993     3628102  FFFFFFFFD7FFF  D17,D19
--- FW IODebug 1.2.2 2026-08-31 LIFT=1 19:06:31 ---
19:06:47.549     3645528  FFFFFFFFF7FFF  D17
19:06:52.825     3650759  FFFFFFFFD7FFF  D17,D19
19:06:53.884     3651802  FFFFFFFFD3FFF  D16,D17,D19
19:06:57.682     3655560  FFFFFFF7D3FFF  D16,D17,D19,D25
19:07:01.129     3658982  FFFFFFE7D3FFF  D16,D17,D19,D25,D26
19:07:01.129     3658985  FFFFFFEFD3FFF  D16,D17,D19,D26
--- FW IODebug 1.2.2 2026-08-31 LIFT=1 19:07:02 ---
19:07:03.907     3661749  FFFFFFE7D3FFF  D16,D17,D19,D25,D26
19:07:05.967     3663772  FFFFFFC7D3FFF  D16,D17,D19,D25,D26,D27
19:07:05.967     3663773  FFFFFFD7D3FFF  D16,D17,D19,D25,D27
19:07:05.967     3663776  FFFFFFDFD3FFF  D16,D17,D19,D27
19:07:08.557     3666351  FFFFFFD7D3FFF  D16,D17,D19,D25,D27
19:07:11.475     3669248  FFFFFFC7D3FFF  D16,D17,D19,D25,D26,D27
19:07:11.475     3669251  FFFFFFCFD3FFF  D16,D17,D19,D26,D27
19:07:16.151     3673896  FFFFFFCFD7FFF  D17,D19,D26,D27
19:07:27.238     3684883  FFFFFFCFF7FFF  D17,D26,D27
--- FW IODebug 1.2.2 2026-08-31 LIFT=1 19:07:32 ---
19:07:32.856     3690434  FFFFFFCFD7FFF  D17,D19,D26,D27
19:07:33.883     3691474  FFFFFFCFD3FFF  D16,D17,D19,D26,D27
19:07:37.254     3694808  FFFFFFC7D3FFF  D16,D17,D19,D25,D26,D27
19:07:39.722     3697257  FFFFFF87D3FFF  D16,D17,D19,D25,D26,D27,D28
19:07:39.722     3697259  FFFFFFB7D3FFF  D16,D17,D19,D25,D28
19:07:39.722     3697262  FFFFFFBFD3FFF  D16,D17,D19,D28
19:07:41.552     3699082  FFFFFFB7D3FFF  D16,D17,D19,D25,D28
19:07:43.383     3700908  FFFFFFA7D3FFF  D16,D17,D19,D25,D26,D28
19:07:43.383     3700910  FFFFFFAFD3FFF  D16,D17,D19,D26,D28
19:07:45.677     3703169  FFFFFFA7D3FFF  D16,D17,D19,D25,D26,D28
19:07:48.682     3706143  FFFFFF87D3FFF  D16,D17,D19,D25,D26,D27,D28
19:07:48.682     3706145  FFFFFF97D3FFF  D16,D17,D19,D25,D27,D28
19:07:48.682     3706147  FFFFFF9FD3FFF  D16,D17,D19,D27,D28
19:07:51.557     3708967  FFFFFF9FD7FFF  D17,D19,D27,D28
19:07:51.557     3709005  FFFFFF9FF7FFF  D17,D27,D28
--- FW IODebug 1.2.2 2026-08-31 LIFT=1 19:08:02 ---
--- FW IODebug 1.2.2 2026-08-31 LIFT=1 19:08:32 ---
19:08:52.058     3769005  FFFFFF9FF7FFF  D17,D27,D28
--- FW IODebug 1.2.2 2026-08-31 LIFT=1 19:09:03 ---
--- FW IODebug 1.2.2 2026-08-31 LIFT=1 19:09:33 ---
19:09:52.531     3829005  FFFFFF9FF7FFF  D17,D27,D28
--- FW IODebug 1.2.2 2026-08-31 LIFT=1 19:10:03 ---
--- FW IODebug 1.2.2 2026-08-31 LIFT=1 19:10:33 ---
19:10:52.211     3888205  FFFFFF9FFFFFF  D27,D28
19:10:52.900     3888883  FFFFFF9FF7FFF  D17,D27,D28
--- FW IODebug 1.2.2 2026-08-31 LIFT=1 19:11:04 ---
--- FW IODebug 1.2.2 2026-08-31 LIFT=1 19:11:34 ---
19:11:53.390     3948883  FFFFFF9FF7FFF  D17,D27,D28
--- FW IODebug 1.2.2 2026-08-31 LIFT=1 19:12:04 ---
--- FW IODebug 1.2.2 2026-08-31 LIFT=1 19:12:34 ---
19:12:53.892     4008883  FFFFFF9FF7FFF  D17,D27,D28
--- FW IODebug 1.2.2 2026-08-31 LIFT=1 19:13:05 ---
--- FW IODebug 1.2.2 2026-08-31 LIFT=1 19:13:35 ---
19:13:54.367     4068883  FFFFFF9FF7FFF  D17,D27,D28
--- FW IODebug 1.2.2 2026-08-31 LIFT=1 19:14:05 ---
--- FW IODebug 1.2.2 2026-08-31 LIFT=1 19:14:35 ---
19:14:54.872     4128883  FFFFFF9FF7FFF  D17,D27,D28
--- FW IODebug 1.2.2 2026-08-31 LIFT=1 19:15:06 ---
--- FW IODebug 1.2.2 2026-08-31 LIFT=1 19:15:36 ---
19:15:55.352     4188883  FFFFFF9FF7FFF  D17,D27,D28
--- FW IODebug 1.2.2 2026-08-31 LIFT=1 19:16:06 ---
--- FW IODebug 1.2.2 2026-08-31 LIFT=1 19:16:36 ---
19:16:55.855     4248883  FFFFFF9FF7FFF  D17,D27,D28
--- FW IODebug 1.2.2 2026-08-31 LIFT=1 19:17:07 ---
--- FW IODebug 1.2.2 2026-08-31 LIFT=1 19:17:37 ---
19:17:56.351     4308883  FFFFFF9FF7FFF  D17,D27,D28
--- FW IODebug 1.2.2 2026-08-31 LIFT=1 19:18:07 ---
19:18:15.533     4327919  FFFFFF9FB7FFF  D17,D20,D27,D28
19:18:16.644     4329030  FFFFFF9FB3FFF  D16,D17,D20,D27,D28
19:18:19.990     4332361  FFFFFF97B3FFF  D16,D17,D20,D25,D27,D28
19:18:19.990     4332363  FFFFFFA7B3FFF  D16,D17,D20,D25,D26,D28
19:18:22.997     4335312  FFFFFFAFB3FFF  D16,D17,D20,D26,D28
19:18:25.244     4337559  FFFFFFA7B3FFF  D16,D17,D20,D25,D26,D28
19:18:25.244     4337561  FFFFFFB7B3FFF  D16,D17,D20,D25,D28
19:18:27.092     4339388  FFFFFFBFB3FFF  D16,D17,D20,D28
19:18:28.931     4341210  FFFFFFB7B3FFF  D16,D17,D20,D25,D28
19:18:28.931     4341211  FFFFFF87B3FFF  D16,D17,D20,D25,D26,D27,D28
19:18:28.931     4341216  FFFFFFC7B3FFF  D16,D17,D20,D25,D26,D27
19:18:31.443     4343724  FFFFFFCFB3FFF  D16,D17,D20,D26,D27
19:18:34.268     4346523  FFFFFFCFB7FFF  D17,D20,D26,D27
--- FW IODebug 1.2.2 2026-08-31 LIFT=1 19:18:37 ---
19:18:44.008     4356169  FFFFFFCFF7FFF  D17,D26,D27
19:18:44.796     4356961  FFFFFFCFB7FFF  D17,D20,D26,D27
19:18:45.798     4357952  FFFFFFCFB3FFF  D16,D17,D20,D26,D27
19:18:50.959     4363070  FFFFFFC7B3FFF  D16,D17,D20,D25,D26,D27
19:18:50.959     4363071  FFFFFFD7B3FFF  D16,D17,D20,D25,D27
19:18:56.241     4368305  FFFFFFD7B7FFF  D17,D20,D25,D27
19:19:05.915     4377909  FFFFFFD7B3FFF  D16,D17,D20,D25,D27
--- FW IODebug 1.2.2 2026-08-31 LIFT=1 19:19:08 ---
19:19:09.908     4381880  FFFFFFDFB3FFF  D16,D17,D20,D27
19:19:12.868     4384812  FFFFFFD7B3FFF  D16,D17,D20,D25,D27
19:19:12.868     4384814  FFFFFFE7B3FFF  D16,D17,D20,D25,D26
19:19:14.910     4386838  FFFFFFEFB3FFF  D16,D17,D20,D26
19:19:17.710     4389612  FFFFFFE7B3FFF  D16,D17,D20,D25,D26
19:19:17.711     4389613  FFFFFFF7B3FFF  D16,D17,D20,D25
19:19:23.122     4394966  FFFFFFF7B7FFF  D17,D20,D25
19:19:32.968     4404572  FFFFFFF7F7FFF  D17,D25
19:19:32.968     4404728  FFFFFFF7D7FFF  D17,D19,D25
19:19:33.847     4405602  FFFFFFF7D3FFF  D16,D17,D19,D25
--- FW IODebug 1.2.2 2026-08-31 LIFT=1 19:19:38 ---
19:19:39.726     4411433  FFFFFFE7D3FFF  D16,D17,D19,D25,D26
19:19:39.726     4411437  FFFFFFEFD3FFF  D16,D17,D19,D26
19:19:42.480     4414171  FFFFFFE7D3FFF  D16,D17,D19,D25,D26
19:19:44.530     4416194  FFFFFFC7D3FFF  D16,D17,D19,D25,D26,D27
19:19:44.530     4416196  FFFFFFD7D3FFF  D16,D17,D19,D25,D27
19:19:44.530     4416198  FFFFFFDFD3FFF  D16,D17,D19,D27
19:19:47.117     4418772  FFFFFFD7D3FFF  D16,D17,D19,D25,D27
19:19:49.996     4421629  FFFFFFC7D3FFF  D16,D17,D19,D25,D26,D27
19:19:49.996     4421633  FFFFFFCFD3FFF  D16,D17,D19,D26,D27
19:19:52.197     4423812  FFFFFFC7D3FFF  D16,D17,D19,D25,D26,D27
19:19:56.548     4428134  FFFFFFC7D7FFF  D17,D19,D25,D26,D27
19:20:05.295     4436790  FFFFFFC7F7FFF  D17,D25,D26,D27
19:20:07.849     4439325  FFFFFFC7B7FFF  D17,D20,D25,D26,D27
--- FW IODebug 1.2.2 2026-08-31 LIFT=1 19:20:08 ---
19:20:08.854     4440317  FFFFFFC7B3FFF  D16,D17,D20,D25,D26,D27
19:20:13.642     4445082  FFFFFFCFB3FFF  D16,D17,D20,D26,D27
19:20:15.843     4447259  FFFFFFC7B3FFF  D16,D17,D20,D25,D26,D27
19:20:15.843     4447261  FFFFFFD7B3FFF  D16,D17,D20,D25,D27
19:20:18.716     4450119  FFFFFFDFB3FFF  D16,D17,D20,D27
19:20:21.342     4452695  FFFFFFD7B3FFF  D16,D17,D20,D25,D27
19:20:21.342     4452697  FFFFFFE7B3FFF  D16,D17,D20,D25,D26
19:20:23.351     4454722  FFFFFFEFB3FFF  D16,D17,D20,D26
19:20:26.113     4457455  FFFFFFE7B3FFF  D16,D17,D20,D25,D26
19:20:26.113     4457457  FFFFFFF7B3FFF  D16,D17,D20,D25
19:20:28.005     4459321  FFFFFFF793FFF  D16,D17,D19,D20,D25
19:20:28.005     4459323  FFFFFFF7D3FFF  D16,D17,D19,D25
19:20:31.557     4462849  FFFFFFF7D7FFF  D17,D19,D25
--- FW IODebug 1.2.2 2026-08-31 LIFT=1 19:20:38 ---
19:20:45.788     4476976  FFFFFFF7D3FFF  D16,D17,D19,D25
19:20:51.640     4482768  FFFFFFE7D3FFF  D16,D17,D19,D25,D26
19:20:51.640     4482771  FFFFFFEFD3FFF  D16,D17,D19,D26
19:20:54.430     4485545  FFFFFFE7D3FFF  D16,D17,D19,D25,D26
19:20:56.432     4487529  FFFFFFC7D3FFF  D16,D17,D19,D25,D26,D27
19:20:56.432     4487530  FFFFFFD7D3FFF  D16,D17,D19,D25,D27
19:20:56.432     4487534  FFFFFFDFD3FFF  D16,D17,D19,D27
19:20:59.043     4490107  FFFFFFD7D3FFF  D16,D17,D19,D25,D27
19:21:01.913     4492965  FFFFFFC7D3FFF  D16,D17,D19,D25,D26,D27
19:21:01.913     4492967  FFFFFFCFD3FFF  D16,D17,D19,D26,D27
19:21:04.048     4495068  FFFFFFC7D3FFF  D16,D17,D19,D25,D26,D27
19:21:05.854     4496854  FFFFFF97D3FFF  D16,D17,D19,D25,D27,D28
19:21:05.854     4496856  FFFFFFB7D3FFF  D16,D17,D19,D25,D28
19:21:05.854     4496858  FFFFFFBFD3FFF  D16,D17,D19,D28
19:21:08.358     4499352  FFFFFFB7D3FFF  D16,D17,D19,D25,D28
--- FW IODebug 1.2.2 2026-08-31 LIFT=1 19:21:09 ---
19:21:11.228     4502206  FFFFFFB7D7FFF  D17,D19,D25,D28
19:21:19.991     4510902  FFFFFFB7F7FFF  D17,D25,D28
--- FW IODebug 1.2.2 2026-08-31 LIFT=1 19:21:39 ---
--- FW IODebug 1.2.2 2026-08-31 LIFT=1 19:22:09 ---
19:22:20.492     4570902  FFFFFFB7F7FFF  D17,D25,D28
--- FW IODebug 1.2.2 2026-08-31 LIFT=1 19:22:39 ---
--- FW IODebug 1.2.2 2026-08-31 LIFT=1 19:23:09 ---
19:23:20.986     4630902  FFFFFFB7F7FFF  D17,D25,D28
--- FW IODebug 1.2.2 2026-08-31 LIFT=1 19:23:40 ---
--- FW IODebug 1.2.2 2026-08-31 LIFT=1 19:24:10 ---
19:24:20.647     4690104  FFFFFFB7FFFFF  D25,D28
19:24:21.336     4690782  FFFFFFB7F7FFF  D17,D25,D28
--- FW IODebug 1.2.2 2026-08-31 LIFT=1 19:24:40 ---
--- FW IODebug 1.2.2 2026-08-31 LIFT=1 19:25:10 ---
19:25:21.838     4750782  FFFFFFB7F7FFF  D17,D25,D28
--- FW IODebug 1.2.2 2026-08-31 LIFT=1 19:25:41 ---
--- FW IODebug 1.2.2 2026-08-31 LIFT=1 19:26:11 ---
19:26:22.324     4810782  FFFFFFB7F7FFF  D17,D25,D28
--- FW IODebug 1.2.2 2026-08-31 LIFT=1 19:26:41 ---
19:26:52.777     4840990  FFFFFFB7B7FFF  D17,D20,D25,D28
19:26:53.858     4842061  FFFFFFB7B3FFF  D16,D17,D20,D25,D28
19:26:57.232     4845396  FFFFFFBFB3FFF  D16,D17,D20,D28
19:26:59.894     4848051  FFFFFF9FB3FFF  D16,D17,D20,D27,D28
19:26:59.894     4848053  FFFFFF87B3FFF  D16,D17,D20,D25,D26,D27,D28
19:26:59.894     4848058  FFFFFFC7B3FFF  D16,D17,D20,D25,D26,D27
19:27:04.253     4852373  FFFFFFC7B7FFF  D17,D20,D25,D26,D27
19:27:08.380     4856463  FFFFFFC7B3FFF  D16,D17,D20,D25,D26,D27
19:27:11.944     4859760  FFFFFFCFB3FFF  D16,D17,D20,D26,D27
--- FW IODebug 1.2.2 2026-08-31 LIFT=1 19:27:11 ---
19:27:14.501     4862533  FFFFFFC7B3FFF  D16,D17,D20,D25,D26,D27
19:27:14.502     4862534  FFFFFFD7B3FFF  D16,D17,D20,D25,D27
19:27:17.366     4865392  FFFFFFDFB3FFF  D16,D17,D20,D27
19:27:19.973     4867969  FFFFFFC7B3FFF  D16,D17,D20,D25,D26,D27
19:27:19.973     4867970  FFFFFFE7B3FFF  D16,D17,D20,D25,D26
19:27:22.020     4869996  FFFFFFEFB3FFF  D16,D17,D20,D26
19:27:24.773     4872729  FFFFFFE7B3FFF  D16,D17,D20,D25,D26
19:27:24.773     4872731  FFFFFFF7B3FFF  D16,D17,D20,D25
19:27:26.713     4874634  FFFFFFF793FFF  D16,D17,D19,D20,D25
19:27:26.714     4874636  FFFFFFF7D3FFF  D16,D17,D19,D25
19:27:30.234     4878083  FFFFFFF7D7FFF  D17,D19,D25
19:27:30.234     4878130  FFFFFFF7F7FFF  D17,D25
--- FW IODebug 1.2.2 2026-08-31 LIFT=1 19:27:42 ---
--- FW IODebug 1.2.2 2026-08-31 LIFT=1 19:28:12 ---
19:28:30.718     4938130  FFFFFFF7F7FFF  D17,D25
--- FW IODebug 1.2.2 2026-08-31 LIFT=1 19:28:42 ---
--- FW IODebug 1.2.2 2026-08-31 LIFT=1 19:29:12 ---
19:29:31.194     4998130  FFFFFFF7F7FFF  D17,D25
--- FW IODebug 1.2.2 2026-08-31 LIFT=1 19:29:43 ---
--- FW IODebug 1.2.2 2026-08-31 LIFT=1 19:30:13 ---
19:30:30.881     5057332  FFFFFFF7FFFFF  D25
19:30:31.569     5058019  FFFFFFF7F7FFF  D17,D25
--- FW IODebug 1.2.2 2026-08-31 LIFT=1 19:30:43 ---
--- FW IODebug 1.2.2 2026-08-31 LIFT=1 19:31:13 ---
19:31:32.071     5118019  FFFFFFF7F7FFF  D17,D25
--- FW IODebug 1.2.2 2026-08-31 LIFT=1 19:31:44 ---
--- FW IODebug 1.2.2 2026-08-31 LIFT=1 19:32:14 ---
19:32:32.574     5178019  FFFFFFF7F7FFF  D17,D25
--- FW IODebug 1.2.2 2026-08-31 LIFT=1 19:32:44 ---
--- FW IODebug 1.2.2 2026-08-31 LIFT=1 19:33:14 ---
19:33:33.043     5238019  FFFFFFF7F7FFF  D17,D25
--- FW IODebug 1.2.2 2026-08-31 LIFT=1 19:33:45 ---
--- FW IODebug 1.2.2 2026-08-31 LIFT=1 19:34:15 ---
19:34:33.530     5298019  FFFFFFF7F7FFF  D17,D25
19:34:37.877     5302326  FFFFFFF7D7FFF  D17,D19,D25
--- FW IODebug 1.2.2 2026-08-31 LIFT=1 19:34:45 ---
19:34:51.833     5316172  FFFFFFF7D3FFF  D16,D17,D19,D25
19:34:57.672     5321965  FFFFFFE7D3FFF  D16,D17,D19,D25,D26
19:34:57.672     5321968  FFFFFFEFD3FFF  D16,D17,D19,D26
19:35:00.480     5324742  FFFFFFE7D3FFF  D16,D17,D19,D25,D26
19:35:02.478     5326726  FFFFFFC7D3FFF  D16,D17,D19,D25,D26,D27
19:35:02.478     5326728  FFFFFFD7D3FFF  D16,D17,D19,D25,D27
19:35:02.478     5326730  FFFFFFDFD3FFF  D16,D17,D19,D27
19:35:05.488     5329701  FFFFFFD7D3FFF  D16,D17,D19,D25,D27
19:35:08.990     5333190  FFFFFFD7D7FFF  D17,D19,D25,D27
--- FW IODebug 1.2.2 2026-08-31 LIFT=1 19:35:15 ---
19:35:17.719     5341847  FFFFFFD7F7FFF  D17,D25,D27
19:35:22.836     5346920  FFFFFFD7D7FFF  D17,D19,D25,D27
19:35:23.789     5347872  FFFFFFD7D3FFF  D16,D17,D19,D25,D27
19:35:29.397     5353427  FFFFFFC7D3FFF  D16,D17,D19,D25,D26,D27
19:35:29.397     5353430  FFFFFFCFD3FFF  D16,D17,D19,D26,D27
19:35:31.539     5355540  FFFFFFC7D3FFF  D16,D17,D19,D25,D26,D27
19:35:33.321     5357315  FFFFFF87D3FFF  D16,D17,D19,D25,D26,D27,D28
19:35:33.322     5357317  FFFFFFB7D3FFF  D16,D17,D19,D25,D28
19:35:33.322     5357319  FFFFFFBFD3FFF  D16,D17,D19,D28
19:35:35.148     5359139  FFFFFFB7D3FFF  D16,D17,D19,D25,D28
19:35:36.992     5360965  FFFFFFA7D3FFF  D16,D17,D19,D25,D26,D28
19:35:36.992     5360969  FFFFFFAFD3FFF  D16,D17,D19,D26,D28
19:35:39.270     5363226  FFFFFFA7D3FFF  D16,D17,D19,D25,D26,D28
19:35:41.557     5365488  FFFFFF87D3FFF  D16,D17,D19,D25,D26,D27,D28
19:35:41.557     5365490  FFFFFF97D3FFF  D16,D17,D19,D25,D27,D28
19:35:41.557     5365492  FFFFFF9FD3FFF  D16,D17,D19,D27,D28
19:35:43.384     5367313  FFFFFF97D3FFF  D16,D17,D19,D25,D27,D28
19:35:45.234     5369138  FFFFFF87D3FFF  D16,D17,D19,D25,D26,D27,D28
19:35:45.234     5369141  FFFFFF8FD3FFF  D16,D17,D19,D26,D27,D28
--- FW IODebug 1.2.2 2026-08-31 LIFT=1 19:35:46 ---
19:35:47.032     5370934  FFFFFF87D3FFF  D16,D17,D19,D25,D26,D27,D28
19:35:48.877     5372748  FFFFFF07D3FFF  D16,D17,D19,D25,D26,D27,D28,D29
19:35:48.877     5372750  FFFFFF37D3FFF  D16,D17,D19,D25,D28,D29
19:35:48.877     5372751  FFFFFF3FD3FFF  D16,D17,D19,D28,D29
19:35:48.877     5372754  FFFFFF7FD3FFF  D16,D17,D19,D29
19:35:50.823     5374692  FFFFFF77D3FFF  D16,D17,D19,D25,D29
19:35:55.307     5379024  FFFFFF77D7FFF  D17,D19,D25,D29
19:35:55.307     5379140  FFFFFF77F7FFF  D17,D25,D29
--- FW IODebug 1.2.2 2026-08-31 LIFT=1 19:36:16 ---
--- FW IODebug 1.2.2 2026-08-31 LIFT=1 19:36:46 ---
19:36:55.818     5439140  FFFFFF77F7FFF  D17,D25,D29
--- FW IODebug 1.2.2 2026-08-31 LIFT=1 19:37:16 ---
19:37:27.784     5470864  FFFFFF77B7FFF  D17,D20,D25,D29
19:37:28.746     5471816  FFFFFF77B3FFF  D16,D17,D20,D25,D29
19:37:33.555     5476580  FFFFFF7FB3FFF  D16,D17,D20,D29
19:37:35.525     5478531  FFFFFF5FB3FFF  D16,D17,D20,D27,D29
19:37:35.525     5478533  FFFFFF07B3FFF  D16,D17,D20,D25,D26,D27,D28,D29
19:37:35.525     5478535  FFFFFF87B3FFF  D16,D17,D20,D25,D26,D27,D28
19:37:37.348     5480350  FFFFFF8FB3FFF  D16,D17,D20,D26,D27,D28
19:37:39.140     5482131  FFFFFF87B3FFF  D16,D17,D20,D25,D26,D27,D28
19:37:39.140     5482133  FFFFFF97B3FFF  D16,D17,D20,D25,D27,D28
19:37:40.986     5483959  FFFFFF9FB3FFF  D16,D17,D20,D27,D28
19:37:42.832     5485780  FFFFFF97B3FFF  D16,D17,D20,D25,D27,D28
19:37:42.832     5485783  FFFFFFA7B3FFF  D16,D17,D20,D25,D26,D28
19:37:45.115     5488056  FFFFFFAFB3FFF  D16,D17,D20,D26,D28
--- FW IODebug 1.2.2 2026-08-31 LIFT=1 19:37:47 ---
19:37:47.389     5490314  FFFFFFA7B3FFF  D16,D17,D20,D25,D26,D28
19:37:47.389     5490316  FFFFFFB7B3FFF  D16,D17,D20,D25,D28
19:37:49.222     5492132  FFFFFFBFB3FFF  D16,D17,D20,D28
19:37:51.073     5493954  FFFFFF97B3FFF  D16,D17,D20,D25,D27,D28
19:37:51.073     5493956  FFFFFF87B3FFF  D16,D17,D20,D25,D26,D27,D28
19:37:51.073     5493960  FFFFFFC7B3FFF  D16,D17,D20,D25,D26,D27
19:37:53.610     5496469  FFFFFFCFB3FFF  D16,D17,D20,D26,D27
19:37:56.415     5499269  FFFFFFCFB7FFF  D17,D20,D26,D27
19:38:07.144     5509904  FFFFFFCFB3FFF  D16,D17,D20,D26,D27
19:38:12.303     5515031  FFFFFFC7B3FFF  D16,D17,D20,D25,D26,D27
19:38:12.303     5515033  FFFFFFD7B3FFF  D16,D17,D20,D25,D27
19:38:15.234     5517921  FFFFFFDFB3FFF  D16,D17,D20,D27
--- FW IODebug 1.2.2 2026-08-31 LIFT=1 19:38:17 ---
19:38:17.817     5520496  FFFFFFD7B3FFF  D16,D17,D20,D25,D27
19:38:17.817     5520498  FFFFFFE7B3FFF  D16,D17,D20,D25,D26
19:38:19.870     5522525  FFFFFFEFB3FFF  D16,D17,D20,D26
19:38:22.629     5525267  FFFFFFE7B3FFF  D16,D17,D20,D25,D26
19:38:22.630     5525269  FFFFFFF7B3FFF  D16,D17,D20,D25
19:38:24.578     5527202  FFFFFFF793FFF  D16,D17,D19,D20,D25
19:38:24.578     5527204  FFFFFFF7D3FFF  D16,D17,D19,D25
19:38:28.016     5530611  FFFFFFF7D7FFF  D17,D19,D25
19:38:36.740     5539267  FFFFFFF7F7FFF  D17,D25
19:38:43.305     5545769  FFFFFFF7B7FFF  D17,D20,D25
19:38:44.253     5546722  FFFFFFF7B3FFF  D16,D17,D20,D25
--- FW IODebug 1.2.2 2026-08-31 LIFT=1 19:38:47 ---
19:38:48.263     5550663  FFFFFFFFB3FFF  D16,D17,D20
19:38:48.264     5550690  FFFFFFFF93FFF  D16,D17,D19,D20
19:38:48.264     5550692  FFFFFFFFD3FFF  D16,D17,D19
19:38:51.616     5554019  FFFFFFFFD7FFF  D17,D19
19:39:02.356     5564655  FFFFFFFFD3FFF  D16,D17,D19
19:39:06.313     5568592  FFFFFFF7D3FFF  D16,D17,D19,D25
19:39:09.749     5572001  FFFFFFF7D7FFF  D17,D19,D25
--- FW IODebug 1.2.2 2026-08-31 LIFT=1 19:39:17 ---
19:39:18.499     5580688  FFFFFFF7F7FFF  D17,D25
--- FW IODebug 1.2.2 2026-08-31 LIFT=1 19:39:48 ---
--- FW IODebug 1.2.2 2026-08-31 LIFT=1 19:40:18 ---
19:40:19.005     5640688  FFFFFFF7F7FFF  D17,D25
19:40:20.103     5641782  FFFFFFF7B7FFF  D17,D20,D25
19:40:21.076     5642734  FFFFFFF7B3FFF  D16,D17,D20,D25
19:40:25.061     5646625  FFFFFFFFB3FFF  D16,D17,D20
19:40:25.061     5646702  FFFFFFFF93FFF  D16,D17,D19,D20
19:40:25.061     5646704  FFFFFFFFD3FFF  D16,D17,D19
19:40:28.410     5650032  FFFFFFFFD7FFF  D17,D19
19:40:39.533     5661065  FFFFFFFFD3FFF  D16,D17,D19
19:40:43.334     5664833  FFFFFFF7D3FFF  D16,D17,D19,D25
19:40:46.790     5668246  FFFFFFE7D3FFF  D16,D17,D19,D25,D26
19:40:46.790     5668248  FFFFFFEFD3FFF  D16,D17,D19,D26
--- FW IODebug 1.2.2 2026-08-31 LIFT=1 19:40:48 ---
19:40:49.575     5671023  FFFFFFE7D3FFF  D16,D17,D19,D25,D26
19:40:51.608     5673046  FFFFFFC7D3FFF  D16,D17,D19,D25,D26,D27
19:40:51.608     5673048  FFFFFFD7D3FFF  D16,D17,D19,D25,D27
19:40:51.608     5673050  FFFFFFDFD3FFF  D16,D17,D19,D27
19:40:54.226     5675634  FFFFFFD7D3FFF  D16,D17,D19,D25,D27
19:40:57.067     5678442  FFFFFFC7D3FFF  D16,D17,D19,D25,D26,D27
19:40:57.067     5678445  FFFFFFCFD3FFF  D16,D17,D19,D26,D27
19:40:59.168     5680544  FFFFFFC7D3FFF  D16,D17,D19,D25,D26,D27
19:41:01.018     5682369  FFFFFF87D3FFF  D16,D17,D19,D25,D26,D27,D28
19:41:01.018     5682371  FFFFFFB7D3FFF  D16,D17,D19,D25,D28
19:41:01.018     5682374  FFFFFFBFD3FFF  D16,D17,D19,D28
19:41:03.530     5684869  FFFFFFB7D3FFF  D16,D17,D19,D25,D28
19:41:06.383     5687683  FFFFFFB7D7FFF  D17,D19,D25,D28
19:41:15.145     5696379  FFFFFFB7F7FFF  D17,D25,D28
19:41:17.690     5698914  FFFFFFB7B7FFF  D17,D20,D25,D28
19:41:18.779     5699866  FFFFFFB7B3FFF  D16,D17,D20,D25,D28
--- FW IODebug 1.2.2 2026-08-31 LIFT=1 19:41:18 ---
19:41:21.942     5703122  FFFFFFBFB3FFF  D16,D17,D20,D28
19:41:24.459     5705619  FFFFFF8FB3FFF  D16,D17,D20,D26,D27,D28
19:41:24.459     5705620  FFFFFF87B3FFF  D16,D17,D20,D25,D26,D27,D28
19:41:24.459     5705625  FFFFFFC7B3FFF  D16,D17,D20,D25,D26,D27
19:41:26.301     5707447  FFFFFFCFB3FFF  D16,D17,D20,D26,D27
19:41:28.408     5709546  FFFFFFC7B3FFF  D16,D17,D20,D25,D26,D27
19:41:28.408     5709548  FFFFFFD7B3FFF  D16,D17,D20,D25,D27
19:41:31.254     5712367  FFFFFFDFB3FFF  D16,D17,D20,D27
19:41:33.894     5714982  FFFFFFC7B3FFF  D16,D17,D20,D25,D26,D27
19:41:33.894     5714984  FFFFFFE7B3FFF  D16,D17,D20,D25,D26
19:41:36.572     5717644  FFFFFFEFB3FFF  D16,D17,D20,D26
19:41:39.783     5720572  FFFFFFEFB7FFF  D17,D20,D26
19:41:39.783     5720656  FFFFFFEFF7FFF  D17,D26
19:41:39.783     5720814  FFFFFFEFD7FFF  D17,D19,D26
19:41:43.662     5724663  FFFFFFEFD3FFF  D16,D17,D19,D26
19:41:47.057     5728034  FFFFFFE7D3FFF  D16,D17,D19,D25,D26
--- FW IODebug 1.2.2 2026-08-31 LIFT=1 19:41:49 ---
19:41:49.757     5730693  FFFFFFC7D3FFF  D16,D17,D19,D25,D26,D27
19:41:49.757     5730695  FFFFFFD7D3FFF  D16,D17,D19,D25,D27
19:41:49.757     5730697  FFFFFFDFD3FFF  D16,D17,D19,D27
19:41:52.679     5733628  FFFFFFD7D3FFF  D16,D17,D19,D25,D27
19:41:56.212     5737117  FFFFFFD7D7FFF  D17,D19,D25,D27
19:42:05.864     5746685  FFFFFFD7F7FFF  D17,D25,D27
19:42:07.783     5748587  FFFFFFD7B7FFF  D17,D20,D25,D27
19:42:08.737     5749539  FFFFFFD7B3FFF  D16,D17,D20,D25,D27
19:42:12.703     5753469  FFFFFFDFB3FFF  D16,D17,D20,D27
19:42:18.499     5758978  FFFFFFDFB7FFF  D17,D20,D27
19:42:18.499     5759063  FFFFFFDFF7FFF  D17,D27
19:42:18.499     5759219  FFFFFFDFD7FFF  D17,D19,D27
--- FW IODebug 1.2.2 2026-08-31 LIFT=1 19:42:19 ---
19:42:22.363     5763067  FFFFFFDFD3FFF  D16,D17,D19,D27
19:42:28.047     5768700  FFFFFFD7D3FFF  D16,D17,D19,D25,D27
19:42:30.941     5771557  FFFFFFC7D3FFF  D16,D17,D19,D25,D26,D27
19:42:30.941     5771560  FFFFFFCFD3FFF  D16,D17,D19,D26,D27
19:42:33.004     5773621  FFFFFFC7D3FFF  D16,D17,D19,D25,D26,D27
19:42:34.860     5775447  FFFFFF87D3FFF  D16,D17,D19,D25,D26,D27,D28
19:42:34.860     5775448  FFFFFFB7D3FFF  D16,D17,D19,D25,D28
19:42:34.860     5775450  FFFFFFBFD3FFF  D16,D17,D19,D28
19:42:36.692     5777271  FFFFFFB7D3FFF  D16,D17,D19,D25,D28
19:42:38.617     5779175  FFFFFFA7D3FFF  D16,D17,D19,D25,D26,D28
19:42:38.617     5779179  FFFFFFAFD3FFF  D16,D17,D19,D26,D28
19:42:42.974     5783497  FFFFFFAFD7FFF  D17,D19,D26,D28
--- FW IODebug 1.2.2 2026-08-31 LIFT=1 19:42:49 ---
19:42:51.614     5792074  FFFFFFAFF7FFF  D17,D26,D28
19:42:57.683     5798100  FFFFFFAFB7FFF  D17,D20,D26,D28
19:42:58.650     5799053  FFFFFFAFB3FFF  D16,D17,D20,D26,D28
19:43:03.454     5803812  FFFFFFA7B3FFF  D16,D17,D20,D25,D26,D28
19:43:03.454     5803814  FFFFFFB7B3FFF  D16,D17,D20,D25,D28
19:43:05.374     5805721  FFFFFFBFB3FFF  D16,D17,D20,D28
19:43:07.214     5807543  FFFFFF97B3FFF  D16,D17,D20,D25,D27,D28
19:43:07.214     5807544  FFFFFF87B3FFF  D16,D17,D20,D25,D26,D27,D28
19:43:07.214     5807549  FFFFFFC7B3FFF  D16,D17,D20,D25,D26,D27
19:43:09.047     5809372  FFFFFFCFB3FFF  D16,D17,D20,D26,D27
19:43:11.133     5811431  FFFFFFC7B3FFF  D16,D17,D20,D25,D26,D27
19:43:11.133     5811433  FFFFFFD7B3FFF  D16,D17,D20,D25,D27
19:43:14.008     5814290  FFFFFFDFB3FFF  D16,D17,D20,D27
19:43:16.611     5816865  FFFFFFD7B3FFF  D16,D17,D20,D25,D27
19:43:16.611     5816867  FFFFFFE7B3FFF  D16,D17,D20,D25,D26
19:43:18.658     5818893  FFFFFFEFB3FFF  D16,D17,D20,D26
--- FW IODebug 1.2.2 2026-08-31 LIFT=1 19:43:19 ---
19:43:21.453     5821667  FFFFFFE7B3FFF  D16,D17,D20,D25,D26
19:43:21.453     5821668  FFFFFFF7B3FFF  D16,D17,D20,D25
19:43:23.293     5823492  FFFFFFF793FFF  D16,D17,D19,D20,D25
19:43:23.293     5823494  FFFFFFF7D3FFF  D16,D17,D19,D25
19:43:26.813     5826980  FFFFFFF7D7FFF  D17,D19,D25
19:43:39.727     5839799  FFFFFFF7D3FFF  D16,D17,D19,D25
19:43:45.570     5845591  FFFFFFE7D3FFF  D16,D17,D19,D25,D26
19:43:45.570     5845595  FFFFFFEFD3FFF  D16,D17,D19,D26
19:43:48.319     5848328  FFFFFFE7D3FFF  D16,D17,D19,D25,D26
--- FW IODebug 1.2.2 2026-08-31 LIFT=1 19:43:50 ---
19:43:50.373     5850351  FFFFFFC7D3FFF  D16,D17,D19,D25,D26,D27
19:43:50.373     5850353  FFFFFFD7D3FFF  D16,D17,D19,D25,D27
19:43:50.373     5850355  FFFFFFDFD3FFF  D16,D17,D19,D27
19:43:52.972     5852930  FFFFFFD7D3FFF  D16,D17,D19,D25,D27
19:43:56.250     5856184  FFFFFFC7D3FFF  D16,D17,D19,D25,D26,D27
19:43:56.250     5856187  FFFFFFCFD3FFF  D16,D17,D19,D26,D27
19:43:59.677     5859593  FFFFFFCFD7FFF  D17,D19,D26,D27
19:44:08.406     5868250  FFFFFFCFF7FFF  D17,D26,D27
19:44:12.725     5872531  FFFFFFCFD7FFF  D17,D19,D26,D27
19:44:13.698     5873482  FFFFFFCFD3FFF  D16,D17,D19,D26,D27
19:44:18.480     5878243  FFFFFFC7D3FFF  D16,D17,D19,D25,D26,D27
--- FW IODebug 1.2.2 2026-08-31 LIFT=1 19:44:20 ---
19:44:20.415     5880147  FFFFFF87D3FFF  D16,D17,D19,D25,D26,D27,D28
19:44:20.415     5880150  FFFFFFB7D3FFF  D16,D17,D19,D25,D28
19:44:20.415     5880152  FFFFFFBFD3FFF  D16,D17,D19,D28
19:44:22.261     5881972  FFFFFFB7D3FFF  D16,D17,D19,D25,D28
19:44:24.094     5883798  FFFFFFA7D3FFF  D16,D17,D19,D25,D26,D28
19:44:24.094     5883802  FFFFFFAFD3FFF  D16,D17,D19,D26,D28
19:44:26.367     5886058  FFFFFFA7D3FFF  D16,D17,D19,D25,D26,D28
19:44:29.330     5888995  FFFFFF87D3FFF  D16,D17,D19,D25,D26,D27,D28
19:44:29.330     5888997  FFFFFF97D3FFF  D16,D17,D19,D25,D27,D28
19:44:29.330     5888999  FFFFFF9FD3FFF  D16,D17,D19,D27,D28
19:44:32.249     5891849  FFFFFF9FD7FFF  D17,D19,D27,D28
19:44:32.249     5891895  FFFFFF9FF7FFF  D17,D27,D28
--- FW IODebug 1.2.2 2026-08-31 LIFT=1 19:44:50 ---
--- FW IODebug 1.2.2 2026-08-31 LIFT=1 19:45:20 ---
19:45:32.734     5951895  FFFFFF9FF7FFF  D17,D27,D28
--- FW IODebug 1.2.2 2026-08-31 LIFT=1 19:45:51 ---
--- FW IODebug 1.2.2 2026-08-31 LIFT=1 19:46:21 ---
19:46:33.232     6011895  FFFFFF9FF7FFF  D17,D27,D28
--- FW IODebug 1.2.2 2026-08-31 LIFT=1 19:46:51 ---
--- FW IODebug 1.2.2 2026-08-31 LIFT=1 19:47:21 ---
19:47:32.927     6071108  FFFFFF9FFFFFF  D27,D28
19:47:33.606     6071776  FFFFFF9FF7FFF  D17,D27,D28
--- FW IODebug 1.2.2 2026-08-31 LIFT=1 19:47:51 ---
--- FW IODebug 1.2.2 2026-08-31 LIFT=1 19:48:22 ---
19:48:34.104     6131776  FFFFFF9FF7FFF  D17,D27,D28
--- FW IODebug 1.2.2 2026-08-31 LIFT=1 19:48:52 ---
--- FW IODebug 1.2.2 2026-08-31 LIFT=1 19:49:22 ---
19:49:34.561     6191776  FFFFFF9FF7FFF  D17,D27,D28
--- FW IODebug 1.2.2 2026-08-31 LIFT=1 19:49:52 ---
19:50:11.593     6228492  FFFFFF9FB7FFF  D17,D20,D27,D28
19:50:12.629     6229522  FFFFFF9FB3FFF  D16,D17,D20,D27,D28
19:50:15.941     6232815  FFFFFF97B3FFF  D16,D17,D20,D25,D27,D28
19:50:15.941     6232817  FFFFFFA7B3FFF  D16,D17,D20,D25,D26,D28
19:50:18.951     6235796  FFFFFFAFB3FFF  D16,D17,D20,D26,D28
19:50:21.246     6238052  FFFFFFA7B3FFF  D16,D17,D20,D25,D26,D28
19:50:21.246     6238054  FFFFFFB7B3FFF  D16,D17,D20,D25,D28
19:50:23.179     6239881  FFFFFFBFB3FFF  D16,D17,D20,D28
--- FW IODebug 1.2.2 2026-08-31 LIFT=1 19:50:23 ---
19:50:24.877     6241662  FFFFFFB7B3FFF  D16,D17,D20,D25,D28
19:50:24.877     6241665  FFFFFF87B3FFF  D16,D17,D20,D25,D26,D27,D28
19:50:24.877     6241669  FFFFFFC7B3FFF  D16,D17,D20,D25,D26,D27
19:50:26.822     6243611  FFFFFFCFB3FFF  D16,D17,D20,D26,D27
19:50:31.143     6247889  FFFFFFCFB7FFF  D17,D20,D26,D27
19:50:41.857     6258525  FFFFFFCFB3FFF  D16,D17,D20,D26,D27
19:50:45.750     6262373  FFFFFFC7B3FFF  D16,D17,D20,D25,D26,D27
19:50:45.750     6262374  FFFFFFD7B3FFF  D16,D17,D20,D25,D27
19:50:49.028     6265629  FFFFFFDFB3FFF  D16,D17,D20,D27
19:50:51.632     6268205  FFFFFFD7B3FFF  D16,D17,D20,D25,D27
19:50:51.632     6268207  FFFFFFE7B3FFF  D16,D17,D20,D25,D26
--- FW IODebug 1.2.2 2026-08-31 LIFT=1 19:50:53 ---
19:50:53.680     6270232  FFFFFFEFB3FFF  D16,D17,D20,D26
19:50:56.466     6273005  FFFFFFE7B3FFF  D16,D17,D20,D25,D26
19:50:56.466     6273007  FFFFFFF7B3FFF  D16,D17,D20,D25
19:50:58.330     6274842  FFFFFFF793FFF  D16,D17,D19,D20,D25
19:50:58.331     6274844  FFFFFFF7D3FFF  D16,D17,D19,D25
19:51:01.865     6278360  FFFFFFF7D7FFF  D17,D19,D25
19:51:10.643     6287054  FFFFFFF7F7FFF  D17,D25
--- FW IODebug 1.2.2 2026-08-31 LIFT=1 19:51:23 ---
--- FW IODebug 1.2.2 2026-08-31 LIFT=1 19:51:53 ---
19:52:11.114     6347054  FFFFFFF7F7FFF  D17,D25
--- FW IODebug 1.2.2 2026-08-31 LIFT=1 19:52:24 ---
--- FW IODebug 1.2.2 2026-08-31 LIFT=1 19:52:54 ---
19:53:11.598     6407054  FFFFFFF7F7FFF  D17,D25
--- FW IODebug 1.2.2 2026-08-31 LIFT=1 19:53:24 ---
--- FW IODebug 1.2.2 2026-08-31 LIFT=1 19:53:54 ---
19:54:11.298     6466268  FFFFFFF7FFFFF  D25
19:54:11.969     6466936  FFFFFFF7F7FFF  D17,D25
--- FW IODebug 1.2.2 2026-08-31 LIFT=1 19:54:25 ---
--- FW IODebug 1.2.2 2026-08-31 LIFT=1 19:54:55 ---
19:55:12.467     6526936  FFFFFFF7F7FFF  D17,D25
19:55:16.074     6530505  FFFFFFF7B7FFF  D17,D20,D25
19:55:17.060     6531486  FFFFFFF7B3FFF  D16,D17,D20,D25
19:55:21.198     6535457  FFFFFFFFB3FFF  D16,D17,D20
19:55:21.198     6535583  FFFFFFFF93FFF  D16,D17,D19,D20
19:55:21.198     6535585  FFFFFFFFD3FFF  D16,D17,D19
19:55:24.445     6538823  FFFFFFFFD7FFF  D17,D19
--- FW IODebug 1.2.2 2026-08-31 LIFT=1 19:55:25 ---
19:55:35.148     6549420  FFFFFFFFD3FFF  D16,D17,D19
19:55:38.931     6553189  FFFFFFF7D3FFF  D16,D17,D19,D25
19:55:42.364     6556601  FFFFFFE7D3FFF  D16,D17,D19,D25,D26
19:55:42.364     6556605  FFFFFFEFD3FFF  D16,D17,D19,D26
19:55:45.184     6559388  FFFFFFE7D3FFF  D16,D17,D19,D25,D26
19:55:47.204     6561400  FFFFFFC7D3FFF  D16,D17,D19,D25,D26,D27
19:55:47.204     6561402  FFFFFFD7D3FFF  D16,D17,D19,D25,D27
19:55:47.204     6561404  FFFFFFDFD3FFF  D16,D17,D19,D27
19:55:49.813     6563990  FFFFFFD7D3FFF  D16,D17,D19,D25,D27
19:55:52.656     6566797  FFFFFFC7D3FFF  D16,D17,D19,D25,D26,D27
19:55:52.656     6566801  FFFFFFCFD3FFF  D16,D17,D19,D26,D27
19:55:54.770     6568910  FFFFFFC7D3FFF  D16,D17,D19,D25,D26,D27
--- FW IODebug 1.2.2 2026-08-31 LIFT=1 19:55:55 ---
19:55:56.630     6570725  FFFFFF97D3FFF  D16,D17,D19,D25,D27,D28
19:55:56.630     6570727  FFFFFFB7D3FFF  D16,D17,D19,D25,D28
19:55:56.630     6570729  FFFFFFBFD3FFF  D16,D17,D19,D28
19:55:58.410     6572510  FFFFFFB7D3FFF  D16,D17,D19,D25,D28
19:56:00.256     6574334  FFFFFFA7D3FFF  D16,D17,D19,D25,D26,D28
19:56:00.256     6574338  FFFFFFAFD3FFF  D16,D17,D19,D26,D28
19:56:02.537     6576596  FFFFFFA7D3FFF  D16,D17,D19,D25,D26,D28
19:56:04.853     6578909  FFFFFF87D3FFF  D16,D17,D19,D25,D26,D27,D28
19:56:04.854     6578910  FFFFFF97D3FFF  D16,D17,D19,D25,D27,D28
19:56:04.854     6578912  FFFFFF9FD3FFF  D16,D17,D19,D27,D28
19:56:06.768     6580812  FFFFFF97D3FFF  D16,D17,D19,D25,D27,D28
19:56:11.125     6585123  FFFFFF97D7FFF  D17,D19,D25,D27,D28
19:56:19.903     6593829  FFFFFF97F7FFF  D17,D25,D27,D28
--- FW IODebug 1.2.2 2026-08-31 LIFT=1 19:56:26 ---
--- FW IODebug 1.2.2 2026-08-31 LIFT=1 19:56:56 ---
19:57:20.385     6653829  FFFFFF97F7FFF  D17,D25,D27,D28
--- FW IODebug 1.2.2 2026-08-31 LIFT=1 19:57:26 ---
--- FW IODebug 1.2.2 2026-08-31 LIFT=1 19:57:56 ---
19:58:20.878     6713829  FFFFFF97F7FFF  D17,D25,D27,D28
--- FW IODebug 1.2.2 2026-08-31 LIFT=1 19:58:27 ---
--- FW IODebug 1.2.2 2026-08-31 LIFT=1 19:58:57 ---
19:59:20.572     6773022  FFFFFF97FFFFF  D25,D27,D28
19:59:21.266     6773700  FFFFFF97F7FFF  D17,D25,D27,D28
--- FW IODebug 1.2.2 2026-08-31 LIFT=1 19:59:27 ---
--- FW IODebug 1.2.2 2026-08-31 LIFT=1 19:59:57 ---
20:00:21.734     6833700  FFFFFF97F7FFF  D17,D25,D27,D28
--- FW IODebug 1.2.2 2026-08-31 LIFT=1 20:00:28 ---
--- FW IODebug 1.2.2 2026-08-31 LIFT=1 20:00:58 ---
20:01:21.807     6893291  FFFFFF97B7FFF  D17,D20,D25,D27,D28
20:01:22.808     6894272  FFFFFF97B3FFF  D16,D17,D20,D25,D27,D28
20:01:27.609     6899038  FFFFFF9FB3FFF  D16,D17,D20,D27,D28
--- FW IODebug 1.2.2 2026-08-31 LIFT=1 20:01:28 ---
20:01:29.553     6900976  FFFFFF97B3FFF  D16,D17,D20,D25,D27,D28
20:01:29.553     6900978  FFFFFFA7B3FFF  D16,D17,D20,D25,D26,D28
20:01:31.847     6903251  FFFFFFAFB3FFF  D16,D17,D20,D26,D28
20:01:34.245     6905629  FFFFFFA7B3FFF  D16,D17,D20,D25,D26,D28
20:01:34.246     6905630  FFFFFFB7B3FFF  D16,D17,D20,D25,D28
20:01:38.631     6909980  FFFFFFB7B7FFF  D17,D20,D25,D28
20:01:49.768     6921023  FFFFFFB7B3FFF  D16,D17,D20,D25,D28
20:01:53.116     6924349  FFFFFFBFB3FFF  D16,D17,D20,D28
20:01:55.588     6926804  FFFFFF87B3FFF  D16,D17,D20,D25,D26,D27,D28
20:01:55.588     6926812  FFFFFFC7B3FFF  D16,D17,D20,D25,D26,D27
20:01:57.445     6928644  FFFFFFCFB3FFF  D16,D17,D20,D26,D27
--- FW IODebug 1.2.2 2026-08-31 LIFT=1 20:01:58 ---
20:01:59.559     6930743  FFFFFFC7B3FFF  D16,D17,D20,D25,D26,D27
20:01:59.559     6930745  FFFFFFD7B3FFF  D16,D17,D20,D25,D27
20:02:04.752     6935888  FFFFFFD7B7FFF  D17,D20,D25,D27
20:02:13.497     6944551  FFFFFFD7F7FFF  D17,D25,D27
20:02:17.635     6948676  FFFFFFD7D7FFF  D17,D19,D25,D27
20:02:18.568     6949590  FFFFFFD7D3FFF  D16,D17,D19,D25,D27
20:02:24.201     6955182  FFFFFFC7D3FFF  D16,D17,D19,D25,D26,D27
20:02:24.201     6955185  FFFFFFCFD3FFF  D16,D17,D19,D26,D27
20:02:26.323     6957275  FFFFFFC7D3FFF  D16,D17,D19,D25,D26,D27
20:02:28.124     6959071  FFFFFF87D3FFF  D16,D17,D19,D25,D26,D27,D28
20:02:28.125     6959073  FFFFFFB7D3FFF  D16,D17,D19,D25,D28
20:02:28.125     6959075  FFFFFFBFD3FFF  D16,D17,D19,D28
--- FW IODebug 1.2.2 2026-08-31 LIFT=1 20:02:29 ---
20:02:29.969     6960896  FFFFFFB7D3FFF  D16,D17,D19,D25,D28
20:02:31.790     6962711  FFFFFFA7D3FFF  D16,D17,D19,D25,D26,D28
20:02:31.791     6962714  FFFFFFAFD3FFF  D16,D17,D19,D26,D28
20:02:34.090     6964981  FFFFFFA7D3FFF  D16,D17,D19,D25,D26,D28
20:02:36.359     6967244  FFFFFF87D3FFF  D16,D17,D19,D25,D26,D27,D28
20:02:36.359     6967246  FFFFFF97D3FFF  D16,D17,D19,D25,D27,D28
20:02:36.359     6967247  FFFFFF9FD3FFF  D16,D17,D19,D27,D28
20:02:38.181     6969059  FFFFFF97D3FFF  D16,D17,D19,D25,D27,D28
20:02:40.012     6970854  FFFFFF87D3FFF  D16,D17,D19,D25,D26,D27,D28
20:02:40.012     6970857  FFFFFF8FD3FFF  D16,D17,D19,D26,D27,D28
20:02:41.840     6972668  FFFFFF87D3FFF  D16,D17,D19,D25,D26,D27,D28
20:02:43.682     6974504  FFFFFF07D3FFF  D16,D17,D19,D25,D26,D27,D28,D29
20:02:43.682     6974507  FFFFFF37D3FFF  D16,D17,D19,D25,D28,D29
20:02:43.682     6974509  FFFFFF3FD3FFF  D16,D17,D19,D28,D29
20:02:43.682     6974511  FFFFFF7FD3FFF  D16,D17,D19,D29
20:02:45.634     6976448  FFFFFF77D3FFF  D16,D17,D19,D25,D29
20:02:50.121     6980759  FFFFFF77D7FFF  D17,D19,D25,D29
20:02:50.121     6980896  FFFFFF77F7FFF  D17,D25,D29
--- FW IODebug 1.2.2 2026-08-31 LIFT=1 20:02:59 ---
--- FW IODebug 1.2.2 2026-08-31 LIFT=1 20:03:29 ---
20:03:50.616     7040896  FFFFFF77F7FFF  D17,D25,D29
20:03:57.167     7047376  FFFFFF77D7FFF  D17,D19,D25,D29
20:03:58.075     7048289  FFFFFF77D3FFF  D16,D17,D19,D25,D29
--- FW IODebug 1.2.2 2026-08-31 LIFT=1 20:03:59 ---
20:04:01.393     7051582  FFFFFF67D3FFF  D16,D17,D19,D25,D26,D29
20:04:01.394     7051585  FFFFFF6FD3FFF  D16,D17,D19,D26,D29
20:04:03.868     7054042  FFFFFF67D3FFF  D16,D17,D19,D25,D26,D29
20:04:05.790     7055946  FFFFFF47D3FFF  D16,D17,D19,D25,D26,D27,D29
20:04:05.790     7055948  FFFFFF57D3FFF  D16,D17,D19,D25,D27,D29
20:04:05.790     7055949  FFFFFF5FD3FFF  D16,D17,D19,D27,D29
20:04:07.675     7057811  FFFFFF57D3FFF  D16,D17,D19,D25,D27,D29
20:04:10.430     7060350  FFFFFF47D3FFF  D16,D17,D19,D25,D26,D27,D29
20:04:10.430     7060353  FFFFFF4FD3FFF  D16,D17,D19,D26,D27,D29
20:04:10.430     7060390  FFFFFF4F93FFF  D16,D17,D19,D20,D26,D27,D29
20:04:10.430     7060553  FFFFFF4FB3FFF  D16,D17,D20,D26,D27,D29
20:04:13.148     7063243  FFFFFF4FB7FFF  D17,D20,D26,D27,D29
--- FW IODebug 1.2.2 2026-08-31 LIFT=1 20:04:30 ---
20:04:31.847     7081775  FFFFFF4FB3FFF  D16,D17,D20,D26,D27,D29
20:04:35.187     7085107  FFFFFF47B3FFF  D16,D17,D20,D25,D26,D27,D29
20:04:35.187     7085109  FFFFFF57B3FFF  D16,D17,D20,D25,D27,D29
20:04:37.741     7087649  FFFFFF5FB3FFF  D16,D17,D20,D27,D29
20:04:39.672     7089550  FFFFFF57B3FFF  D16,D17,D20,D25,D27,D29
20:04:39.673     7089552  FFFFFF67B3FFF  D16,D17,D20,D25,D26,D29
20:04:41.510     7091379  FFFFFF6FB3FFF  D16,D17,D20,D26,D29
20:04:43.364     7093200  FFFFFF67B3FFF  D16,D17,D20,D25,D26,D29
20:04:43.365     7093202  FFFFFF77B3FFF  D16,D17,D20,D25,D29
20:04:45.180     7095028  FFFFFF7FB3FFF  D16,D17,D20,D29
20:04:47.027     7096850  FFFFFF77B3FFF  D16,D17,D20,D25,D29
20:04:47.027     7096852  FFFFFF07B3FFF  D16,D17,D20,D25,D26,D27,D28,D29
20:04:47.027     7096854  FFFFFF87B3FFF  D16,D17,D20,D25,D26,D27,D28
20:04:48.878     7098679  FFFFFF8FB3FFF  D16,D17,D20,D26,D27,D28
20:04:50.657     7100461  FFFFFF87B3FFF  D16,D17,D20,D25,D26,D27,D28
20:04:50.657     7100463  FFFFFF97B3FFF  D16,D17,D20,D25,D27,D28
20:04:52.500     7102290  FFFFFF9FB3FFF  D16,D17,D20,D27,D28
20:04:54.348     7104111  FFFFFF97B3FFF  D16,D17,D20,D25,D27,D28
20:04:54.348     7104112  FFFFFFA7B3FFF  D16,D17,D20,D25,D26,D28
20:04:56.633     7106376  FFFFFFAFB3FFF  D16,D17,D20,D26,D28
20:04:58.917     7108634  FFFFFFA7B3FFF  D16,D17,D20,D25,D26,D28
20:04:58.917     7108636  FFFFFFB7B3FFF  D16,D17,D20,D25,D28
--- FW IODebug 1.2.2 2026-08-31 LIFT=1 20:05:00 ---
20:05:00.738     7110463  FFFFFFBFB3FFF  D16,D17,D20,D28
20:05:02.597     7112284  FFFFFF97B3FFF  D16,D17,D20,D25,D27,D28
20:05:02.597     7112286  FFFFFF87B3FFF  D16,D17,D20,D25,D26,D27,D28
20:05:02.597     7112290  FFFFFFC7B3FFF  D16,D17,D20,D25,D26,D27
20:05:04.388     7114073  FFFFFFCFB3FFF  D16,D17,D20,D26,D27
20:05:06.505     7116172  FFFFFFC7B3FFF  D16,D17,D20,D25,D26,D27
20:05:06.505     7116174  FFFFFFD7B3FFF  D16,D17,D20,D25,D27
20:05:09.382     7119034  FFFFFFDFB3FFF  D16,D17,D20,D27
20:05:11.984     7121608  FFFFFFC7B3FFF  D16,D17,D20,D25,D26,D27
20:05:11.984     7121609  FFFFFFE7B3FFF  D16,D17,D20,D25,D26
20:05:13.998     7123595  FFFFFFEFB3FFF  D16,D17,D20,D26
20:05:16.784     7126369  FFFFFFE7B3FFF  D16,D17,D20,D25,D26
20:05:16.784     7126371  FFFFFFF7B3FFF  D16,D17,D20,D25
20:05:18.744     7128313  FFFFFFF793FFF  D16,D17,D19,D20,D25
20:05:18.744     7128315  FFFFFFF7D3FFF  D16,D17,D19,D25
20:05:22.209     7131762  FFFFFFF7D7FFF  D17,D19,D25
--- FW IODebug 1.2.2 2026-08-31 LIFT=1 20:05:30 ---
20:05:46.322     7155649  FFFFFFF7D3FFF  D16,D17,D19,D25
20:05:52.179     7161482  FFFFFFE7D3FFF  D16,D17,D19,D25,D26
20:05:52.179     7161484  FFFFFFEFD3FFF  D16,D17,D19,D26
20:05:54.956     7164219  FFFFFFE7D3FFF  D16,D17,D19,D25,D26
20:05:56.993     7166242  FFFFFFC7D3FFF  D16,D17,D19,D25,D26,D27
20:05:56.993     7166243  FFFFFFD7D3FFF  D16,D17,D19,D25,D27
20:05:56.993     7166245  FFFFFFDFD3FFF  D16,D17,D19,D27
20:05:59.595     7168821  FFFFFFD7D3FFF  D16,D17,D19,D25,D27
--- FW IODebug 1.2.2 2026-08-31 LIFT=1 20:06:00 ---
20:06:02.480     7171678  FFFFFFC7D3FFF  D16,D17,D19,D25,D26,D27
20:06:02.480     7171680  FFFFFFCFD3FFF  D16,D17,D19,D26,D27
20:06:04.544     7173740  FFFFFFC7D3FFF  D16,D17,D19,D25,D26,D27
20:06:07.108     7176280  FFFFFF87D3FFF  D16,D17,D19,D25,D26,D27,D28
20:06:07.108     7176282  FFFFFFB7D3FFF  D16,D17,D19,D25,D28
20:06:07.108     7176284  FFFFFFBFD3FFF  D16,D17,D19,D28
20:06:09.935     7179094  FFFFFFBFD7FFF  D17,D19,D28
20:06:18.580     7187671  FFFFFFBFF7FFF  D17,D28
--- FW IODebug 1.2.2 2026-08-31 LIFT=1 20:06:31 ---
20:06:57.611     7226389  FFFFFFBFD7FFF  D17,D19,D28
20:06:58.537     7227301  FFFFFFBFD3FFF  D16,D17,D19,D28
--- FW IODebug 1.2.2 2026-08-31 LIFT=1 20:07:01 ---
20:07:03.342     7232062  FFFFFFB7D3FFF  D16,D17,D19,D25,D28
20:07:05.259     7233967  FFFFFFA7D3FFF  D16,D17,D19,D25,D26,D28
20:07:05.259     7233970  FFFFFFAFD3FFF  D16,D17,D19,D26,D28
20:07:07.580     7236268  FFFFFFA7D3FFF  D16,D17,D19,D25,D26,D28
20:07:09.863     7238529  FFFFFF87D3FFF  D16,D17,D19,D25,D26,D27,D28
20:07:09.863     7238531  FFFFFF97D3FFF  D16,D17,D19,D25,D27,D28
20:07:09.863     7238533  FFFFFF9FD3FFF  D16,D17,D19,D27,D28
20:07:11.671     7240314  FFFFFF97D3FFF  D16,D17,D19,D25,D27,D28
20:07:13.497     7242140  FFFFFF87D3FFF  D16,D17,D19,D25,D26,D27,D28
20:07:13.497     7242143  FFFFFF8FD3FFF  D16,D17,D19,D26,D27,D28
20:07:15.340     7243964  FFFFFF87D3FFF  D16,D17,D19,D25,D26,D27,D28
20:07:17.200     7245790  FFFFFF07D3FFF  D16,D17,D19,D25,D26,D27,D28,D29
20:07:17.201     7245792  FFFFFF37D3FFF  D16,D17,D19,D25,D28,D29
20:07:17.201     7245794  FFFFFF3FD3FFF  D16,D17,D19,D28,D29
20:07:17.201     7245796  FFFFFF7FD3FFF  D16,D17,D19,D29
20:07:18.990     7247575  FFFFFF77D3FFF  D16,D17,D19,D25,D29
20:07:20.819     7249400  FFFFFF67D3FFF  D16,D17,D19,D25,D26,D29
20:07:20.819     7249403  FFFFFF6FD3FFF  D16,D17,D19,D26,D29
20:07:22.779     7251344  FFFFFF67D3FFF  D16,D17,D19,D25,D26,D29
20:07:27.248     7255665  FFFFFF67D7FFF  D17,D19,D25,D26,D29
20:07:27.249     7255752  FFFFFF67F7FFF  D17,D25,D26,D29
--- FW IODebug 1.2.2 2026-08-31 LIFT=1 20:07:31 ---
--- FW IODebug 1.2.2 2026-08-31 LIFT=1 20:08:01 ---
20:08:27.716     7315752  FFFFFF67F7FFF  D17,D25,D26,D29
--- FW IODebug 1.2.2 2026-08-31 LIFT=1 20:08:32 ---
--- FW IODebug 1.2.2 2026-08-31 LIFT=1 20:09:02 ---
20:09:28.205     7375752  FFFFFF67F7FFF  D17,D25,D26,D29
--- FW IODebug 1.2.2 2026-08-31 LIFT=1 20:09:32 ---
--- FW IODebug 1.2.2 2026-08-31 LIFT=1 20:10:02 ---
20:10:27.885     7434955  FFFFFF67FFFFF  D25,D26,D29
20:10:28.555     7435633  FFFFFF67F7FFF  D17,D25,D26,D29
--- FW IODebug 1.2.2 2026-08-31 LIFT=1 20:10:32 ---
--- FW IODebug 1.2.2 2026-08-31 LIFT=1 20:11:03 ---
20:11:29.046     7495633  FFFFFF67F7FFF  D17,D25,D26,D29
--- FW IODebug 1.2.2 2026-08-31 LIFT=1 20:11:33 ---
--- FW IODebug 1.2.2 2026-08-31 LIFT=1 20:12:03 ---
20:12:29.547     7555633  FFFFFF67F7FFF  D17,D25,D26,D29
--- FW IODebug 1.2.2 2026-08-31 LIFT=1 20:12:33 ---
--- FW IODebug 1.2.2 2026-08-31 LIFT=1 20:13:04 ---
20:13:30.026     7615633  FFFFFF67F7FFF  D17,D25,D26,D29
--- FW IODebug 1.2.2 2026-08-31 LIFT=1 20:13:34 ---
--- FW IODebug 1.2.2 2026-08-31 LIFT=1 20:14:04 ---
20:14:30.518     7675633  FFFFFF67F7FFF  D17,D25,D26,D29
--- FW IODebug 1.2.2 2026-08-31 LIFT=1 20:14:34 ---
--- FW IODebug 1.2.2 2026-08-31 LIFT=1 20:15:05 ---
20:15:31.017     7735633  FFFFFF67F7FFF  D17,D25,D26,D29
--- FW IODebug 1.2.2 2026-08-31 LIFT=1 20:15:35 ---
--- FW IODebug 1.2.2 2026-08-31 LIFT=1 20:16:05 ---
20:16:31.508     7795633  FFFFFF67F7FFF  D17,D25,D26,D29
--- FW IODebug 1.2.2 2026-08-31 LIFT=1 20:16:35 ---
20:16:40.481     7804529  FFFFFF67B7FFF  D17,D20,D25,D26,D29
20:16:41.523     7805560  FFFFFF67B3FFF  D16,D17,D20,D25,D26,D29
20:16:46.313     7810324  FFFFFF6FB3FFF  D16,D17,D20,D26,D29
20:16:48.249     7812226  FFFFFF67B3FFF  D16,D17,D20,D25,D26,D29
20:16:48.249     7812228  FFFFFF77B3FFF  D16,D17,D20,D25,D29
20:16:50.082     7814054  FFFFFF7FB3FFF  D16,D17,D20,D29
20:16:51.912     7815875  FFFFFF17B3FFF  D16,D17,D20,D25,D27,D28,D29
20:16:51.912     7815877  FFFFFF07B3FFF  D16,D17,D20,D25,D26,D27,D28,D29
20:16:51.912     7815879  FFFFFF87B3FFF  D16,D17,D20,D25,D26,D27,D28
20:16:53.754     7817704  FFFFFF8FB3FFF  D16,D17,D20,D26,D27,D28
20:16:55.563     7819486  FFFFFF87B3FFF  D16,D17,D20,D25,D26,D27,D28
20:16:55.563     7819488  FFFFFF97B3FFF  D16,D17,D20,D25,D27,D28
20:16:57.404     7821315  FFFFFF9FB3FFF  D16,D17,D20,D27,D28
20:16:59.233     7823136  FFFFFF97B3FFF  D16,D17,D20,D25,D27,D28
20:16:59.233     7823137  FFFFFFA7B3FFF  D16,D17,D20,D25,D26,D28
20:17:01.786     7825678  FFFFFFAFB3FFF  D16,D17,D20,D26,D28
20:17:05.590     7829441  FFFFFFAFB7FFF  D17,D20,D26,D28
--- FW IODebug 1.2.2 2026-08-31 LIFT=1 20:17:06 ---
20:17:16.226     7839997  FFFFFFAFB3FFF  D16,D17,D20,D26,D28
20:17:20.978     7844719  FFFFFFA7B3FFF  D16,D17,D20,D25,D26,D28
20:17:20.978     7844721  FFFFFFB7B3FFF  D16,D17,D20,D25,D28
20:17:23.007     7846717  FFFFFFBFB3FFF  D16,D17,D20,D28
20:17:25.519     7849212  FFFFFF9FB3FFF  D16,D17,D20,D27,D28
20:17:25.519     7849214  FFFFFF87B3FFF  D16,D17,D20,D25,D26,D27,D28
20:17:25.519     7849219  FFFFFFC7B3FFF  D16,D17,D20,D25,D26,D27
20:17:28.393     7852066  FFFFFFC7B7FFF  D17,D20,D25,D26,D27
--- FW IODebug 1.2.2 2026-08-31 LIFT=1 20:17:36 ---
20:17:39.312     7862891  FFFFFFC7B3FFF  D16,D17,D20,D25,D26,D27
20:17:44.121     7867664  FFFFFFCFB3FFF  D16,D17,D20,D26,D27
20:17:46.337     7869873  FFFFFFC7B3FFF  D16,D17,D20,D25,D26,D27
20:17:46.337     7869875  FFFFFFD7B3FFF  D16,D17,D20,D25,D27
20:17:49.239     7872734  FFFFFFDFB3FFF  D16,D17,D20,D27
20:17:51.846     7875318  FFFFFFD7B3FFF  D16,D17,D20,D25,D27
20:17:51.846     7875320  FFFFFFE7B3FFF  D16,D17,D20,D25,D26
20:17:53.832     7877295  FFFFFFEFB3FFF  D16,D17,D20,D26
20:17:56.643     7880080  FFFFFFE7B3FFF  D16,D17,D20,D25,D26
20:17:56.644     7880082  FFFFFFF7B3FFF  D16,D17,D20,D25
20:17:58.570     7881985  FFFFFFF793FFF  D16,D17,D19,D20,D25
20:17:58.571     7881987  FFFFFFF7D3FFF  D16,D17,D19,D25
20:18:02.075     7885472  FFFFFFF7D7FFF  D17,D19,D25
--- FW IODebug 1.2.2 2026-08-31 LIFT=1 20:18:06 ---
20:18:10.730     7894050  FFFFFFF7F7FFF  D17,D25
--- FW IODebug 1.2.2 2026-08-31 LIFT=1 20:18:36 ---
--- FW IODebug 1.2.2 2026-08-31 LIFT=1 20:19:07 ---
20:19:11.219     7954050  FFFFFFF7F7FFF  D17,D25
--- FW IODebug 1.2.2 2026-08-31 LIFT=1 20:19:37 ---
--- FW IODebug 1.2.2 2026-08-31 LIFT=1 20:20:07 ---
20:20:11.695     8014050  FFFFFFF7F7FFF  D17,D25
--- FW IODebug 1.2.2 2026-08-31 LIFT=1 20:20:37 ---
--- FW IODebug 1.2.2 2026-08-31 LIFT=1 20:21:08 ---
20:21:11.376     8073242  FFFFFFF7FFFFF  D25
20:21:12.060     8073920  FFFFFFF7F7FFF  D17,D25
--- FW IODebug 1.2.2 2026-08-31 LIFT=1 20:21:38 ---
--- FW IODebug 1.2.2 2026-08-31 LIFT=1 20:22:08 ---
20:22:12.558     8133920  FFFFFFF7F7FFF  D17,D25
--- FW IODebug 1.2.2 2026-08-31 LIFT=1 20:22:38 ---
--- FW IODebug 1.2.2 2026-08-31 LIFT=1 20:23:09 ---
20:23:13.036     8193920  FFFFFFF7F7FFF  D17,D25
--- FW IODebug 1.2.2 2026-08-31 LIFT=1 20:23:39 ---
--- FW IODebug 1.2.2 2026-08-31 LIFT=1 20:24:09 ---
20:24:13.528     8253920  FFFFFFF7F7FFF  D17,D25
--- FW IODebug 1.2.2 2026-08-31 LIFT=1 20:24:39 ---
20:25:01.248     8301257  FFFFFFF7B7FFF  D17,D20,D25
20:25:02.421     8302407  FFFFFFF7B3FFF  D16,D17,D20,D25
20:25:06.526     8306338  FFFFFFFFB3FFF  D16,D17,D20
20:25:06.526     8306493  FFFFFFFF93FFF  D16,D17,D19,D20
20:25:06.526     8306495  FFFFFFFFD3FFF  D16,D17,D19
20:25:10.061     8309743  FFFFFFFFD7FFF  D17,D19
--- FW IODebug 1.2.2 2026-08-31 LIFT=1 20:25:10 ---
20:25:19.486     8319352  FFFFFFFFF7FFF  D17
20:25:22.379     8322205  FFFFFFFFD7FFF  D17,D19
20:25:23.406     8323236  FFFFFFFFD3FFF  D16,D17,D19
20:25:27.208     8327005  FFFFFFF7D3FFF  D16,D17,D19,D25
20:25:30.693     8330458  FFFFFFE7D3FFF  D16,D17,D19,D25,D26
20:25:30.693     8330460  FFFFFFEFD3FFF  D16,D17,D19,D26
20:25:33.448     8333195  FFFFFFE7D3FFF  D16,D17,D19,D25,D26
20:25:35.492     8335218  FFFFFFC7D3FFF  D16,D17,D19,D25,D26,D27
20:25:35.492     8335219  FFFFFFD7D3FFF  D16,D17,D19,D25,D27
20:25:35.492     8335221  FFFFFFDFD3FFF  D16,D17,D19,D27
20:25:38.096     8337797  FFFFFFD7D3FFF  D16,D17,D19,D25,D27
--- FW IODebug 1.2.2 2026-08-31 LIFT=1 20:25:40 ---
20:25:40.932     8340614  FFFFFFC7D3FFF  D16,D17,D19,D25,D26,D27
20:25:40.932     8340617  FFFFFFCFD3FFF  D16,D17,D19,D26,D27
20:25:43.046     8342716  FFFFFFC7D3FFF  D16,D17,D19,D25,D26,D27
20:25:44.900     8344552  FFFFFF87D3FFF  D16,D17,D19,D25,D26,D27,D28
20:25:44.900     8344554  FFFFFFB7D3FFF  D16,D17,D19,D25,D28
20:25:44.900     8344556  FFFFFFBFD3FFF  D16,D17,D19,D28
20:25:46.679     8346327  FFFFFFB7D3FFF  D16,D17,D19,D25,D28
20:25:48.528     8348151  FFFFFFA7D3FFF  D16,D17,D19,D25,D26,D28
20:25:48.528     8348154  FFFFFFAFD3FFF  D16,D17,D19,D26,D28
20:25:50.844     8350452  FFFFFFA7D3FFF  D16,D17,D19,D25,D26,D28
20:25:53.143     8352714  FFFFFF87D3FFF  D16,D17,D19,D25,D26,D27,D28
20:25:53.143     8352716  FFFFFF97D3FFF  D16,D17,D19,D25,D27,D28
20:25:53.143     8352718  FFFFFF9FD3FFF  D16,D17,D19,D27,D28
20:25:54.915     8354499  FFFFFF97D3FFF  D16,D17,D19,D25,D27,D28
20:25:56.763     8356325  FFFFFF87D3FFF  D16,D17,D19,D25,D26,D27,D28
20:25:56.763     8356328  FFFFFF8FD3FFF  D16,D17,D19,D26,D27,D28
20:25:58.606     8358150  FFFFFF87D3FFF  D16,D17,D19,D25,D26,D27,D28
20:26:00.463     8359975  FFFFFF07D3FFF  D16,D17,D19,D25,D26,D27,D28,D29
20:26:00.463     8359976  FFFFFF37D3FFF  D16,D17,D19,D25,D28,D29
20:26:00.463     8359979  FFFFFF3FD3FFF  D16,D17,D19,D28,D29
20:26:00.463     8359981  FFFFFF7FD3FFF  D16,D17,D19,D29
20:26:02.242     8361760  FFFFFF77D3FFF  D16,D17,D19,D25,D29
20:26:04.098     8363595  FFFFFF67D3FFF  D16,D17,D19,D25,D26,D29
20:26:04.098     8363598  FFFFFF6FD3FFF  D16,D17,D19,D26,D29
20:26:05.928     8365410  FFFFFF67D3FFF  D16,D17,D19,D25,D26,D29
20:26:07.816     8367276  FFFFFF47D3FFF  D16,D17,D19,D25,D26,D27,D29
20:26:07.816     8367277  FFFFFF57D3FFF  D16,D17,D19,D25,D27,D29
20:26:07.816     8367279  FFFFFF5FD3FFF  D16,D17,D19,D27,D29
20:26:09.726     8369179  FFFFFF57D3FFF  D16,D17,D19,D25,D27,D29
--- FW IODebug 1.2.2 2026-08-31 LIFT=1 20:26:10 ---
20:26:12.280     8371720  FFFFFF47D3FFF  D16,D17,D19,D25,D26,D27,D29
20:26:12.280     8371722  FFFFFF4FD3FFF  D16,D17,D19,D26,D27,D29
20:26:15.218     8374611  FFFFFF4FD7FFF  D17,D19,D26,D27,D29
20:26:24.448     8383784  FFFFFF4FF7FFF  D17,D26,D27,D29
20:26:27.474     8386795  FFFFFF4FB7FFF  D17,D20,D26,D27,D29
20:26:28.531     8387837  FFFFFF4FB3FFF  D16,D17,D20,D26,D27,D29
20:26:31.948     8391208  FFFFFF47B3FFF  D16,D17,D20,D25,D26,D27,D29
20:26:31.948     8391211  FFFFFF57B3FFF  D16,D17,D20,D25,D27,D29
20:26:34.512     8393751  FFFFFF5FB3FFF  D16,D17,D20,D27,D29
20:26:36.365     8395602  FFFFFF47B3FFF  D16,D17,D20,D25,D26,D27,D29
20:26:36.365     8395604  FFFFFF67B3FFF  D16,D17,D20,D25,D26,D29
20:26:38.242     8397470  FFFFFF6FB3FFF  D16,D17,D20,D26,D29
20:26:40.103     8399302  FFFFFF67B3FFF  D16,D17,D20,D25,D26,D29
20:26:40.104     8399304  FFFFFF77B3FFF  D16,D17,D20,D25,D29
--- FW IODebug 1.2.2 2026-08-31 LIFT=1 20:26:40 ---
20:26:41.921     8401121  FFFFFF7FB3FFF  D16,D17,D20,D29
20:26:43.784     8402953  FFFFFF5FB3FFF  D16,D17,D20,D27,D29
20:26:43.784     8402954  FFFFFF07B3FFF  D16,D17,D20,D25,D26,D27,D28,D29
20:26:43.784     8402957  FFFFFF87B3FFF  D16,D17,D20,D25,D26,D27,D28
20:26:45.573     8404741  FFFFFF8FB3FFF  D16,D17,D20,D26,D27,D28
20:26:47.410     8406562  FFFFFF87B3FFF  D16,D17,D20,D25,D26,D27,D28
20:26:47.410     8406564  FFFFFF97B3FFF  D16,D17,D20,D25,D27,D28
20:26:49.251     8408391  FFFFFF9FB3FFF  D16,D17,D20,D27,D28
20:26:51.091     8410213  FFFFFF97B3FFF  D16,D17,D20,D25,D27,D28
20:26:51.091     8410215  FFFFFFA7B3FFF  D16,D17,D20,D25,D26,D28
20:26:53.379     8412478  FFFFFFAFB3FFF  D16,D17,D20,D26,D28
20:26:55.646     8414736  FFFFFFA7B3FFF  D16,D17,D20,D25,D26,D28
20:26:55.646     8414738  FFFFFFB7B3FFF  D16,D17,D20,D25,D28
20:26:57.485     8416565  FFFFFFBFB3FFF  D16,D17,D20,D28
20:26:59.320     8418376  FFFFFF97B3FFF  D16,D17,D20,D25,D27,D28
20:26:59.320     8418377  FFFFFF87B3FFF  D16,D17,D20,D25,D26,D27,D28
20:26:59.320     8418382  FFFFFFC7B3FFF  D16,D17,D20,D25,D26,D27
20:27:01.117     8420164  FFFFFFCFB3FFF  D16,D17,D20,D26,D27
20:27:03.255     8422275  FFFFFFC7B3FFF  D16,D17,D20,D25,D26,D27
20:27:03.255     8422276  FFFFFFD7B3FFF  D16,D17,D20,D25,D27
20:27:06.138     8425135  FFFFFFDFB3FFF  D16,D17,D20,D27
20:27:08.733     8427710  FFFFFFD7B3FFF  D16,D17,D20,D25,D27
20:27:08.733     8427711  FFFFFFE7B3FFF  D16,D17,D20,D25,D26
20:27:11.031     8429726  FFFFFFEFB3FFF  D16,D17,D20,D26
--- FW IODebug 1.2.2 2026-08-31 LIFT=1 20:27:11 ---
20:27:13.531     8432471  FFFFFFE7B3FFF  D16,D17,D20,D25,D26
20:27:13.531     8432473  FFFFFFF7B3FFF  D16,D17,D20,D25
20:27:15.481     8434415  FFFFFFF793FFF  D16,D17,D19,D20,D25
20:27:15.481     8434417  FFFFFFF7D3FFF  D16,D17,D19,D25
20:27:19.003     8437814  FFFFFFF7D7FFF  D17,D19,D25
20:27:19.003     8437910  FFFFFFF7F7FFF  D17,D25
--- FW IODebug 1.2.2 2026-08-31 LIFT=1 20:27:41 ---
--- FW IODebug 1.2.2 2026-08-31 LIFT=1 20:28:11 ---
20:28:19.507     8497910  FFFFFFF7F7FFF  D17,D25
--- FW IODebug 1.2.2 2026-08-31 LIFT=1 20:28:41 ---
--- FW IODebug 1.2.2 2026-08-31 LIFT=1 20:29:12 ---
20:29:19.984     8557910  FFFFFFF7F7FFF  D17,D25
--- FW IODebug 1.2.2 2026-08-31 LIFT=1 20:29:42 ---
--- FW IODebug 1.2.2 2026-08-31 LIFT=1 20:30:12 ---
20:30:19.661     8617104  FFFFFFF7FFFFF  D25
20:30:20.345     8617781  FFFFFFF7F7FFF  D17,D25
--- FW IODebug 1.2.2 2026-08-31 LIFT=1 20:30:42 ---
--- FW IODebug 1.2.2 2026-08-31 LIFT=1 20:31:12 ---
20:31:20.845     8677781  FFFFFFF7F7FFF  D17,D25
--- FW IODebug 1.2.2 2026-08-31 LIFT=1 20:31:43 ---
--- FW IODebug 1.2.2 2026-08-31 LIFT=1 20:32:13 ---
20:32:21.320     8737781  FFFFFFF7F7FFF  D17,D25
--- FW IODebug 1.2.2 2026-08-31 LIFT=1 20:32:43 ---
--- FW IODebug 1.2.2 2026-08-31 LIFT=1 20:33:13 ---
20:33:22.024     8797782  FFFFFFF7F7FFF  D17,D25
20:33:22.024     8797984  FFFFFFF7D7FFF  D17,D19,D25
20:33:35.938     8811791  FFFFFFF7D3FFF  D16,D17,D19,D25
20:33:41.856     8817633  FFFFFFE7D3FFF  D16,D17,D19,D25,D26
20:33:41.856     8817636  FFFFFFEFD3FFF  D16,D17,D19,D26
--- FW IODebug 1.2.2 2026-08-31 LIFT=1 20:33:44 ---
20:33:44.571     8820361  FFFFFFE7D3FFF  D16,D17,D19,D25,D26
20:33:46.637     8822394  FFFFFFC7D3FFF  D16,D17,D19,D25,D26,D27
20:33:46.637     8822395  FFFFFFD7D3FFF  D16,D17,D19,D25,D27
20:33:46.637     8822397  FFFFFFDFD3FFF  D16,D17,D19,D27
20:33:49.223     8824963  FFFFFFD7D3FFF  D16,D17,D19,D25,D27
20:33:52.100     8827820  FFFFFFC7D3FFF  D16,D17,D19,D25,D26,D27
20:33:52.100     8827823  FFFFFFCFD3FFF  D16,D17,D19,D26,D27
20:33:54.194     8829883  FFFFFFC7D3FFF  D16,D17,D19,D25,D26,D27
20:33:56.748     8832421  FFFFFF87D3FFF  D16,D17,D19,D25,D26,D27,D28
20:33:56.748     8832422  FFFFFFB7D3FFF  D16,D17,D19,D25,D28
20:33:56.748     8832424  FFFFFFBFD3FFF  D16,D17,D19,D28
20:33:59.593     8835246  FFFFFFBFD7FFF  D17,D19,D28
20:34:08.280     8843852  FFFFFFBFF7FFF  D17,D28
20:34:12.418     8847974  FFFFFFBFD7FFF  D17,D19,D28
20:34:13.456     8849006  FFFFFFBFD3FFF  D16,D17,D19,D28
--- FW IODebug 1.2.2 2026-08-31 LIFT=1 20:34:14 ---
20:34:18.276     8853767  FFFFFFB7D3FFF  D16,D17,D19,D25,D28
20:34:20.193     8855671  FFFFFFA7D3FFF  D16,D17,D19,D25,D26,D28
20:34:20.193     8855674  FFFFFFAFD3FFF  D16,D17,D19,D26,D28
20:34:22.499     8857972  FFFFFFA7D3FFF  D16,D17,D19,D25,D26,D28
20:34:25.466     8860908  FFFFFF87D3FFF  D16,D17,D19,D25,D26,D27,D28
20:34:25.466     8860910  FFFFFF97D3FFF  D16,D17,D19,D25,D27,D28
20:34:25.466     8860911  FFFFFF9FD3FFF  D16,D17,D19,D27,D28
20:34:28.431     8863762  FFFFFF9FD7FFF  D17,D19,D27,D28
20:34:28.431     8863848  FFFFFF9FF7FFF  D17,D27,D28
--- FW IODebug 1.2.2 2026-08-31 LIFT=1 20:34:44 ---
20:35:02.352     8897488  FFFFFF9FB7FFF  D17,D20,D27,D28
20:35:03.373     8898521  FFFFFF9FB3FFF  D16,D17,D20,D27,D28
20:35:06.693     8901812  FFFFFF97B3FFF  D16,D17,D20,D25,D27,D28
20:35:06.693     8901814  FFFFFFA7B3FFF  D16,D17,D20,D25,D26,D28
20:35:09.702     8904793  FFFFFFAFB3FFF  D16,D17,D20,D26,D28
20:35:11.975     8907049  FFFFFFA7B3FFF  D16,D17,D20,D25,D26,D28
20:35:11.975     8907052  FFFFFFB7B3FFF  D16,D17,D20,D25,D28
20:35:13.839     8908878  FFFFFFBFB3FFF  D16,D17,D20,D28
--- FW IODebug 1.2.2 2026-08-31 LIFT=1 20:35:14 ---
20:35:15.634     8910660  FFFFFF97B3FFF  D16,D17,D20,D25,D27,D28
20:35:15.634     8910661  FFFFFF87B3FFF  D16,D17,D20,D25,D26,D27,D28
20:35:15.634     8910666  FFFFFFC7B3FFF  D16,D17,D20,D25,D26,D27
20:35:17.464     8912490  FFFFFFCFB3FFF  D16,D17,D20,D26,D27
20:35:19.539     8914548  FFFFFFC7B3FFF  D16,D17,D20,D25,D26,D27
20:35:19.539     8914550  FFFFFFD7B3FFF  D16,D17,D20,D25,D27
20:35:22.426     8917408  FFFFFFDFB3FFF  D16,D17,D20,D27
20:35:25.017     8919994  FFFFFFD7B3FFF  D16,D17,D20,D25,D27
20:35:25.017     8919996  FFFFFFE7B3FFF  D16,D17,D20,D25,D26
20:35:27.081     8922012  FFFFFFEFB3FFF  D16,D17,D20,D26
20:35:29.858     8924783  FFFFFFE7B3FFF  D16,D17,D20,D25,D26
20:35:29.858     8924785  FFFFFFF7B3FFF  D16,D17,D20,D25
20:35:31.772     8926690  FFFFFFF793FFF  D16,D17,D19,D20,D25
20:35:31.773     8926691  FFFFFFF7D3FFF  D16,D17,D19,D25
20:35:35.303     8930148  FFFFFFF7D7FFF  D17,D19,D25
20:35:35.303     8930185  FFFFFFF7F7FFF  D17,D25
--- FW IODebug 1.2.2 2026-08-31 LIFT=1 20:35:45 ---
--- FW IODebug 1.2.2 2026-08-31 LIFT=1 20:36:15 ---
20:36:35.786     8990185  FFFFFFF7F7FFF  D17,D25
--- FW IODebug 1.2.2 2026-08-31 LIFT=1 20:36:45 ---
--- FW IODebug 1.2.2 2026-08-31 LIFT=1 20:37:15 ---
20:37:36.266     9050185  FFFFFFF7F7FFF  D17,D25
--- FW IODebug 1.2.2 2026-08-31 LIFT=1 20:37:46 ---
--- FW IODebug 1.2.2 2026-08-31 LIFT=1 20:38:16 ---
20:38:35.968     9109387  FFFFFFF7FFFFF  D25
20:38:36.638     9110065  FFFFFFF7F7FFF  D17,D25
--- FW IODebug 1.2.2 2026-08-31 LIFT=1 20:38:46 ---
--- FW IODebug 1.2.2 2026-08-31 LIFT=1 20:39:16 ---
20:39:37.151     9170065  FFFFFFF7F7FFF  D17,D25
20:39:39.451     9172355  FFFFFFF7D7FFF  D17,D19,D25
--- FW IODebug 1.2.2 2026-08-31 LIFT=1 20:39:47 ---
20:39:53.284     9186082  FFFFFFF7D3FFF  D16,D17,D19,D25
20:39:59.132     9191875  FFFFFFE7D3FFF  D16,D17,D19,D25,D26
20:39:59.132     9191877  FFFFFFEFD3FFF  D16,D17,D19,D26
20:40:01.928     9194652  FFFFFFE7D3FFF  D16,D17,D19,D25,D26
20:40:03.925     9196636  FFFFFFC7D3FFF  D16,D17,D19,D25,D26,D27
20:40:03.925     9196638  FFFFFFD7D3FFF  D16,D17,D19,D25,D27
20:40:03.925     9196640  FFFFFFDFD3FFF  D16,D17,D19,D27
20:40:06.526     9199214  FFFFFFD7D3FFF  D16,D17,D19,D25,D27
20:40:09.413     9202071  FFFFFFC7D3FFF  D16,D17,D19,D25,D26,D27
20:40:09.414     9202074  FFFFFFCFD3FFF  D16,D17,D19,D26,D27
20:40:11.520     9204173  FFFFFFC7D3FFF  D16,D17,D19,D25,D26,D27
20:40:13.315     9205959  FFFFFF87D3FFF  D16,D17,D19,D25,D26,D27,D28
20:40:13.315     9205961  FFFFFFB7D3FFF  D16,D17,D19,D25,D28
20:40:13.315     9205963  FFFFFFBFD3FFF  D16,D17,D19,D28
20:40:15.283     9207903  FFFFFFB7D3FFF  D16,D17,D19,D25,D28
--- FW IODebug 1.2.2 2026-08-31 LIFT=1 20:40:17 ---
20:40:19.655     9212225  FFFFFFB7D7FFF  D17,D19,D25,D28
20:40:28.407     9220921  FFFFFFB7F7FFF  D17,D25,D28
--- FW IODebug 1.2.2 2026-08-31 LIFT=1 20:40:47 ---
--- FW IODebug 1.2.2 2026-08-31 LIFT=1 20:41:17 ---
20:41:28.909     9280921  FFFFFFB7F7FFF  D17,D25,D28
--- FW IODebug 1.2.2 2026-08-31 LIFT=1 20:41:48 ---
--- FW IODebug 1.2.2 2026-08-31 LIFT=1 20:42:18 ---
20:42:29.393     9340921  FFFFFFB7F7FFF  D17,D25,D28
--- FW IODebug 1.2.2 2026-08-31 LIFT=1 20:42:48 ---
--- FW IODebug 1.2.2 2026-08-31 LIFT=1 20:43:18 ---
20:43:29.073     9400124  FFFFFFB7FFFFF  D25,D28
20:43:29.761     9400812  FFFFFFB7F7FFF  D17,D25,D28
--- FW IODebug 1.2.2 2026-08-31 LIFT=1 20:43:49 ---
20:43:58.317     9429130  FFFFFFB7B7FFF  D17,D20,D25,D28
20:43:59.351     9430161  FFFFFFB7B3FFF  D16,D17,D20,D25,D28
20:44:04.285     9435044  FFFFFFBFB3FFF  D16,D17,D20,D28
20:44:08.708     9439442  FFFFFFBFB7FFF  D17,D20,D28
--- FW IODebug 1.2.2 2026-08-31 LIFT=1 20:44:19 ---
20:44:19.430     9450078  FFFFFFBFB3FFF  D16,D17,D20,D28
20:44:22.804     9453410  FFFFFF87B3FFF  D16,D17,D20,D25,D26,D27,D28
20:44:22.804     9453417  FFFFFFC7B3FFF  D16,D17,D20,D25,D26,D27
20:44:25.279     9455874  FFFFFFCFB3FFF  D16,D17,D20,D26,D27
20:44:27.385     9457973  FFFFFFC7B3FFF  D16,D17,D20,D25,D26,D27
20:44:27.385     9457975  FFFFFFD7B3FFF  D16,D17,D20,D25,D27
20:44:30.267     9460833  FFFFFFDFB3FFF  D16,D17,D20,D27
20:44:32.859     9463408  FFFFFFD7B3FFF  D16,D17,D20,D25,D27
20:44:32.859     9463410  FFFFFFE7B3FFF  D16,D17,D20,D25,D26
20:44:34.915     9465436  FFFFFFEFB3FFF  D16,D17,D20,D26
20:44:37.673     9468169  FFFFFFE7B3FFF  D16,D17,D20,D25,D26
20:44:37.673     9468171  FFFFFFF7B3FFF  D16,D17,D20,D25
20:44:39.584     9470074  FFFFFFF793FFF  D16,D17,D19,D20,D25
20:44:39.584     9470076  FFFFFFF7D3FFF  D16,D17,D19,D25
20:44:43.112     9473562  FFFFFFF7D7FFF  D17,D19,D25
--- FW IODebug 1.2.2 2026-08-31 LIFT=1 20:44:49 ---
20:44:51.756     9482139  FFFFFFF7F7FFF  D17,D25
--- FW IODebug 1.2.2 2026-08-31 LIFT=1 20:45:19 ---
--- FW IODebug 1.2.2 2026-08-31 LIFT=1 20:45:50 ---
20:45:52.237     9542139  FFFFFFF7F7FFF  D17,D25
--- FW IODebug 1.2.2 2026-08-31 LIFT=1 20:46:20 ---
--- FW IODebug 1.2.2 2026-08-31 LIFT=1 20:46:50 ---
20:46:52.725     9602139  FFFFFFF7F7FFF  D17,D25
--- FW IODebug 1.2.2 2026-08-31 LIFT=1 20:47:20 ---
--- FW IODebug 1.2.2 2026-08-31 LIFT=1 20:47:51 ---
20:47:52.418     9661342  FFFFFFF7FFFFF  D25
20:47:53.107     9662020  FFFFFFF7F7FFF  D17,D25
--- FW IODebug 1.2.2 2026-08-31 LIFT=1 20:48:21 ---
--- FW IODebug 1.2.2 2026-08-31 LIFT=1 20:48:51 ---
20:48:53.585     9722020  FFFFFFF7F7FFF  D17,D25
--- FW IODebug 1.2.2 2026-08-31 LIFT=1 20:49:21 ---
--- FW IODebug 1.2.2 2026-08-31 LIFT=1 20:49:52 ---
20:49:54.077     9782020  FFFFFFF7F7FFF  D17,D25
--- FW IODebug 1.2.2 2026-08-31 LIFT=1 20:50:22 ---
--- FW IODebug 1.2.2 2026-08-31 LIFT=1 20:50:52 ---
20:50:54.553     9842020  FFFFFFF7F7FFF  D17,D25
--- FW IODebug 1.2.2 2026-08-31 LIFT=1 20:51:22 ---
--- FW IODebug 1.2.2 2026-08-31 LIFT=1 20:51:53 ---
20:51:55.048     9902020  FFFFFFF7F7FFF  D17,D25
--- FW IODebug 1.2.2 2026-08-31 LIFT=1 20:52:23 ---
--- FW IODebug 1.2.2 2026-08-31 LIFT=1 20:52:53 ---
20:52:55.548     9962020  FFFFFFF7F7FFF  D17,D25
--- FW IODebug 1.2.2 2026-08-31 LIFT=1 20:53:23 ---
--- FW IODebug 1.2.2 2026-08-31 LIFT=1 20:53:54 ---
20:53:56.026    10022020  FFFFFFF7F7FFF  D17,D25
--- FW IODebug 1.2.2 2026-08-31 LIFT=1 20:54:24 ---
--- FW IODebug 1.2.2 2026-08-31 LIFT=1 20:54:54 ---
20:54:56.532    10082020  FFFFFFF7F7FFF  D17,D25
--- FW IODebug 1.2.2 2026-08-31 LIFT=1 20:55:24 ---
--- FW IODebug 1.2.2 2026-08-31 LIFT=1 20:55:54 ---
20:55:57.016    10142020  FFFFFFF7F7FFF  D17,D25
--- FW IODebug 1.2.2 2026-08-31 LIFT=1 20:56:25 ---
--- FW IODebug 1.2.2 2026-08-31 LIFT=1 20:56:55 ---
20:56:57.494    10202020  FFFFFFF7F7FFF  D17,D25
--- FW IODebug 1.2.2 2026-08-31 LIFT=1 20:57:25 ---
--- FW IODebug 1.2.2 2026-08-31 LIFT=1 20:57:55 ---
20:57:57.985    10262020  FFFFFFF7F7FFF  D17,D25
--- FW IODebug 1.2.2 2026-08-31 LIFT=1 20:58:26 ---
--- FW IODebug 1.2.2 2026-08-31 LIFT=1 20:58:56 ---
20:58:58.476    10322020  FFFFFFF7F7FFF  D17,D25
--- FW IODebug 1.2.2 2026-08-31 LIFT=1 20:59:26 ---
--- FW IODebug 1.2.2 2026-08-31 LIFT=1 20:59:56 ---
20:59:58.972    10382020  FFFFFFF7F7FFF  D17,D25
--- FW IODebug 1.2.2 2026-08-31 LIFT=1 21:00:27 ---
--- FW IODebug 1.2.2 2026-08-31 LIFT=1 21:00:57 ---
21:00:59.468    10442020  FFFFFFF7F7FFF  D17,D25
--- FW IODebug 1.2.2 2026-08-31 LIFT=1 21:01:27 ---
--- FW IODebug 1.2.2 2026-08-31 LIFT=1 21:01:57 ---
21:01:59.932    10502020  FFFFFFF7F7FFF  D17,D25
21:02:17.926    10519868  FFFFFFF7D7FFF  D17,D19,D25
--- FW IODebug 1.2.2 2026-08-31 LIFT=1 21:02:28 ---
21:02:29.534    10531374  FFFFFFF7D3FFF  D16,D17,D19,D25
21:02:35.419    10537205  FFFFFFE7D3FFF  D16,D17,D19,D25,D26
21:02:35.419    10537208  FFFFFFEFD3FFF  D16,D17,D19,D26
21:02:38.172    10539943  FFFFFFE7D3FFF  D16,D17,D19,D25,D26
21:02:40.221    10541966  FFFFFFC7D3FFF  D16,D17,D19,D25,D26,D27
21:02:40.222    10541968  FFFFFFD7D3FFF  D16,D17,D19,D25,D27
21:02:40.222    10541970  FFFFFFDFD3FFF  D16,D17,D19,D27
21:02:42.823    10544545  FFFFFFD7D3FFF  D16,D17,D19,D25,D27
21:02:45.692    10547402  FFFFFFC7D3FFF  D16,D17,D19,D25,D26,D27
21:02:45.692    10547405  FFFFFFCFD3FFF  D16,D17,D19,D26,D27
21:02:47.787    10549465  FFFFFFC7D3FFF  D16,D17,D19,D25,D26,D27
21:02:50.308    10551964  FFFFFF87D3FFF  D16,D17,D19,D25,D26,D27,D28
21:02:50.308    10551966  FFFFFFB7D3FFF  D16,D17,D19,D25,D28
21:02:50.308    10551968  FFFFFFBFD3FFF  D16,D17,D19,D28
21:02:53.177    10554818  FFFFFFBFD7FFF  D17,D19,D28
--- FW IODebug 1.2.2 2026-08-31 LIFT=1 21:02:58 ---
21:03:01.937    10563514  FFFFFFBFF7FFF  D17,D28
21:03:07.223    10568748  FFFFFFBFD7FFF  D17,D19,D28
21:03:08.227    10569739  FFFFFFBFD3FFF  D16,D17,D19,D28
21:03:13.014    10574499  FFFFFFB7D3FFF  D16,D17,D19,D25,D28
21:03:14.934    10576404  FFFFFFA7D3FFF  D16,D17,D19,D25,D26,D28
21:03:14.934    10576407  FFFFFFAFD3FFF  D16,D17,D19,D26,D28
21:03:17.262    10578705  FFFFFFA7D3FFF  D16,D17,D19,D25,D26,D28
21:03:20.221    10581641  FFFFFF87D3FFF  D16,D17,D19,D25,D26,D27,D28
21:03:20.221    10581643  FFFFFF97D3FFF  D16,D17,D19,D25,D27,D28
21:03:20.221    10581645  FFFFFF9FD3FFF  D16,D17,D19,D27,D28
21:03:23.213    10584495  FFFFFF9FD7FFF  D17,D19,D27,D28
21:03:23.214    10584621  FFFFFF9FF7FFF  D17,D27,D28
--- FW IODebug 1.2.2 2026-08-31 LIFT=1 21:03:28 ---
--- FW IODebug 1.2.2 2026-08-31 LIFT=1 21:03:58 ---
21:04:23.696    10644621  FFFFFF9FF7FFF  D17,D27,D28
--- FW IODebug 1.2.2 2026-08-31 LIFT=1 21:04:29 ---
--- FW IODebug 1.2.2 2026-08-31 LIFT=1 21:04:59 ---
21:05:24.196    10704621  FFFFFF9FF7FFF  D17,D27,D28
--- FW IODebug 1.2.2 2026-08-31 LIFT=1 21:05:29 ---
--- FW IODebug 1.2.2 2026-08-31 LIFT=1 21:05:59 ---
21:06:23.883    10763825  FFFFFF9FFFFFF  D27,D28
21:06:24.589    10764512  FFFFFF9FF7FFF  D17,D27,D28
21:06:24.589    10764514  FFFFFF9FFFFFF  D27,D28
21:06:24.589    10764516  FFFFFF9FF7FFF  D17,D27,D28
--- FW IODebug 1.2.2 2026-08-31 LIFT=1 21:06:30 ---
--- FW IODebug 1.2.2 2026-08-31 LIFT=1 21:07:00 ---
21:07:25.090    10824516  FFFFFF9FF7FFF  D17,D27,D28
--- FW IODebug 1.2.2 2026-08-31 LIFT=1 21:07:30 ---
--- FW IODebug 1.2.2 2026-08-31 LIFT=1 21:08:00 ---
21:08:25.565    10884516  FFFFFF9FF7FFF  D17,D27,D28
21:08:27.196    10886146  FFFFFF9FB7FFF  D17,D20,D27,D28
21:08:28.283    10887217  FFFFFF9FB3FFF  D16,D17,D20,D27,D28
--- FW IODebug 1.2.2 2026-08-31 LIFT=1 21:08:31 ---
21:08:31.657    10890548  FFFFFF97B3FFF  D16,D17,D20,D25,D27,D28
21:08:31.657    10890550  FFFFFFA7B3FFF  D16,D17,D20,D25,D26,D28
21:08:34.591    10893489  FFFFFFAFB3FFF  D16,D17,D20,D26,D28
21:08:36.869    10895746  FFFFFFA7B3FFF  D16,D17,D20,D25,D26,D28
21:08:36.869    10895748  FFFFFFB7B3FFF  D16,D17,D20,D25,D28
21:08:38.682    10897536  FFFFFFBFB3FFF  D16,D17,D20,D28
21:08:40.536    10899355  FFFFFFB7B3FFF  D16,D17,D20,D25,D28
21:08:40.537    10899357  FFFFFF87B3FFF  D16,D17,D20,D25,D26,D27,D28
21:08:40.537    10899362  FFFFFFC7B3FFF  D16,D17,D20,D25,D26,D27
21:08:42.366    10901185  FFFFFFCFB3FFF  D16,D17,D20,D26,D27
21:08:44.447    10903244  FFFFFFC7B3FFF  D16,D17,D20,D25,D26,D27
21:08:44.447    10903246  FFFFFFD7B3FFF  D16,D17,D20,D25,D27
21:08:47.325    10906104  FFFFFFDFB3FFF  D16,D17,D20,D27
21:08:49.972    10908720  FFFFFFD7B3FFF  D16,D17,D20,D25,D27
21:08:49.973    10908721  FFFFFFE7B3FFF  D16,D17,D20,D25,D26
21:08:51.959    10910706  FFFFFFEFB3FFF  D16,D17,D20,D26
21:08:54.764    10913480  FFFFFFE7B3FFF  D16,D17,D20,D25,D26
21:08:54.764    10913482  FFFFFFF7B3FFF  D16,D17,D20,D25
21:08:56.643    10915345  FFFFFFF793FFF  D16,D17,D19,D20,D25
21:08:56.643    10915347  FFFFFFF7D3FFF  D16,D17,D19,D25
21:09:00.315    10918874  FFFFFFF7D7FFF  D17,D19,D25
21:09:00.315    10919000  FFFFFFF7F7FFF  D17,D25
--- FW IODebug 1.2.2 2026-08-31 LIFT=1 21:09:01 ---
--- FW IODebug 1.2.2 2026-08-31 LIFT=1 21:09:31 ---
21:10:00.819    10979000  FFFFFFF7F7FFF  D17,D25
--- FW IODebug 1.2.2 2026-08-31 LIFT=1 21:10:01 ---
--- FW IODebug 1.2.2 2026-08-31 LIFT=1 21:10:32 ---
21:11:01.305    11039000  FFFFFFF7F7FFF  D17,D25
--- FW IODebug 1.2.2 2026-08-31 LIFT=1 21:11:02 ---
--- FW IODebug 1.2.2 2026-08-31 LIFT=1 21:11:32 ---
21:12:00.980    11098203  FFFFFFF7FFFFF  D25
21:12:01.684    11098881  FFFFFFF7F7FFF  D17,D25
--- FW IODebug 1.2.2 2026-08-31 LIFT=1 21:12:02 ---
--- FW IODebug 1.2.2 2026-08-31 LIFT=1 21:12:33 ---
21:13:02.159    11158881  FFFFFFF7F7FFF  D17,D25
--- FW IODebug 1.2.2 2026-08-31 LIFT=1 21:13:03 ---
--- FW IODebug 1.2.2 2026-08-31 LIFT=1 21:13:33 ---
21:14:02.659    11218881  FFFFFFF7F7FFF  D17,D25
--- FW IODebug 1.2.2 2026-08-31 LIFT=1 21:14:03 ---
--- FW IODebug 1.2.2 2026-08-31 LIFT=1 21:14:34 ---
21:15:03.143    11278881  FFFFFFF7F7FFF  D17,D25
--- FW IODebug 1.2.2 2026-08-31 LIFT=1 21:15:04 ---
--- FW IODebug 1.2.2 2026-08-31 LIFT=1 21:15:34 ---
21:16:03.624    11338881  FFFFFFF7F7FFF  D17,D25
--- FW IODebug 1.2.2 2026-08-31 LIFT=1 21:16:04 ---
--- FW IODebug 1.2.2 2026-08-31 LIFT=1 21:16:35 ---
21:17:04.118    11398881  FFFFFFF7F7FFF  D17,D25
--- FW IODebug 1.2.2 2026-08-31 LIFT=1 21:17:05 ---
--- FW IODebug 1.2.2 2026-08-31 LIFT=1 21:17:35 ---
21:18:04.597    11458881  FFFFFFF7F7FFF  D17,D25
--- FW IODebug 1.2.2 2026-08-31 LIFT=1 21:18:05 ---
--- FW IODebug 1.2.2 2026-08-31 LIFT=1 21:18:35 ---
21:19:05.093    11518881  FFFFFFF7F7FFF  D17,D25
--- FW IODebug 1.2.2 2026-08-31 LIFT=1 21:19:06 ---
--- FW IODebug 1.2.2 2026-08-31 LIFT=1 21:19:36 ---
21:19:58.073    11571406  FFFFFFF7D7FFF  D17,D19,D25
--- FW IODebug 1.2.2 2026-08-31 LIFT=1 21:20:06 ---
21:20:12.015    11585263  FFFFFFF7D3FFF  D16,D17,D19,D25
21:20:17.889    11591086  FFFFFFE7D3FFF  D16,D17,D19,D25,D26
21:20:17.889    11591089  FFFFFFEFD3FFF  D16,D17,D19,D26
21:20:20.644    11593824  FFFFFFE7D3FFF  D16,D17,D19,D25,D26
21:20:22.685    11595846  FFFFFFC7D3FFF  D16,D17,D19,D25,D26,D27
21:20:22.685    11595848  FFFFFFD7D3FFF  D16,D17,D19,D25,D27
21:20:22.685    11595850  FFFFFFDFD3FFF  D16,D17,D19,D27
21:20:25.284    11598425  FFFFFFD7D3FFF  D16,D17,D19,D25,D27
21:20:28.183    11601292  FFFFFFC7D3FFF  D16,D17,D19,D25,D26,D27
21:20:28.183    11601295  FFFFFFCFD3FFF  D16,D17,D19,D26,D27
21:20:30.245    11603345  FFFFFFC7D3FFF  D16,D17,D19,D25,D26,D27
21:20:32.221    11605288  FFFFFF87D3FFF  D16,D17,D19,D25,D26,D27,D28
21:20:32.221    11605291  FFFFFFB7D3FFF  D16,D17,D19,D25,D28
21:20:32.221    11605293  FFFFFFBFD3FFF  D16,D17,D19,D28
21:20:36.949    11609571  FFFFFFBFD7FFF  D17,D19,D28
--- FW IODebug 1.2.2 2026-08-31 LIFT=1 21:20:36 ---
21:20:45.260    11618227  FFFFFFBFF7FFF  D17,D28
21:20:47.164    11620127  FFFFFFBFD7FFF  D17,D19,D28
21:20:48.116    11621080  FFFFFFBFD3FFF  D16,D17,D19,D28
21:20:51.466    11624373  FFFFFFB7D3FFF  D16,D17,D19,D25,D28
21:20:53.924    11626843  FFFFFFA7D3FFF  D16,D17,D19,D25,D26,D28
21:20:53.924    11626846  FFFFFFAFD3FFF  D16,D17,D19,D26,D28
21:20:56.214    11629093  FFFFFFA7D3FFF  D16,D17,D19,D25,D26,D28
21:20:58.538    11631395  FFFFFF87D3FFF  D16,D17,D19,D25,D26,D27,D28
21:20:58.538    11631396  FFFFFF97D3FFF  D16,D17,D19,D25,D27,D28
21:20:58.538    11631398  FFFFFF9FD3FFF  D16,D17,D19,D27,D28
21:21:00.379    11633220  FFFFFF97D3FFF  D16,D17,D19,D25,D27,D28
21:21:02.184    11635006  FFFFFF87D3FFF  D16,D17,D19,D25,D26,D27,D28
21:21:02.184    11635008  FFFFFF8FD3FFF  D16,D17,D19,D26,D27,D28
21:21:04.011    11636840  FFFFFF87D3FFF  D16,D17,D19,D25,D26,D27,D28
21:21:05.856    11638656  FFFFFF07D3FFF  D16,D17,D19,D25,D26,D27,D28,D29
21:21:05.856    11638657  FFFFFF37D3FFF  D16,D17,D19,D25,D28,D29
21:21:05.856    11638659  FFFFFF3FD3FFF  D16,D17,D19,D28,D29
21:21:05.856    11638662  FFFFFF7FD3FFF  D16,D17,D19,D29
--- FW IODebug 1.2.2 2026-08-31 LIFT=1 21:21:07 ---
21:21:07.763    11640559  FFFFFF77D3FFF  D16,D17,D19,D25,D29
21:21:12.293    11644881  FFFFFF77D7FFF  D17,D19,D25,D29
21:21:12.293    11645047  FFFFFF77F7FFF  D17,D25,D29
--- FW IODebug 1.2.2 2026-08-31 LIFT=1 21:21:37 ---
--- FW IODebug 1.2.2 2026-08-31 LIFT=1 21:22:07 ---
21:22:12.772    11705047  FFFFFF77F7FFF  D17,D25,D29
--- FW IODebug 1.2.2 2026-08-31 LIFT=1 21:22:37 ---
--- FW IODebug 1.2.2 2026-08-31 LIFT=1 21:23:08 ---
21:23:13.282    11765047  FFFFFF77F7FFF  D17,D25,D29
--- FW IODebug 1.2.2 2026-08-31 LIFT=1 21:23:38 ---
--- FW IODebug 1.2.2 2026-08-31 LIFT=1 21:24:08 ---
21:24:12.938    11824250  FFFFFF77FFFFF  D25,D29
21:24:13.627    11824928  FFFFFF77F7FFF  D17,D25,D29
21:24:13.627    11824930  FFFFFF77FFFFF  D25,D29
21:24:13.627    11824932  FFFFFF77F7FFF  D17,D25,D29
--- FW IODebug 1.2.2 2026-08-31 LIFT=1 21:24:38 ---
--- FW IODebug 1.2.2 2026-08-31 LIFT=1 21:25:09 ---
21:25:14.146    11884932  FFFFFF77F7FFF  D17,D25,D29
--- FW IODebug 1.2.2 2026-08-31 LIFT=1 21:25:39 ---
21:25:41.380    11911975  FFFFFF77B7FFF  D17,D20,D25,D29
21:25:42.201    11912780  FFFFFF77F7FFF  D17,D25,D29
--- FW IODebug 1.2.2 2026-08-31 LIFT=1 21:26:09 ---
--- FW IODebug 1.2.2 2026-08-31 LIFT=1 21:26:39 ---
21:26:42.694    11972780  FFFFFF77F7FFF  D17,D25,D29
--- FW IODebug 1.2.2 2026-08-31 LIFT=1 21:27:10 ---
--- FW IODebug 1.2.2 2026-08-31 LIFT=1 21:27:40 ---
21:27:43.180    12032780  FFFFFF77F7FFF  D17,D25,D29
--- FW IODebug 1.2.2 2026-08-31 LIFT=1 21:28:10 ---
--- FW IODebug 1.2.2 2026-08-31 LIFT=1 21:28:40 ---
21:28:42.261    12091380  FFFFFF77FFFFF  D25,D29
21:28:42.944    12092058  FFFFFF77F7FFF  D17,D25,D29
21:28:56.263    12105270  FFFFFF77B7FFF  D17,D20,D25,D29
21:28:56.924    12105907  FFFFFF77F7FFF  D17,D25,D29
--- FW IODebug 1.2.2 2026-08-31 LIFT=1 21:29:11 ---
21:29:12.266    12121140  FFFFFF77B7FFF  D17,D20,D25,D29
21:29:13.216    12122092  FFFFFF77B3FFF  D16,D17,D20,D25,D29
21:29:18.021    12126856  FFFFFF7FB3FFF  D16,D17,D20,D29
21:29:19.943    12128756  FFFFFF5FB3FFF  D16,D17,D20,D27,D29
21:29:19.943    12128758  FFFFFF07B3FFF  D16,D17,D20,D25,D26,D27,D28,D29
21:29:19.943    12128760  FFFFFF87B3FFF  D16,D17,D20,D25,D26,D27,D28
21:29:21.786    12130585  FFFFFF8FB3FFF  D16,D17,D20,D26,D27,D28
21:29:23.609    12132408  FFFFFF87B3FFF  D16,D17,D20,D25,D26,D27,D28
21:29:23.609    12132409  FFFFFF97B3FFF  D16,D17,D20,D25,D27,D28
21:29:25.460    12134236  FFFFFF9FB3FFF  D16,D17,D20,D27,D28
21:29:27.265    12136017  FFFFFF87B3FFF  D16,D17,D20,D25,D26,D27,D28
21:29:27.265    12136019  FFFFFFA7B3FFF  D16,D17,D20,D25,D26,D28
21:29:29.541    12138283  FFFFFFAFB3FFF  D16,D17,D20,D26,D28
21:29:31.867    12140580  FFFFFFA7B3FFF  D16,D17,D20,D25,D26,D28
21:29:31.867    12140581  FFFFFFB7B3FFF  D16,D17,D20,D25,D28
21:29:33.668    12142368  FFFFFFBFB3FFF  D16,D17,D20,D28
21:29:35.499    12144191  FFFFFF87B3FFF  D16,D17,D20,D25,D26,D27,D28
21:29:35.499    12144197  FFFFFFC7B3FFF  D16,D17,D20,D25,D26,D27
21:29:37.351    12146019  FFFFFFCFB3FFF  D16,D17,D20,D26,D27
21:29:39.414    12148078  FFFFFFC7B3FFF  D16,D17,D20,D25,D26,D27
21:29:39.414    12148080  FFFFFFD7B3FFF  D16,D17,D20,D25,D27
--- FW IODebug 1.2.2 2026-08-31 LIFT=1 21:29:41 ---
21:29:42.302    12150938  FFFFFFDFB3FFF  D16,D17,D20,D27
21:29:45.580    12154188  FFFFFFD7B3FFF  D16,D17,D20,D25,D27
21:29:45.580    12154190  FFFFFFE7B3FFF  D16,D17,D20,D25,D26
21:29:48.733    12157082  FFFFFFE7B7FFF  D17,D20,D25,D26
21:29:48.733    12157167  FFFFFFE7F7FFF  D17,D25,D26
21:29:48.733    12157324  FFFFFFE7D7FFF  D17,D19,D25,D26
21:29:52.622    12161172  FFFFFFE7D3FFF  D16,D17,D19,D25,D26
21:29:56.032    12164544  FFFFFFC7D3FFF  D16,D17,D19,D25,D26,D27
21:29:56.032    12164545  FFFFFFD7D3FFF  D16,D17,D19,D25,D27
21:29:56.032    12164547  FFFFFFDFD3FFF  D16,D17,D19,D27
21:29:59.301    12167797  FFFFFFD7D3FFF  D16,D17,D19,D25,D27
21:30:02.140    12170614  FFFFFFC7D3FFF  D16,D17,D19,D25,D26,D27
21:30:02.140    12170616  FFFFFFCFD3FFF  D16,D17,D19,D26,D27
21:30:04.257    12172717  FFFFFFC7D3FFF  D16,D17,D19,D25,D26,D27
21:30:06.070    12174502  FFFFFF87D3FFF  D16,D17,D19,D25,D26,D27,D28
21:30:06.070    12174504  FFFFFFB7D3FFF  D16,D17,D19,D25,D28
21:30:06.070    12174507  FFFFFFBFD3FFF  D16,D17,D19,D28
21:30:07.887    12176327  FFFFFFB7D3FFF  D16,D17,D19,D25,D28
21:30:09.734    12178152  FFFFFFA7D3FFF  D16,D17,D19,D25,D26,D28
21:30:09.734    12178155  FFFFFFAFD3FFF  D16,D17,D19,D26,D28
--- FW IODebug 1.2.2 2026-08-31 LIFT=1 21:30:12 ---
21:30:12.023    12180414  FFFFFFA7D3FFF  D16,D17,D19,D25,D26,D28
21:30:14.307    12182675  FFFFFF87D3FFF  D16,D17,D19,D25,D26,D27,D28
21:30:14.307    12182677  FFFFFF97D3FFF  D16,D17,D19,D25,D27,D28
21:30:14.307    12182679  FFFFFF9FD3FFF  D16,D17,D19,D27,D28
21:30:16.138    12184500  FFFFFF97D3FFF  D16,D17,D19,D25,D27,D28
21:30:17.929    12186286  FFFFFF87D3FFF  D16,D17,D19,D25,D26,D27,D28
21:30:17.929    12186288  FFFFFF8FD3FFF  D16,D17,D19,D26,D27,D28
21:30:19.798    12188110  FFFFFF87D3FFF  D16,D17,D19,D25,D26,D27,D28
21:30:21.614    12189935  FFFFFF07D3FFF  D16,D17,D19,D25,D26,D27,D28,D29
21:30:21.614    12189937  FFFFFF37D3FFF  D16,D17,D19,D25,D28,D29
21:30:21.614    12189939  FFFFFF3FD3FFF  D16,D17,D19,D28,D29
21:30:21.614    12189942  FFFFFF7FD3FFF  D16,D17,D19,D29
21:30:23.467    12191761  FFFFFF77D3FFF  D16,D17,D19,D25,D29
21:30:25.261    12193556  FFFFFF67D3FFF  D16,D17,D19,D25,D26,D29
21:30:25.261    12193559  FFFFFF6FD3FFF  D16,D17,D19,D26,D29
21:30:27.215    12195490  FFFFFF67D3FFF  D16,D17,D19,D25,D26,D29
21:30:31.636    12199812  FFFFFF67D7FFF  D17,D19,D25,D26,D29
21:30:31.636    12199859  FFFFFF67F7FFF  D17,D25,D26,D29
--- FW IODebug 1.2.2 2026-08-31 LIFT=1 21:30:41 ---
--- FW IODebug 1.2.2 2026-08-31 LIFT=1 21:31:12 ---
21:31:32.102    12259859  FFFFFF67F7FFF  D17,D25,D26,D29
--- FW IODebug 1.2.2 2026-08-31 LIFT=1 21:31:42 ---
--- FW IODebug 1.2.2 2026-08-31 LIFT=1 21:32:12 ---
21:32:32.611    12319859  FFFFFF67F7FFF  D17,D25,D26,D29
--- FW IODebug 1.2.2 2026-08-31 LIFT=1 21:32:42 ---
--- FW IODebug 1.2.2 2026-08-31 LIFT=1 21:33:13 ---
21:33:32.292    12379062  FFFFFF67FFFFF  D25,D26,D29
21:33:32.961    12379740  FFFFFF67F7FFF  D17,D25,D26,D29
--- FW IODebug 1.2.2 2026-08-31 LIFT=1 21:33:43 ---
--- FW IODebug 1.2.2 2026-08-31 LIFT=1 21:34:13 ---
21:34:33.453    12439740  FFFFFF67F7FFF  D17,D25,D26,D29
--- FW IODebug 1.2.2 2026-08-31 LIFT=1 21:34:43 ---
--- FW IODebug 1.2.2 2026-08-31 LIFT=1 21:35:14 ---
21:35:33.946    12499740  FFFFFF67F7FFF  D17,D25,D26,D29
--- FW IODebug 1.2.2 2026-08-31 LIFT=1 21:35:44 ---
--- FW IODebug 1.2.2 2026-08-31 LIFT=1 21:36:14 ---
21:36:34.455    12559740  FFFFFF67F7FFF  D17,D25,D26,D29
--- FW IODebug 1.2.2 2026-08-31 LIFT=1 21:36:44 ---
--- FW IODebug 1.2.2 2026-08-31 LIFT=1 21:37:15 ---
21:37:34.925    12619740  FFFFFF67F7FFF  D17,D25,D26,D29
--- FW IODebug 1.2.2 2026-08-31 LIFT=1 21:37:45 ---
--- FW IODebug 1.2.2 2026-08-31 LIFT=1 21:38:15 ---
21:38:35.414    12679740  FFFFFF67F7FFF  D17,D25,D26,D29
--- FW IODebug 1.2.2 2026-08-31 LIFT=1 21:38:45 ---
--- FW IODebug 1.2.2 2026-08-31 LIFT=1 21:39:15 ---
21:39:35.916    12739740  FFFFFF67F7FFF  D17,D25,D26,D29
--- FW IODebug 1.2.2 2026-08-31 LIFT=1 21:39:46 ---
--- FW IODebug 1.2.2 2026-08-31 LIFT=1 21:40:16 ---
21:40:36.390    12799740  FFFFFF67F7FFF  D17,D25,D26,D29
--- FW IODebug 1.2.2 2026-08-31 LIFT=1 21:40:46 ---
--- FW IODebug 1.2.2 2026-08-31 LIFT=1 21:41:16 ---
21:41:36.893    12859740  FFFFFF67F7FFF  D17,D25,D26,D29
--- FW IODebug 1.2.2 2026-08-31 LIFT=1 21:41:47 ---
--- FW IODebug 1.2.2 2026-08-31 LIFT=1 21:42:17 ---
21:42:37.381    12919740  FFFFFF67F7FFF  D17,D25,D26,D29
--- FW IODebug 1.2.2 2026-08-31 LIFT=1 21:42:47 ---
--- FW IODebug 1.2.2 2026-08-31 LIFT=1 21:43:17 ---
21:43:37.861    12979740  FFFFFF67F7FFF  D17,D25,D26,D29
--- FW IODebug 1.2.2 2026-08-31 LIFT=1 21:43:48 ---
--- FW IODebug 1.2.2 2026-08-31 LIFT=1 21:44:18 ---
21:44:38.353    13039740  FFFFFF67F7FFF  D17,D25,D26,D29
--- FW IODebug 1.2.2 2026-08-31 LIFT=1 21:44:48 ---
--- FW IODebug 1.2.2 2026-08-31 LIFT=1 21:45:18 ---
21:45:38.840    13099740  FFFFFF67F7FFF  D17,D25,D26,D29
--- FW IODebug 1.2.2 2026-08-31 LIFT=1 21:45:49 ---
21:46:05.483    13125704  FFFFFF67D7FFF  D17,D19,D25,D26,D29
21:46:05.483    13126183  FFFFFF67F7FFF  D17,D25,D26,D29
--- FW IODebug 1.2.2 2026-08-31 LIFT=1 21:46:19 ---
--- FW IODebug 1.2.2 2026-08-31 LIFT=1 21:46:49 ---
21:47:05.978    13186183  FFFFFF67F7FFF  D17,D25,D26,D29
--- FW IODebug 1.2.2 2026-08-31 LIFT=1 21:47:19 ---
--- FW IODebug 1.2.2 2026-08-31 LIFT=1 21:47:50 ---
21:48:06.475    13246183  FFFFFF67F7FFF  D17,D25,D26,D29
21:48:12.041    13251712  FFFFFF67B7FFF  D17,D20,D25,D26,D29
21:48:13.131    13252792  FFFFFF67B3FFF  D16,D17,D20,D25,D26,D29
21:48:17.929    13257555  FFFFFF6FB3FFF  D16,D17,D20,D26,D29
--- FW IODebug 1.2.2 2026-08-31 LIFT=1 21:48:20 ---
21:48:20.653    13260251  FFFFFF67B3FFF  D16,D17,D20,D25,D26,D29
21:48:20.653    13260253  FFFFFF77B3FFF  D16,D17,D20,D25,D29
21:48:23.569    13263094  FFFFFF77B7FFF  D17,D20,D25,D29
21:48:23.569    13263138  FFFFFF77F7FFF  D17,D25,D29
--- FW IODebug 1.2.2 2026-08-31 LIFT=1 21:48:50 ---
--- FW IODebug 1.2.2 2026-08-31 LIFT=1 21:49:20 ---
21:49:24.060    13323138  FFFFFF77F7FFF  D17,D25,D29
--- FW IODebug 1.2.2 2026-08-31 LIFT=1 21:49:51 ---
--- FW IODebug 1.2.2 2026-08-31 LIFT=1 21:50:21 ---
21:50:24.545    13383138  FFFFFF77F7FFF  D17,D25,D29
--- FW IODebug 1.2.2 2026-08-31 LIFT=1 21:50:51 ---
--- FW IODebug 1.2.2 2026-08-31 LIFT=1 21:51:21 ---
21:51:24.231    13442344  FFFFFF77FFFFF  D25,D29
21:51:24.917    13443021  FFFFFF77F7FFF  D17,D25,D29
--- FW IODebug 1.2.2 2026-08-31 LIFT=1 21:51:52 ---
21:52:18.111    13495313  FFFFFF77B7FFF  D17,D20,D25,D29
21:52:18.111    13495791  FFFFFF77F7FFF  D17,D25,D29
21:52:22.363    13499599  FFFFFF77B7FFF  D17,D20,D25,D29
--- FW IODebug 1.2.2 2026-08-31 LIFT=1 21:52:22 ---
21:52:22.986    13500630  FFFFFF77B3FFF  D16,D17,D20,D25,D29
21:52:27.808    13505393  FFFFFF7FB3FFF  D16,D17,D20,D29
21:52:29.778    13507344  FFFFFF17B3FFF  D16,D17,D20,D25,D27,D28,D29
21:52:29.779    13507346  FFFFFF07B3FFF  D16,D17,D20,D25,D26,D27,D28,D29
21:52:29.779    13507348  FFFFFF87B3FFF  D16,D17,D20,D25,D26,D27,D28
21:52:31.600    13509173  FFFFFF8FB3FFF  D16,D17,D20,D26,D27,D28
21:52:33.452    13510994  FFFFFF87B3FFF  D16,D17,D20,D25,D26,D27,D28
21:52:33.452    13510996  FFFFFF97B3FFF  D16,D17,D20,D25,D27,D28
21:52:35.362    13512892  FFFFFF9FB3FFF  D16,D17,D20,D27,D28
21:52:39.707    13517211  FFFFFF9FB7FFF  D17,D20,D27,D28
21:52:43.855    13521310  FFFFFF9FB3FFF  D16,D17,D20,D27,D28
21:52:47.202    13524642  FFFFFF97B3FFF  D16,D17,D20,D25,D27,D28
21:52:47.202    13524644  FFFFFFA7B3FFF  D16,D17,D20,D25,D26,D28
21:52:50.163    13527572  FFFFFFAFB3FFF  D16,D17,D20,D26,D28
21:52:52.601    13529830  FFFFFFA7B3FFF  D16,D17,D20,D25,D26,D28
21:52:52.601    13529832  FFFFFFB7B3FFF  D16,D17,D20,D25,D28
--- FW IODebug 1.2.2 2026-08-31 LIFT=1 21:52:52 ---
21:52:54.295    13531659  FFFFFFBFB3FFF  D16,D17,D20,D28
21:52:56.120    13533480  FFFFFF87B3FFF  D16,D17,D20,D25,D26,D27,D28
21:52:56.120    13533487  FFFFFFC7B3FFF  D16,D17,D20,D25,D26,D27
21:52:57.915    13535280  FFFFFFCFB3FFF  D16,D17,D20,D26,D27
21:53:00.030    13537368  FFFFFFC7B3FFF  D16,D17,D20,D25,D26,D27
21:53:00.030    13537370  FFFFFFD7B3FFF  D16,D17,D20,D25,D27
21:53:02.916    13540229  FFFFFFDFB3FFF  D16,D17,D20,D27
21:53:05.507    13542803  FFFFFFD7B3FFF  D16,D17,D20,D25,D27
21:53:05.507    13542805  FFFFFFE7B3FFF  D16,D17,D20,D25,D26
21:53:07.526    13544801  FFFFFFEFB3FFF  D16,D17,D20,D26
21:53:10.320    13547565  FFFFFFE7B3FFF  D16,D17,D20,D25,D26
21:53:10.320    13547567  FFFFFFF7B3FFF  D16,D17,D20,D25
21:53:12.186    13549429  FFFFFFF793FFF  D16,D17,D19,D20,D25
21:53:12.186    13549431  FFFFFFF7D3FFF  D16,D17,D19,D25
21:53:15.885    13552917  FFFFFFF7D7FFF  D17,D19,D25
21:53:15.885    13553084  FFFFFFF7F7FFF  D17,D25
--- FW IODebug 1.2.2 2026-08-31 LIFT=1 21:53:22 ---
21:53:42.435    13579423  FFFFFFF7D7FFF  D17,D19,D25
--- FW IODebug 1.2.2 2026-08-31 LIFT=1 21:53:53 ---
21:53:55.959    13592834  FFFFFFF7D3FFF  D16,D17,D19,D25
21:54:01.777    13598625  FFFFFFE7D3FFF  D16,D17,D19,D25,D26
21:54:01.777    13598628  FFFFFFEFD3FFF  D16,D17,D19,D26
21:54:04.597    13601402  FFFFFFE7D3FFF  D16,D17,D19,D25,D26
21:54:06.636    13603427  FFFFFFC7D3FFF  D16,D17,D19,D25,D26,D27
21:54:06.636    13603428  FFFFFFD7D3FFF  D16,D17,D19,D25,D27
21:54:06.636    13603430  FFFFFFDFD3FFF  D16,D17,D19,D27
21:54:09.230    13606005  FFFFFFD7D3FFF  D16,D17,D19,D25,D27
21:54:12.097    13608862  FFFFFFC7D3FFF  D16,D17,D19,D25,D26,D27
21:54:12.097    13608865  FFFFFFCFD3FFF  D16,D17,D19,D26,D27
21:54:14.191    13610925  FFFFFFC7D3FFF  D16,D17,D19,D25,D26,D27
21:54:16.022    13612750  FFFFFF87D3FFF  D16,D17,D19,D25,D26,D27,D28
21:54:16.022    13612752  FFFFFFB7D3FFF  D16,D17,D19,D25,D28
21:54:16.022    13612754  FFFFFFBFD3FFF  D16,D17,D19,D28
21:54:17.857    13614575  FFFFFFB7D3FFF  D16,D17,D19,D25,D28
21:54:19.709    13616400  FFFFFFA7D3FFF  D16,D17,D19,D25,D26,D28
21:54:19.709    13616404  FFFFFFAFD3FFF  D16,D17,D19,D26,D28
21:54:21.950    13618622  FFFFFFA7D3FFF  D16,D17,D19,D25,D26,D28
--- FW IODebug 1.2.2 2026-08-31 LIFT=1 21:54:23 ---
21:54:24.949    13621598  FFFFFF87D3FFF  D16,D17,D19,D25,D26,D27,D28
21:54:24.949    13621600  FFFFFF97D3FFF  D16,D17,D19,D25,D27,D28
21:54:24.949    13621602  FFFFFF9FD3FFF  D16,D17,D19,D27,D28
21:54:27.850    13624462  FFFFFF9FD7FFF  D17,D19,D27,D28
21:54:36.532    13633068  FFFFFF9FF7FFF  D17,D27,D28
21:54:43.060    13639571  FFFFFF9FB7FFF  D17,D20,D27,D28
--- FW IODebug 1.2.2 2026-08-31 LIFT=1 21:54:53 ---
21:54:56.539    13652941  FFFFFF9FB3FFF  D16,D17,D20,D27,D28
21:54:59.872    13656232  FFFFFF97B3FFF  D16,D17,D20,D25,D27,D28
21:54:59.872    13656235  FFFFFFA7B3FFF  D16,D17,D20,D25,D26,D28
21:55:02.832    13659172  FFFFFFAFB3FFF  D16,D17,D20,D26,D28
21:55:05.095    13661430  FFFFFFA7B3FFF  D16,D17,D20,D25,D26,D28
21:55:05.095    13661432  FFFFFFB7B3FFF  D16,D17,D20,D25,D28
21:55:06.900    13663220  FFFFFFBFB3FFF  D16,D17,D20,D28
21:55:08.750    13665041  FFFFFFB7B3FFF  D16,D17,D20,D25,D28
21:55:08.750    13665043  FFFFFF87B3FFF  D16,D17,D20,D25,D26,D27,D28
21:55:08.750    13665048  FFFFFFC7B3FFF  D16,D17,D20,D25,D26,D27
21:55:10.586    13666870  FFFFFFCFB3FFF  D16,D17,D20,D26,D27
21:55:12.708    13668969  FFFFFFC7B3FFF  D16,D17,D20,D25,D26,D27
21:55:12.708    13668971  FFFFFFD7B3FFF  D16,D17,D20,D25,D27
21:55:15.566    13671790  FFFFFFDFB3FFF  D16,D17,D20,D27
21:55:18.189    13674404  FFFFFFD7B3FFF  D16,D17,D20,D25,D27
21:55:18.190    13674406  FFFFFFE7B3FFF  D16,D17,D20,D25,D26
21:55:20.186    13676392  FFFFFFEFB3FFF  D16,D17,D20,D26
21:55:22.974    13679165  FFFFFFE7B3FFF  D16,D17,D20,D25,D26
21:55:22.974    13679167  FFFFFFF7B3FFF  D16,D17,D20,D25
--- FW IODebug 1.2.2 2026-08-31 LIFT=1 21:55:23 ---
21:55:24.820    13680991  FFFFFFF793FFF  D16,D17,D19,D20,D25
21:55:24.820    13680993  FFFFFFF7D3FFF  D16,D17,D19,D25
21:55:28.381    13684518  FFFFFFF7D7FFF  D17,D19,D25
21:55:37.149    13693215  FFFFFFF7F7FFF  D17,D25
--- FW IODebug 1.2.2 2026-08-31 LIFT=1 21:55:54 ---
--- FW IODebug 1.2.2 2026-08-31 LIFT=1 21:56:24 ---
21:56:37.636    13753216  FFFFFFF7F7FFF  D17,D25
--- FW IODebug 1.2.2 2026-08-31 LIFT=1 21:56:54 ---
--- FW IODebug 1.2.2 2026-08-31 LIFT=1 21:57:24 ---
21:57:38.127    13813216  FFFFFFF7F7FFF  D17,D25
--- FW IODebug 1.2.2 2026-08-31 LIFT=1 21:57:55 ---
--- FW IODebug 1.2.2 2026-08-31 LIFT=1 21:58:25 ---
21:58:37.816    13872417  FFFFFFF7FFFFF  D25
21:58:38.498    13873095  FFFFFFF7F7FFF  D17,D25
--- FW IODebug 1.2.2 2026-08-31 LIFT=1 21:58:55 ---
--- FW IODebug 1.2.2 2026-08-31 LIFT=1 21:59:25 ---
21:59:38.990    13933095  FFFFFFF7F7FFF  D17,D25
--- FW IODebug 1.2.2 2026-08-31 LIFT=1 21:59:56 ---
22:00:00.499    13954428  FFFFFFF7D7FFF  D17,D19,D25
22:00:12.963    13966812  FFFFFFF7F7FFF  D17,D25
--- FW IODebug 1.2.2 2026-08-31 LIFT=1 22:00:26 ---
22:00:54.104    14007592  FFFFFFF7D7FFF  D17,D19,D25
--- FW IODebug 1.2.2 2026-08-31 LIFT=1 22:00:56 ---
22:01:20.244    14033541  FFFFFFF7D3FFF  D16,D17,D19,D25
22:01:26.081    14039332  FFFFFFE7D3FFF  D16,D17,D19,D25,D26
22:01:26.081    14039335  FFFFFFEFD3FFF  D16,D17,D19,D26
--- FW IODebug 1.2.2 2026-08-31 LIFT=1 22:01:26 ---
22:01:28.886    14042109  FFFFFFE7D3FFF  D16,D17,D19,D25,D26
22:01:30.889    14044093  FFFFFFC7D3FFF  D16,D17,D19,D25,D26,D27
22:01:30.889    14044095  FFFFFFD7D3FFF  D16,D17,D19,D25,D27
22:01:30.890    14044097  FFFFFFDFD3FFF  D16,D17,D19,D27
22:01:33.891    14047070  FFFFFFD7D3FFF  D16,D17,D19,D25,D27
22:01:37.394    14050557  FFFFFFD7D7FFF  D17,D19,D25,D27
22:01:46.252    14059333  FFFFFFD7F7FFF  D17,D25,D27
22:01:52.004    14065042  FFFFFFD7B7FFF  D17,D20,D25,D27
22:01:53.051    14066074  FFFFFFD7B3FFF  D16,D17,D20,D25,D27
--- FW IODebug 1.2.2 2026-08-31 LIFT=1 22:01:57 ---
22:01:57.005    14070004  FFFFFFDFB3FFF  D16,D17,D20,D27
22:02:00.001    14072947  FFFFFFC7B3FFF  D16,D17,D20,D25,D26,D27
22:02:00.001    14072949  FFFFFFE7B3FFF  D16,D17,D20,D25,D26
22:02:02.019    14074963  FFFFFFEFB3FFF  D16,D17,D20,D26
22:02:04.796    14077737  FFFFFFE7B3FFF  D16,D17,D20,D25,D26
22:02:04.796    14077739  FFFFFFF7B3FFF  D16,D17,D20,D25
22:02:06.736    14079642  FFFFFFF793FFF  D16,D17,D19,D20,D25
22:02:06.737    14079644  FFFFFFF7D3FFF  D16,D17,D19,D25
22:02:10.244    14083051  FFFFFFF7D7FFF  D17,D19,D25
22:02:10.244    14083138  FFFFFFF7F7FFF  D17,D25
--- FW IODebug 1.2.2 2026-08-31 LIFT=1 22:02:27 ---
22:02:38.106    14110747  FFFFFFF7B7FFF  D17,D20,D25
22:02:39.117    14111779  FFFFFFF7B3FFF  D16,D17,D20,D25
22:02:43.201    14115671  FFFFFFFFB3FFF  D16,D17,D20
22:02:43.201    14115825  FFFFFFFF93FFF  D16,D17,D19,D20
22:02:43.201    14115827  FFFFFFFFD3FFF  D16,D17,D19
22:02:46.484    14119075  FFFFFFFFD7FFF  D17,D19
22:02:56.164    14128685  FFFFFFFFF7FFF  D17
--- FW IODebug 1.2.2 2026-08-31 LIFT=1 22:02:57 ---
22:03:01.913    14134393  FFFFFFFFD7FFF  D17,D19
22:03:02.980    14135425  FFFFFFFFD3FFF  D16,D17,D19
22:03:06.712    14139154  FFFFFFF7D3FFF  D16,D17,D19,D25
22:03:10.191    14142606  FFFFFFE7D3FFF  D16,D17,D19,D25,D26
22:03:10.191    14142609  FFFFFFEFD3FFF  D16,D17,D19,D26
22:03:12.978    14145343  FFFFFFE7D3FFF  D16,D17,D19,D25,D26
22:03:14.996    14147366  FFFFFFC7D3FFF  D16,D17,D19,D25,D26,D27
22:03:14.996    14147368  FFFFFFD7D3FFF  D16,D17,D19,D25,D27
22:03:14.996    14147371  FFFFFFDFD3FFF  D16,D17,D19,D27
22:03:17.598    14149945  FFFFFFD7D3FFF  D16,D17,D19,D25,D27
22:03:20.481    14152802  FFFFFFC7D3FFF  D16,D17,D19,D25,D26,D27
22:03:20.481    14152805  FFFFFFCFD3FFF  D16,D17,D19,D26,D27
22:03:22.565    14154865  FFFFFFC7D3FFF  D16,D17,D19,D25,D26,D27
22:03:24.405    14156690  FFFFFF87D3FFF  D16,D17,D19,D25,D26,D27,D28
22:03:24.405    14156692  FFFFFFB7D3FFF  D16,D17,D19,D25,D28
22:03:24.405    14156694  FFFFFFBFD3FFF  D16,D17,D19,D28
22:03:26.916    14159190  FFFFFFB7D3FFF  D16,D17,D19,D25,D28
--- FW IODebug 1.2.2 2026-08-31 LIFT=1 22:03:27 ---
22:03:29.769    14162003  FFFFFFB7D7FFF  D17,D19,D25,D28
22:03:38.564    14170739  FFFFFFB7F7FFF  D17,D25,D28
--- FW IODebug 1.2.2 2026-08-31 LIFT=1 22:03:57 ---
--- FW IODebug 1.2.2 2026-08-31 LIFT=1 22:04:28 ---
22:04:39.056    14230739  FFFFFFB7F7FFF  D17,D25,D28
--- FW IODebug 1.2.2 2026-08-31 LIFT=1 22:04:58 ---
--- FW IODebug 1.2.2 2026-08-31 LIFT=1 22:05:28 ---
22:05:39.548    14290739  FFFFFFB7F7FFF  D17,D25,D28
--- FW IODebug 1.2.2 2026-08-31 LIFT=1 22:05:58 ---
22:06:12.791    14323722  FFFFFFB7B7FFF  D17,D20,D25,D28
22:06:13.780    14324713  FFFFFFB7B3FFF  D16,D17,D20,D25,D28
22:06:17.076    14327979  FFFFFFBFB3FFF  D16,D17,D20,D28
22:06:19.612    14330475  FFFFFFAFB3FFF  D16,D17,D20,D26,D28
22:06:19.612    14330477  FFFFFF87B3FFF  D16,D17,D20,D25,D26,D27,D28
22:06:19.612    14330481  FFFFFFC7B3FFF  D16,D17,D20,D25,D26,D27
22:06:21.445    14332293  FFFFFFCFB3FFF  D16,D17,D20,D26,D27
22:06:23.572    14334403  FFFFFFC7B3FFF  D16,D17,D20,D25,D26,D27
22:06:23.572    14334405  FFFFFFD7B3FFF  D16,D17,D20,D25,D27
22:06:25.611    14336416  FFFFFFD793FFF  D16,D17,D19,D20,D25,D27
22:06:25.611    14336418  FFFFFFD7D3FFF  D16,D17,D19,D25,D27
22:06:29.215    14339519  FFFFFFD7D7FFF  D17,D19,D25,D27
--- FW IODebug 1.2.2 2026-08-31 LIFT=1 22:06:29 ---
22:06:39.437    14350154  FFFFFFD7D3FFF  D16,D17,D19,D25,D27
22:06:45.078    14355748  FFFFFFC7D3FFF  D16,D17,D19,D25,D26,D27
22:06:45.078    14355750  FFFFFFCFD3FFF  D16,D17,D19,D26,D27
22:06:47.185    14357840  FFFFFFC7D3FFF  D16,D17,D19,D25,D26,D27
22:06:49.007    14359626  FFFFFF87D3FFF  D16,D17,D19,D25,D26,D27,D28
22:06:49.007    14359628  FFFFFFB7D3FFF  D16,D17,D19,D25,D28
22:06:49.007    14359630  FFFFFFBFD3FFF  D16,D17,D19,D28
22:06:50.839    14361461  FFFFFFB7D3FFF  D16,D17,D19,D25,D28
22:06:52.678    14363276  FFFFFFA7D3FFF  D16,D17,D19,D25,D26,D28
22:06:52.679    14363279  FFFFFFAFD3FFF  D16,D17,D19,D26,D28
22:06:54.960    14365548  FFFFFFA7D3FFF  D16,D17,D19,D25,D26,D28
22:06:57.242    14367809  FFFFFF87D3FFF  D16,D17,D19,D25,D26,D27,D28
22:06:57.242    14367811  FFFFFF97D3FFF  D16,D17,D19,D25,D27,D28
22:06:57.242    14367813  FFFFFF9FD3FFF  D16,D17,D19,D27,D28
22:06:59.454    14369624  FFFFFF97D3FFF  D16,D17,D19,D25,D27,D28
--- FW IODebug 1.2.2 2026-08-31 LIFT=1 22:06:59 ---
22:07:00.928    14371460  FFFFFF87D3FFF  D16,D17,D19,D25,D26,D27,D28
22:07:00.928    14371463  FFFFFF8FD3FFF  D16,D17,D19,D26,D27,D28
22:07:02.712    14373234  FFFFFF87D3FFF  D16,D17,D19,D25,D26,D27,D28
22:07:04.562    14375070  FFFFFF07D3FFF  D16,D17,D19,D25,D26,D27,D28,D29
22:07:04.562    14375071  FFFFFF37D3FFF  D16,D17,D19,D25,D28,D29
22:07:04.562    14375073  FFFFFF3FD3FFF  D16,D17,D19,D28,D29
22:07:04.562    14375076  FFFFFF7FD3FFF  D16,D17,D19,D29
22:07:06.389    14376885  FFFFFF77D3FFF  D16,D17,D19,D25,D29
22:07:08.193    14378670  FFFFFF67D3FFF  D16,D17,D19,D25,D26,D29
22:07:08.193    14378673  FFFFFF6FD3FFF  D16,D17,D19,D26,D29
22:07:10.034    14380505  FFFFFF67D3FFF  D16,D17,D19,D25,D26,D29
22:07:11.916    14382369  FFFFFF47D3FFF  D16,D17,D19,D25,D26,D27,D29
22:07:11.916    14382371  FFFFFF57D3FFF  D16,D17,D19,D25,D27,D29
22:07:11.916    14382374  FFFFFF5FD3FFF  D16,D17,D19,D27,D29
22:07:13.832    14384274  FFFFFF57D3FFF  D16,D17,D19,D25,D27,D29
22:07:15.714    14386140  FFFFFF47D3FFF  D16,D17,D19,D25,D26,D27,D29
22:07:15.714    14386143  FFFFFF4FD3FFF  D16,D17,D19,D26,D27,D29
22:07:18.729    14388877  FFFFFF47D3FFF  D16,D17,D19,D25,D26,D27,D29
22:07:18.730    14388946  FFFFFF4793FFF  D16,D17,D19,D20,D25,D26,D27,D29
22:07:18.730    14389108  FFFFFF47B3FFF  D16,D17,D20,D25,D26,D27,D29
22:07:21.842    14392207  FFFFFF47B7FFF  D17,D20,D25,D26,D27,D29
--- FW IODebug 1.2.2 2026-08-31 LIFT=1 22:07:29 ---
22:07:30.546    14400850  FFFFFF47F7FFF  D17,D25,D26,D27,D29
22:07:31.990    14402277  FFFFFF47B7FFF  D17,D20,D25,D26,D27,D29
22:07:33.003    14403269  FFFFFF47B3FFF  D16,D17,D20,D25,D26,D27,D29
22:07:36.786    14407041  FFFFFF4FB3FFF  D16,D17,D20,D26,D27,D29
22:07:39.555    14409775  FFFFFF47B3FFF  D16,D17,D20,D25,D26,D27,D29
22:07:39.555    14409777  FFFFFF57B3FFF  D16,D17,D20,D25,D27,D29
22:07:41.424    14411642  FFFFFF5FB3FFF  D16,D17,D20,D27,D29
22:07:43.339    14413544  FFFFFF57B3FFF  D16,D17,D20,D25,D27,D29
22:07:43.339    14413545  FFFFFF67B3FFF  D16,D17,D20,D25,D26,D29
22:07:45.237    14415422  FFFFFF6FB3FFF  D16,D17,D20,D26,D29
22:07:47.073    14417244  FFFFFF67B3FFF  D16,D17,D20,D25,D26,D29
22:07:47.073    14417246  FFFFFF77B3FFF  D16,D17,D20,D25,D29
22:07:48.910    14419072  FFFFFF7FB3FFF  D16,D17,D20,D29
22:07:50.719    14420844  FFFFFF47B3FFF  D16,D17,D20,D25,D26,D27,D29
22:07:50.719    14420846  FFFFFF07B3FFF  D16,D17,D20,D25,D26,D27,D28,D29
22:07:50.719    14420848  FFFFFF87B3FFF  D16,D17,D20,D25,D26,D27,D28
22:07:52.561    14422682  FFFFFF8FB3FFF  D16,D17,D20,D26,D27,D28
22:07:54.387    14424495  FFFFFF87B3FFF  D16,D17,D20,D25,D26,D27,D28
22:07:54.387    14424496  FFFFFF97B3FFF  D16,D17,D20,D25,D27,D28
22:07:56.297    14426401  FFFFFF9FB3FFF  D16,D17,D20,D27,D28
--- FW IODebug 1.2.2 2026-08-31 LIFT=1 22:07:59 ---
22:08:00.788    14430770  FFFFFF9FB7FFF  D17,D20,D27,D28
22:08:00.788    14430844  FFFFFF9FF7FFF  D17,D27,D28
--- FW IODebug 1.2.2 2026-08-31 LIFT=1 22:08:30 ---
22:08:31.985    14461789  FFFFFF9FD7FFF  D17,D19,D27,D28
22:08:32.993    14462781  FFFFFF9FD3FFF  D16,D17,D19,D27,D28
22:08:37.778    14467542  FFFFFF97D3FFF  D16,D17,D19,D25,D27,D28
22:08:39.710    14469445  FFFFFF87D3FFF  D16,D17,D19,D25,D26,D27,D28
22:08:39.710    14469449  FFFFFF8FD3FFF  D16,D17,D19,D26,D27,D28
22:08:41.535    14471270  FFFFFF87D3FFF  D16,D17,D19,D25,D26,D27,D28
22:08:43.395    14473096  FFFFFF07D3FFF  D16,D17,D19,D25,D26,D27,D28,D29
22:08:43.395    14473097  FFFFFF37D3FFF  D16,D17,D19,D25,D28,D29
22:08:43.395    14473099  FFFFFF3FD3FFF  D16,D17,D19,D28,D29
22:08:43.395    14473102  FFFFFF7FD3FFF  D16,D17,D19,D29
22:08:45.909    14475595  FFFFFF77D3FFF  D16,D17,D19,D25,D29
22:08:48.948    14478489  FFFFFF77D7FFF  D17,D19,D25,D29
22:08:48.948    14478611  FFFFFF7797FFF  D17,D19,D20,D25,D29
22:08:48.948    14478615  FFFFFF77B7FFF  D17,D20,D25,D29
22:08:52.935    14482578  FFFFFF77B3FFF  D16,D17,D20,D25,D29
22:08:56.262    14485874  FFFFFF7FB3FFF  D16,D17,D20,D29
22:08:58.748    14488331  FFFFFF77B3FFF  D16,D17,D20,D25,D29
22:08:58.749    14488332  FFFFFF07B3FFF  D16,D17,D20,D25,D26,D27,D28,D29
22:08:58.749    14488337  FFFFFF87B3FFF  D16,D17,D20,D25,D26,D27,D28
--- FW IODebug 1.2.2 2026-08-31 LIFT=1 22:09:00 ---
22:09:00.585    14490161  FFFFFF8FB3FFF  D16,D17,D20,D26,D27,D28
22:09:02.433    14491980  FFFFFF87B3FFF  D16,D17,D20,D25,D26,D27,D28
22:09:02.433    14491982  FFFFFF97B3FFF  D16,D17,D20,D25,D27,D28
22:09:04.264    14493809  FFFFFF9FB3FFF  D16,D17,D20,D27,D28
22:09:06.056    14495591  FFFFFF97B3FFF  D16,D17,D20,D25,D27,D28
22:09:06.056    14495593  FFFFFFA7B3FFF  D16,D17,D20,D25,D26,D28
22:09:08.394    14497905  FFFFFFAFB3FFF  D16,D17,D20,D26,D28
22:09:10.659    14500154  FFFFFFA7B3FFF  D16,D17,D20,D25,D26,D28
22:09:10.659    14500156  FFFFFFB7B3FFF  D16,D17,D20,D25,D28
22:09:12.503    14501982  FFFFFFBFB3FFF  D16,D17,D20,D28
22:09:14.320    14503764  FFFFFF97B3FFF  D16,D17,D20,D25,D27,D28
22:09:14.320    14503767  FFFFFF87B3FFF  D16,D17,D20,D25,D26,D27,D28
22:09:14.320    14503771  FFFFFFC7B3FFF  D16,D17,D20,D25,D26,D27
22:09:16.135    14505592  FFFFFFCFB3FFF  D16,D17,D20,D26,D27
22:09:18.255    14507692  FFFFFFC7B3FFF  D16,D17,D20,D25,D26,D27
22:09:18.255    14507694  FFFFFFD7B3FFF  D16,D17,D20,D25,D27
22:09:21.117    14510512  FFFFFFDFB3FFF  D16,D17,D20,D27
22:09:23.763    14513137  FFFFFFD7B3FFF  D16,D17,D20,D25,D27
22:09:23.763    14513139  FFFFFFE7B3FFF  D16,D17,D20,D25,D26
22:09:25.747    14515116  FFFFFFEFB3FFF  D16,D17,D20,D26
22:09:28.553    14517899  FFFFFFE7B3FFF  D16,D17,D20,D25,D26
22:09:28.554    14517901  FFFFFFF7B3FFF  D16,D17,D20,D25
22:09:30.680    14519713  FFFFFFF793FFF  D16,D17,D19,D20,D25
22:09:30.680    14519715  FFFFFFF7D3FFF  D16,D17,D19,D25
--- FW IODebug 1.2.2 2026-08-31 LIFT=1 22:09:30 ---
22:09:34.052    14523241  FFFFFFF7D7FFF  D17,D19,D25
22:09:34.052    14523368  FFFFFFF7F7FFF  D17,D25
--- FW IODebug 1.2.2 2026-08-31 LIFT=1 22:10:00 ---
--- FW IODebug 1.2.2 2026-08-31 LIFT=1 22:10:31 ---
22:10:34.547    14583368  FFFFFFF7F7FFF  D17,D25
--- FW IODebug 1.2.2 2026-08-31 LIFT=1 22:11:01 ---
--- FW IODebug 1.2.2 2026-08-31 LIFT=1 22:11:31 ---
22:11:35.042    14643368  FFFFFFF7F7FFF  D17,D25
--- FW IODebug 1.2.2 2026-08-31 LIFT=1 22:12:01 ---
--- FW IODebug 1.2.2 2026-08-31 LIFT=1 22:12:32 ---
22:12:34.728    14702571  FFFFFFF7FFFFF  D25
22:12:35.416    14703249  FFFFFFF7F7FFF  D17,D25
--- FW IODebug 1.2.2 2026-08-31 LIFT=1 22:13:02 ---
22:13:04.927    14732529  FFFFFFF7D7FFF  D17,D19,D25
22:13:17.571    14744911  FFFFFFF7F7FFF  D17,D25
22:13:17.571    14745066  FFFFFFF7D7FFF  D17,D19,D25
22:13:18.684    14746177  FFFFFFF7D3FFF  D16,D17,D19,D25
22:13:24.547    14751970  FFFFFFE7D3FFF  D16,D17,D19,D25,D26
22:13:24.547    14751973  FFFFFFEFD3FFF  D16,D17,D19,D26
22:13:27.306    14754707  FFFFFFE7D3FFF  D16,D17,D19,D25,D26
22:13:29.323    14756730  FFFFFFC7D3FFF  D16,D17,D19,D25,D26,D27
22:13:29.323    14756732  FFFFFFD7D3FFF  D16,D17,D19,D25,D27
22:13:29.323    14756734  FFFFFFDFD3FFF  D16,D17,D19,D27
22:13:31.927    14759309  FFFFFFD7D3FFF  D16,D17,D19,D25,D27
--- FW IODebug 1.2.2 2026-08-31 LIFT=1 22:13:32 ---
22:13:34.805    14762166  FFFFFFC7D3FFF  D16,D17,D19,D25,D26,D27
22:13:34.806    14762168  FFFFFFCFD3FFF  D16,D17,D19,D26,D27
22:13:36.904    14764228  FFFFFFC7D3FFF  D16,D17,D19,D25,D26,D27
22:13:38.746    14766054  FFFFFF87D3FFF  D16,D17,D19,D25,D26,D27,D28
22:13:38.746    14766055  FFFFFFB7D3FFF  D16,D17,D19,D25,D28
22:13:38.746    14766057  FFFFFFBFD3FFF  D16,D17,D19,D28
22:13:40.574    14767879  FFFFFFB7D3FFF  D16,D17,D19,D25,D28
22:13:42.428    14769704  FFFFFFA7D3FFF  D16,D17,D19,D25,D26,D28
22:13:42.428    14769708  FFFFFFAFD3FFF  D16,D17,D19,D26,D28
22:13:44.700    14771964  FFFFFFA7D3FFF  D16,D17,D19,D25,D26,D28
22:13:46.966    14774226  FFFFFF87D3FFF  D16,D17,D19,D25,D26,D27,D28
22:13:46.966    14774228  FFFFFF97D3FFF  D16,D17,D19,D25,D27,D28
22:13:46.966    14774231  FFFFFF9FD3FFF  D16,D17,D19,D27,D28
22:13:48.814    14776051  FFFFFF97D3FFF  D16,D17,D19,D25,D27,D28
22:13:50.635    14777837  FFFFFF87D3FFF  D16,D17,D19,D25,D26,D27,D28
22:13:50.635    14777839  FFFFFF8FD3FFF  D16,D17,D19,D26,D27,D28
22:13:52.442    14779662  FFFFFF87D3FFF  D16,D17,D19,D25,D26,D27,D28
22:13:54.293    14781487  FFFFFF07D3FFF  D16,D17,D19,D25,D26,D27,D28,D29
22:13:54.293    14781489  FFFFFF37D3FFF  D16,D17,D19,D25,D28,D29
22:13:54.293    14781491  FFFFFF3FD3FFF  D16,D17,D19,D28,D29
22:13:54.293    14781493  FFFFFF7FD3FFF  D16,D17,D19,D29
22:13:56.094    14783271  FFFFFF77D3FFF  D16,D17,D19,D25,D29
22:13:57.920    14785098  FFFFFF67D3FFF  D16,D17,D19,D25,D26,D29
22:13:57.920    14785100  FFFFFF6FD3FFF  D16,D17,D19,D26,D29
22:13:59.786    14786922  FFFFFF67D3FFF  D16,D17,D19,D25,D26,D29
22:14:01.652    14788787  FFFFFF47D3FFF  D16,D17,D19,D25,D26,D27,D29
22:14:01.652    14788789  FFFFFF57D3FFF  D16,D17,D19,D25,D27,D29
22:14:01.652    14788791  FFFFFF5FD3FFF  D16,D17,D19,D27,D29
--- FW IODebug 1.2.2 2026-08-31 LIFT=1 22:14:02 ---
22:14:03.570    14790691  FFFFFF57D3FFF  D16,D17,D19,D25,D27,D29
22:14:05.524    14792636  FFFFFF47D3FFF  D16,D17,D19,D25,D26,D27,D29
22:14:05.524    14792639  FFFFFF4FD3FFF  D16,D17,D19,D26,D27,D29
22:14:10.163    14797236  FFFFFF4FD7FFF  D17,D19,D26,D27,D29
22:14:19.816    14806804  FFFFFF4FF7FFF  D17,D26,D27,D29
22:14:21.902    14808863  FFFFFF4FB7FFF  D17,D20,D26,D27,D29
22:14:22.854    14809816  FFFFFF4FB3FFF  D16,D17,D20,D26,D27,D29
22:14:27.891    14814814  FFFFFF47B3FFF  D16,D17,D20,D25,D26,D27,D29
22:14:27.891    14814816  FFFFFF57B3FFF  D16,D17,D20,D25,D27,D29
22:14:29.886    14816800  FFFFFF5FB3FFF  D16,D17,D20,D27,D29
22:14:31.803    14818701  FFFFFF57B3FFF  D16,D17,D20,D25,D27,D29
22:14:31.803    14818703  FFFFFF67B3FFF  D16,D17,D20,D25,D26,D29
--- FW IODebug 1.2.2 2026-08-31 LIFT=1 22:14:33 ---
22:14:33.647    14820530  FFFFFF6FB3FFF  D16,D17,D20,D26,D29
22:14:35.518    14822362  FFFFFF67B3FFF  D16,D17,D20,D25,D26,D29
22:14:35.519    14822364  FFFFFF77B3FFF  D16,D17,D20,D25,D29
22:14:37.346    14824180  FFFFFF7FB3FFF  D16,D17,D20,D29
22:14:39.164    14826002  FFFFFF57B3FFF  D16,D17,D20,D25,D27,D29
22:14:39.164    14826004  FFFFFF07B3FFF  D16,D17,D20,D25,D26,D27,D28,D29
22:14:39.164    14826006  FFFFFF87B3FFF  D16,D17,D20,D25,D26,D27,D28
22:14:41.013    14827830  FFFFFF8FB3FFF  D16,D17,D20,D26,D27,D28
22:14:42.822    14829613  FFFFFF87B3FFF  D16,D17,D20,D25,D26,D27,D28
22:14:42.822    14829615  FFFFFF97B3FFF  D16,D17,D20,D25,D27,D28
22:14:44.779    14831559  FFFFFF9FB3FFF  D16,D17,D20,D27,D28
22:14:49.242    14835888  FFFFFF9FB7FFF  D17,D20,D27,D28
22:14:49.242    14836001  FFFFFF9FF7FFF  D17,D27,D28
--- FW IODebug 1.2.2 2026-08-31 LIFT=1 22:15:03 ---
--- FW IODebug 1.2.2 2026-08-31 LIFT=1 22:15:33 ---
22:15:49.733    14896001  FFFFFF9FF7FFF  D17,D27,D28
--- FW IODebug 1.2.2 2026-08-31 LIFT=1 22:16:03 ---
--- FW IODebug 1.2.2 2026-08-31 LIFT=1 22:16:34 ---
22:16:50.224    14956001  FFFFFF9FF7FFF  D17,D27,D28
--- FW IODebug 1.2.2 2026-08-31 LIFT=1 22:17:04 ---
--- FW IODebug 1.2.2 2026-08-31 LIFT=1 22:17:34 ---
22:17:49.931    15015218  FFFFFF9FFFFFF  D27,D28
22:17:50.606    15015884  FFFFFF9FF7FFF  D17,D27,D28
--- FW IODebug 1.2.2 2026-08-31 LIFT=1 22:18:04 ---
--- FW IODebug 1.2.2 2026-08-31 LIFT=1 22:18:35 ---
22:18:51.097    15075884  FFFFFF9FF7FFF  D17,D27,D28
--- FW IODebug 1.2.2 2026-08-31 LIFT=1 22:19:05 ---
--- FW IODebug 1.2.2 2026-08-31 LIFT=1 22:19:35 ---
22:19:36.907    15121341  FFFFFF9FB7FFF  D17,D20,D27,D28
22:19:37.950    15122372  FFFFFF9FB3FFF  D16,D17,D20,D27,D28
22:19:41.306    15125704  FFFFFF87B3FFF  D16,D17,D20,D25,D26,D27,D28
22:19:41.306    15125706  FFFFFFA7B3FFF  D16,D17,D20,D25,D26,D28
22:19:44.284    15128644  FFFFFFAFB3FFF  D16,D17,D20,D26,D28
22:19:46.562    15130911  FFFFFFA7B3FFF  D16,D17,D20,D25,D26,D28
22:19:46.562    15130913  FFFFFFB7B3FFF  D16,D17,D20,D25,D28
22:19:48.350    15132691  FFFFFFBFB3FFF  D16,D17,D20,D28
22:19:50.198    15134512  FFFFFFA7B3FFF  D16,D17,D20,D25,D26,D28
22:19:50.198    15134514  FFFFFF87B3FFF  D16,D17,D20,D25,D26,D27,D28
22:19:50.198    15134518  FFFFFFC7B3FFF  D16,D17,D20,D25,D26,D27
22:19:52.038    15136342  FFFFFFCFB3FFF  D16,D17,D20,D26,D27
22:19:54.112    15138400  FFFFFFC7B3FFF  D16,D17,D20,D25,D26,D27
22:19:54.112    15138402  FFFFFFD7B3FFF  D16,D17,D20,D25,D27
22:19:57.000    15141261  FFFFFFDFB3FFF  D16,D17,D20,D27
22:19:59.641    15143875  FFFFFFD7B3FFF  D16,D17,D20,D25,D27
22:19:59.642    15143877  FFFFFFE7B3FFF  D16,D17,D20,D25,D26
22:20:01.623    15145863  FFFFFFEFB3FFF  D16,D17,D20,D26
22:20:04.428    15148636  FFFFFFE7B3FFF  D16,D17,D20,D25,D26
22:20:04.428    15148638  FFFFFFF7B3FFF  D16,D17,D20,D25
--- FW IODebug 1.2.2 2026-08-31 LIFT=1 22:20:05 ---
22:20:06.352    15150541  FFFFFFF793FFF  D16,D17,D19,D20,D25
22:20:06.352    15150543  FFFFFFF7D3FFF  D16,D17,D19,D25
22:20:09.864    15153950  FFFFFFF7D7FFF  D17,D19,D25
22:20:09.864    15154036  FFFFFFF7F7FFF  D17,D25
--- FW IODebug 1.2.2 2026-08-31 LIFT=1 22:20:36 ---
--- FW IODebug 1.2.2 2026-08-31 LIFT=1 22:21:06 ---
22:21:10.361    15214036  FFFFFFF7F7FFF  D17,D25
--- FW IODebug 1.2.2 2026-08-31 LIFT=1 22:21:36 ---
--- FW IODebug 1.2.2 2026-08-31 LIFT=1 22:22:06 ---
22:22:10.868    15274036  FFFFFFF7F7FFF  D17,D25
--- FW IODebug 1.2.2 2026-08-31 LIFT=1 22:22:37 ---
--- FW IODebug 1.2.2 2026-08-31 LIFT=1 22:23:07 ---
22:23:10.558    15333250  FFFFFFF7FFFFF  D25
22:23:11.213    15333917  FFFFFFF7F7FFF  D17,D25
--- FW IODebug 1.2.2 2026-08-31 LIFT=1 22:23:37 ---
--- FW IODebug 1.2.2 2026-08-31 LIFT=1 22:24:07 ---
22:24:11.705    15393917  FFFFFFF7F7FFF  D17,D25
22:24:19.773    15401920  FFFFFFF7B7FFF  D17,D20,D25
22:24:20.779    15402923  FFFFFFF7B3FFF  D16,D17,D20,D25
22:24:24.901    15406842  FFFFFFFFB3FFF  D16,D17,D20
22:24:24.901    15406998  FFFFFFFF93FFF  D16,D17,D19,D20
22:24:24.901    15407000  FFFFFFFFD3FFF  D16,D17,D19
22:24:28.144    15410220  FFFFFFFFD7FFF  D17,D19
--- FW IODebug 1.2.2 2026-08-31 LIFT=1 22:24:38 ---
22:24:39.131    15421127  FFFFFFFFF7FFF  D17
22:24:41.861    15423820  FFFFFFFFD7FFF  D17,D19
22:24:42.806    15424773  FFFFFFFFD3FFF  D16,D17,D19
22:24:46.616    15428551  FFFFFFF7D3FFF  D16,D17,D19,D25
22:24:50.071    15431964  FFFFFFE7D3FFF  D16,D17,D19,D25,D26
22:24:50.071    15431967  FFFFFFEFD3FFF  D16,D17,D19,D26
22:24:52.857    15434731  FFFFFFE7D3FFF  D16,D17,D19,D25,D26
22:24:54.901    15436753  FFFFFFC7D3FFF  D16,D17,D19,D25,D26,D27
22:24:54.901    15436755  FFFFFFD7D3FFF  D16,D17,D19,D25,D27
22:24:54.901    15436758  FFFFFFDFD3FFF  D16,D17,D19,D27
22:24:57.508    15439343  FFFFFFD7D3FFF  D16,D17,D19,D25,D27
22:25:00.332    15442150  FFFFFFC7D3FFF  D16,D17,D19,D25,D26,D27
22:25:00.332    15442153  FFFFFFCFD3FFF  D16,D17,D19,D26,D27
22:25:02.464    15444252  FFFFFFC7D3FFF  D16,D17,D19,D25,D26,D27
22:25:04.313    15446088  FFFFFF87D3FFF  D16,D17,D19,D25,D26,D27,D28
22:25:04.313    15446090  FFFFFFB7D3FFF  D16,D17,D19,D25,D28
22:25:04.313    15446092  FFFFFFBFD3FFF  D16,D17,D19,D28
22:25:06.106    15447863  FFFFFFB7D3FFF  D16,D17,D19,D25,D28
22:25:08.259    15449689  FFFFFFA7D3FFF  D16,D17,D19,D25,D26,D28
22:25:08.259    15449692  FFFFFFAFD3FFF  D16,D17,D19,D26,D28
--- FW IODebug 1.2.2 2026-08-31 LIFT=1 22:25:08 ---
22:25:10.232    15451960  FFFFFFA7D3FFF  D16,D17,D19,D25,D26,D28
22:25:12.560    15454261  FFFFFF87D3FFF  D16,D17,D19,D25,D26,D27,D28
22:25:12.560    15454263  FFFFFF97D3FFF  D16,D17,D19,D25,D27,D28
22:25:12.560    15454265  FFFFFF9FD3FFF  D16,D17,D19,D27,D28
22:25:14.332    15456035  FFFFFF97D3FFF  D16,D17,D19,D25,D27,D28
22:25:16.169    15457861  FFFFFF87D3FFF  D16,D17,D19,D25,D26,D27,D28
22:25:16.169    15457864  FFFFFF8FD3FFF  D16,D17,D19,D26,D27,D28
22:25:18.020    15459686  FFFFFF87D3FFF  D16,D17,D19,D25,D26,D27,D28
22:25:19.882    15461511  FFFFFF07D3FFF  D16,D17,D19,D25,D26,D27,D28,D29
22:25:19.882    15461513  FFFFFF37D3FFF  D16,D17,D19,D25,D28,D29
22:25:19.882    15461515  FFFFFF3FD3FFF  D16,D17,D19,D28,D29
22:25:19.882    15461518  FFFFFF7FD3FFF  D16,D17,D19,D29
22:25:21.655    15463296  FFFFFF77D3FFF  D16,D17,D19,D25,D29
22:25:23.509    15465132  FFFFFF67D3FFF  D16,D17,D19,D25,D26,D29
22:25:23.509    15465135  FFFFFF6FD3FFF  D16,D17,D19,D26,D29
22:25:25.347    15466947  FFFFFF67D3FFF  D16,D17,D19,D25,D26,D29
22:25:27.216    15468812  FFFFFF47D3FFF  D16,D17,D19,D25,D26,D27,D29
22:25:27.216    15468813  FFFFFF57D3FFF  D16,D17,D19,D25,D27,D29
22:25:27.216    15468815  FFFFFF5FD3FFF  D16,D17,D19,D27,D29
22:25:29.094    15470686  FFFFFF57D3FFF  D16,D17,D19,D25,D27,D29
22:25:31.060    15472631  FFFFFF47D3FFF  D16,D17,D19,D25,D26,D27,D29
22:25:31.060    15472633  FFFFFF4FD3FFF  D16,D17,D19,D26,D27,D29
22:25:35.732    15477260  FFFFFF4FD7FFF  D17,D19,D26,D27,D29
--- FW IODebug 1.2.2 2026-08-31 LIFT=1 22:25:38 ---
22:25:44.421    15485876  FFFFFF4FF7FFF  D17,D26,D27,D29
22:25:46.812    15488252  FFFFFF4FB7FFF  D17,D20,D26,D27,D29
22:25:47.783    15489205  FFFFFF4FB3FFF  D16,D17,D20,D26,D27,D29
22:25:52.859    15494243  FFFFFF47B3FFF  D16,D17,D20,D25,D26,D27,D29
22:25:52.859    15494245  FFFFFF57B3FFF  D16,D17,D20,D25,D27,D29
22:25:54.855    15496241  FFFFFF5FB3FFF  D16,D17,D20,D27,D29
22:25:56.730    15498091  FFFFFF57B3FFF  D16,D17,D20,D25,D27,D29
22:25:56.730    15498092  FFFFFF67B3FFF  D16,D17,D20,D25,D26,D29
22:25:58.627    15499959  FFFFFF6FB3FFF  D16,D17,D20,D26,D29
22:26:00.464    15501791  FFFFFF67B3FFF  D16,D17,D20,D25,D26,D29
22:26:00.464    15501793  FFFFFF77B3FFF  D16,D17,D20,D25,D29
22:26:02.295    15503609  FFFFFF7FB3FFF  D16,D17,D20,D29
22:26:04.151    15505441  FFFFFF2FB3FFF  D16,D17,D20,D26,D28,D29
22:26:04.151    15505443  FFFFFF07B3FFF  D16,D17,D20,D25,D26,D27,D28,D29
22:26:04.151    15505447  FFFFFF87B3FFF  D16,D17,D20,D25,D26,D27,D28
22:26:05.937    15507230  FFFFFF8FB3FFF  D16,D17,D20,D26,D27,D28
22:26:07.774    15509042  FFFFFF87B3FFF  D16,D17,D20,D25,D26,D27,D28
22:26:07.774    15509043  FFFFFF97B3FFF  D16,D17,D20,D25,D27,D28
--- FW IODebug 1.2.2 2026-08-31 LIFT=1 22:26:08 ---
22:26:09.749    15510999  FFFFFF9FB3FFF  D16,D17,D20,D27,D28
22:26:14.162    15515307  FFFFFF9FB7FFF  D17,D20,D27,D28
22:26:14.162    15515392  FFFFFF9FF7FFF  D17,D27,D28
--- FW IODebug 1.2.2 2026-08-31 LIFT=1 22:26:38 ---
--- FW IODebug 1.2.2 2026-08-31 LIFT=1 22:27:09 ---
22:27:14.676    15575392  FFFFFF9FF7FFF  D17,D27,D28
--- FW IODebug 1.2.2 2026-08-31 LIFT=1 22:27:39 ---
--- FW IODebug 1.2.2 2026-08-31 LIFT=1 22:28:09 ---
22:28:15.155    15635392  FFFFFF9FF7FFF  D17,D27,D28
--- FW IODebug 1.2.2 2026-08-31 LIFT=1 22:28:39 ---
--- FW IODebug 1.2.2 2026-08-31 LIFT=1 22:29:10 ---
22:29:14.849    15694597  FFFFFF9FFFFFF  D27,D28
22:29:15.524    15695275  FFFFFF9FF7FFF  D17,D27,D28
--- FW IODebug 1.2.2 2026-08-31 LIFT=1 22:29:40 ---
--- FW IODebug 1.2.2 2026-08-31 LIFT=1 22:30:10 ---
22:30:16.016    15755275  FFFFFF9FF7FFF  D17,D27,D28
--- FW IODebug 1.2.2 2026-08-31 LIFT=1 22:30:40 ---
--- FW IODebug 1.2.2 2026-08-31 LIFT=1 22:31:11 ---
22:31:16.505    15815275  FFFFFF9FF7FFF  D17,D27,D28
--- FW IODebug 1.2.2 2026-08-31 LIFT=1 22:31:41 ---
--- FW IODebug 1.2.2 2026-08-31 LIFT=1 22:32:11 ---
22:32:16.989    15875275  FFFFFF9FF7FFF  D17,D27,D28
--- FW IODebug 1.2.2 2026-08-31 LIFT=1 22:32:41 ---
--- FW IODebug 1.2.2 2026-08-31 LIFT=1 22:33:12 ---
22:33:17.473    15935275  FFFFFF9FF7FFF  D17,D27,D28
--- FW IODebug 1.2.2 2026-08-31 LIFT=1 22:33:42 ---
--- FW IODebug 1.2.2 2026-08-31 LIFT=1 22:34:12 ---
22:34:17.968    15995275  FFFFFF9FF7FFF  D17,D27,D28
--- FW IODebug 1.2.2 2026-08-31 LIFT=1 22:34:42 ---
--- FW IODebug 1.2.2 2026-08-31 LIFT=1 22:35:13 ---
22:35:18.458    16055275  FFFFFF9FF7FFF  D17,D27,D28
--- FW IODebug 1.2.2 2026-08-31 LIFT=1 22:35:43 ---
--- FW IODebug 1.2.2 2026-08-31 LIFT=1 22:36:13 ---
22:36:18.944    16115275  FFFFFF9FF7FFF  D17,D27,D28
--- FW IODebug 1.2.2 2026-08-31 LIFT=1 22:36:43 ---
--- FW IODebug 1.2.2 2026-08-31 LIFT=1 22:37:14 ---
22:37:19.454    16175275  FFFFFF9FF7FFF  D17,D27,D28
--- FW IODebug 1.2.2 2026-08-31 LIFT=1 22:37:44 ---
--- FW IODebug 1.2.2 2026-08-31 LIFT=1 22:38:14 ---
22:38:19.932    16235275  FFFFFF9FF7FFF  D17,D27,D28
--- FW IODebug 1.2.2 2026-08-31 LIFT=1 22:38:44 ---
--- FW IODebug 1.2.2 2026-08-31 LIFT=1 22:39:15 ---
22:39:20.421    16295275  FFFFFF9FF7FFF  D17,D27,D28
--- FW IODebug 1.2.2 2026-08-31 LIFT=1 22:39:45 ---
--- FW IODebug 1.2.2 2026-08-31 LIFT=1 22:40:15 ---
22:40:20.908    16355275  FFFFFF9FF7FFF  D17,D27,D28
--- FW IODebug 1.2.2 2026-08-31 LIFT=1 22:40:45 ---
--- FW IODebug 1.2.2 2026-08-31 LIFT=1 22:41:16 ---
22:41:21.385    16415275  FFFFFF9FF7FFF  D17,D27,D28
--- FW IODebug 1.2.2 2026-08-31 LIFT=1 22:41:46 ---
--- FW IODebug 1.2.2 2026-08-31 LIFT=1 22:42:16 ---
22:42:21.875    16475275  FFFFFF9FF7FFF  D17,D27,D28
--- FW IODebug 1.2.2 2026-08-31 LIFT=1 22:42:46 ---
--- FW IODebug 1.2.2 2026-08-31 LIFT=1 22:43:17 ---
22:43:22.366    16535275  FFFFFF9FF7FFF  D17,D27,D28
--- FW IODebug 1.2.2 2026-08-31 LIFT=1 22:43:47 ---
22:44:06.761    16579306  FFFFFF9FD7FFF  D17,D19,D27,D28
22:44:07.800    16580337  FFFFFF9FD3FFF  D16,D17,D19,D27,D28
22:44:12.643    16585138  FFFFFF97D3FFF  D16,D17,D19,D25,D27,D28
22:44:14.557    16587042  FFFFFF87D3FFF  D16,D17,D19,D25,D26,D27,D28
22:44:14.557    16587046  FFFFFF8FD3FFF  D16,D17,D19,D26,D27,D28
22:44:16.401    16588867  FFFFFF87D3FFF  D16,D17,D19,D25,D26,D27,D28
--- FW IODebug 1.2.2 2026-08-31 LIFT=1 22:44:17 ---
22:44:18.244    16590693  FFFFFF07D3FFF  D16,D17,D19,D25,D26,D27,D28,D29
22:44:18.244    16590694  FFFFFF37D3FFF  D16,D17,D19,D25,D28,D29
22:44:18.244    16590696  FFFFFF3FD3FFF  D16,D17,D19,D28,D29
22:44:18.244    16590698  FFFFFF7FD3FFF  D16,D17,D19,D29
22:44:20.163    16592596  FFFFFF77D3FFF  D16,D17,D19,D25,D29
22:44:24.679    16596919  FFFFFF77D7FFF  D17,D19,D25,D29
22:44:24.679    16597085  FFFFFF77F7FFF  D17,D25,D29
--- FW IODebug 1.2.2 2026-08-31 LIFT=1 22:44:47 ---
--- FW IODebug 1.2.2 2026-08-31 LIFT=1 22:45:18 ---
22:45:25.172    16657085  FFFFFF77F7FFF  D17,D25,D29
--- FW IODebug 1.2.2 2026-08-31 LIFT=1 22:45:48 ---
--- FW IODebug 1.2.2 2026-08-31 LIFT=1 22:46:18 ---
22:46:25.655    16717085  FFFFFF77F7FFF  D17,D25,D29
--- FW IODebug 1.2.2 2026-08-31 LIFT=1 22:46:48 ---
--- FW IODebug 1.2.2 2026-08-31 LIFT=1 22:47:19 ---
22:47:25.336    16776288  FFFFFF77FFFFF  D25,D29
22:47:26.030    16776965  FFFFFF77F7FFF  D17,D25,D29
--- FW IODebug 1.2.2 2026-08-31 LIFT=1 22:47:49 ---
--- FW IODebug 1.2.2 2026-08-31 LIFT=1 22:48:19 ---
22:48:26.526    16836965  FFFFFF77F7FFF  D17,D25,D29
--- FW IODebug 1.2.2 2026-08-31 LIFT=1 22:48:49 ---
--- FW IODebug 1.2.2 2026-08-31 LIFT=1 22:49:19 ---
22:49:27.014    16896965  FFFFFF77F7FFF  D17,D25,D29
--- FW IODebug 1.2.2 2026-08-31 LIFT=1 22:49:50 ---
--- FW IODebug 1.2.2 2026-08-31 LIFT=1 22:50:20 ---
22:50:27.502    16956965  FFFFFF77F7FFF  D17,D25,D29
--- FW IODebug 1.2.2 2026-08-31 LIFT=1 22:50:50 ---
22:50:57.155    16986379  FFFFFF77D7FFF  D17,D19,D25,D29
22:50:57.788    16987018  FFFFFF77F7FFF  D17,D25,D29
--- FW IODebug 1.2.2 2026-08-31 LIFT=1 22:51:20 ---
22:51:36.834    17025736  FFFFFF77B7FFF  D17,D20,D25,D29
22:51:37.740    17026638  FFFFFF77B3FFF  D16,D17,D20,D25,D29
22:51:42.592    17031452  FFFFFF7FB3FFF  D16,D17,D20,D29
22:51:44.532    17033353  FFFFFF17B3FFF  D16,D17,D20,D25,D27,D28,D29
22:51:44.532    17033355  FFFFFF07B3FFF  D16,D17,D20,D25,D26,D27,D28,D29
22:51:44.532    17033357  FFFFFF87B3FFF  D16,D17,D20,D25,D26,D27,D28
22:51:46.330    17035170  FFFFFF8FB3FFF  D16,D17,D20,D26,D27,D28
22:51:48.163    17036963  FFFFFF87B3FFF  D16,D17,D20,D25,D26,D27,D28
22:51:48.163    17036965  FFFFFF97B3FFF  D16,D17,D20,D25,D27,D28
22:51:49.979    17038783  FFFFFF9FB3FFF  D16,D17,D20,D27,D28
--- FW IODebug 1.2.2 2026-08-31 LIFT=1 22:51:51 ---
22:51:51.837    17040613  FFFFFF97B3FFF  D16,D17,D20,D25,D27,D28
22:51:51.837    17040615  FFFFFFA7B3FFF  D16,D17,D20,D25,D26,D28
22:51:54.119    17042878  FFFFFFAFB3FFF  D16,D17,D20,D26,D28
22:51:56.390    17045126  FFFFFFA7B3FFF  D16,D17,D20,D25,D26,D28
22:51:56.391    17045128  FFFFFFB7B3FFF  D16,D17,D20,D25,D28
22:51:58.235    17046967  FFFFFFBFB3FFF  D16,D17,D20,D28
22:52:00.057    17048776  FFFFFF97B3FFF  D16,D17,D20,D25,D27,D28
22:52:00.057    17048777  FFFFFF87B3FFF  D16,D17,D20,D25,D26,D27,D28
22:52:00.057    17048782  FFFFFFC7B3FFF  D16,D17,D20,D25,D26,D27
22:52:01.911    17050605  FFFFFFCFB3FFF  D16,D17,D20,D26,D27
22:52:03.983    17052675  FFFFFFC7B3FFF  D16,D17,D20,D25,D26,D27
22:52:03.983    17052677  FFFFFFD7B3FFF  D16,D17,D20,D25,D27
22:52:06.882    17055535  FFFFFFDFB3FFF  D16,D17,D20,D27
22:52:09.473    17058110  FFFFFFC7B3FFF  D16,D17,D20,D25,D26,D27
22:52:09.473    17058112  FFFFFFE7B3FFF  D16,D17,D20,D25,D26
22:52:11.520    17060136  FFFFFFEFB3FFF  D16,D17,D20,D26
22:52:14.258    17062872  FFFFFFE7B3FFF  D16,D17,D20,D25,D26
22:52:14.258    17062873  FFFFFFF7B3FFF  D16,D17,D20,D25
22:52:16.190    17064776  FFFFFFF793FFF  D16,D17,D19,D20,D25
22:52:16.190    17064777  FFFFFFF7D3FFF  D16,D17,D19,D25
22:52:19.884    17068254  FFFFFFF7D7FFF  D17,D19,D25
22:52:19.884    17068420  FFFFFFF7F7FFF  D17,D25
--- FW IODebug 1.2.2 2026-08-31 LIFT=1 22:52:21 ---
--- FW IODebug 1.2.2 2026-08-31 LIFT=1 22:52:51 ---
22:53:20.345    17128420  FFFFFFF7F7FFF  D17,D25
--- FW IODebug 1.2.2 2026-08-31 LIFT=1 22:53:21 ---
--- FW IODebug 1.2.2 2026-08-31 LIFT=1 22:53:52 ---
22:54:20.841    17188420  FFFFFFF7F7FFF  D17,D25
--- FW IODebug 1.2.2 2026-08-31 LIFT=1 22:54:22 ---
--- FW IODebug 1.2.2 2026-08-31 LIFT=1 22:54:52 ---
22:55:20.515    17247623  FFFFFFF7FFFFF  D25
22:55:21.218    17248301  FFFFFFF7F7FFF  D17,D25
--- FW IODebug 1.2.2 2026-08-31 LIFT=1 22:55:22 ---
--- FW IODebug 1.2.2 2026-08-31 LIFT=1 22:55:53 ---
22:56:21.707    17308301  FFFFFFF7F7FFF  D17,D25
--- FW IODebug 1.2.2 2026-08-31 LIFT=1 22:56:23 ---
--- FW IODebug 1.2.2 2026-08-31 LIFT=1 22:56:53 ---
22:57:22.181    17368301  FFFFFFF7F7FFF  D17,D25
--- FW IODebug 1.2.2 2026-08-31 LIFT=1 22:57:23 ---
--- FW IODebug 1.2.2 2026-08-31 LIFT=1 22:57:54 ---
22:58:22.675    17428301  FFFFFFF7F7FFF  D17,D25
--- FW IODebug 1.2.2 2026-08-31 LIFT=1 22:58:24 ---
--- FW IODebug 1.2.2 2026-08-31 LIFT=1 22:58:54 ---
22:59:23.176    17488301  FFFFFFF7F7FFF  D17,D25
--- FW IODebug 1.2.2 2026-08-31 LIFT=1 22:59:24 ---
--- FW IODebug 1.2.2 2026-08-31 LIFT=1 22:59:55 ---
23:00:23.653    17548301  FFFFFFF7F7FFF  D17,D25
--- FW IODebug 1.2.2 2026-08-31 LIFT=1 23:00:25 ---
--- FW IODebug 1.2.2 2026-08-31 LIFT=1 23:00:55 ---
23:01:21.107    17605293  FFFFFFF7D7FFF  D17,D19,D25
--- FW IODebug 1.2.2 2026-08-31 LIFT=1 23:01:25 ---
23:01:35.075    17619140  FFFFFFF7D3FFF  D16,D17,D19,D25
23:01:40.950    17624972  FFFFFFE7D3FFF  D16,D17,D19,D25,D26
23:01:40.950    17624976  FFFFFFEFD3FFF  D16,D17,D19,D26
23:01:43.756    17627749  FFFFFFE7D3FFF  D16,D17,D19,D25,D26
23:01:45.748    17629732  FFFFFFC7D3FFF  D16,D17,D19,D25,D26,D27
23:01:45.748    17629734  FFFFFFD7D3FFF  D16,D17,D19,D25,D27
23:01:45.748    17629736  FFFFFFDFD3FFF  D16,D17,D19,D27
23:01:48.352    17632311  FFFFFFD7D3FFF  D16,D17,D19,D25,D27
23:01:51.245    17635168  FFFFFFC7D3FFF  D16,D17,D19,D25,D26,D27
23:01:51.245    17635171  FFFFFFCFD3FFF  D16,D17,D19,D26,D27
23:01:53.367    17637270  FFFFFFC7D3FFF  D16,D17,D19,D25,D26,D27
23:01:56.091    17639771  FFFFFF87D3FFF  D16,D17,D19,D25,D26,D27,D28
23:01:56.091    17639773  FFFFFFB7D3FFF  D16,D17,D19,D25,D28
23:01:56.092    17639775  FFFFFFBFD3FFF  D16,D17,D19,D28
--- FW IODebug 1.2.2 2026-08-31 LIFT=1 23:01:56 ---
23:01:58.722    17642585  FFFFFFBFD7FFF  D17,D19,D28
23:02:07.346    17651161  FFFFFFBFF7FFF  D17,D28
23:02:11.511    17655283  FFFFFFBFD7FFF  D17,D19,D28
23:02:12.557    17656314  FFFFFFBFD3FFF  D16,D17,D19,D28
23:02:17.298    17661035  FFFFFFB7D3FFF  D16,D17,D19,D25,D28
23:02:19.271    17662981  FFFFFFA7D3FFF  D16,D17,D19,D25,D26,D28
23:02:19.271    17662983  FFFFFFAFD3FFF  D16,D17,D19,D26,D28
23:02:21.586    17665282  FFFFFFA7D3FFF  D16,D17,D19,D25,D26,D28
23:02:24.549    17668216  FFFFFF87D3FFF  D16,D17,D19,D25,D26,D27,D28
23:02:24.549    17668218  FFFFFF97D3FFF  D16,D17,D19,D25,D27,D28
23:02:24.549    17668220  FFFFFF9FD3FFF  D16,D17,D19,D27,D28
--- FW IODebug 1.2.2 2026-08-31 LIFT=1 23:02:26 ---
23:02:27.510    17671031  FFFFFF9FD7FFF  D17,D19,D27,D28
23:02:27.510    17671157  FFFFFF9FF7FFF  D17,D27,D28
--- FW IODebug 1.2.2 2026-08-31 LIFT=1 23:02:56 ---
--- FW IODebug 1.2.2 2026-08-31 LIFT=1 23:03:26 ---
23:03:28.005    17731158  FFFFFF9FF7FFF  D17,D27,D28
--- FW IODebug 1.2.2 2026-08-31 LIFT=1 23:03:57 ---
23:04:26.548    17789224  FFFFFF9FD7FFF  D17,D19,D27,D28
--- FW IODebug 1.2.2 2026-08-31 LIFT=1 23:04:27 ---
23:04:27.575    17790257  FFFFFF9FD3FFF  D16,D17,D19,D27,D28
23:04:32.391    17795017  FFFFFF97D3FFF  D16,D17,D19,D25,D27,D28
23:04:34.291    17796921  FFFFFF87D3FFF  D16,D17,D19,D25,D26,D27,D28
23:04:34.291    17796924  FFFFFF8FD3FFF  D16,D17,D19,D26,D27,D28
23:04:36.147    17798747  FFFFFF87D3FFF  D16,D17,D19,D25,D26,D27,D28
23:04:38.003    17800571  FFFFFF07D3FFF  D16,D17,D19,D25,D26,D27,D28,D29
23:04:38.003    17800573  FFFFFF37D3FFF  D16,D17,D19,D25,D28,D29
23:04:38.003    17800576  FFFFFF3FD3FFF  D16,D17,D19,D28,D29
23:04:38.003    17800578  FFFFFF7FD3FFF  D16,D17,D19,D29
23:04:40.502    17803071  FFFFFF77D3FFF  D16,D17,D19,D25,D29
23:04:43.500    17805885  FFFFFF77D7FFF  D17,D19,D25,D29
23:04:43.500    17806047  FFFFFF7797FFF  D17,D19,D20,D25,D29
23:04:43.500    17806051  FFFFFF77B7FFF  D17,D20,D25,D29
23:04:47.472    17809985  FFFFFF77B3FFF  D16,D17,D20,D25,D29
23:04:50.778    17813271  FFFFFF7FB3FFF  D16,D17,D20,D29
23:04:53.267    17815727  FFFFFF77B3FFF  D16,D17,D20,D25,D29
23:04:53.267    17815729  FFFFFF07B3FFF  D16,D17,D20,D25,D26,D27,D28,D29
23:04:53.267    17815734  FFFFFF87B3FFF  D16,D17,D20,D25,D26,D27,D28
23:04:55.102    17817556  FFFFFF8FB3FFF  D16,D17,D20,D26,D27,D28
23:04:56.943    17819377  FFFFFF87B3FFF  D16,D17,D20,D25,D26,D27,D28
23:04:56.943    17819379  FFFFFF97B3FFF  D16,D17,D20,D25,D27,D28
--- FW IODebug 1.2.2 2026-08-31 LIFT=1 23:04:57 ---
23:04:58.794    17821205  FFFFFF9FB3FFF  D16,D17,D20,D27,D28
23:05:00.609    17822997  FFFFFF97B3FFF  D16,D17,D20,D25,D27,D28
23:05:00.609    17822999  FFFFFFA7B3FFF  D16,D17,D20,D25,D26,D28
23:05:02.865    17825254  FFFFFFAFB3FFF  D16,D17,D20,D26,D28
23:05:05.178    17827550  FFFFFFA7B3FFF  D16,D17,D20,D25,D26,D28
23:05:05.179    17827552  FFFFFFB7B3FFF  D16,D17,D20,D25,D28
23:05:07.022    17829379  FFFFFFBFB3FFF  D16,D17,D20,D28
23:05:08.827    17831160  FFFFFFB7B3FFF  D16,D17,D20,D25,D28
23:05:08.828    17831162  FFFFFF87B3FFF  D16,D17,D20,D25,D26,D27,D28
23:05:08.828    17831166  FFFFFFC7B3FFF  D16,D17,D20,D25,D26,D27
23:05:10.685    17833000  FFFFFFCFB3FFF  D16,D17,D20,D26,D27
23:05:12.783    17835087  FFFFFFC7B3FFF  D16,D17,D20,D25,D26,D27
23:05:12.783    17835089  FFFFFFD7B3FFF  D16,D17,D20,D25,D27
23:05:15.623    17837910  FFFFFFDFB3FFF  D16,D17,D20,D27
23:05:18.230    17840484  FFFFFFD7B3FFF  D16,D17,D20,D25,D27
23:05:18.230    17840486  FFFFFFE7B3FFF  D16,D17,D20,D25,D26
23:05:20.273    17842521  FFFFFFEFB3FFF  D16,D17,D20,D26
23:05:23.054    17845284  FFFFFFE7B3FFF  D16,D17,D20,D25,D26
23:05:23.054    17845286  FFFFFFF7B3FFF  D16,D17,D20,D25
23:05:24.949    17847149  FFFFFFF793FFF  D16,D17,D19,D20,D25
23:05:24.949    17847151  FFFFFFF7D3FFF  D16,D17,D19,D25
--- FW IODebug 1.2.2 2026-08-31 LIFT=1 23:05:27 ---
23:05:28.611    17850638  FFFFFFF7D7FFF  D17,D19,D25
23:05:28.611    17850805  FFFFFFF7F7FFF  D17,D25
--- FW IODebug 1.2.2 2026-08-31 LIFT=1 23:05:58 ---
--- FW IODebug 1.2.2 2026-08-31 LIFT=1 23:06:28 ---
23:06:29.128    17910805  FFFFFFF7F7FFF  D17,D25
--- FW IODebug 1.2.2 2026-08-31 LIFT=1 23:06:58 ---
--- FW IODebug 1.2.2 2026-08-31 LIFT=1 23:07:28 ---
23:07:29.610    17970805  FFFFFFF7F7FFF  D17,D25
--- FW IODebug 1.2.2 2026-08-31 LIFT=1 23:07:59 ---
23:08:15.826    18016641  FFFFFFF7D7FFF  D17,D19,D25
23:08:16.853    18017671  FFFFFFF7D3FFF  D16,D17,D19,D25
23:08:22.692    18023463  FFFFFFE7D3FFF  D16,D17,D19,D25,D26
23:08:22.692    18023467  FFFFFFEFD3FFF  D16,D17,D19,D26
23:08:25.478    18026241  FFFFFFE7D3FFF  D16,D17,D19,D25,D26
23:08:27.542    18028264  FFFFFFC7D3FFF  D16,D17,D19,D25,D26,D27
23:08:27.542    18028266  FFFFFFD7D3FFF  D16,D17,D19,D25,D27
23:08:27.542    18028268  FFFFFFDFD3FFF  D16,D17,D19,D27
--- FW IODebug 1.2.2 2026-08-31 LIFT=1 23:08:29 ---
23:08:30.134    18030843  FFFFFFD7D3FFF  D16,D17,D19,D25,D27
23:08:33.002    18033700  FFFFFFC7D3FFF  D16,D17,D19,D25,D26,D27
23:08:33.002    18033702  FFFFFFCFD3FFF  D16,D17,D19,D26,D27
23:08:35.101    18035763  FFFFFFC7D3FFF  D16,D17,D19,D25,D26,D27
23:08:37.907    18038262  FFFFFF87D3FFF  D16,D17,D19,D25,D26,D27,D28
23:08:37.908    18038264  FFFFFFB7D3FFF  D16,D17,D19,D25,D28
23:08:37.908    18038266  FFFFFFBFD3FFF  D16,D17,D19,D28
23:08:37.908    18038382  FFFFFFBF93FFF  D16,D17,D19,D20,D28
23:08:37.908    18038544  FFFFFFBFB3FFF  D16,D17,D20,D28
23:08:40.488    18041116  FFFFFFBFB7FFF  D17,D20,D28
23:08:51.368    18051910  FFFFFFBFB3FFF  D16,D17,D20,D28
23:08:54.694    18055203  FFFFFF97B3FFF  D16,D17,D20,D25,D27,D28
23:08:54.694    18055204  FFFFFF87B3FFF  D16,D17,D20,D25,D26,D27,D28
23:08:54.694    18055209  FFFFFFC7B3FFF  D16,D17,D20,D25,D26,D27
23:08:57.213    18057706  FFFFFFCFB3FFF  D16,D17,D20,D26,D27
23:08:59.529    18059805  FFFFFFC7B3FFF  D16,D17,D20,D25,D26,D27
23:08:59.529    18059807  FFFFFFD7B3FFF  D16,D17,D20,D25,D27
--- FW IODebug 1.2.2 2026-08-31 LIFT=1 23:08:59 ---
23:09:02.214    18062665  FFFFFFDFB3FFF  D16,D17,D20,D27
23:09:04.803    18065241  FFFFFFD7B3FFF  D16,D17,D20,D25,D27
23:09:04.803    18065243  FFFFFFE7B3FFF  D16,D17,D20,D25,D26
23:09:06.852    18067268  FFFFFFEFB3FFF  D16,D17,D20,D26
23:09:09.606    18070001  FFFFFFE7B3FFF  D16,D17,D20,D25,D26
23:09:09.606    18070003  FFFFFFF7B3FFF  D16,D17,D20,D25
23:09:11.491    18071867  FFFFFFF793FFF  D16,D17,D19,D20,D25
23:09:11.491    18071869  FFFFFFF7D3FFF  D16,D17,D19,D25
23:09:15.004    18075356  FFFFFFF7D7FFF  D17,D19,D25
23:09:23.652    18083932  FFFFFFF7F7FFF  D17,D25
--- FW IODebug 1.2.2 2026-08-31 LIFT=1 23:09:29 ---
--- FW IODebug 1.2.2 2026-08-31 LIFT=1 23:10:00 ---
23:10:24.134    18143932  FFFFFFF7F7FFF  D17,D25
--- FW IODebug 1.2.2 2026-08-31 LIFT=1 23:10:30 ---
--- FW IODebug 1.2.2 2026-08-31 LIFT=1 23:11:00 ---
23:11:24.630    18203932  FFFFFFF7F7FFF  D17,D25
--- FW IODebug 1.2.2 2026-08-31 LIFT=1 23:11:30 ---
--- FW IODebug 1.2.2 2026-08-31 LIFT=1 23:12:00 ---
23:12:24.332    18263135  FFFFFFF7FFFFF  D25
23:12:25.001    18263813  FFFFFFF7F7FFF  D17,D25
--- FW IODebug 1.2.2 2026-08-31 LIFT=1 23:12:31 ---
--- FW IODebug 1.2.2 2026-08-31 LIFT=1 23:13:01 ---
23:13:25.486    18323813  FFFFFFF7F7FFF  D17,D25
--- FW IODebug 1.2.2 2026-08-31 LIFT=1 23:13:31 ---
--- FW IODebug 1.2.2 2026-08-31 LIFT=1 23:14:01 ---
23:14:25.982    18383813  FFFFFFF7F7FFF  D17,D25
--- FW IODebug 1.2.2 2026-08-31 LIFT=1 23:14:32 ---
--- FW IODebug 1.2.2 2026-08-31 LIFT=1 23:15:02 ---
23:15:26.486    18443813  FFFFFFF7F7FFF  D17,D25
--- FW IODebug 1.2.2 2026-08-31 LIFT=1 23:15:32 ---
--- FW IODebug 1.2.2 2026-08-31 LIFT=1 23:16:02 ---
23:16:26.944    18503813  FFFFFFF7F7FFF  D17,D25
--- FW IODebug 1.2.2 2026-08-31 LIFT=1 23:16:33 ---
--- FW IODebug 1.2.2 2026-08-31 LIFT=1 23:17:03 ---
23:17:27.431    18563813  FFFFFFF7F7FFF  D17,D25
--- FW IODebug 1.2.2 2026-08-31 LIFT=1 23:17:33 ---
23:17:41.235    18577480  FFFFFFF7D7FFF  D17,D19,D25
23:17:55.186    18591327  FFFFFFF7D3FFF  D16,D17,D19,D25
23:18:01.031    18597120  FFFFFFE7D3FFF  D16,D17,D19,D25,D26
23:18:01.031    18597124  FFFFFFEFD3FFF  D16,D17,D19,D26
23:18:03.943    18599897  FFFFFFE7D3FFF  D16,D17,D19,D25,D26
--- FW IODebug 1.2.2 2026-08-31 LIFT=1 23:18:03 ---
23:18:05.813    18601880  FFFFFFC7D3FFF  D16,D17,D19,D25,D26,D27
23:18:05.813    18601882  FFFFFFD7D3FFF  D16,D17,D19,D25,D27
23:18:05.813    18601884  FFFFFFDFD3FFF  D16,D17,D19,D27
23:18:08.846    18604866  FFFFFFD7D3FFF  D16,D17,D19,D25,D27
23:18:12.346    18608345  FFFFFFD7D7FFF  D17,D19,D25,D27
23:18:21.074    18617000  FFFFFFD7F7FFF  D17,D25,D27
23:18:26.501    18622392  FFFFFFD7D7FFF  D17,D19,D25,D27
23:18:27.502    18623384  FFFFFFD7D3FFF  D16,D17,D19,D25,D27
23:18:33.093    18628938  FFFFFFC7D3FFF  D16,D17,D19,D25,D26,D27
23:18:33.093    18628941  FFFFFFCFD3FFF  D16,D17,D19,D26,D27
--- FW IODebug 1.2.2 2026-08-31 LIFT=1 23:18:34 ---
23:18:35.232    18631051  FFFFFFC7D3FFF  D16,D17,D19,D25,D26,D27
23:18:37.032    18632826  FFFFFF87D3FFF  D16,D17,D19,D25,D26,D27,D28
23:18:37.032    18632828  FFFFFFB7D3FFF  D16,D17,D19,D25,D28
23:18:37.032    18632830  FFFFFFBFD3FFF  D16,D17,D19,D28
23:18:38.849    18634651  FFFFFFB7D3FFF  D16,D17,D19,D25,D28
23:18:40.704    18636477  FFFFFFA7D3FFF  D16,D17,D19,D25,D26,D28
23:18:40.704    18636479  FFFFFFAFD3FFF  D16,D17,D19,D26,D28
23:18:42.993    18638738  FFFFFFA7D3FFF  D16,D17,D19,D25,D26,D28
23:18:45.272    18640999  FFFFFF87D3FFF  D16,D17,D19,D25,D26,D27,D28
23:18:45.273    18641001  FFFFFF97D3FFF  D16,D17,D19,D25,D27,D28
23:18:45.273    18641003  FFFFFF9FD3FFF  D16,D17,D19,D27,D28
23:18:47.103    18642824  FFFFFF97D3FFF  D16,D17,D19,D25,D27,D28
23:18:48.938    18644649  FFFFFF87D3FFF  D16,D17,D19,D25,D26,D27,D28
23:18:48.938    18644653  FFFFFF8FD3FFF  D16,D17,D19,D26,D27,D28
23:18:50.760    18646445  FFFFFF87D3FFF  D16,D17,D19,D25,D26,D27,D28
23:18:52.591    18648259  FFFFFF07D3FFF  D16,D17,D19,D25,D26,D27,D28,D29
23:18:52.591    18648261  FFFFFF37D3FFF  D16,D17,D19,D25,D28,D29
23:18:52.591    18648263  FFFFFF3FD3FFF  D16,D17,D19,D28,D29
23:18:52.591    18648266  FFFFFF7FD3FFF  D16,D17,D19,D29
23:18:54.553    18650204  FFFFFF77D3FFF  D16,D17,D19,D25,D29
23:18:58.989    18654536  FFFFFF77D7FFF  D17,D19,D25,D29
23:18:58.989    18654612  FFFFFF77F7FFF  D17,D25,D29
--- FW IODebug 1.2.2 2026-08-31 LIFT=1 23:19:04 ---
--- FW IODebug 1.2.2 2026-08-31 LIFT=1 23:19:34 ---
23:19:59.783    18714612  FFFFFF77F7FFF  D17,D25,D29
23:19:59.783    18714913  FFFFFF77B7FFF  D17,D20,D25,D29
23:20:00.778    18715906  FFFFFF77B3FFF  D16,D17,D20,D25,D29
--- FW IODebug 1.2.2 2026-08-31 LIFT=1 23:20:04 ---
23:20:05.543    18720629  FFFFFF7FB3FFF  D16,D17,D20,D29
23:20:07.502    18722570  FFFFFF47B3FFF  D16,D17,D20,D25,D26,D27,D29
23:20:07.502    18722572  FFFFFF07B3FFF  D16,D17,D20,D25,D26,D27,D28,D29
23:20:07.502    18722577  FFFFFF87B3FFF  D16,D17,D20,D25,D26,D27,D28
23:20:09.334    18724399  FFFFFF8FB3FFF  D16,D17,D20,D26,D27,D28
23:20:11.174    18726220  FFFFFF87B3FFF  D16,D17,D20,D25,D26,D27,D28
23:20:11.174    18726222  FFFFFF97B3FFF  D16,D17,D20,D25,D27,D28
23:20:13.014    18728049  FFFFFF9FB3FFF  D16,D17,D20,D27,D28
23:20:14.826    18729831  FFFFFF87B3FFF  D16,D17,D20,D25,D26,D27,D28
23:20:14.826    18729833  FFFFFFA7B3FFF  D16,D17,D20,D25,D26,D28
23:20:17.101    18732096  FFFFFFAFB3FFF  D16,D17,D20,D26,D28
23:20:19.406    18734394  FFFFFFA7B3FFF  D16,D17,D20,D25,D26,D28
23:20:19.406    18734396  FFFFFFB7B3FFF  D16,D17,D20,D25,D28
23:20:21.219    18736182  FFFFFFBFB3FFF  D16,D17,D20,D28
23:20:23.054    18738003  FFFFFF97B3FFF  D16,D17,D20,D25,D27,D28
23:20:23.054    18738006  FFFFFF87B3FFF  D16,D17,D20,D25,D26,D27,D28
23:20:23.054    18738011  FFFFFFC7B3FFF  D16,D17,D20,D25,D26,D27
23:20:24.905    18739832  FFFFFFCFB3FFF  D16,D17,D20,D26,D27
23:20:27.013    18741932  FFFFFFC7B3FFF  D16,D17,D20,D25,D26,D27
23:20:27.013    18741934  FFFFFFD7B3FFF  D16,D17,D20,D25,D27
23:20:28.906    18743796  FFFFFFD793FFF  D16,D17,D19,D20,D25,D27
23:20:28.906    18743798  FFFFFFD7D3FFF  D16,D17,D19,D25,D27
23:20:32.175    18747057  FFFFFFD7D7FFF  D17,D19,D25,D27
--- FW IODebug 1.2.2 2026-08-31 LIFT=1 23:20:35 ---
23:20:42.852    18757643  FFFFFFD7D3FFF  D16,D17,D19,D25,D27
23:20:48.466    18763197  FFFFFFC7D3FFF  D16,D17,D19,D25,D26,D27
23:20:48.466    18763200  FFFFFFCFD3FFF  D16,D17,D19,D26,D27
23:20:50.580    18765309  FFFFFFC7D3FFF  D16,D17,D19,D25,D26,D27
23:20:53.099    18767800  FFFFFF87D3FFF  D16,D17,D19,D25,D26,D27,D28
23:20:53.099    18767801  FFFFFFB7D3FFF  D16,D17,D19,D25,D28
23:20:53.099    18767803  FFFFFFBFD3FFF  D16,D17,D19,D28
23:20:55.927    18770614  FFFFFFBFD7FFF  D17,D19,D28
23:21:04.737    18779348  FFFFFFBFF7FFF  D17,D28
--- FW IODebug 1.2.2 2026-08-31 LIFT=1 23:21:05 ---
23:21:06.505    18781091  FFFFFFBFB7FFF  D17,D20,D28
23:21:07.495    18782083  FFFFFFBFB3FFF  D16,D17,D20,D28
23:21:10.832    18785375  FFFFFF87B3FFF  D16,D17,D20,D25,D26,D27,D28
23:21:10.832    18785382  FFFFFFC7B3FFF  D16,D17,D20,D25,D26,D27
23:21:13.306    18787850  FFFFFFCFB3FFF  D16,D17,D20,D26,D27
23:21:15.416    18789938  FFFFFFC7B3FFF  D16,D17,D20,D25,D26,D27
23:21:15.417    18789940  FFFFFFD7B3FFF  D16,D17,D20,D25,D27
23:21:18.286    18792798  FFFFFFDFB3FFF  D16,D17,D20,D27
23:21:20.884    18795373  FFFFFFC7B3FFF  D16,D17,D20,D25,D26,D27
23:21:20.884    18795375  FFFFFFE7B3FFF  D16,D17,D20,D25,D26
23:21:22.943    18797401  FFFFFFEFB3FFF  D16,D17,D20,D26
23:21:25.707    18800135  FFFFFFE7B3FFF  D16,D17,D20,D25,D26
23:21:25.707    18800136  FFFFFFF7B3FFF  D16,D17,D20,D25
23:21:27.601    18802039  FFFFFFF793FFF  D16,D17,D19,D20,D25
23:21:27.601    18802041  FFFFFFF7D3FFF  D16,D17,D19,D25
23:21:31.132    18805487  FFFFFFF7D7FFF  D17,D19,D25
23:21:31.132    18805534  FFFFFFF7F7FFF  D17,D25
--- FW IODebug 1.2.2 2026-08-31 LIFT=1 23:21:35 ---
--- FW IODebug 1.2.2 2026-08-31 LIFT=1 23:22:05 ---
23:22:31.630    18865534  FFFFFFF7F7FFF  D17,D25
--- FW IODebug 1.2.2 2026-08-31 LIFT=1 23:22:36 ---
--- FW IODebug 1.2.2 2026-08-31 LIFT=1 23:23:06 ---
23:23:32.109    18925534  FFFFFFF7F7FFF  D17,D25
--- FW IODebug 1.2.2 2026-08-31 LIFT=1 23:23:36 ---
--- FW IODebug 1.2.2 2026-08-31 LIFT=1 23:24:06 ---
23:24:31.803    18984736  FFFFFFF7FFFFF  D25
23:24:32.494    18985425  FFFFFFF7F7FFF  D17,D25
--- FW IODebug 1.2.2 2026-08-31 LIFT=1 23:24:37 ---
--- FW IODebug 1.2.2 2026-08-31 LIFT=1 23:25:07 ---
23:25:32.992    19045425  FFFFFFF7F7FFF  D17,D25
--- FW IODebug 1.2.2 2026-08-31 LIFT=1 23:25:37 ---
--- FW IODebug 1.2.2 2026-08-31 LIFT=1 23:26:07 ---
23:26:33.488    19105425  FFFFFFF7F7FFF  D17,D25
--- FW IODebug 1.2.2 2026-08-31 LIFT=1 23:26:38 ---
--- FW IODebug 1.2.2 2026-08-31 LIFT=1 23:27:08 ---
23:27:33.955    19165425  FFFFFFF7F7FFF  D17,D25
--- FW IODebug 1.2.2 2026-08-31 LIFT=1 23:27:38 ---
--- FW IODebug 1.2.2 2026-08-31 LIFT=1 23:28:08 ---
23:28:34.449    19225425  FFFFFFF7F7FFF  D17,D25
--- FW IODebug 1.2.2 2026-08-31 LIFT=1 23:28:39 ---
