# lift: 5

===== capture started 2026-09-12 16:42:08  lift=5  port=COM3 =====
--- listening (one-way) 16:42:09 ---
16:42:24.285       14460  FFFFFFF7FFFFF  D25
16:42:24.285       14478  FFFFFFF7F7FFF  D17,D25
16:42:24.285       14481  FFFFFFF7FFFFF  D25
16:42:24.285       14490  FFFFFFF7F7FFF  D17,D25
16:42:24.285       14491  FFFFFFF7FFFFF  D25
16:42:24.285       14493  FFFFFFF7F7FFF  D17,D25
16:42:24.285       14495  FFFFFFF7FFFFF  D25
16:42:24.285       14497  FFFFFFF7F7FFF  D17,D25
16:42:25.556       15678  FFFFFFF7FFFFF  D25
16:42:25.556       15681  FFFFFFF7F7FFF  D17,D25
16:42:25.560       15683  FFFFFFF7FFFFF  D25
16:42:25.560       15758  FFFFFFF7F7FFF  D17,D25
16:42:25.560       15760  FFFFFFF7FFFFF  D25
16:42:25.560       15763  FFFFFFF7F7FFF  D17,D25
16:42:26.720       16744  FFFFFFF7FFFFF  D25
16:42:26.720       16817  FFFFFFF7F7FFF  D17,D25
16:42:26.720       16910  FFFFFFF7FFFFF  D25
16:42:26.720       16913  FFFFFFF7F7FFF  D17,D25
16:42:29.991       20160  FFFFFFF7FFFFF  D25
16:42:31.186       20801  FFFFFFF7F7FFF  D17,D25
16:42:31.186       21271  FFFFFFF7FFFFF  D25
16:42:31.186       21345  FFFFFFF7F7FFF  D17,D25
16:42:34.045       24183  FFFFFFF7FFFFF  D25
--- FW IODebug 1.2.2 2026-08-31 LIFT=5 16:42:39 ---
16:42:40.761       30848  FFFFFFF7F7FFF  D17,D25
16:42:47.153       37027  FFFFFFF7FFFFF  D25
16:42:47.153       37036  FFFFFFF7F7FFF  D17,D25
16:42:47.153       37106  FFFFFFF7FFFFF  D25
16:42:47.153       37193  FFFFFFF7F7FFF  D17,D25
16:42:48.631       37790  FFFFFFF7FFFFF  D25
16:42:48.631       37803  FFFFFFF7F7FFF  D17,D25
16:42:48.631       38252  FFFFFFF7FFFFF  D25
16:42:48.631       38254  FFFFFFF7F7FFF  D17,D25
16:42:48.631       38651  FFFFFFF7FFFFF  D25
16:42:48.631       38657  FFFFFFF7F7FFF  D17,D25
16:42:50.880       40871  FFFFFFF7FFFFF  D25
16:42:50.880       40893  FFFFFFF7F7FFF  D17,D25
16:42:52.934       42786  FFFFFFF7FFFFF  D25
16:42:52.934       42931  FFFFFFF7F7FFF  D17,D25
16:42:54.425       44095  FFFFFFF7FFFFF  D25
16:42:54.426       44097  FFFFFFF7F7FFF  D17,D25
16:42:54.426       44124  FFFFFFF7FFFFF  D25
16:42:54.426       44125  FFFFFFF7F7FFF  D17,D25
16:42:54.426       44218  FFFFFFF7FFFFF  D25
16:42:54.426       44319  FFFFFFF7F7FFF  D17,D25
16:42:54.426       44421  FFFFFFF7FFFFF  D25
16:42:58.750       48694  FFFFFFF7F7FFF  D17,D25
16:42:58.751       48695  FFFFFFF7FFFFF  D25
16:42:58.751       48698  FFFFFFF7F7FFF  D17,D25
16:42:58.751       48700  FFFFFFF7FFFFF  D25
16:42:58.751       48704  FFFFFFF7F7FFF  D17,D25
16:42:58.751       48706  FFFFFFF7FFFFF  D25
16:42:58.751       48707  FFFFFFF7F7FFF  D17,D25
--- FW IODebug 1.2.2 2026-08-31 LIFT=5 16:43:10 ---
16:43:15.499       65324  FFFFFFF7D7FFF  D17,D19,D25
16:43:16.410       66237  FFFFFFF7D3FFF  D16,D17,D19,D25
16:43:20.497       70286  FFFFFFF3D3FFF  D16,D17,D19,D24,D25
16:43:21.512       71303  FFFFFFF3FFFFF  D24,D25
16:43:22.784       72548  FFFFFFE3FFFFF  D24,D25,D26
16:43:22.784       72550  FFFFFFEBFFFFF  D24,D26
16:43:22.784       72553  FFFFFFEFFFFFF  D26
16:43:24.769       74533  FFFFFFEBFFFFF  D24,D26
16:43:26.465       76200  FFFFFFE3FFFFF  D24,D25,D26
16:43:26.465       76205  FFFFFFE7FFFFF  D25,D26
16:43:27.848       77590  FFFFFFE3FFFFF  D24,D25,D26
16:43:29.304       79019  FFFFFFC3FFFFF  D24,D25,D26,D27
16:43:29.304       79021  FFFFFFCBFFFFF  D24,D26,D27
16:43:29.304       79024  FFFFFFCFFFFFF  D26,D27
16:43:29.304       79026  FFFFFFDFFFFFF  D27
16:43:30.648       80368  FFFFFFDBFFFFF  D24,D27
16:43:32.699       82394  FFFFFFD3FFFFF  D24,D25,D27
16:43:32.699       82398  FFFFFFD7FFFFF  D25,D27
16:43:33.262       82950  FFFFFFD7DFFFF  D19,D25,D27
16:43:33.262       82952  FFFFFFD7FFFFF  D25,D27
16:43:34.974       84656  FFFFFFD3FFFFF  D24,D25,D27
16:43:36.937       86600  FFFFFFC3FFFFF  D24,D25,D26,D27
16:43:36.937       86602  FFFFFFCBFFFFF  D24,D26,D27
16:43:36.937       86604  FFFFFFCFFFFFF  D26,D27
16:43:38.622       88267  FFFFFFCBFFFFF  D24,D26,D27
16:43:40.361       89539  FFFFFFC3FFFFF  D24,D25,D26,D27
16:43:40.361       89543  FFFFFFC7FFFFF  D25,D26,D27
--- FW IODebug 1.2.2 2026-08-31 LIFT=5 16:43:40 ---
16:43:41.169       90809  FFFFFFC3FFFFF  D24,D25,D26,D27
16:43:42.464       92080  FFFFFF8BFFFFF  D24,D26,D27,D28
16:43:42.464       92082  FFFFFFABFFFFF  D24,D26,D28
16:43:42.464       92084  FFFFFFAFFFFFF  D26,D28
16:43:42.464       92086  FFFFFFBFFFFFF  D28
16:43:43.742       93349  FFFFFFBBFFFFF  D24,D28
16:43:45.023       94620  FFFFFFB3FFFFF  D24,D25,D28
16:43:45.023       94623  FFFFFFB7FFFFF  D25,D28
16:43:46.297       95889  FFFFFFB3FFFFF  D24,D25,D28
16:43:47.574       97161  FFFFFFA3FFFFF  D24,D25,D26,D28
16:43:47.574       97162  FFFFFFABFFFFF  D24,D26,D28
16:43:47.574       97165  FFFFFFAFFFFFF  D26,D28
16:43:48.847       98429  FFFFFFABFFFFF  D24,D26,D28
16:43:50.134       99701  FFFFFFA3FFFFF  D24,D25,D26,D28
16:43:50.134       99704  FFFFFFA7FFFFF  D25,D26,D28
16:43:51.661      101209  FFFFFFA3FFFFF  D24,D25,D26,D28
--- FW IODebug 1.2.2 2026-08-31 LIFT=5 16:44:10 ---
16:44:10.817      120227  FFFFFFA7FFFFF  D25,D26,D28
16:44:33.650      142891  FFFFFFA3FFFFF  D24,D25,D26,D28
16:44:33.650      142892  FFFFFFABFFFFF  D24,D26,D28
16:44:35.175      144403  FFFFFFAFFFFFF  D26,D28
16:44:36.460      145669  FFFFFFABFFFFF  D24,D26,D28
16:44:36.460      145671  FFFFFFA3FFFFF  D24,D25,D26,D28
16:44:36.460      145676  FFFFFFB3FFFFF  D24,D25,D28
16:44:37.735      146944  FFFFFFB7FFFFF  D25,D28
16:44:38.975      148169  FFFFFFB3FFFFF  D24,D25,D28
16:44:38.975      148171  FFFFFFBBFFFFF  D24,D28
16:44:40.261      149444  FFFFFFBFFFFFF  D28
--- FW IODebug 1.2.2 2026-08-31 LIFT=5 16:44:40 ---
16:44:41.533      150710  FFFFFFABFFFFF  D24,D26,D28
16:44:41.533      150712  FFFFFFC3FFFFF  D24,D25,D26,D27
16:44:42.812      151985  FFFFFFC7FFFFF  D25,D26,D27
16:44:44.097      153251  FFFFFFC3FFFFF  D24,D25,D26,D27
16:44:44.097      153252  FFFFFFCBFFFFF  D24,D26,D27
16:44:45.379      154525  FFFFFFCFFFFFF  D26,D27
16:44:47.067      156188  FFFFFFCBFFFFF  D24,D26,D27
16:44:47.067      156190  FFFFFFC3FFFFF  D24,D25,D26,D27
16:44:47.067      156195  FFFFFFD3FFFFF  D24,D25,D27
16:44:49.023      158138  FFFFFFD7FFFFF  D25,D27
16:44:51.296      160397  FFFFFFD3FFFFF  D24,D25,D27
16:44:51.296      160398  FFFFFFDBFFFFF  D24,D27
16:44:53.335      162425  FFFFFFDFFFFFF  D27
16:44:54.704      163771  FFFFFFC3FFFFF  D24,D25,D26,D27
16:44:54.704      163774  FFFFFFE3FFFFF  D24,D25,D26
16:44:56.146      165203  FFFFFFE7FFFFF  D25,D26
16:44:57.532      166589  FFFFFFE3FFFFF  D24,D25,D26
16:44:57.532      166591  FFFFFFEBFFFFF  D24,D26
16:44:59.219      168260  FFFFFFEFFFFFF  D26
16:45:01.344      170359  FFFFFFEBFFFFF  D24,D26
16:45:01.344      170361  FFFFFFE3FFFFF  D24,D25,D26
16:45:01.344      170368  FFFFFFF3FFFFF  D24,D25
--- FW IODebug 1.2.2 2026-08-31 LIFT=5 16:45:11 ---
16:45:24.452      193308  FFFFFFF7FFFFF  D25
--- FW IODebug 1.2.2 2026-08-31 LIFT=5 16:45:41 ---
16:45:48.092      216765  FFFFFFF3FFFFF  D24,D25
--- FW IODebug 1.2.2 2026-08-31 LIFT=5 16:46:11 ---
--- FW IODebug 1.2.2 2026-08-31 LIFT=5 16:46:41 ---
16:46:42.300      270554  FFFFFFE3FFFFF  D24,D25,D26
16:46:42.300      270555  FFFFFFEBFFFFF  D24,D26
16:46:42.300      270557  FFFFFFEFFFFFF  D26
16:46:44.421      272657  FFFFFFEBFFFFF  D24,D26
16:46:46.092      274325  FFFFFFE3FFFFF  D24,D25,D26
16:46:46.092      274328  FFFFFFE7FFFFF  D25,D26
16:46:47.501      275714  FFFFFFE3FFFFF  D24,D25,D26
16:46:49.382      276775  FFFFFFE3D3FFF  D16,D17,D19,D24,D25,D26
16:46:49.382      277143  FFFFFFC3D3FFF  D16,D17,D19,D24,D25,D26,D27
16:46:49.382      277145  FFFFFFCBD3FFF  D16,D17,D19,D24,D26,D27
16:46:49.382      277146  FFFFFFCFD3FFF  D16,D17,D19,D26,D27
16:46:49.382      277150  FFFFFFDFD3FFF  D16,D17,D19,D27
16:46:49.382      277193  FFFFFFDFFFFFF  D27
16:46:49.382      277227  FFFFFFDFD3FFF  D16,D17,D19,D27
16:46:49.382      277354  FFFFFFDFFFFFF  D27
16:46:49.382      277581  FFFFFFDFD3FFF  D16,D17,D19,D27
16:46:50.375      278374  FFFFFFDFF3FFF  D16,D17,D27
16:46:50.375      278376  FFFFFFDFD3FFF  D16,D17,D19,D27
16:46:50.375      278377  FFFFFFDFFFFFF  D27
16:46:50.375      278493  FFFFFFDBFFFFF  D24,D27
16:46:50.375      278572  FFFFFFDBD3FFF  D16,D17,D19,D24,D27
16:46:52.339      280518  FFFFFFD3D3FFF  D16,D17,D19,D24,D25,D27
16:46:52.339      280521  FFFFFFD7D3FFF  D16,D17,D19,D25,D27
16:46:54.616      282780  FFFFFFD3D3FFF  D16,D17,D19,D24,D25,D27
16:46:56.586      284725  FFFFFFC3D3FFF  D16,D17,D19,D24,D25,D26,D27
16:46:56.586      284727  FFFFFFCBD3FFF  D16,D17,D19,D24,D26,D27
16:46:56.586      284729  FFFFFFCFD3FFF  D16,D17,D19,D26,D27
16:46:58.258      286392  FFFFFFCBD3FFF  D16,D17,D19,D24,D26,D27
16:46:59.540      287663  FFFFFFC3D3FFF  D16,D17,D19,D24,D25,D26,D27
16:46:59.540      287667  FFFFFFC7D3FFF  D16,D17,D19,D25,D26,D27
16:47:00.813      288932  FFFFFFC3D3FFF  D16,D17,D19,D24,D25,D26,D27
16:47:02.108      290203  FFFFFF83D3FFF  D16,D17,D19,D24,D25,D26,D27,D28
16:47:02.109      290205  FFFFFF8BD3FFF  D16,D17,D19,D24,D26,D27,D28
16:47:02.109      290207  FFFFFFAFD3FFF  D16,D17,D19,D26,D28
16:47:02.109      290210  FFFFFFBFD3FFF  D16,D17,D19,D28
16:47:03.380      291473  FFFFFFBBD3FFF  D16,D17,D19,D24,D28
16:47:04.658      292744  FFFFFFB3D3FFF  D16,D17,D19,D24,D25,D28
16:47:04.658      292748  FFFFFFB7D3FFF  D16,D17,D19,D25,D28
16:47:05.942      294013  FFFFFFB3D3FFF  D16,D17,D19,D24,D25,D28
16:47:07.222      295284  FFFFFFA3D3FFF  D16,D17,D19,D24,D25,D26,D28
16:47:07.222      295286  FFFFFFABD3FFF  D16,D17,D19,D24,D26,D28
16:47:07.222      295288  FFFFFFAFD3FFF  D16,D17,D19,D26,D28
16:47:08.497      296554  FFFFFFABD3FFF  D16,D17,D19,D24,D26,D28
16:47:10.015      298062  FFFFFFA3D3FFF  D16,D17,D19,D24,D25,D26,D28
16:47:10.015      298066  FFFFFFA7D3FFF  D16,D17,D19,D25,D26,D28
--- FW IODebug 1.2.2 2026-08-31 LIFT=5 16:47:11 ---
16:47:12.856      300880  FFFFFFA7D7FFF  D17,D19,D25,D26,D28
16:47:27.649      315412  FFFFFFA7F7FFF  D17,D25,D26,D28
16:47:27.649      315570  FFFFFFA7B7FFF  D17,D20,D25,D26,D28
16:47:28.568      316483  FFFFFFA7B3FFF  D16,D17,D20,D25,D26,D28
16:47:31.932      319816  FFFFFFA3B3FFF  D16,D17,D20,D24,D25,D26,D28
16:47:31.932      319818  FFFFFFABB3FFF  D16,D17,D20,D24,D26,D28
16:47:33.461      321329  FFFFFFAFB3FFF  D16,D17,D20,D26,D28
16:47:34.743      322594  FFFFFFABB3FFF  D16,D17,D20,D24,D26,D28
16:47:34.744      322596  FFFFFFA3B3FFF  D16,D17,D20,D24,D25,D26,D28
16:47:34.744      322601  FFFFFFB3B3FFF  D16,D17,D20,D24,D25,D28
16:47:36.022      323869  FFFFFFB7B3FFF  D16,D17,D20,D25,D28
16:47:37.290      325136  FFFFFFB3B3FFF  D16,D17,D20,D24,D25,D28
16:47:37.290      325137  FFFFFFBBB3FFF  D16,D17,D20,D24,D28
16:47:38.544      326370  FFFFFFBFB3FFF  D16,D17,D20,D28
16:47:39.813      327636  FFFFFF8BB3FFF  D16,D17,D20,D24,D26,D27,D28
16:47:39.813      327639  FFFFFFC3B3FFF  D16,D17,D20,D24,D25,D26,D27
16:47:41.105      328910  FFFFFFC7B3FFF  D16,D17,D20,D25,D26,D27
--- FW IODebug 1.2.2 2026-08-31 LIFT=5 16:47:42 ---
16:47:42.373      330177  FFFFFFC3B3FFF  D16,D17,D20,D24,D25,D26,D27
16:47:42.373      330179  FFFFFFCBB3FFF  D16,D17,D20,D24,D26,D27
16:47:43.654      331451  FFFFFFCFB3FFF  D16,D17,D20,D26,D27
16:47:45.334      333115  FFFFFFCBB3FFF  D16,D17,D20,D24,D26,D27
16:47:45.334      333116  FFFFFFC3B3FFF  D16,D17,D20,D24,D25,D26,D27
16:47:45.334      333122  FFFFFFD3B3FFF  D16,D17,D20,D24,D25,D27
16:47:47.300      335064  FFFFFFD7B3FFF  D16,D17,D20,D25,D27
16:47:49.616      337361  FFFFFFD3B3FFF  D16,D17,D20,D24,D25,D27
16:47:49.616      337363  FFFFFFDBB3FFF  D16,D17,D20,D24,D27
16:47:53.368      341092  FFFFFFDBB7FFF  D17,D20,D24,D27
16:48:09.938      357528  FFFFFFDBB3FFF  D16,D17,D20,D24,D27
--- FW IODebug 1.2.2 2026-08-31 LIFT=5 16:48:12 ---
16:48:13.342      360906  FFFFFFDFB3FFF  D16,D17,D20,D27
16:48:14.934      362489  FFFFFFCBB3FFF  D16,D17,D20,D24,D26,D27
16:48:14.934      362491  FFFFFFC3B3FFF  D16,D17,D20,D24,D25,D26,D27
16:48:14.934      362493  FFFFFFE3B3FFF  D16,D17,D20,D24,D25,D26
16:48:16.334      363883  FFFFFFE7B3FFF  D16,D17,D20,D25,D26
16:48:17.740      365268  FFFFFFE3B3FFF  D16,D17,D20,D24,D25,D26
16:48:17.740      365271  FFFFFFEBB3FFF  D16,D17,D20,D24,D26
16:48:19.426      366940  FFFFFFEFB3FFF  D16,D17,D20,D26
16:48:21.470      368959  FFFFFFEBB3FFF  D16,D17,D20,D24,D26
16:48:21.470      368961  FFFFFFE3B3FFF  D16,D17,D20,D24,D25,D26
16:48:21.470      368967  FFFFFFF3B3FFF  D16,D17,D20,D24,D25
16:48:23.702      371187  FFFFFFF7B3FFF  D16,D17,D20,D25
16:48:27.259      374715  FFFFFFF7B7FFF  D17,D20,D25
16:48:42.054      389406  FFFFFFF7F7FFF  D17,D25
--- FW IODebug 1.2.2 2026-08-31 LIFT=5 16:48:42 ---
--- FW IODebug 1.2.2 2026-08-31 LIFT=5 16:49:12 ---
16:49:42.520      449406  FFFFFFF7F7FFF  D17,D25
--- FW IODebug 1.2.2 2026-08-31 LIFT=5 16:49:43 ---
--- FW IODebug 1.2.2 2026-08-31 LIFT=5 16:50:13 ---
16:50:43.017      509406  FFFFFFF7F7FFF  D17,D25
16:50:43.017      509445  FFFFFFF7D7FFF  D17,D19,D25
--- FW IODebug 1.2.2 2026-08-31 LIFT=5 16:50:43 ---
16:50:43.930      510359  FFFFFFF7D3FFF  D16,D17,D19,D25
16:50:48.021      514407  FFFFFFF3D3FFF  D16,D17,D19,D24,D25
16:50:50.300      516670  FFFFFFE3D3FFF  D16,D17,D19,D24,D25,D26
16:50:50.300      516672  FFFFFFEBD3FFF  D16,D17,D19,D24,D26
16:50:50.300      516674  FFFFFFEFD3FFF  D16,D17,D19,D26
16:50:52.292      518654  FFFFFFEBD3FFF  D16,D17,D19,D24,D26
16:50:53.977      520323  FFFFFFE3D3FFF  D16,D17,D19,D24,D25,D26
16:50:53.977      520326  FFFFFFE7D3FFF  D16,D17,D19,D25,D26
16:50:55.372      521711  FFFFFFE3D3FFF  D16,D17,D19,D24,D25,D26
16:50:56.827      523141  FFFFFFCBD3FFF  D16,D17,D19,D24,D26,D27
16:50:56.827      523145  FFFFFFCFD3FFF  D16,D17,D19,D26,D27
16:50:56.827      523147  FFFFFFDFD3FFF  D16,D17,D19,D27
16:50:58.180      524490  FFFFFFDBD3FFF  D16,D17,D19,D24,D27
16:51:00.219      526515  FFFFFFD3D3FFF  D16,D17,D19,D24,D25,D27
16:51:00.219      526519  FFFFFFD7D3FFF  D16,D17,D19,D25,D27
16:51:02.496      528777  FFFFFFD3D3FFF  D16,D17,D19,D24,D25,D27
16:51:04.453      530722  FFFFFFC3D3FFF  D16,D17,D19,D24,D25,D26,D27
16:51:04.453      530724  FFFFFFCBD3FFF  D16,D17,D19,D24,D26,D27
16:51:04.453      530726  FFFFFFCFD3FFF  D16,D17,D19,D26,D27
16:51:06.135      532389  FFFFFFCBD3FFF  D16,D17,D19,D24,D26,D27
16:51:07.422      533660  FFFFFFC3D3FFF  D16,D17,D19,D24,D25,D26,D27
16:51:07.423      533664  FFFFFFC7D3FFF  D16,D17,D19,D25,D26,D27
16:51:08.695      534930  FFFFFFC3D3FFF  D16,D17,D19,D24,D25,D26,D27
16:51:09.976      536201  FFFFFF8BD3FFF  D16,D17,D19,D24,D26,D27,D28
16:51:09.977      536204  FFFFFFABD3FFF  D16,D17,D19,D24,D26,D28
16:51:09.977      536205  FFFFFFAFD3FFF  D16,D17,D19,D26,D28
16:51:09.977      536207  FFFFFFBFD3FFF  D16,D17,D19,D28
16:51:11.252      537470  FFFFFFBBD3FFF  D16,D17,D19,D24,D28
16:51:12.537      538741  FFFFFFB3D3FFF  D16,D17,D19,D24,D25,D28
16:51:12.538      538745  FFFFFFB7D3FFF  D16,D17,D19,D25,D28
--- FW IODebug 1.2.2 2026-08-31 LIFT=5 16:51:13 ---
16:51:13.808      540011  FFFFFFB3D3FFF  D16,D17,D19,D24,D25,D28
16:51:15.097      541282  FFFFFFA3D3FFF  D16,D17,D19,D24,D25,D26,D28
16:51:15.097      541284  FFFFFFABD3FFF  D16,D17,D19,D24,D26,D28
16:51:15.097      541286  FFFFFFAFD3FFF  D16,D17,D19,D26,D28
16:51:16.379      542552  FFFFFFABD3FFF  D16,D17,D19,D24,D26,D28
16:51:17.653      543822  FFFFFFA3D3FFF  D16,D17,D19,D24,D25,D26,D28
16:51:17.653      543826  FFFFFFA7D3FFF  D16,D17,D19,D25,D26,D28
16:51:18.900      545052  FFFFFFA3D3FFF  D16,D17,D19,D24,D25,D26,D28
16:51:20.174      546323  FFFFFF83D3FFF  D16,D17,D19,D24,D25,D26,D27,D28
16:51:20.174      546325  FFFFFF8BD3FFF  D16,D17,D19,D24,D26,D27,D28
16:51:20.174      546327  FFFFFF8FD3FFF  D16,D17,D19,D26,D27,D28
16:51:20.175      546330  FFFFFF9FD3FFF  D16,D17,D19,D27,D28
16:51:21.501      547633  FFFFFF9BD3FFF  D16,D17,D19,D24,D27,D28
16:51:22.737      548864  FFFFFF93D3FFF  D16,D17,D19,D24,D25,D27,D28
16:51:22.737      548868  FFFFFF97D3FFF  D16,D17,D19,D25,D27,D28
16:51:24.010      550133  FFFFFF93D3FFF  D16,D17,D19,D24,D25,D27,D28
16:51:25.299      551405  FFFFFF83D3FFF  D16,D17,D19,D24,D25,D26,D27,D28
16:51:25.299      551406  FFFFFF8BD3FFF  D16,D17,D19,D24,D26,D27,D28
16:51:25.299      551408  FFFFFF8FD3FFF  D16,D17,D19,D26,D27,D28
16:51:26.617      552714  FFFFFF8BD3FFF  D16,D17,D19,D24,D26,D27,D28
16:51:27.900      553985  FFFFFF83D3FFF  D16,D17,D19,D24,D25,D26,D27,D28
16:51:27.900      553989  FFFFFF87D3FFF  D16,D17,D19,D25,D26,D27,D28
16:51:29.140      555215  FFFFFF83D3FFF  D16,D17,D19,D24,D25,D26,D27,D28
16:51:30.418      556486  FFFFFF0BD3FFF  D16,D17,D19,D24,D26,D27,D28,D29
16:51:30.418      556488  FFFFFF4BD3FFF  D16,D17,D19,D24,D26,D27,D29
16:51:30.418      556489  FFFFFF6FD3FFF  D16,D17,D19,D26,D29
16:51:30.418      556492  FFFFFF7FD3FFF  D16,D17,D19,D29
16:51:31.690      557756  FFFFFF7BD3FFF  D16,D17,D19,D24,D29
16:51:32.973      559027  FFFFFF73D3FFF  D16,D17,D19,D24,D25,D29
16:51:32.973      559030  FFFFFF77D3FFF  D16,D17,D19,D25,D29
16:51:34.256      560296  FFFFFF73D3FFF  D16,D17,D19,D24,D25,D29
16:51:35.539      561566  FFFFFF63D3FFF  D16,D17,D19,D24,D25,D26,D29
16:51:35.539      561568  FFFFFF6BD3FFF  D16,D17,D19,D24,D26,D29
16:51:35.539      561570  FFFFFF6FD3FFF  D16,D17,D19,D26,D29
16:51:36.820      562837  FFFFFF6BD3FFF  D16,D17,D19,D24,D26,D29
16:51:38.093      564108  FFFFFF63D3FFF  D16,D17,D19,D24,D25,D26,D29
16:51:38.093      564111  FFFFFF67D3FFF  D16,D17,D19,D25,D26,D29
16:51:39.379      565377  FFFFFF63D3FFF  D16,D17,D19,D24,D25,D26,D29
16:51:40.667      566648  FFFFFF43D3FFF  D16,D17,D19,D24,D25,D26,D27,D29
16:51:40.667      566649  FFFFFF4BD3FFF  D16,D17,D19,D24,D26,D27,D29
16:51:40.667      566651  FFFFFF4FD3FFF  D16,D17,D19,D26,D27,D29
16:51:40.667      566654  FFFFFF5FD3FFF  D16,D17,D19,D27,D29
16:51:42.007      567997  FFFFFF5BD3FFF  D16,D17,D19,D24,D27,D29
16:51:43.333      569308  FFFFFF53D3FFF  D16,D17,D19,D24,D25,D27,D29
16:51:43.333      569312  FFFFFF57D3FFF  D16,D17,D19,D25,D27,D29
--- FW IODebug 1.2.2 2026-08-31 LIFT=5 16:51:44 ---
16:51:44.688      570657  FFFFFF53D3FFF  D16,D17,D19,D24,D25,D27,D29
16:51:46.010      571967  FFFFFF43D3FFF  D16,D17,D19,D24,D25,D26,D27,D29
16:51:46.010      571969  FFFFFF4BD3FFF  D16,D17,D19,D24,D26,D27,D29
16:51:46.010      571971  FFFFFF4FD3FFF  D16,D17,D19,D26,D27,D29
16:51:47.333      573277  FFFFFF4BD3FFF  D16,D17,D19,D24,D26,D27,D29
16:51:48.823      574746  FFFFFF43D3FFF  D16,D17,D19,D24,D25,D26,D27,D29
16:51:48.823      574749  FFFFFF47D3FFF  D16,D17,D19,D25,D26,D27,D29
16:51:50.852      576572  FFFFFF43D3FFF  D16,D17,D19,D24,D25,D26,D27,D29
16:51:50.852      576612  FFFFFF4393FFF  D16,D17,D19,D20,D24,D25,D26,D27,D29
16:51:50.853      576773  FFFFFF43B3FFF  D16,D17,D20,D24,D25,D26,D27,D29
16:51:53.967      579865  FFFFFF43B7FFF  D17,D20,D24,D25,D26,D27,D29
16:52:12.492      598247  FFFFFF43B3FFF  D16,D17,D20,D24,D25,D26,D27,D29
--- FW IODebug 1.2.2 2026-08-31 LIFT=5 16:52:14 ---
16:52:16.333      602060  FFFFFF47B3FFF  D16,D17,D20,D25,D26,D27,D29
16:52:18.212      603923  FFFFFF43B3FFF  D16,D17,D20,D24,D25,D26,D27,D29
16:52:18.212      603924  FFFFFF4BB3FFF  D16,D17,D20,D24,D26,D27,D29
16:52:19.655      605356  FFFFFF4FB3FFF  D16,D17,D20,D26,D27,D29
16:52:20.975      606661  FFFFFF4BB3FFF  D16,D17,D20,D24,D26,D27,D29
16:52:20.975      606663  FFFFFF43B3FFF  D16,D17,D20,D24,D25,D26,D27,D29
16:52:20.976      606668  FFFFFF53B3FFF  D16,D17,D20,D24,D25,D27,D29
16:52:22.332      608015  FFFFFF57B3FFF  D16,D17,D20,D25,D27,D29
16:52:23.650      609321  FFFFFF53B3FFF  D16,D17,D20,D24,D25,D27,D29
16:52:23.650      609323  FFFFFF5BB3FFF  D16,D17,D20,D24,D27,D29
16:52:25.021      610675  FFFFFF5FB3FFF  D16,D17,D20,D27,D29
16:52:26.338      611981  FFFFFF5BB3FFF  D16,D17,D20,D24,D27,D29
16:52:26.338      611983  FFFFFF43B3FFF  D16,D17,D20,D24,D25,D26,D27,D29
16:52:26.338      611984  FFFFFF63B3FFF  D16,D17,D20,D24,D25,D26,D29
16:52:27.613      613255  FFFFFF67B3FFF  D16,D17,D20,D25,D26,D29
16:52:28.897      614521  FFFFFF63B3FFF  D16,D17,D20,D24,D25,D26,D29
16:52:28.897      614523  FFFFFF6BB3FFF  D16,D17,D20,D24,D26,D29
16:52:30.184      615795  FFFFFF6FB3FFF  D16,D17,D20,D26,D29
16:52:31.452      617062  FFFFFF6BB3FFF  D16,D17,D20,D24,D26,D29
16:52:31.453      617064  FFFFFF63B3FFF  D16,D17,D20,D24,D25,D26,D29
16:52:31.453      617066  FFFFFF73B3FFF  D16,D17,D20,D24,D25,D29
16:52:32.745      618337  FFFFFF77B3FFF  D16,D17,D20,D25,D29
16:52:34.015      619602  FFFFFF73B3FFF  D16,D17,D20,D24,D25,D29
16:52:34.015      619604  FFFFFF7BB3FFF  D16,D17,D20,D24,D29
16:52:35.300      620877  FFFFFF7FB3FFF  D16,D17,D20,D29
16:52:36.575      622143  FFFFFF73B3FFF  D16,D17,D20,D24,D25,D29
16:52:36.575      622145  FFFFFF83B3FFF  D16,D17,D20,D24,D25,D26,D27,D28
16:52:37.863      623418  FFFFFF87B3FFF  D16,D17,D20,D25,D26,D27,D28
16:52:39.137      624684  FFFFFF83B3FFF  D16,D17,D20,D24,D25,D26,D27,D28
16:52:39.137      624686  FFFFFF8BB3FFF  D16,D17,D20,D24,D26,D27,D28
16:52:40.414      625957  FFFFFF8FB3FFF  D16,D17,D20,D26,D27,D28
16:52:41.692      627224  FFFFFF8BB3FFF  D16,D17,D20,D24,D26,D27,D28
16:52:41.692      627226  FFFFFF83B3FFF  D16,D17,D20,D24,D25,D26,D27,D28
16:52:41.692      627228  FFFFFF93B3FFF  D16,D17,D20,D24,D25,D27,D28
16:52:42.976      628499  FFFFFF97B3FFF  D16,D17,D20,D25,D27,D28
16:52:44.490      629766  FFFFFF93B3FFF  D16,D17,D20,D24,D25,D27,D28
16:52:44.490      629767  FFFFFF9BB3FFF  D16,D17,D20,D24,D27,D28
--- FW IODebug 1.2.2 2026-08-31 LIFT=5 16:52:44 ---
16:52:45.544      631040  FFFFFF9FB3FFF  D16,D17,D20,D27,D28
16:52:46.816      632305  FFFFFF9BB3FFF  D16,D17,D20,D24,D27,D28
16:52:46.816      632307  FFFFFF83B3FFF  D16,D17,D20,D24,D25,D26,D27,D28
16:52:46.816      632309  FFFFFFA3B3FFF  D16,D17,D20,D24,D25,D26,D28
16:52:48.090      633579  FFFFFFA7B3FFF  D16,D17,D20,D25,D26,D28
16:52:49.335      634806  FFFFFFA3B3FFF  D16,D17,D20,D24,D25,D26,D28
16:52:49.335      634808  FFFFFFABB3FFF  D16,D17,D20,D24,D26,D28
16:52:50.624      636081  FFFFFFAFB3FFF  D16,D17,D20,D26,D28
16:52:51.895      637347  FFFFFFABB3FFF  D16,D17,D20,D24,D26,D28
16:52:51.896      637348  FFFFFFA3B3FFF  D16,D17,D20,D24,D25,D26,D28
16:52:51.896      637350  FFFFFFB3B3FFF  D16,D17,D20,D24,D25,D28
16:52:53.171      638621  FFFFFFB7B3FFF  D16,D17,D20,D25,D28
16:52:54.459      639887  FFFFFFB3B3FFF  D16,D17,D20,D24,D25,D28
16:52:54.459      639889  FFFFFFBBB3FFF  D16,D17,D20,D24,D28
16:52:55.733      641162  FFFFFFBFB3FFF  D16,D17,D20,D28
16:52:57.011      642428  FFFFFFA3B3FFF  D16,D17,D20,D24,D25,D26,D28
16:52:57.011      642429  FFFFFFC3B3FFF  D16,D17,D20,D24,D25,D26,D27
16:52:58.299      643702  FFFFFFC7B3FFF  D16,D17,D20,D25,D26,D27
16:52:59.572      644969  FFFFFFC3B3FFF  D16,D17,D20,D24,D25,D26,D27
16:52:59.572      644970  FFFFFFCBB3FFF  D16,D17,D20,D24,D26,D27
16:53:00.851      646243  FFFFFFCFB3FFF  D16,D17,D20,D26,D27
16:53:02.538      647906  FFFFFFCBB3FFF  D16,D17,D20,D24,D26,D27
16:53:02.539      647908  FFFFFFC3B3FFF  D16,D17,D20,D24,D25,D26,D27
16:53:02.539      647913  FFFFFFD3B3FFF  D16,D17,D20,D24,D25,D27
16:53:04.494      649856  FFFFFFD7B3FFF  D16,D17,D20,D25,D27
16:53:06.773      652114  FFFFFFD3B3FFF  D16,D17,D20,D24,D25,D27
16:53:06.774      652115  FFFFFFDBB3FFF  D16,D17,D20,D24,D27
16:53:08.816      654143  FFFFFFDFB3FFF  D16,D17,D20,D27
16:53:10.181      655489  FFFFFFDBB3FFF  D16,D17,D20,D24,D27
16:53:10.181      655490  FFFFFFC3B3FFF  D16,D17,D20,D24,D25,D26,D27
16:53:10.181      655492  FFFFFFE3B3FFF  D16,D17,D20,D24,D25,D26
16:53:11.624      656921  FFFFFFE7B3FFF  D16,D17,D20,D25,D26
16:53:13.012      658307  FFFFFFE3B3FFF  D16,D17,D20,D24,D25,D26
16:53:13.012      658309  FFFFFFEBB3FFF  D16,D17,D20,D24,D26
16:53:14.723      659978  FFFFFFEFB3FFF  D16,D17,D20,D26
--- FW IODebug 1.2.2 2026-08-31 LIFT=5 16:53:14 ---
16:53:16.705      661959  FFFFFFEBB3FFF  D16,D17,D20,D24,D26
16:53:16.706      661960  FFFFFFE3B3FFF  D16,D17,D20,D24,D25,D26
16:53:16.706      661965  FFFFFFF3B3FFF  D16,D17,D20,D24,D25
16:53:18.974      664225  FFFFFFF7B3FFF  D16,D17,D20,D25
16:53:22.539      667753  FFFFFFF7B7FFF  D17,D20,D25
16:53:38.094      683197  FFFFFFF7B3FFF  D16,D17,D20,D25
16:53:41.901      686809  FFFFFFF3B3FFF  D16,D17,D20,D24,D25
16:53:41.901      686811  FFFFFFFBB3FFF  D16,D17,D20,D24
16:53:41.901      686968  FFFFFFFB93FFF  D16,D17,D19,D20,D24
16:53:41.901      686969  FFFFFFFBD3FFF  D16,D17,D19,D24
16:53:44.944      689864  FFFFFFFBD7FFF  D17,D19,D24
--- FW IODebug 1.2.2 2026-08-31 LIFT=5 16:53:44 ---
16:54:00.371      705308  FFFFFFFBD3FFF  D16,D17,D19,D24
16:54:04.019      708920  FFFFFFF3D3FFF  D16,D17,D19,D24,D25
16:54:04.019      708924  FFFFFFF7D3FFF  D16,D17,D19,D25
16:54:07.054      711936  FFFFFFF7D7FFF  D17,D19,D25
--- FW IODebug 1.2.2 2026-08-31 LIFT=5 16:54:15 ---
16:54:22.850      727619  FFFFFFF7F7FFF  D17,D25
--- FW IODebug 1.2.2 2026-08-31 LIFT=5 16:54:45 ---
--- FW IODebug 1.2.2 2026-08-31 LIFT=5 16:55:15 ---
16:55:23.318      787619  FFFFFFF7F7FFF  D17,D25
--- FW IODebug 1.2.2 2026-08-31 LIFT=5 16:55:45 ---
--- FW IODebug 1.2.2 2026-08-31 LIFT=5 16:56:16 ---
16:56:23.780      847619  FFFFFFF7F7FFF  D17,D25
--- FW IODebug 1.2.2 2026-08-31 LIFT=5 16:56:46 ---
--- FW IODebug 1.2.2 2026-08-31 LIFT=5 16:57:16 ---
16:57:23.251      906647  FFFFFFF7FFFFF  D25
16:57:23.933      907323  FFFFFFF7F7FFF  D17,D25
===== capture stopped 2026-09-12 16:57:30, 399 changes in 15.4 min, 0 rejected =====
# lift: 5

===== capture started 2026-09-12 18:07:13  lift=5  port=COM14 =====
--- listening (one-way) 18:07:26 ---
--- FW IODebug 1.2.2 2026-08-31 LIFT=5 18:07:57 ---
18:08:17.409      890221  FFFFFFF7F7FFF  D17,D25
--- FW IODebug 1.2.2 2026-08-31 LIFT=5 18:08:27 ---
--- FW IODebug 1.2.2 2026-08-31 LIFT=5 18:08:57 ---
18:09:17.872      950221  FFFFFFF7F7FFF  D17,D25
--- FW IODebug 1.2.2 2026-08-31 LIFT=5 18:09:27 ---
--- FW IODebug 1.2.2 2026-08-31 LIFT=5 18:09:57 ---
18:10:18.321     1010221  FFFFFFF7F7FFF  D17,D25
--- FW IODebug 1.2.2 2026-08-31 LIFT=5 18:10:28 ---
--- FW IODebug 1.2.2 2026-08-31 LIFT=5 18:10:58 ---
18:11:18.801     1070221  FFFFFFF7F7FFF  D17,D25
--- FW IODebug 1.2.2 2026-08-31 LIFT=5 18:11:28 ---
--- FW IODebug 1.2.2 2026-08-31 LIFT=5 18:11:58 ---
18:12:19.247     1130221  FFFFFFF7F7FFF  D17,D25
--- FW IODebug 1.2.2 2026-08-31 LIFT=5 18:12:29 ---
--- FW IODebug 1.2.2 2026-08-31 LIFT=5 18:12:59 ---
18:13:15.302     1185844  FFFFFFF7D7FFF  D17,D19,D25
18:13:16.345     1186876  FFFFFFF7D3FFF  D16,D17,D19,D25
18:13:20.421     1190924  FFFFFFF3D3FFF  D16,D17,D19,D24,D25
18:13:22.707     1193186  FFFFFFE3D3FFF  D16,D17,D19,D24,D25,D26
18:13:22.708     1193188  FFFFFFEBD3FFF  D16,D17,D19,D24,D26
18:13:22.708     1193191  FFFFFFEFD3FFF  D16,D17,D19,D26
18:13:24.712     1195171  FFFFFFEBD3FFF  D16,D17,D19,D24,D26
18:13:26.394     1196838  FFFFFFE3D3FFF  D16,D17,D19,D24,D25,D26
18:13:26.394     1196843  FFFFFFE7D3FFF  D16,D17,D19,D25,D26
18:13:27.787     1198228  FFFFFFE3D3FFF  D16,D17,D19,D24,D25,D26
18:13:29.571     1199657  FFFFFFCBD3FFF  D16,D17,D19,D24,D26,D27
18:13:29.571     1199661  FFFFFFCFD3FFF  D16,D17,D19,D26,D27
18:13:29.571     1199664  FFFFFFDFD3FFF  D16,D17,D19,D27
--- FW IODebug 1.2.2 2026-08-31 LIFT=5 18:13:29 ---
18:13:30.597     1201006  FFFFFFDBD3FFF  D16,D17,D19,D24,D27
18:13:32.630     1203031  FFFFFFD3D3FFF  D16,D17,D19,D24,D25,D27
18:13:32.630     1203035  FFFFFFD7D3FFF  D16,D17,D19,D25,D27
18:13:34.905     1205293  FFFFFFD3D3FFF  D16,D17,D19,D24,D25,D27
18:13:36.861     1207237  FFFFFFC3D3FFF  D16,D17,D19,D24,D25,D26,D27
18:13:36.861     1207239  FFFFFFCBD3FFF  D16,D17,D19,D24,D26,D27
18:13:36.861     1207242  FFFFFFCFD3FFF  D16,D17,D19,D26,D27
18:13:38.543     1208904  FFFFFFCBD3FFF  D16,D17,D19,D24,D26,D27
18:13:39.822     1210176  FFFFFFC3D3FFF  D16,D17,D19,D24,D25,D26,D27
18:13:39.822     1210179  FFFFFFC7D3FFF  D16,D17,D19,D25,D26,D27
18:13:41.105     1211445  FFFFFFC3D3FFF  D16,D17,D19,D24,D25,D26,D27
18:13:42.393     1212716  FFFFFF83D3FFF  D16,D17,D19,D24,D25,D26,D27,D28
18:13:42.393     1212718  FFFFFF8BD3FFF  D16,D17,D19,D24,D26,D27,D28
18:13:42.393     1212720  FFFFFFAFD3FFF  D16,D17,D19,D26,D28
18:13:42.393     1212722  FFFFFFBFD3FFF  D16,D17,D19,D28
18:13:43.667     1213985  FFFFFFBBD3FFF  D16,D17,D19,D24,D28
18:13:44.962     1215256  FFFFFFB3D3FFF  D16,D17,D19,D24,D25,D28
18:13:44.962     1215260  FFFFFFB7D3FFF  D16,D17,D19,D25,D28
18:13:46.229     1216526  FFFFFFB3D3FFF  D16,D17,D19,D24,D25,D28
18:13:47.499     1217796  FFFFFFA3D3FFF  D16,D17,D19,D24,D25,D26,D28
18:13:47.499     1217798  FFFFFFABD3FFF  D16,D17,D19,D24,D26,D28
18:13:47.499     1217801  FFFFFFAFD3FFF  D16,D17,D19,D26,D28
18:13:48.778     1219066  FFFFFFABD3FFF  D16,D17,D19,D24,D26,D28
18:13:50.073     1220337  FFFFFFA3D3FFF  D16,D17,D19,D24,D25,D26,D28
18:13:50.073     1220340  FFFFFFA7D3FFF  D16,D17,D19,D25,D26,D28
18:13:51.300     1221566  FFFFFFA3D3FFF  D16,D17,D19,D24,D25,D26,D28
18:13:52.588     1222837  FFFFFF83D3FFF  D16,D17,D19,D24,D25,D26,D27,D28
18:13:52.588     1222839  FFFFFF8BD3FFF  D16,D17,D19,D24,D26,D27,D28
18:13:52.588     1222841  FFFFFF8FD3FFF  D16,D17,D19,D26,D27,D28
18:13:52.588     1222844  FFFFFF9FD3FFF  D16,D17,D19,D27,D28
18:13:53.908     1224146  FFFFFF9BD3FFF  D16,D17,D19,D24,D27,D28
18:13:55.154     1225377  FFFFFF93D3FFF  D16,D17,D19,D24,D25,D27,D28
18:13:55.154     1225381  FFFFFF97D3FFF  D16,D17,D19,D25,D27,D28
18:13:56.427     1226647  FFFFFF93D3FFF  D16,D17,D19,D24,D25,D27,D28
18:13:57.710     1227918  FFFFFF83D3FFF  D16,D17,D19,D24,D25,D26,D27,D28
18:13:57.710     1227920  FFFFFF8BD3FFF  D16,D17,D19,D24,D26,D27,D28
18:13:57.710     1227921  FFFFFF8FD3FFF  D16,D17,D19,D26,D27,D28
18:13:59.026     1229227  FFFFFF8BD3FFF  D16,D17,D19,D24,D26,D27,D28
--- FW IODebug 1.2.2 2026-08-31 LIFT=5 18:13:59 ---
18:14:00.308     1230498  FFFFFF83D3FFF  D16,D17,D19,D24,D25,D26,D27,D28
18:14:00.308     1230501  FFFFFF87D3FFF  D16,D17,D19,D25,D26,D27,D28
18:14:01.532     1231728  FFFFFF83D3FFF  D16,D17,D19,D24,D25,D26,D27,D28
18:14:02.819     1232998  FFFFFF03D3FFF  D16,D17,D19,D24,D25,D26,D27,D28,D29
18:14:02.819     1233000  FFFFFF4BD3FFF  D16,D17,D19,D24,D26,D27,D29
18:14:02.819     1233002  FFFFFF6FD3FFF  D16,D17,D19,D26,D29
18:14:02.819     1233005  FFFFFF7FD3FFF  D16,D17,D19,D29
18:14:04.102     1234268  FFFFFF7BD3FFF  D16,D17,D19,D24,D29
18:14:05.860     1235816  FFFFFF73D3FFF  D16,D17,D19,D24,D25,D29
18:14:05.860     1235820  FFFFFF77D3FFF  D16,D17,D19,D25,D29
18:14:05.860     1235857  FFFFFF7793FFF  D16,D17,D19,D20,D25,D29
18:14:05.860     1236017  FFFFFF77B3FFF  D16,D17,D20,D25,D29
18:14:08.493     1238633  FFFFFF77B7FFF  D17,D20,D25,D29
18:14:22.025     1252051  FFFFFF77B3FFF  D16,D17,D20,D25,D29
18:14:25.381     1255385  FFFFFF73B3FFF  D16,D17,D20,D24,D25,D29
18:14:25.381     1255387  FFFFFF7BB3FFF  D16,D17,D20,D24,D29
18:14:26.912     1256897  FFFFFF7FB3FFF  D16,D17,D20,D29
18:14:28.177     1258163  FFFFFF6BB3FFF  D16,D17,D20,D24,D26,D29
18:14:28.177     1258165  FFFFFF83B3FFF  D16,D17,D20,D24,D25,D26,D27,D28
18:14:29.461     1259438  FFFFFF87B3FFF  D16,D17,D20,D25,D26,D27,D28
--- FW IODebug 1.2.2 2026-08-31 LIFT=5 18:14:30 ---
18:14:30.707     1260663  FFFFFF83B3FFF  D16,D17,D20,D24,D25,D26,D27,D28
18:14:30.708     1260665  FFFFFF8BB3FFF  D16,D17,D20,D24,D26,D27,D28
18:14:31.990     1261938  FFFFFF8FB3FFF  D16,D17,D20,D26,D27,D28
18:14:33.263     1263204  FFFFFF8BB3FFF  D16,D17,D20,D24,D26,D27,D28
18:14:33.263     1263205  FFFFFF83B3FFF  D16,D17,D20,D24,D25,D26,D27,D28
18:14:33.263     1263211  FFFFFF93B3FFF  D16,D17,D20,D24,D25,D27,D28
18:14:34.548     1264479  FFFFFF97B3FFF  D16,D17,D20,D25,D27,D28
18:14:35.826     1265743  FFFFFF93B3FFF  D16,D17,D20,D24,D25,D27,D28
18:14:35.826     1265745  FFFFFF9BB3FFF  D16,D17,D20,D24,D27,D28
18:14:37.103     1267018  FFFFFF9FB3FFF  D16,D17,D20,D27,D28
18:14:38.387     1268285  FFFFFF83B3FFF  D16,D17,D20,D24,D25,D26,D27,D28
18:14:38.387     1268288  FFFFFFA3B3FFF  D16,D17,D20,D24,D25,D26,D28
18:14:39.668     1269559  FFFFFFA7B3FFF  D16,D17,D20,D25,D26,D28
18:14:40.935     1270824  FFFFFFA3B3FFF  D16,D17,D20,D24,D25,D26,D28
18:14:40.935     1270827  FFFFFFABB3FFF  D16,D17,D20,D24,D26,D28
18:14:42.215     1272099  FFFFFFAFB3FFF  D16,D17,D20,D26,D28
18:14:43.512     1273365  FFFFFFABB3FFF  D16,D17,D20,D24,D26,D28
18:14:43.513     1273367  FFFFFFA3B3FFF  D16,D17,D20,D24,D25,D26,D28
18:14:43.513     1273372  FFFFFFB3B3FFF  D16,D17,D20,D24,D25,D28
18:14:44.788     1274640  FFFFFFB7B3FFF  D16,D17,D20,D25,D28
18:14:46.064     1275906  FFFFFFB3B3FFF  D16,D17,D20,D24,D25,D28
18:14:46.064     1275908  FFFFFFBBB3FFF  D16,D17,D20,D24,D28
18:14:47.342     1277179  FFFFFFBFB3FFF  D16,D17,D20,D28
18:14:48.623     1278446  FFFFFF83B3FFF  D16,D17,D20,D24,D25,D26,D27,D28
18:14:48.623     1278447  FFFFFFC3B3FFF  D16,D17,D20,D24,D25,D26,D27
18:14:49.924     1279720  FFFFFFC7B3FFF  D16,D17,D20,D25,D26,D27
18:14:51.184     1280986  FFFFFFC3B3FFF  D16,D17,D20,D24,D25,D26,D27
18:14:51.184     1280988  FFFFFFCBB3FFF  D16,D17,D20,D24,D26,D27
18:14:52.455     1282260  FFFFFFCFB3FFF  D16,D17,D20,D26,D27
18:14:54.123     1283884  FFFFFFCBB3FFF  D16,D17,D20,D24,D26,D27
18:14:54.123     1283886  FFFFFFC3B3FFF  D16,D17,D20,D24,D25,D26,D27
18:14:54.123     1283891  FFFFFFD3B3FFF  D16,D17,D20,D24,D25,D27
18:14:56.094     1285872  FFFFFFD7B3FFF  D16,D17,D20,D25,D27
18:14:58.380     1288131  FFFFFFD3B3FFF  D16,D17,D20,D24,D25,D27
18:14:58.380     1288133  FFFFFFDBB3FFF  D16,D17,D20,D24,D27
--- FW IODebug 1.2.2 2026-08-31 LIFT=5 18:15:00 ---
18:15:00.429     1290160  FFFFFFDFB3FFF  D16,D17,D20,D27
18:15:01.778     1291504  FFFFFFC3B3FFF  D16,D17,D20,D24,D25,D26,D27
18:15:01.778     1291507  FFFFFFE3B3FFF  D16,D17,D20,D24,D25,D26
18:15:03.192     1292898  FFFFFFE7B3FFF  D16,D17,D20,D25,D26
18:15:04.574     1294282  FFFFFFE3B3FFF  D16,D17,D20,D24,D25,D26
18:15:04.574     1294284  FFFFFFEBB3FFF  D16,D17,D20,D24,D26
18:15:06.305     1295993  FFFFFFEFB3FFF  D16,D17,D20,D26
18:15:08.304     1297974  FFFFFFEBB3FFF  D16,D17,D20,D24,D26
18:15:08.304     1297976  FFFFFFE3B3FFF  D16,D17,D20,D24,D25,D26
18:15:08.304     1297981  FFFFFFF3B3FFF  D16,D17,D20,D24,D25
18:15:10.598     1300241  FFFFFFF7B3FFF  D16,D17,D20,D25
18:15:14.136     1303768  FFFFFFF7B7FFF  D17,D20,D25
18:15:28.907     1318418  FFFFFFF7F7FFF  D17,D25
--- FW IODebug 1.2.2 2026-08-31 LIFT=5 18:15:30 ---
--- FW IODebug 1.2.2 2026-08-31 LIFT=5 18:16:00 ---
18:16:29.361     1378418  FFFFFFF7F7FFF  D17,D25
--- FW IODebug 1.2.2 2026-08-31 LIFT=5 18:16:30 ---
--- FW IODebug 1.2.2 2026-08-31 LIFT=5 18:17:01 ---
18:17:29.836     1438418  FFFFFFF7F7FFF  D17,D25
--- FW IODebug 1.2.2 2026-08-31 LIFT=5 18:17:31 ---
--- FW IODebug 1.2.2 2026-08-31 LIFT=5 18:18:01 ---
18:18:29.213     1497347  FFFFFFF7FFFFF  D25
18:18:29.890     1498023  FFFFFFF7F7FFF  D17,D25
--- FW IODebug 1.2.2 2026-08-31 LIFT=5 18:18:31 ---
--- FW IODebug 1.2.2 2026-08-31 LIFT=5 18:19:02 ---
18:19:30.360     1558023  FFFFFFF7F7FFF  D17,D25
--- FW IODebug 1.2.2 2026-08-31 LIFT=5 18:19:32 ---
--- FW IODebug 1.2.2 2026-08-31 LIFT=5 18:20:02 ---
18:20:30.805     1618023  FFFFFFF7F7FFF  D17,D25
--- FW IODebug 1.2.2 2026-08-31 LIFT=5 18:20:32 ---
--- FW IODebug 1.2.2 2026-08-31 LIFT=5 18:21:03 ---
18:21:31.270     1678023  FFFFFFF7F7FFF  D17,D25
--- FW IODebug 1.2.2 2026-08-31 LIFT=5 18:21:33 ---
--- FW IODebug 1.2.2 2026-08-31 LIFT=5 18:22:08 ---
--- board restarted (clock went backwards: 1678023 -> 89) 18:22:09 ---
18:22:09.415          89  FFFFFFF7F7FFF  D17,D25
# lift: 5

===== capture started 2026-09-12 18:29:20  lift=5  port=COM14 =====
--- listening (one-way) 18:29:42 ---
18:30:13.013      480000  FFFFFFF7F7FFF  D17,D25
--- FW IODebug 1.2.2 2026-08-31 LIFT=5 18:30:13 ---
18:30:39.106      505878  FFFFFFF7D7FFF  D17,D19,D25
18:30:40.132      506910  FFFFFFF7D3FFF  D16,D17,D19,D25
--- FW IODebug 1.2.2 2026-08-31 LIFT=5 18:30:43 ---
18:30:44.231      510958  FFFFFFF3D3FFF  D16,D17,D19,D24,D25
18:30:46.491      513221  FFFFFFE3D3FFF  D16,D17,D19,D24,D25,D26
18:30:46.491      513222  FFFFFFEBD3FFF  D16,D17,D19,D24,D26
18:30:46.491      513225  FFFFFFEFD3FFF  D16,D17,D19,D26
18:30:48.516      515205  FFFFFFEBD3FFF  D16,D17,D19,D24,D26
18:30:50.171      516873  FFFFFFE3D3FFF  D16,D17,D19,D24,D25,D26
18:30:50.171      516877  FFFFFFE7D3FFF  D16,D17,D19,D25,D26
18:30:51.573      518261  FFFFFFE3D3FFF  D16,D17,D19,D24,D25,D26
18:30:53.027      519691  FFFFFFC3D3FFF  D16,D17,D19,D24,D25,D26,D27
18:30:53.027      519693  FFFFFFCBD3FFF  D16,D17,D19,D24,D26,D27
18:30:53.027      519695  FFFFFFCFD3FFF  D16,D17,D19,D26,D27
18:30:53.027      519698  FFFFFFDFD3FFF  D16,D17,D19,D27
18:30:54.374      521039  FFFFFFDBD3FFF  D16,D17,D19,D24,D27
18:30:56.432      523065  FFFFFFD3D3FFF  D16,D17,D19,D24,D25,D27
18:30:56.432      523069  FFFFFFD7D3FFF  D16,D17,D19,D25,D27
18:30:58.705      525327  FFFFFFD3D3FFF  D16,D17,D19,D24,D25,D27
18:31:00.660      527271  FFFFFFC3D3FFF  D16,D17,D19,D24,D25,D26,D27
18:31:00.660      527273  FFFFFFCBD3FFF  D16,D17,D19,D24,D26,D27
18:31:00.660      527276  FFFFFFCFD3FFF  D16,D17,D19,D26,D27
18:31:02.331      528939  FFFFFFCBD3FFF  D16,D17,D19,D24,D26,D27
18:31:03.635      530209  FFFFFFC3D3FFF  D16,D17,D19,D24,D25,D26,D27
18:31:03.635      530213  FFFFFFC7D3FFF  D16,D17,D19,D25,D26,D27
18:31:04.898      531479  FFFFFFC3D3FFF  D16,D17,D19,D24,D25,D26,D27
18:31:06.181      532750  FFFFFF83D3FFF  D16,D17,D19,D24,D25,D26,D27,D28
18:31:06.181      532752  FFFFFF8BD3FFF  D16,D17,D19,D24,D26,D27,D28
18:31:06.181      532754  FFFFFFAFD3FFF  D16,D17,D19,D26,D28
18:31:06.181      532757  FFFFFFBFD3FFF  D16,D17,D19,D28
18:31:07.440      534020  FFFFFFBBD3FFF  D16,D17,D19,D24,D28
18:31:08.747      535290  FFFFFFB3D3FFF  D16,D17,D19,D24,D25,D28
18:31:08.747      535294  FFFFFFB7D3FFF  D16,D17,D19,D25,D28
18:31:10.024      536560  FFFFFFB3D3FFF  D16,D17,D19,D24,D25,D28
18:31:11.300      537830  FFFFFFA3D3FFF  D16,D17,D19,D24,D25,D26,D28
18:31:11.300      537832  FFFFFFABD3FFF  D16,D17,D19,D24,D26,D28
18:31:11.300      537834  FFFFFFAFD3FFF  D16,D17,D19,D26,D28
18:31:12.570      539100  FFFFFFABD3FFF  D16,D17,D19,D24,D26,D28
--- FW IODebug 1.2.2 2026-08-31 LIFT=5 18:31:13 ---
18:31:13.859      540370  FFFFFFA3D3FFF  D16,D17,D19,D24,D25,D26,D28
18:31:13.859      540375  FFFFFFA7D3FFF  D16,D17,D19,D25,D26,D28
18:31:15.093      541600  FFFFFFA3D3FFF  D16,D17,D19,D24,D25,D26,D28
18:31:16.383      542871  FFFFFF83D3FFF  D16,D17,D19,D24,D25,D26,D27,D28
18:31:16.383      542873  FFFFFF8BD3FFF  D16,D17,D19,D24,D26,D27,D28
18:31:16.383      542875  FFFFFF8FD3FFF  D16,D17,D19,D26,D27,D28
18:31:16.383      542878  FFFFFF9FD3FFF  D16,D17,D19,D27,D28
18:31:17.699      544181  FFFFFF9BD3FFF  D16,D17,D19,D24,D27,D28
18:31:18.947      545412  FFFFFF93D3FFF  D16,D17,D19,D24,D25,D27,D28
18:31:18.947      545416  FFFFFF97D3FFF  D16,D17,D19,D25,D27,D28
18:31:20.215      546681  FFFFFF93D3FFF  D16,D17,D19,D24,D25,D27,D28
18:31:21.500      547952  FFFFFF83D3FFF  D16,D17,D19,D24,D25,D26,D27,D28
18:31:21.500      547953  FFFFFF8BD3FFF  D16,D17,D19,D24,D26,D27,D28
18:31:21.500      547956  FFFFFF8FD3FFF  D16,D17,D19,D26,D27,D28
18:31:22.815      549261  FFFFFF8BD3FFF  D16,D17,D19,D24,D26,D27,D28
18:31:24.105      550532  FFFFFF83D3FFF  D16,D17,D19,D24,D25,D26,D27,D28
18:31:24.105      550536  FFFFFF87D3FFF  D16,D17,D19,D25,D26,D27,D28
18:31:25.336      551761  FFFFFF83D3FFF  D16,D17,D19,D24,D25,D26,D27,D28
18:31:26.612      553032  FFFFFF03D3FFF  D16,D17,D19,D24,D25,D26,D27,D28,D29
18:31:26.612      553034  FFFFFF4BD3FFF  D16,D17,D19,D24,D26,D27,D29
18:31:26.612      553036  FFFFFF6FD3FFF  D16,D17,D19,D26,D29
18:31:26.612      553038  FFFFFF7FD3FFF  D16,D17,D19,D29
18:31:27.902      554302  FFFFFF7BD3FFF  D16,D17,D19,D24,D29
18:31:29.191      555573  FFFFFF73D3FFF  D16,D17,D19,D24,D25,D29
18:31:29.191      555577  FFFFFF77D3FFF  D16,D17,D19,D25,D29
18:31:30.473      556841  FFFFFF73D3FFF  D16,D17,D19,D24,D25,D29
18:31:31.732      558112  FFFFFF63D3FFF  D16,D17,D19,D24,D25,D26,D29
18:31:31.732      558114  FFFFFF6BD3FFF  D16,D17,D19,D24,D26,D29
18:31:31.732      558117  FFFFFF6FD3FFF  D16,D17,D19,D26,D29
18:31:33.021      559383  FFFFFF6BD3FFF  D16,D17,D19,D24,D26,D29
18:31:34.300      560654  FFFFFF63D3FFF  D16,D17,D19,D24,D25,D26,D29
18:31:34.300      560657  FFFFFF67D3FFF  D16,D17,D19,D25,D26,D29
18:31:35.570      561923  FFFFFF63D3FFF  D16,D17,D19,D24,D25,D26,D29
18:31:36.869      563193  FFFFFF4BD3FFF  D16,D17,D19,D24,D26,D27,D29
18:31:36.869      563197  FFFFFF4FD3FFF  D16,D17,D19,D26,D27,D29
18:31:36.869      563201  FFFFFF5FD3FFF  D16,D17,D19,D27,D29
18:31:38.215      564543  FFFFFF5BD3FFF  D16,D17,D19,D24,D27,D29
18:31:39.537      565853  FFFFFF53D3FFF  D16,D17,D19,D24,D25,D27,D29
18:31:39.537      565857  FFFFFF57D3FFF  D16,D17,D19,D25,D27,D29
18:31:40.910      567202  FFFFFF53D3FFF  D16,D17,D19,D24,D25,D27,D29
18:31:42.230      568512  FFFFFF43D3FFF  D16,D17,D19,D24,D25,D26,D27,D29
18:31:42.230      568514  FFFFFF4BD3FFF  D16,D17,D19,D24,D26,D27,D29
18:31:42.230      568516  FFFFFF4FD3FFF  D16,D17,D19,D26,D27,D29
18:31:43.709      569822  FFFFFF4BD3FFF  D16,D17,D19,D24,D26,D27,D29
--- FW IODebug 1.2.2 2026-08-31 LIFT=5 18:31:43 ---
18:31:50.039      571290  FFFFFF43D3FFF  D16,D17,D19,D24,D25,D26,D27,D29
18:31:50.039      571294  FFFFFF47D3FFF  D16,D17,D19,D25,D26,D27,D29
18:31:52.108      573116  FFFFFF43D3FFF  D16,D17,D19,D24,D25,D26,D27,D29
18:31:52.108      573197  FFFFFF4393FFF  D16,D17,D19,D20,D24,D25,D26,D27,D29
18:31:52.108      573357  FFFFFF43B3FFF  D16,D17,D20,D24,D25,D26,D27,D29
18:31:55.234      576449  FFFFFF43B7FFF  D17,D20,D24,D25,D26,D27,D29
18:32:11.765      592843  FFFFFF43B3FFF  D16,D17,D20,D24,D25,D26,D27,D29
18:32:15.597      596658  FFFFFF47B3FFF  D16,D17,D20,D25,D26,D27,D29
18:32:17.471      598519  FFFFFF43B3FFF  D16,D17,D20,D24,D25,D26,D27,D29
18:32:17.471      598521  FFFFFF4BB3FFF  D16,D17,D20,D24,D26,D27,D29
18:32:18.991      599952  FFFFFF4FB3FFF  D16,D17,D20,D26,D27,D29
--- FW IODebug 1.2.2 2026-08-31 LIFT=5 18:32:18 ---
18:32:20.235      601257  FFFFFF4BB3FFF  D16,D17,D20,D24,D26,D27,D29
18:32:20.235      601260  FFFFFF43B3FFF  D16,D17,D20,D24,D25,D26,D27,D29
18:32:20.235      601265  FFFFFF53B3FFF  D16,D17,D20,D24,D25,D27,D29
18:32:21.604      602611  FFFFFF57B3FFF  D16,D17,D20,D25,D27,D29
18:32:22.911      603917  FFFFFF53B3FFF  D16,D17,D20,D24,D25,D27,D29
18:32:22.911      603919  FFFFFF5BB3FFF  D16,D17,D20,D24,D27,D29
18:32:24.277      605271  FFFFFF5FB3FFF  D16,D17,D20,D27,D29
18:32:25.605      606577  FFFFFF4BB3FFF  D16,D17,D20,D24,D26,D27,D29
18:32:25.605      606578  FFFFFF43B3FFF  D16,D17,D20,D24,D25,D26,D27,D29
18:32:25.605      606580  FFFFFF63B3FFF  D16,D17,D20,D24,D25,D26,D29
18:32:26.876      607851  FFFFFF67B3FFF  D16,D17,D20,D25,D26,D29
18:32:28.157      609117  FFFFFF63B3FFF  D16,D17,D20,D24,D25,D26,D29
18:32:28.157      609119  FFFFFF6BB3FFF  D16,D17,D20,D24,D26,D29
18:32:29.426      610392  FFFFFF6FB3FFF  D16,D17,D20,D26,D29
18:32:30.716      611657  FFFFFF63B3FFF  D16,D17,D20,D24,D25,D26,D29
18:32:30.716      611664  FFFFFF73B3FFF  D16,D17,D20,D24,D25,D29
18:32:32.002      612931  FFFFFF77B3FFF  D16,D17,D20,D25,D29
18:32:33.265      614198  FFFFFF73B3FFF  D16,D17,D20,D24,D25,D29
18:32:33.265      614199  FFFFFF7BB3FFF  D16,D17,D20,D24,D29
18:32:34.574      615472  FFFFFF7FB3FFF  D16,D17,D20,D29
18:32:35.845      616737  FFFFFF6BB3FFF  D16,D17,D20,D24,D26,D29
18:32:35.845      616739  FFFFFF83B3FFF  D16,D17,D20,D24,D25,D26,D27,D28
18:32:37.117      618012  FFFFFF87B3FFF  D16,D17,D20,D25,D26,D27,D28
18:32:38.414      619278  FFFFFF83B3FFF  D16,D17,D20,D24,D25,D26,D27,D28
18:32:38.414      619280  FFFFFF8BB3FFF  D16,D17,D20,D24,D26,D27,D28
18:32:39.675      620553  FFFFFF8FB3FFF  D16,D17,D20,D26,D27,D28
18:32:40.957      621818  FFFFFF8BB3FFF  D16,D17,D20,D24,D26,D27,D28
18:32:40.957      621820  FFFFFF83B3FFF  D16,D17,D20,D24,D25,D26,D27,D28
18:32:40.957      621826  FFFFFF93B3FFF  D16,D17,D20,D24,D25,D27,D28
18:32:42.238      623092  FFFFFF97B3FFF  D16,D17,D20,D25,D27,D28
18:32:43.519      624359  FFFFFF93B3FFF  D16,D17,D20,D24,D25,D27,D28
18:32:43.519      624360  FFFFFF9BB3FFF  D16,D17,D20,D24,D27,D28
18:32:44.747      625594  FFFFFF9FB3FFF  D16,D17,D20,D27,D28
18:32:46.092      626899  FFFFFF8BB3FFF  D16,D17,D20,D24,D26,D27,D28
18:32:46.092      626900  FFFFFF83B3FFF  D16,D17,D20,D24,D25,D26,D27,D28
18:32:46.092      626903  FFFFFFA3B3FFF  D16,D17,D20,D24,D25,D26,D28
18:32:47.370      628173  FFFFFFA7B3FFF  D16,D17,D20,D25,D26,D28
18:32:48.590      629400  FFFFFFA3B3FFF  D16,D17,D20,D24,D25,D26,D28
18:32:48.590      629402  FFFFFFABB3FFF  D16,D17,D20,D24,D26,D28
--- FW IODebug 1.2.2 2026-08-31 LIFT=5 18:32:49 ---
18:32:49.871      630674  FFFFFFAFB3FFF  D16,D17,D20,D26,D28
18:32:51.163      631940  FFFFFFABB3FFF  D16,D17,D20,D24,D26,D28
18:32:51.163      631942  FFFFFFA3B3FFF  D16,D17,D20,D24,D25,D26,D28
18:32:51.163      631947  FFFFFFB3B3FFF  D16,D17,D20,D24,D25,D28
18:32:52.430      633214  FFFFFFB7B3FFF  D16,D17,D20,D25,D28
18:32:53.715      634480  FFFFFFB3B3FFF  D16,D17,D20,D24,D25,D28
18:32:53.715      634482  FFFFFFBBB3FFF  D16,D17,D20,D24,D28
18:32:55.006      635754  FFFFFFBFB3FFF  D16,D17,D20,D28
18:32:56.267      637021  FFFFFFBBB3FFF  D16,D17,D20,D24,D28
18:32:56.267      637022  FFFFFFC3B3FFF  D16,D17,D20,D24,D25,D26,D27
18:32:57.572      638295  FFFFFFC7B3FFF  D16,D17,D20,D25,D26,D27
18:32:58.841      639561  FFFFFFC3B3FFF  D16,D17,D20,D24,D25,D26,D27
18:32:58.842      639562  FFFFFFCBB3FFF  D16,D17,D20,D24,D26,D27
18:33:00.104      640835  FFFFFFCFB3FFF  D16,D17,D20,D26,D27
18:33:01.795      642498  FFFFFFC3B3FFF  D16,D17,D20,D24,D25,D26,D27
18:33:01.795      642504  FFFFFFD3B3FFF  D16,D17,D20,D24,D25,D27
18:33:03.753      644448  FFFFFFD7B3FFF  D16,D17,D20,D25,D27
18:33:06.046      646705  FFFFFFD3B3FFF  D16,D17,D20,D24,D25,D27
18:33:06.046      646707  FFFFFFDBB3FFF  D16,D17,D20,D24,D27
18:33:08.085      648733  FFFFFFDFB3FFF  D16,D17,D20,D27
18:33:09.439      650079  FFFFFFDBB3FFF  D16,D17,D20,D24,D27
18:33:09.439      650081  FFFFFFC3B3FFF  D16,D17,D20,D24,D25,D26,D27
18:33:09.439      650083  FFFFFFE3B3FFF  D16,D17,D20,D24,D25,D26
18:33:10.833      651472  FFFFFFE7B3FFF  D16,D17,D20,D25,D26
18:33:12.274      652898  FFFFFFE3B3FFF  D16,D17,D20,D24,D25,D26
18:33:12.274      652899  FFFFFFEBB3FFF  D16,D17,D20,D24,D26
18:33:13.950      654569  FFFFFFEFB3FFF  D16,D17,D20,D26
18:33:15.960      656549  FFFFFFEBB3FFF  D16,D17,D20,D24,D26
18:33:15.960      656550  FFFFFFE3B3FFF  D16,D17,D20,D24,D25,D26
18:33:15.960      656557  FFFFFFF3B3FFF  D16,D17,D20,D24,D25
18:33:18.228      658816  FFFFFFF7B3FFF  D16,D17,D20,D25
--- FW IODebug 1.2.2 2026-08-31 LIFT=5 18:33:19 ---
18:33:21.797      662343  FFFFFFF7B7FFF  D17,D20,D25
18:33:37.350      677786  FFFFFFF7B3FFF  D16,D17,D20,D25
18:33:41.068      681436  FFFFFFF3B3FFF  D16,D17,D20,D24,D25
18:33:41.068      681438  FFFFFFFBB3FFF  D16,D17,D20,D24
18:33:41.068      681477  FFFFFFFB93FFF  D16,D17,D19,D20,D24
18:33:41.068      681478  FFFFFFFBD3FFF  D16,D17,D19,D24
18:33:44.026      684411  FFFFFFFBD7FFF  D17,D19,D24
--- FW IODebug 1.2.2 2026-08-31 LIFT=5 18:33:49 ---
18:33:58.823      699102  FFFFFFFBF7FFF  D17,D24
--- FW IODebug 1.2.2 2026-08-31 LIFT=5 18:34:19 ---
18:34:30.997      731013  FFFFFFFBD7FFF  D17,D19,D24
18:34:31.904      731925  FFFFFFFBD3FFF  D16,D17,D19,D24
18:34:35.555      735537  FFFFFFF3D3FFF  D16,D17,D19,D24,D25
18:34:35.555      735541  FFFFFFF7D3FFF  D16,D17,D19,D25
18:34:38.682      738551  FFFFFFF7D7FFF  D17,D19,D25
18:34:38.682      738635  FFFFFFF7F7FFF  D17,D25
--- FW IODebug 1.2.2 2026-08-31 LIFT=5 18:34:50 ---
--- FW IODebug 1.2.2 2026-08-31 LIFT=5 18:35:20 ---
18:35:39.139      798635  FFFFFFF7F7FFF  D17,D25
--- FW IODebug 1.2.2 2026-08-31 LIFT=5 18:35:50 ---
--- FW IODebug 1.2.2 2026-08-31 LIFT=5 18:36:20 ---
18:36:39.586      858635  FFFFFFF7F7FFF  D17,D25
--- FW IODebug 1.2.2 2026-08-31 LIFT=5 18:36:51 ---
--- FW IODebug 1.2.2 2026-08-31 LIFT=5 18:37:21 ---
18:37:39.346      917920  FFFFFFF7FFFFF  D25
18:37:40.029      918597  FFFFFFF7F7FFF  D17,D25
--- FW IODebug 1.2.2 2026-08-31 LIFT=5 18:37:51 ---
--- FW IODebug 1.2.2 2026-08-31 LIFT=5 18:38:21 ---
18:38:40.479      978597  FFFFFFF7F7FFF  D17,D25
--- FW IODebug 1.2.2 2026-08-31 LIFT=5 18:38:51 ---
--- FW IODebug 1.2.2 2026-08-31 LIFT=5 18:39:22 ---
18:39:40.952     1038597  FFFFFFF7F7FFF  D17,D25
--- FW IODebug 1.2.2 2026-08-31 LIFT=5 18:39:52 ---
--- FW IODebug 1.2.2 2026-08-31 LIFT=5 18:40:22 ---
18:40:41.401     1098597  FFFFFFF7F7FFF  D17,D25
--- FW IODebug 1.2.2 2026-08-31 LIFT=5 18:40:52 ---
--- FW IODebug 1.2.2 2026-08-31 LIFT=5 18:41:23 ---
18:41:41.883     1158597  FFFFFFF7F7FFF  D17,D25
--- FW IODebug 1.2.2 2026-08-31 LIFT=5 18:41:53 ---
--- FW IODebug 1.2.2 2026-08-31 LIFT=5 18:42:23 ---
18:42:42.344     1218597  FFFFFFF7F7FFF  D17,D25
--- FW IODebug 1.2.2 2026-08-31 LIFT=5 18:42:53 ---
--- FW IODebug 1.2.2 2026-08-31 LIFT=5 18:43:24 ---
18:43:42.785     1278597  FFFFFFF7F7FFF  D17,D25
--- FW IODebug 1.2.2 2026-08-31 LIFT=5 18:43:54 ---
--- FW IODebug 1.2.2 2026-08-31 LIFT=5 18:44:24 ---
18:44:43.255     1338597  FFFFFFF7F7FFF  D17,D25
--- FW IODebug 1.2.2 2026-08-31 LIFT=5 18:44:54 ---
--- FW IODebug 1.2.2 2026-08-31 LIFT=5 18:45:24 ---
18:45:43.718     1398597  FFFFFFF7F7FFF  D17,D25
--- FW IODebug 1.2.2 2026-08-31 LIFT=5 18:45:55 ---
--- FW IODebug 1.2.2 2026-08-31 LIFT=5 18:46:25 ---
18:46:44.169     1458597  FFFFFFF7F7FFF  D17,D25
--- FW IODebug 1.2.2 2026-08-31 LIFT=5 18:46:55 ---
--- FW IODebug 1.2.2 2026-08-31 LIFT=5 18:47:25 ---
18:47:44.655     1518597  FFFFFFF7F7FFF  D17,D25
--- FW IODebug 1.2.2 2026-08-31 LIFT=5 18:47:56 ---
--- FW IODebug 1.2.2 2026-08-31 LIFT=5 18:48:26 ---
18:48:45.104     1578597  FFFFFFF7F7FFF  D17,D25
--- FW IODebug 1.2.2 2026-08-31 LIFT=5 18:48:56 ---
--- FW IODebug 1.2.2 2026-08-31 LIFT=5 18:49:26 ---
18:49:45.573     1638597  FFFFFFF7F7FFF  D17,D25
--- FW IODebug 1.2.2 2026-08-31 LIFT=5 18:49:57 ---
18:50:18.582     1671365  FFFFFFF7E7FFF  D17,D18,D25
18:50:18.582     1671366  FFFFFFF7F7FFF  D17,D25
--- FW IODebug 1.2.2 2026-08-31 LIFT=5 18:50:27 ---
--- FW IODebug 1.2.2 2026-08-31 LIFT=5 18:50:57 ---
18:51:19.060     1731366  FFFFFFF7F7FFF  D17,D25
--- FW IODebug 1.2.2 2026-08-31 LIFT=5 18:51:27 ---
--- FW IODebug 1.2.2 2026-08-31 LIFT=5 18:51:57 ---
18:52:19.513     1791366  FFFFFFF7F7FFF  D17,D25
--- FW IODebug 1.2.2 2026-08-31 LIFT=5 18:52:28 ---
--- FW IODebug 1.2.2 2026-08-31 LIFT=5 18:52:58 ---
18:53:19.974     1851366  FFFFFFF7F7FFF  D17,D25
--- FW IODebug 1.2.2 2026-08-31 LIFT=5 18:53:28 ---
--- FW IODebug 1.2.2 2026-08-31 LIFT=5 18:53:58 ---
18:54:20.437     1911366  FFFFFFF7F7FFF  D17,D25
--- FW IODebug 1.2.2 2026-08-31 LIFT=5 18:54:29 ---
--- FW IODebug 1.2.2 2026-08-31 LIFT=5 18:54:59 ---
18:55:20.900     1971366  FFFFFFF7F7FFF  D17,D25
--- FW IODebug 1.2.2 2026-08-31 LIFT=5 18:55:29 ---
--- FW IODebug 1.2.2 2026-08-31 LIFT=5 18:55:59 ---
18:56:21.358     2031366  FFFFFFF7F7FFF  D17,D25
--- FW IODebug 1.2.2 2026-08-31 LIFT=5 18:56:30 ---
--- FW IODebug 1.2.2 2026-08-31 LIFT=5 18:57:00 ---
18:57:21.827     2091366  FFFFFFF7F7FFF  D17,D25
--- FW IODebug 1.2.2 2026-08-31 LIFT=5 18:57:30 ---
--- FW IODebug 1.2.2 2026-08-31 LIFT=5 18:58:00 ---
18:58:22.288     2151366  FFFFFFF7F7FFF  D17,D25
--- FW IODebug 1.2.2 2026-08-31 LIFT=5 18:58:30 ---
--- FW IODebug 1.2.2 2026-08-31 LIFT=5 18:59:01 ---
18:59:22.754     2211366  FFFFFFF7F7FFF  D17,D25
--- FW IODebug 1.2.2 2026-08-31 LIFT=5 18:59:31 ---
--- FW IODebug 1.2.2 2026-08-31 LIFT=5 19:00:01 ---
19:00:23.209     2271366  FFFFFFF7F7FFF  D17,D25
--- FW IODebug 1.2.2 2026-08-31 LIFT=5 19:00:31 ---
--- FW IODebug 1.2.2 2026-08-31 LIFT=5 19:01:02 ---
19:01:23.663     2331366  FFFFFFF7F7FFF  D17,D25
--- FW IODebug 1.2.2 2026-08-31 LIFT=5 19:01:32 ---
--- FW IODebug 1.2.2 2026-08-31 LIFT=5 19:02:02 ---
19:02:24.121     2391366  FFFFFFF7F7FFF  D17,D25
--- FW IODebug 1.2.2 2026-08-31 LIFT=5 19:02:32 ---
--- FW IODebug 1.2.2 2026-08-31 LIFT=5 19:03:03 ---
19:03:24.587     2451366  FFFFFFF7F7FFF  D17,D25
--- FW IODebug 1.2.2 2026-08-31 LIFT=5 19:03:33 ---
--- FW IODebug 1.2.2 2026-08-31 LIFT=5 19:04:03 ---
19:04:25.047     2511366  FFFFFFF7F7FFF  D17,D25
--- FW IODebug 1.2.2 2026-08-31 LIFT=5 19:04:33 ---
--- FW IODebug 1.2.2 2026-08-31 LIFT=5 19:05:03 ---
19:05:25.510     2571366  FFFFFFF7F7FFF  D17,D25
--- FW IODebug 1.2.2 2026-08-31 LIFT=5 19:05:34 ---
--- FW IODebug 1.2.2 2026-08-31 LIFT=5 19:06:04 ---
19:06:25.986     2631366  FFFFFFF7F7FFF  D17,D25
--- FW IODebug 1.2.2 2026-08-31 LIFT=5 19:06:34 ---
--- FW IODebug 1.2.2 2026-08-31 LIFT=5 19:07:04 ---
19:07:26.453     2691366  FFFFFFF7F7FFF  D17,D25
--- FW IODebug 1.2.2 2026-08-31 LIFT=5 19:07:35 ---
--- FW IODebug 1.2.2 2026-08-31 LIFT=5 19:08:05 ---
19:08:26.903     2751366  FFFFFFF7F7FFF  D17,D25
--- FW IODebug 1.2.2 2026-08-31 LIFT=5 19:08:35 ---
--- FW IODebug 1.2.2 2026-08-31 LIFT=5 19:09:05 ---
19:09:27.355     2811366  FFFFFFF7F7FFF  D17,D25
--- FW IODebug 1.2.2 2026-08-31 LIFT=5 19:09:36 ---
--- FW IODebug 1.2.2 2026-08-31 LIFT=5 19:10:06 ---
19:10:27.827     2871366  FFFFFFF7F7FFF  D17,D25
--- FW IODebug 1.2.2 2026-08-31 LIFT=5 19:10:36 ---
--- FW IODebug 1.2.2 2026-08-31 LIFT=5 19:11:06 ---
19:11:28.294     2931366  FFFFFFF7F7FFF  D17,D25
--- FW IODebug 1.2.2 2026-08-31 LIFT=5 19:11:36 ---
--- FW IODebug 1.2.2 2026-08-31 LIFT=5 19:12:07 ---
19:12:15.046     2977762  FFFFFFF7D7FFF  D17,D19,D25
19:12:16.086     2978794  FFFFFFF7D3FFF  D16,D17,D19,D25
19:12:20.177     2982843  FFFFFFF3D3FFF  D16,D17,D19,D24,D25
19:12:22.448     2985105  FFFFFFE3D3FFF  D16,D17,D19,D24,D25,D26
19:12:22.448     2985107  FFFFFFEBD3FFF  D16,D17,D19,D24,D26
19:12:22.448     2985110  FFFFFFEFD3FFF  D16,D17,D19,D26
19:12:24.450     2987089  FFFFFFEBD3FFF  D16,D17,D19,D24,D26
19:12:26.127     2988758  FFFFFFE3D3FFF  D16,D17,D19,D24,D25,D26
19:12:26.127     2988761  FFFFFFE7D3FFF  D16,D17,D19,D25,D26
19:12:27.506     2990146  FFFFFFE3D3FFF  D16,D17,D19,D24,D25,D26
19:12:28.964     2991575  FFFFFFC3D3FFF  D16,D17,D19,D24,D25,D26,D27
19:12:28.964     2991577  FFFFFFCBD3FFF  D16,D17,D19,D24,D26,D27
19:12:28.964     2991580  FFFFFFCFD3FFF  D16,D17,D19,D26,D27
19:12:28.964     2991582  FFFFFFDFD3FFF  D16,D17,D19,D27
19:12:30.320     2992924  FFFFFFDBD3FFF  D16,D17,D19,D24,D27
19:12:32.408     2994989  FFFFFFD3D3FFF  D16,D17,D19,D24,D25,D27
19:12:32.408     2994993  FFFFFFD7D3FFF  D16,D17,D19,D25,D27
19:12:36.125     2998678  FFFFFFD7D7FFF  D17,D19,D25,D27
--- FW IODebug 1.2.2 2026-08-31 LIFT=5 19:12:37 ---
--- FW IODebug 1.2.2 2026-08-31 LIFT=5 19:13:07 ---
19:13:11.913     3034206  FFFFFFD7D3FFF  D16,D17,D19,D25,D27
19:13:15.674     3037935  FFFFFFD3D3FFF  D16,D17,D19,D24,D25,D27
19:13:17.756     3040001  FFFFFFC3D3FFF  D16,D17,D19,D24,D25,D26,D27
19:13:17.756     3040002  FFFFFFCBD3FFF  D16,D17,D19,D24,D26,D27
19:13:17.756     3040005  FFFFFFCFD3FFF  D16,D17,D19,D26,D27
19:13:19.455     3041668  FFFFFFCBD3FFF  D16,D17,D19,D24,D26,D27
19:13:20.711     3042938  FFFFFFC3D3FFF  D16,D17,D19,D24,D25,D26,D27
19:13:20.711     3042941  FFFFFFC7D3FFF  D16,D17,D19,D25,D26,D27
19:13:22.004     3044207  FFFFFFC3D3FFF  D16,D17,D19,D24,D25,D26,D27
19:13:23.282     3045478  FFFFFF8BD3FFF  D16,D17,D19,D24,D26,D27,D28
19:13:23.282     3045481  FFFFFFABD3FFF  D16,D17,D19,D24,D26,D28
19:13:23.282     3045483  FFFFFFAFD3FFF  D16,D17,D19,D26,D28
19:13:23.282     3045484  FFFFFFBFD3FFF  D16,D17,D19,D28
19:13:24.554     3046748  FFFFFFBBD3FFF  D16,D17,D19,D24,D28
19:13:25.794     3047979  FFFFFFB3D3FFF  D16,D17,D19,D24,D25,D28
19:13:25.794     3047983  FFFFFFB7D3FFF  D16,D17,D19,D25,D28
19:13:27.073     3049248  FFFFFFB3D3FFF  D16,D17,D19,D24,D25,D28
19:13:28.360     3050519  FFFFFFA3D3FFF  D16,D17,D19,D24,D25,D26,D28
19:13:28.360     3050520  FFFFFFABD3FFF  D16,D17,D19,D24,D26,D28
19:13:28.360     3050522  FFFFFFAFD3FFF  D16,D17,D19,D26,D28
19:13:29.636     3051789  FFFFFFABD3FFF  D16,D17,D19,D24,D26,D28
19:13:31.191     3053337  FFFFFFA3D3FFF  D16,D17,D19,D24,D25,D26,D28
19:13:31.191     3053341  FFFFFFA7D3FFF  D16,D17,D19,D25,D26,D28
19:13:34.040     3056154  FFFFFFA7D7FFF  D17,D19,D25,D26,D28
--- FW IODebug 1.2.2 2026-08-31 LIFT=5 19:13:37 ---
19:13:55.187     3077154  FFFFFFA7F7FFF  D17,D25,D26,D28
--- FW IODebug 1.2.2 2026-08-31 LIFT=5 19:14:08 ---
19:14:28.004     3109701  FFFFFFA7B7FFF  D17,D20,D25,D26,D28
19:14:28.915     3110614  FFFFFFA7B3FFF  D16,D17,D20,D25,D26,D28
19:14:32.272     3113947  FFFFFFA3B3FFF  D16,D17,D20,D24,D25,D26,D28
19:14:32.272     3113949  FFFFFFABB3FFF  D16,D17,D20,D24,D26,D28
19:14:33.790     3115460  FFFFFFAFB3FFF  D16,D17,D20,D26,D28
19:14:35.088     3116726  FFFFFFABB3FFF  D16,D17,D20,D24,D26,D28
19:14:35.088     3116728  FFFFFFA3B3FFF  D16,D17,D20,D24,D25,D26,D28
19:14:35.088     3116733  FFFFFFB3B3FFF  D16,D17,D20,D24,D25,D28
19:14:36.354     3118001  FFFFFFB7B3FFF  D16,D17,D20,D25,D28
19:14:37.627     3119266  FFFFFFB3B3FFF  D16,D17,D20,D24,D25,D28
19:14:37.627     3119268  FFFFFFBBB3FFF  D16,D17,D20,D24,D28
--- FW IODebug 1.2.2 2026-08-31 LIFT=5 19:14:38 ---
19:14:38.880     3120501  FFFFFFBFB3FFF  D16,D17,D20,D28
19:14:40.153     3121767  FFFFFF8BB3FFF  D16,D17,D20,D24,D26,D27,D28
19:14:40.153     3121769  FFFFFFC3B3FFF  D16,D17,D20,D24,D25,D26,D27
19:14:41.448     3123041  FFFFFFC7B3FFF  D16,D17,D20,D25,D26,D27
19:14:42.720     3124307  FFFFFFC3B3FFF  D16,D17,D20,D24,D25,D26,D27
19:14:42.721     3124310  FFFFFFCBB3FFF  D16,D17,D20,D24,D26,D27
19:14:44.002     3125581  FFFFFFCFB3FFF  D16,D17,D20,D26,D27
19:14:45.681     3127244  FFFFFFCBB3FFF  D16,D17,D20,D24,D26,D27
19:14:45.682     3127246  FFFFFFC3B3FFF  D16,D17,D20,D24,D25,D26,D27
19:14:45.682     3127251  FFFFFFD3B3FFF  D16,D17,D20,D24,D25,D27
19:14:47.642     3129194  FFFFFFD7B3FFF  D16,D17,D20,D25,D27
19:14:49.919     3131452  FFFFFFD3B3FFF  D16,D17,D20,D24,D25,D27
19:14:49.919     3131453  FFFFFFDBB3FFF  D16,D17,D20,D24,D27
19:14:51.944     3133480  FFFFFFDFB3FFF  D16,D17,D20,D27
19:14:53.314     3134826  FFFFFFCBB3FFF  D16,D17,D20,D24,D26,D27
19:14:53.314     3134828  FFFFFFC3B3FFF  D16,D17,D20,D24,D25,D26,D27
19:14:53.314     3134829  FFFFFFE3B3FFF  D16,D17,D20,D24,D25,D26
19:14:54.768     3136259  FFFFFFE7B3FFF  D16,D17,D20,D25,D26
19:14:56.154     3137644  FFFFFFE3B3FFF  D16,D17,D20,D24,D25,D26
19:14:56.154     3137646  FFFFFFEBB3FFF  D16,D17,D20,D24,D26
19:14:57.851     3139315  FFFFFFEFB3FFF  D16,D17,D20,D26
19:14:59.874     3141335  FFFFFFEBB3FFF  D16,D17,D20,D24,D26
19:14:59.874     3141337  FFFFFFE3B3FFF  D16,D17,D20,D24,D25,D26
19:14:59.874     3141342  FFFFFFF3B3FFF  D16,D17,D20,D24,D25
19:15:02.141     3143563  FFFFFFF7B3FFF  D16,D17,D20,D25
19:15:05.748     3147089  FFFFFFF7B7FFF  D17,D20,D25
19:15:05.748     3147172  FFFFFFF7F7FFF  D17,D25
--- FW IODebug 1.2.2 2026-08-31 LIFT=5 19:15:08 ---
--- FW IODebug 1.2.2 2026-08-31 LIFT=5 19:15:38 ---
19:16:06.222     3207172  FFFFFFF7F7FFF  D17,D25
--- FW IODebug 1.2.2 2026-08-31 LIFT=5 19:16:09 ---
--- FW IODebug 1.2.2 2026-08-31 LIFT=5 19:16:39 ---
19:17:03.193     3263708  FFFFFFF7D7FFF  D17,D19,D25
19:17:04.119     3264621  FFFFFFF7D3FFF  D16,D17,D19,D25
19:17:08.176     3268670  FFFFFFF3D3FFF  D16,D17,D19,D24,D25
--- FW IODebug 1.2.2 2026-08-31 LIFT=5 19:17:09 ---
19:17:10.478     3270932  FFFFFFE3D3FFF  D16,D17,D19,D24,D25,D26
19:17:10.478     3270933  FFFFFFEBD3FFF  D16,D17,D19,D24,D26
19:17:10.478     3270936  FFFFFFEFD3FFF  D16,D17,D19,D26
19:17:12.484     3272916  FFFFFFEBD3FFF  D16,D17,D19,D24,D26
19:17:14.152     3274585  FFFFFFE3D3FFF  D16,D17,D19,D24,D25,D26
19:17:14.152     3274588  FFFFFFE7D3FFF  D16,D17,D19,D25,D26
19:17:15.589     3276012  FFFFFFE3D3FFF  D16,D17,D19,D24,D25,D26
19:17:17.005     3277402  FFFFFFC3D3FFF  D16,D17,D19,D24,D25,D26,D27
19:17:17.005     3277404  FFFFFFCBD3FFF  D16,D17,D19,D24,D26,D27
19:17:17.005     3277407  FFFFFFCFD3FFF  D16,D17,D19,D26,D27
19:17:17.005     3277409  FFFFFFDFD3FFF  D16,D17,D19,D27
19:17:18.342     3278751  FFFFFFDBD3FFF  D16,D17,D19,D24,D27
19:17:20.412     3280777  FFFFFFD3D3FFF  D16,D17,D19,D24,D25,D27
19:17:20.412     3280780  FFFFFFD7D3FFF  D16,D17,D19,D25,D27
19:17:22.671     3283038  FFFFFFD3D3FFF  D16,D17,D19,D24,D25,D27
19:17:24.637     3284983  FFFFFFC3D3FFF  D16,D17,D19,D24,D25,D26,D27
19:17:24.637     3284985  FFFFFFCBD3FFF  D16,D17,D19,D24,D26,D27
19:17:24.637     3284987  FFFFFFCFD3FFF  D16,D17,D19,D26,D27
19:17:26.300     3286649  FFFFFFCBD3FFF  D16,D17,D19,D24,D26,D27
19:17:27.592     3287921  FFFFFFC3D3FFF  D16,D17,D19,D24,D25,D26,D27
19:17:27.592     3287924  FFFFFFC7D3FFF  D16,D17,D19,D25,D26,D27
19:17:28.872     3289191  FFFFFFC3D3FFF  D16,D17,D19,D24,D25,D26,D27
19:17:30.149     3290462  FFFFFF83D3FFF  D16,D17,D19,D24,D25,D26,D27,D28
19:17:30.149     3290463  FFFFFF8BD3FFF  D16,D17,D19,D24,D26,D27,D28
19:17:30.149     3290465  FFFFFFAFD3FFF  D16,D17,D19,D26,D28
19:17:30.149     3290468  FFFFFFBFD3FFF  D16,D17,D19,D28
19:17:31.433     3291730  FFFFFFBBD3FFF  D16,D17,D19,D24,D28
19:17:32.699     3293002  FFFFFFB3D3FFF  D16,D17,D19,D24,D25,D28
19:17:32.699     3293005  FFFFFFB7D3FFF  D16,D17,D19,D25,D28
19:17:33.988     3294271  FFFFFFB3D3FFF  D16,D17,D19,D24,D25,D28
19:17:35.270     3295542  FFFFFFA3D3FFF  D16,D17,D19,D24,D25,D26,D28
19:17:35.270     3295544  FFFFFFABD3FFF  D16,D17,D19,D24,D26,D28
19:17:35.270     3295546  FFFFFFAFD3FFF  D16,D17,D19,D26,D28
19:17:36.534     3296812  FFFFFFABD3FFF  D16,D17,D19,D24,D26,D28
19:17:38.383     3298320  FFFFFFA3D3FFF  D16,D17,D19,D24,D25,D26,D28
19:17:38.383     3298324  FFFFFFA7D3FFF  D16,D17,D19,D25,D26,D28
19:17:38.383     3298480  FFFFFFA793FFF  D16,D17,D19,D20,D25,D26,D28
19:17:38.383     3298639  FFFFFFA7B3FFF  D16,D17,D20,D25,D26,D28
--- FW IODebug 1.2.2 2026-08-31 LIFT=5 19:17:39 ---
19:17:40.916     3301137  FFFFFFA7B7FFF  D17,D20,D25,D26,D28
19:17:57.490     3317571  FFFFFFA7B3FFF  D16,D17,D20,D25,D26,D28
19:18:00.816     3320905  FFFFFFA3B3FFF  D16,D17,D20,D24,D25,D26,D28
19:18:00.816     3320907  FFFFFFABB3FFF  D16,D17,D20,D24,D26,D28
19:18:02.351     3322418  FFFFFFAFB3FFF  D16,D17,D20,D26,D28
19:18:03.626     3323683  FFFFFFABB3FFF  D16,D17,D20,D24,D26,D28
19:18:03.626     3323685  FFFFFFA3B3FFF  D16,D17,D20,D24,D25,D26,D28
19:18:03.626     3323691  FFFFFFB3B3FFF  D16,D17,D20,D24,D25,D28
19:18:04.917     3324957  FFFFFFB7B3FFF  D16,D17,D20,D25,D28
19:18:06.173     3326224  FFFFFFB3B3FFF  D16,D17,D20,D24,D25,D28
19:18:06.173     3326225  FFFFFFBBB3FFF  D16,D17,D20,D24,D28
19:18:07.422     3327459  FFFFFFBFB3FFF  D16,D17,D20,D28
19:18:08.704     3328724  FFFFFFBBB3FFF  D16,D17,D20,D24,D28
19:18:08.704     3328726  FFFFFFC3B3FFF  D16,D17,D20,D24,D25,D26,D27
19:18:09.991     3329999  FFFFFFC7B3FFF  D16,D17,D20,D25,D26,D27
--- FW IODebug 1.2.2 2026-08-31 LIFT=5 19:18:09 ---
19:18:11.279     3331265  FFFFFFC3B3FFF  D16,D17,D20,D24,D25,D26,D27
19:18:11.279     3331266  FFFFFFCBB3FFF  D16,D17,D20,D24,D26,D27
19:18:12.558     3332539  FFFFFFCFB3FFF  D16,D17,D20,D26,D27
19:18:14.244     3334202  FFFFFFCBB3FFF  D16,D17,D20,D24,D26,D27
19:18:14.244     3334204  FFFFFFC3B3FFF  D16,D17,D20,D24,D25,D26,D27
19:18:14.244     3334209  FFFFFFD3B3FFF  D16,D17,D20,D24,D25,D27
19:18:16.174     3336152  FFFFFFD7B3FFF  D16,D17,D20,D25,D27
19:18:18.459     3338409  FFFFFFD3B3FFF  D16,D17,D20,D24,D25,D27
19:18:18.460     3338412  FFFFFFDBB3FFF  D16,D17,D20,D24,D27
19:18:20.513     3340438  FFFFFFDFB3FFF  D16,D17,D20,D27
19:18:21.872     3341784  FFFFFFCBB3FFF  D16,D17,D20,D24,D26,D27
19:18:21.872     3341785  FFFFFFC3B3FFF  D16,D17,D20,D24,D25,D26,D27
19:18:21.872     3341787  FFFFFFE3B3FFF  D16,D17,D20,D24,D25,D26
19:18:23.302     3343216  FFFFFFE7B3FFF  D16,D17,D20,D25,D26
19:18:24.704     3344602  FFFFFFE3B3FFF  D16,D17,D20,D24,D25,D26
19:18:24.704     3344604  FFFFFFEBB3FFF  D16,D17,D20,D24,D26
19:18:26.379     3346273  FFFFFFEFB3FFF  D16,D17,D20,D26
19:18:28.381     3348253  FFFFFFEBB3FFF  D16,D17,D20,D24,D26
19:18:28.381     3348255  FFFFFFE3B3FFF  D16,D17,D20,D24,D25,D26
19:18:28.381     3348260  FFFFFFF3B3FFF  D16,D17,D20,D24,D25
19:18:30.662     3350520  FFFFFFF7B3FFF  D16,D17,D20,D25
19:18:34.220     3354047  FFFFFFF7B7FFF  D17,D20,D25
--- FW IODebug 1.2.2 2026-08-31 LIFT=5 19:18:40 ---
19:18:49.099     3368657  FFFFFFF7F7FFF  D17,D25
19:18:49.099     3368814  FFFFFFF7D7FFF  D17,D19,D25
19:18:49.972     3369688  FFFFFFF7D3FFF  D16,D17,D19,D25
19:18:54.063     3373736  FFFFFFF3D3FFF  D16,D17,D19,D24,D25
19:18:56.344     3375998  FFFFFFE3D3FFF  D16,D17,D19,D24,D25,D26
19:18:56.344     3376001  FFFFFFEBD3FFF  D16,D17,D19,D24,D26
19:18:56.344     3376003  FFFFFFEFD3FFF  D16,D17,D19,D26
19:18:58.344     3377983  FFFFFFEBD3FFF  D16,D17,D19,D24,D26
19:19:00.257     3379889  FFFFFFE3D3FFF  D16,D17,D19,D24,D25,D26
19:19:00.257     3379893  FFFFFFE7D3FFF  D16,D17,D19,D25,D26
19:19:03.146     3382745  FFFFFFE7D7FFF  D17,D19,D25,D26
--- FW IODebug 1.2.2 2026-08-31 LIFT=5 19:19:10 ---
19:19:17.901     3397395  FFFFFFE7F7FFF  D17,D25,D26
--- FW IODebug 1.2.2 2026-08-31 LIFT=5 19:19:40 ---
19:19:50.548     3429783  FFFFFFE7B7FFF  D17,D20,D25,D26
19:19:51.463     3430695  FFFFFFE7B3FFF  D16,D17,D20,D25,D26
19:19:54.860     3434068  FFFFFFE3B3FFF  D16,D17,D20,D24,D25,D26
19:19:54.860     3434071  FFFFFFEBB3FFF  D16,D17,D20,D24,D26
19:19:56.791     3435978  FFFFFFEFB3FFF  D16,D17,D20,D26
19:19:58.775     3437959  FFFFFFEBB3FFF  D16,D17,D20,D24,D26
19:19:58.775     3437961  FFFFFFE3B3FFF  D16,D17,D20,D24,D25,D26
19:19:58.775     3437966  FFFFFFF3B3FFF  D16,D17,D20,D24,D25
19:20:01.059     3440225  FFFFFFF7B3FFF  D16,D17,D20,D25
19:20:04.771     3443752  FFFFFFF7B7FFF  D17,D20,D25
19:20:04.771     3443914  FFFFFFF7F7FFF  D17,D25
--- FW IODebug 1.2.2 2026-08-31 LIFT=5 19:20:10 ---
--- FW IODebug 1.2.2 2026-08-31 LIFT=5 19:20:41 ---
19:21:05.240     3503915  FFFFFFF7F7FFF  D17,D25
--- FW IODebug 1.2.2 2026-08-31 LIFT=5 19:21:11 ---
--- FW IODebug 1.2.2 2026-08-31 LIFT=5 19:21:41 ---
19:22:05.689     3563915  FFFFFFF7F7FFF  D17,D25
--- FW IODebug 1.2.2 2026-08-31 LIFT=5 19:22:11 ---
--- FW IODebug 1.2.2 2026-08-31 LIFT=5 19:22:42 ---
19:23:05.455     3623202  FFFFFFF7FFFFF  D25
19:23:06.144     3623879  FFFFFFF7F7FFF  D17,D25
--- FW IODebug 1.2.2 2026-08-31 LIFT=5 19:23:12 ---
--- FW IODebug 1.2.2 2026-08-31 LIFT=5 19:23:42 ---
19:24:06.584     3683879  FFFFFFF7F7FFF  D17,D25
--- FW IODebug 1.2.2 2026-08-31 LIFT=5 19:24:12 ---
--- FW IODebug 1.2.2 2026-08-31 LIFT=5 19:24:42 ---
19:25:07.044     3743879  FFFFFFF7F7FFF  D17,D25
--- FW IODebug 1.2.2 2026-08-31 LIFT=5 19:25:13 ---
--- FW IODebug 1.2.2 2026-08-31 LIFT=5 19:25:43 ---
19:26:07.517     3803879  FFFFFFF7F7FFF  D17,D25
--- FW IODebug 1.2.2 2026-08-31 LIFT=5 19:26:13 ---
--- FW IODebug 1.2.2 2026-08-31 LIFT=5 19:26:43 ---
19:27:07.972     3863879  FFFFFFF7F7FFF  D17,D25
--- FW IODebug 1.2.2 2026-08-31 LIFT=5 19:27:14 ---
--- FW IODebug 1.2.2 2026-08-31 LIFT=5 19:27:44 ---
19:28:08.426     3923879  FFFFFFF7F7FFF  D17,D25
--- FW IODebug 1.2.2 2026-08-31 LIFT=5 19:28:14 ---
--- FW IODebug 1.2.2 2026-08-31 LIFT=5 19:28:44 ---
19:29:08.896     3983879  FFFFFFF7F7FFF  D17,D25
--- FW IODebug 1.2.2 2026-08-31 LIFT=5 19:29:15 ---
--- FW IODebug 1.2.2 2026-08-31 LIFT=5 19:29:45 ---
19:30:09.362     4043879  FFFFFFF7F7FFF  D17,D25
--- FW IODebug 1.2.2 2026-08-31 LIFT=5 19:30:15 ---
--- FW IODebug 1.2.2 2026-08-31 LIFT=5 19:30:45 ---
19:31:09.815     4103879  FFFFFFF7F7FFF  D17,D25
--- FW IODebug 1.2.2 2026-08-31 LIFT=5 19:31:15 ---
--- FW IODebug 1.2.2 2026-08-31 LIFT=5 19:31:46 ---
19:32:10.289     4163879  FFFFFFF7F7FFF  D17,D25
--- FW IODebug 1.2.2 2026-08-31 LIFT=5 19:32:16 ---
--- FW IODebug 1.2.2 2026-08-31 LIFT=5 19:32:46 ---
19:33:10.752     4223879  FFFFFFF7F7FFF  D17,D25
--- FW IODebug 1.2.2 2026-08-31 LIFT=5 19:33:16 ---
--- FW IODebug 1.2.2 2026-08-31 LIFT=5 19:33:47 ---
19:34:11.197     4283879  FFFFFFF7F7FFF  D17,D25
--- FW IODebug 1.2.2 2026-08-31 LIFT=5 19:34:17 ---
--- FW IODebug 1.2.2 2026-08-31 LIFT=5 19:34:47 ---
19:35:11.662     4343879  FFFFFFF7F7FFF  D17,D25
--- FW IODebug 1.2.2 2026-08-31 LIFT=5 19:35:17 ---
--- FW IODebug 1.2.2 2026-08-31 LIFT=5 19:35:48 ---
19:36:12.129     4403879  FFFFFFF7F7FFF  D17,D25
--- FW IODebug 1.2.2 2026-08-31 LIFT=5 19:36:18 ---
--- FW IODebug 1.2.2 2026-08-31 LIFT=5 19:36:48 ---
19:37:12.591     4463879  FFFFFFF7F7FFF  D17,D25
--- FW IODebug 1.2.2 2026-08-31 LIFT=5 19:37:18 ---
--- FW IODebug 1.2.2 2026-08-31 LIFT=5 19:37:48 ---
19:38:13.053     4523879  FFFFFFF7F7FFF  D17,D25
--- FW IODebug 1.2.2 2026-08-31 LIFT=5 19:38:19 ---
--- FW IODebug 1.2.2 2026-08-31 LIFT=5 19:38:49 ---
19:39:13.508     4583879  FFFFFFF7F7FFF  D17,D25
--- FW IODebug 1.2.2 2026-08-31 LIFT=5 19:39:19 ---
--- FW IODebug 1.2.2 2026-08-31 LIFT=5 19:39:49 ---
19:40:13.993     4643879  FFFFFFF7F7FFF  D17,D25
--- FW IODebug 1.2.2 2026-08-31 LIFT=5 19:40:20 ---
--- FW IODebug 1.2.2 2026-08-31 LIFT=5 19:40:50 ---
19:41:14.441     4703879  FFFFFFF7F7FFF  D17,D25
--- FW IODebug 1.2.2 2026-08-31 LIFT=5 19:41:20 ---
--- FW IODebug 1.2.2 2026-08-31 LIFT=5 19:41:50 ---
19:42:14.906     4763879  FFFFFFF7F7FFF  D17,D25
--- FW IODebug 1.2.2 2026-08-31 LIFT=5 19:42:21 ---
--- FW IODebug 1.2.2 2026-08-31 LIFT=5 19:42:51 ---
19:43:15.362     4823879  FFFFFFF7F7FFF  D17,D25
--- FW IODebug 1.2.2 2026-08-31 LIFT=5 19:43:21 ---
--- FW IODebug 1.2.2 2026-08-31 LIFT=5 19:43:51 ---
19:44:15.825     4883879  FFFFFFF7F7FFF  D17,D25
--- FW IODebug 1.2.2 2026-08-31 LIFT=5 19:44:21 ---
--- FW IODebug 1.2.2 2026-08-31 LIFT=5 19:44:52 ---
19:45:16.279     4943879  FFFFFFF7F7FFF  D17,D25
--- FW IODebug 1.2.2 2026-08-31 LIFT=5 19:45:22 ---
--- FW IODebug 1.2.2 2026-08-31 LIFT=5 19:45:52 ---
19:46:16.738     5003879  FFFFFFF7F7FFF  D17,D25
--- FW IODebug 1.2.2 2026-08-31 LIFT=5 19:46:22 ---
--- FW IODebug 1.2.2 2026-08-31 LIFT=5 19:46:53 ---
19:47:17.204     5063879  FFFFFFF7F7FFF  D17,D25
--- FW IODebug 1.2.2 2026-08-31 LIFT=5 19:47:23 ---
--- FW IODebug 1.2.2 2026-08-31 LIFT=5 19:47:53 ---
19:48:17.662     5123879  FFFFFFF7F7FFF  D17,D25
--- FW IODebug 1.2.2 2026-08-31 LIFT=5 19:48:23 ---
--- FW IODebug 1.2.2 2026-08-31 LIFT=5 19:48:54 ---
19:49:18.125     5183879  FFFFFFF7F7FFF  D17,D25
--- FW IODebug 1.2.2 2026-08-31 LIFT=5 19:49:24 ---
--- FW IODebug 1.2.2 2026-08-31 LIFT=5 19:49:54 ---
19:50:18.581     5243879  FFFFFFF7F7FFF  D17,D25
--- FW IODebug 1.2.2 2026-08-31 LIFT=5 19:50:24 ---
--- FW IODebug 1.2.2 2026-08-31 LIFT=5 19:50:54 ---
19:51:19.044     5303879  FFFFFFF7F7FFF  D17,D25
--- FW IODebug 1.2.2 2026-08-31 LIFT=5 19:51:25 ---
19:51:28.839     5313600  FFFFFFF7D7FFF  D17,D19,D25
19:51:46.133     5330748  FFFFFFF7D3FFF  D16,D17,D19,D25
19:51:50.376     5334955  FFFFFFF3D3FFF  D16,D17,D19,D24,D25
19:51:53.999     5338566  FFFFFFF3D7FFF  D17,D19,D24,D25
--- FW IODebug 1.2.2 2026-08-31 LIFT=5 19:51:55 ---
19:52:08.694     5353137  FFFFFFF3F7FFF  D17,D24,D25
--- FW IODebug 1.2.2 2026-08-31 LIFT=5 19:52:25 ---
19:52:41.316     5385525  FFFFFFF3B7FFF  D17,D20,D24,D25
19:52:42.258     5386436  FFFFFFF3B3FFF  D16,D17,D20,D24,D25
19:52:46.491     5390648  FFFFFFF7B3FFF  D16,D17,D20,D25
19:52:50.275     5394255  FFFFFFF7B7FFF  D17,D20,D25
19:52:50.275     5394417  FFFFFFF7F7FFF  D17,D25
--- FW IODebug 1.2.2 2026-08-31 LIFT=5 19:52:55 ---
--- FW IODebug 1.2.2 2026-08-31 LIFT=5 19:53:26 ---
19:53:50.756     5454417  FFFFFFF7F7FFF  D17,D25
--- FW IODebug 1.2.2 2026-08-31 LIFT=5 19:53:56 ---
--- FW IODebug 1.2.2 2026-08-31 LIFT=5 19:54:26 ---
19:54:51.209     5514417  FFFFFFF7F7FFF  D17,D25
--- FW IODebug 1.2.2 2026-08-31 LIFT=5 19:54:56 ---
--- FW IODebug 1.2.2 2026-08-31 LIFT=5 19:55:27 ---
19:55:50.950     5573705  FFFFFFF7FFFFF  D25
19:55:51.639     5574383  FFFFFFF7F7FFF  D17,D25
--- FW IODebug 1.2.2 2026-08-31 LIFT=5 19:55:57 ---
--- FW IODebug 1.2.2 2026-08-31 LIFT=5 19:56:27 ---
19:56:52.093     5634383  FFFFFFF7F7FFF  D17,D25
--- FW IODebug 1.2.2 2026-08-31 LIFT=5 19:56:57 ---
19:57:10.595     5652736  FFFFFFF7D7FFF  D17,D19,D25
19:57:11.548     5653689  FFFFFFF7D3FFF  D16,D17,D19,D25
19:57:15.761     5657857  FFFFFFF3D3FFF  D16,D17,D19,D24,D25
19:57:19.375     5661467  FFFFFFF3D7FFF  D17,D19,D24,D25
--- FW IODebug 1.2.2 2026-08-31 LIFT=5 19:57:27 ---
19:57:35.956     5677902  FFFFFFF3D3FFF  D16,D17,D19,D24,D25
19:57:39.839     5681752  FFFFFFE3D3FFF  D16,D17,D19,D24,D25,D26
19:57:39.839     5681754  FFFFFFEBD3FFF  D16,D17,D19,D24,D26
19:57:39.839     5681756  FFFFFFEFD3FFF  D16,D17,D19,D26
19:57:41.915     5683815  FFFFFFEBD3FFF  D16,D17,D19,D24,D26
19:57:43.591     5685483  FFFFFFE3D3FFF  D16,D17,D19,D24,D25,D26
19:57:43.591     5685487  FFFFFFE7D3FFF  D16,D17,D19,D25,D26
19:57:44.995     5686872  FFFFFFE3D3FFF  D16,D17,D19,D24,D25,D26
19:57:46.435     5688301  FFFFFFC3D3FFF  D16,D17,D19,D24,D25,D26,D27
19:57:46.435     5688303  FFFFFFCBD3FFF  D16,D17,D19,D24,D26,D27
19:57:46.435     5688305  FFFFFFCFD3FFF  D16,D17,D19,D26,D27
19:57:46.435     5688308  FFFFFFDFD3FFF  D16,D17,D19,D27
19:57:47.796     5689651  FFFFFFDBD3FFF  D16,D17,D19,D24,D27
19:57:49.834     5691675  FFFFFFD3D3FFF  D16,D17,D19,D24,D25,D27
19:57:49.834     5691679  FFFFFFD7D3FFF  D16,D17,D19,D25,D27
19:57:52.110     5693937  FFFFFFD3D3FFF  D16,D17,D19,D24,D25,D27
19:57:54.074     5695883  FFFFFFC3D3FFF  D16,D17,D19,D24,D25,D26,D27
19:57:54.074     5695884  FFFFFFCBD3FFF  D16,D17,D19,D24,D26,D27
19:57:54.074     5695887  FFFFFFCFD3FFF  D16,D17,D19,D26,D27
19:57:55.751     5697549  FFFFFFCBD3FFF  D16,D17,D19,D24,D26,D27
19:57:57.034     5698820  FFFFFFC3D3FFF  D16,D17,D19,D24,D25,D26,D27
19:57:57.034     5698824  FFFFFFC7D3FFF  D16,D17,D19,D25,D26,D27
--- FW IODebug 1.2.2 2026-08-31 LIFT=5 19:57:58 ---
19:57:58.298     5700089  FFFFFFC3D3FFF  D16,D17,D19,D24,D25,D26,D27
19:57:59.590     5701360  FFFFFF8BD3FFF  D16,D17,D19,D24,D26,D27,D28
19:57:59.590     5701363  FFFFFFABD3FFF  D16,D17,D19,D24,D26,D28
19:57:59.590     5701364  FFFFFFAFD3FFF  D16,D17,D19,D26,D28
19:57:59.590     5701366  FFFFFFBFD3FFF  D16,D17,D19,D28
19:58:00.861     5702630  FFFFFFBBD3FFF  D16,D17,D19,D24,D28
19:58:02.159     5703901  FFFFFFB3D3FFF  D16,D17,D19,D24,D25,D28
19:58:02.159     5703905  FFFFFFB7D3FFF  D16,D17,D19,D25,D28
19:58:03.447     5705170  FFFFFFB3D3FFF  D16,D17,D19,D24,D25,D28
19:58:04.718     5706441  FFFFFFA3D3FFF  D16,D17,D19,D24,D25,D26,D28
19:58:04.718     5706442  FFFFFFABD3FFF  D16,D17,D19,D24,D26,D28
19:58:04.718     5706444  FFFFFFAFD3FFF  D16,D17,D19,D26,D28
19:58:05.978     5707710  FFFFFFABD3FFF  D16,D17,D19,D24,D26,D28
19:58:07.510     5709219  FFFFFFA3D3FFF  D16,D17,D19,D24,D25,D26,D28
19:58:07.510     5709222  FFFFFFA7D3FFF  D16,D17,D19,D25,D26,D28
19:58:10.389     5712075  FFFFFFA7D7FFF  D17,D19,D25,D26,D28
19:58:24.987     5726567  FFFFFFA7F7FFF  D17,D25,D26,D28
--- FW IODebug 1.2.2 2026-08-31 LIFT=5 19:58:28 ---
19:58:57.637     5758955  FFFFFFA7B7FFF  D17,D20,D25,D26,D28
19:58:58.673     5759868  FFFFFFA7B3FFF  D16,D17,D20,D25,D26,D28
--- FW IODebug 1.2.2 2026-08-31 LIFT=5 19:58:58 ---
19:59:01.906     5763202  FFFFFFA3B3FFF  D16,D17,D20,D24,D25,D26,D28
19:59:01.906     5763203  FFFFFFABB3FFF  D16,D17,D20,D24,D26,D28
19:59:03.422     5764714  FFFFFFAFB3FFF  D16,D17,D20,D26,D28
19:59:04.734     5765980  FFFFFFABB3FFF  D16,D17,D20,D24,D26,D28
19:59:04.734     5765982  FFFFFFA3B3FFF  D16,D17,D20,D24,D25,D26,D28
19:59:04.734     5765986  FFFFFFB3B3FFF  D16,D17,D20,D24,D25,D28
19:59:05.991     5767254  FFFFFFB7B3FFF  D16,D17,D20,D25,D28
19:59:07.271     5768519  FFFFFFB3B3FFF  D16,D17,D20,D24,D25,D28
19:59:07.271     5768521  FFFFFFBBB3FFF  D16,D17,D20,D24,D28
19:59:08.516     5769755  FFFFFFBFB3FFF  D16,D17,D20,D28
19:59:09.798     5771021  FFFFFF93B3FFF  D16,D17,D20,D24,D25,D27,D28
19:59:09.798     5771023  FFFFFFC3B3FFF  D16,D17,D20,D24,D25,D26,D27
19:59:11.082     5772296  FFFFFFC7B3FFF  D16,D17,D20,D25,D26,D27
19:59:12.348     5773560  FFFFFFC3B3FFF  D16,D17,D20,D24,D25,D26,D27
19:59:12.348     5773562  FFFFFFCBB3FFF  D16,D17,D20,D24,D26,D27
19:59:13.640     5774835  FFFFFFCFB3FFF  D16,D17,D20,D26,D27
19:59:15.315     5776498  FFFFFFCBB3FFF  D16,D17,D20,D24,D26,D27
19:59:15.316     5776499  FFFFFFC3B3FFF  D16,D17,D20,D24,D25,D26,D27
19:59:15.316     5776505  FFFFFFD3B3FFF  D16,D17,D20,D24,D25,D27
19:59:17.272     5778447  FFFFFFD7B3FFF  D16,D17,D20,D25,D27
19:59:19.541     5780706  FFFFFFD3B3FFF  D16,D17,D20,D24,D25,D27
19:59:19.541     5780708  FFFFFFDBB3FFF  D16,D17,D20,D24,D27
19:59:21.604     5782734  FFFFFFDFB3FFF  D16,D17,D20,D27
19:59:22.944     5784079  FFFFFFDBB3FFF  D16,D17,D20,D24,D27
19:59:22.945     5784081  FFFFFFC3B3FFF  D16,D17,D20,D24,D25,D26,D27
19:59:22.945     5784083  FFFFFFE3B3FFF  D16,D17,D20,D24,D25,D26
19:59:24.393     5785513  FFFFFFE7B3FFF  D16,D17,D20,D25,D26
19:59:25.806     5786898  FFFFFFE3B3FFF  D16,D17,D20,D24,D25,D26
19:59:25.807     5786900  FFFFFFEBB3FFF  D16,D17,D20,D24,D26
19:59:27.466     5788569  FFFFFFEFB3FFF  D16,D17,D20,D26
--- FW IODebug 1.2.2 2026-08-31 LIFT=5 19:59:28 ---
19:59:29.515     5790589  FFFFFFE3B3FFF  D16,D17,D20,D24,D25,D26
19:59:29.515     5790596  FFFFFFF3B3FFF  D16,D17,D20,D24,D25
19:59:31.739     5792817  FFFFFFF7B3FFF  D16,D17,D20,D25
19:59:35.389     5796343  FFFFFFF7B7FFF  D17,D20,D25
19:59:35.389     5796426  FFFFFFF7F7FFF  D17,D25
--- FW IODebug 1.2.2 2026-08-31 LIFT=5 19:59:59 ---
--- FW IODebug 1.2.2 2026-08-31 LIFT=5 20:00:29 ---
20:00:35.838     5856427  FFFFFFF7F7FFF  D17,D25
--- FW IODebug 1.2.2 2026-08-31 LIFT=5 20:00:59 ---
20:01:19.050     5899308  FFFFFFF7D7FFF  D17,D19,D25
20:01:19.991     5900221  FFFFFFF7D3FFF  D16,D17,D19,D25
20:01:24.063     5904269  FFFFFFF3D3FFF  D16,D17,D19,D24,D25
20:01:26.336     5906533  FFFFFFE3D3FFF  D16,D17,D19,D24,D25,D26
20:01:26.336     5906534  FFFFFFEBD3FFF  D16,D17,D19,D24,D26
20:01:26.336     5906536  FFFFFFEFD3FFF  D16,D17,D19,D26
20:01:28.336     5908516  FFFFFFEBD3FFF  D16,D17,D19,D24,D26
--- FW IODebug 1.2.2 2026-08-31 LIFT=5 20:01:30 ---
20:01:30.031     5910184  FFFFFFE3D3FFF  D16,D17,D19,D24,D25,D26
20:01:30.031     5910189  FFFFFFE7D3FFF  D16,D17,D19,D25,D26
20:01:31.413     5911573  FFFFFFE3D3FFF  D16,D17,D19,D24,D25,D26
20:01:32.866     5913001  FFFFFFC3D3FFF  D16,D17,D19,D24,D25,D26,D27
20:01:32.866     5913004  FFFFFFCBD3FFF  D16,D17,D19,D24,D26,D27
20:01:32.866     5913006  FFFFFFCFD3FFF  D16,D17,D19,D26,D27
20:01:32.866     5913009  FFFFFFDFD3FFF  D16,D17,D19,D27
20:01:34.235     5914351  FFFFFFDBD3FFF  D16,D17,D19,D24,D27
20:01:36.263     5916377  FFFFFFD3D3FFF  D16,D17,D19,D24,D25,D27
20:01:36.263     5916381  FFFFFFD7D3FFF  D16,D17,D19,D25,D27
20:01:38.536     5918639  FFFFFFD3D3FFF  D16,D17,D19,D24,D25,D27
20:01:40.503     5920583  FFFFFFC3D3FFF  D16,D17,D19,D24,D25,D26,D27
20:01:40.504     5920585  FFFFFFCBD3FFF  D16,D17,D19,D24,D26,D27
20:01:40.504     5920587  FFFFFFCFD3FFF  D16,D17,D19,D26,D27
20:01:42.178     5922250  FFFFFFCBD3FFF  D16,D17,D19,D24,D26,D27
20:01:43.462     5923521  FFFFFFC3D3FFF  D16,D17,D19,D24,D25,D26,D27
20:01:43.462     5923525  FFFFFFC7D3FFF  D16,D17,D19,D25,D26,D27
20:01:44.747     5924791  FFFFFFC3D3FFF  D16,D17,D19,D24,D25,D26,D27
20:01:46.029     5926062  FFFFFF8BD3FFF  D16,D17,D19,D24,D26,D27,D28
20:01:46.029     5926064  FFFFFFABD3FFF  D16,D17,D19,D24,D26,D28
20:01:46.029     5926066  FFFFFFAFD3FFF  D16,D17,D19,D26,D28
20:01:46.029     5926068  FFFFFFBFD3FFF  D16,D17,D19,D28
20:01:47.304     5927330  FFFFFFBBD3FFF  D16,D17,D19,D24,D28
20:01:48.579     5928602  FFFFFFB3D3FFF  D16,D17,D19,D24,D25,D28
20:01:48.579     5928605  FFFFFFB7D3FFF  D16,D17,D19,D25,D28
20:01:49.861     5929871  FFFFFFB3D3FFF  D16,D17,D19,D24,D25,D28
20:01:51.147     5931142  FFFFFFA3D3FFF  D16,D17,D19,D24,D25,D26,D28
20:01:51.147     5931144  FFFFFFABD3FFF  D16,D17,D19,D24,D26,D28
20:01:51.147     5931146  FFFFFFAFD3FFF  D16,D17,D19,D26,D28
20:01:52.416     5932411  FFFFFFABD3FFF  D16,D17,D19,D24,D26,D28
20:01:53.947     5933920  FFFFFFA3D3FFF  D16,D17,D19,D24,D25,D26,D28
20:01:53.947     5933924  FFFFFFA7D3FFF  D16,D17,D19,D25,D26,D28
20:01:56.789     5936737  FFFFFFA7D7FFF  D17,D19,D25,D26,D28
--- FW IODebug 1.2.2 2026-08-31 LIFT=5 20:02:00 ---
20:02:13.349     5953172  FFFFFFA7D3FFF  D16,D17,D19,D25,D26,D28
20:02:16.665     5956465  FFFFFFA3D3FFF  D16,D17,D19,D24,D25,D26,D28
20:02:18.183     5957975  FFFFFF83D3FFF  D16,D17,D19,D24,D25,D26,D27,D28
20:02:18.183     5957976  FFFFFF8BD3FFF  D16,D17,D19,D24,D26,D27,D28
20:02:18.183     5957978  FFFFFF8FD3FFF  D16,D17,D19,D26,D27,D28
20:02:18.183     5957981  FFFFFF9FD3FFF  D16,D17,D19,D27,D28
20:02:19.454     5959244  FFFFFF9BD3FFF  D16,D17,D19,D24,D27,D28
20:02:20.756     5960515  FFFFFF93D3FFF  D16,D17,D19,D24,D25,D27,D28
20:02:20.756     5960518  FFFFFF97D3FFF  D16,D17,D19,D25,D27,D28
20:02:22.011     5961784  FFFFFF93D3FFF  D16,D17,D19,D24,D25,D27,D28
20:02:23.305     5963055  FFFFFF83D3FFF  D16,D17,D19,D24,D25,D26,D27,D28
20:02:23.305     5963057  FFFFFF8BD3FFF  D16,D17,D19,D24,D26,D27,D28
20:02:23.305     5963059  FFFFFF8FD3FFF  D16,D17,D19,D26,D27,D28
20:02:24.575     5964324  FFFFFF8BD3FFF  D16,D17,D19,D24,D26,D27,D28
20:02:25.853     5965595  FFFFFF83D3FFF  D16,D17,D19,D24,D25,D26,D27,D28
20:02:25.854     5965599  FFFFFF87D3FFF  D16,D17,D19,D25,D26,D27,D28
20:02:27.140     5966865  FFFFFF83D3FFF  D16,D17,D19,D24,D25,D26,D27,D28
20:02:28.417     5968136  FFFFFF0BD3FFF  D16,D17,D19,D24,D26,D27,D28,D29
20:02:28.417     5968138  FFFFFF4BD3FFF  D16,D17,D19,D24,D26,D27,D29
20:02:28.417     5968140  FFFFFF6FD3FFF  D16,D17,D19,D26,D29
20:02:28.417     5968142  FFFFFF7FD3FFF  D16,D17,D19,D29
20:02:29.689     5969405  FFFFFF7BD3FFF  D16,D17,D19,D24,D29
--- FW IODebug 1.2.2 2026-08-31 LIFT=5 20:02:30 ---
20:02:30.982     5970676  FFFFFF73D3FFF  D16,D17,D19,D24,D25,D29
20:02:30.982     5970679  FFFFFF77D3FFF  D16,D17,D19,D25,D29
20:02:32.252     5971946  FFFFFF73D3FFF  D16,D17,D19,D24,D25,D29
20:02:33.546     5973216  FFFFFF63D3FFF  D16,D17,D19,D24,D25,D26,D29
20:02:33.547     5973218  FFFFFF6BD3FFF  D16,D17,D19,D24,D26,D29
20:02:33.547     5973221  FFFFFF6FD3FFF  D16,D17,D19,D26,D29
20:02:34.823     5974486  FFFFFF6BD3FFF  D16,D17,D19,D24,D26,D29
20:02:36.101     5975756  FFFFFF63D3FFF  D16,D17,D19,D24,D25,D26,D29
20:02:36.101     5975760  FFFFFF67D3FFF  D16,D17,D19,D25,D26,D29
20:02:37.373     5977026  FFFFFF63D3FFF  D16,D17,D19,D24,D25,D26,D29
20:02:38.679     5978297  FFFFFF43D3FFF  D16,D17,D19,D24,D25,D26,D27,D29
20:02:38.679     5978299  FFFFFF4BD3FFF  D16,D17,D19,D24,D26,D27,D29
20:02:38.679     5978301  FFFFFF4FD3FFF  D16,D17,D19,D26,D27,D29
20:02:38.679     5978303  FFFFFF5FD3FFF  D16,D17,D19,D27,D29
20:02:39.974     5979607  FFFFFF5BD3FFF  D16,D17,D19,D24,D27,D29
20:02:41.347     5980957  FFFFFF53D3FFF  D16,D17,D19,D24,D25,D27,D29
20:02:41.347     5980960  FFFFFF57D3FFF  D16,D17,D19,D25,D27,D29
20:02:42.661     5982266  FFFFFF53D3FFF  D16,D17,D19,D24,D25,D27,D29
20:02:44.018     5983616  FFFFFF43D3FFF  D16,D17,D19,D24,D25,D26,D27,D29
20:02:44.018     5983618  FFFFFF4BD3FFF  D16,D17,D19,D24,D26,D27,D29
20:02:44.018     5983620  FFFFFF4FD3FFF  D16,D17,D19,D26,D27,D29
20:02:45.330     5984925  FFFFFF4BD3FFF  D16,D17,D19,D24,D26,D27,D29
20:02:46.779     5986355  FFFFFF43D3FFF  D16,D17,D19,D24,D25,D26,D27,D29
20:02:46.780     5986359  FFFFFF47D3FFF  D16,D17,D19,D25,D26,D27,D29
20:02:48.964     5988219  FFFFFF43D3FFF  D16,D17,D19,D24,D25,D26,D27,D29
20:02:48.964     5988380  FFFFFF4393FFF  D16,D17,D19,D20,D24,D25,D26,D27,D29
20:02:48.964     5988540  FFFFFF43B3FFF  D16,D17,D20,D24,D25,D26,D27,D29
20:02:51.979     5991513  FFFFFF43B7FFF  D17,D20,D24,D25,D26,D27,D29
--- FW IODebug 1.2.2 2026-08-31 LIFT=5 20:03:00 ---
20:03:06.739     6006163  FFFFFF43F7FFF  D17,D24,D25,D26,D27,D29
--- FW IODebug 1.2.2 2026-08-31 LIFT=5 20:03:30 ---
20:03:38.910     6038075  FFFFFF43B7FFF  D17,D20,D24,D25,D26,D27,D29
20:03:39.819     6038987  FFFFFF43B3FFF  D16,D17,D20,D24,D25,D26,D27,D29
20:03:43.661     6042802  FFFFFF47B3FFF  D16,D17,D20,D25,D26,D27,D29
20:03:45.526     6044663  FFFFFF43B3FFF  D16,D17,D20,D24,D25,D26,D27,D29
20:03:45.526     6044665  FFFFFF4BB3FFF  D16,D17,D20,D24,D26,D27,D29
20:03:46.977     6046096  FFFFFF4FB3FFF  D16,D17,D20,D26,D27,D29
20:03:48.296     6047401  FFFFFF4BB3FFF  D16,D17,D20,D24,D26,D27,D29
20:03:48.296     6047404  FFFFFF43B3FFF  D16,D17,D20,D24,D25,D26,D27,D29
20:03:48.296     6047409  FFFFFF53B3FFF  D16,D17,D20,D24,D25,D27,D29
20:03:49.651     6048755  FFFFFF57B3FFF  D16,D17,D20,D25,D27,D29
20:03:50.978     6050061  FFFFFF53B3FFF  D16,D17,D20,D24,D25,D27,D29
20:03:50.978     6050063  FFFFFF5BB3FFF  D16,D17,D20,D24,D27,D29
20:03:52.335     6051415  FFFFFF5FB3FFF  D16,D17,D20,D27,D29
20:03:53.646     6052720  FFFFFF4FB3FFF  D16,D17,D20,D26,D27,D29
20:03:53.646     6052722  FFFFFF43B3FFF  D16,D17,D20,D24,D25,D26,D27,D29
20:03:53.646     6052724  FFFFFF63B3FFF  D16,D17,D20,D24,D25,D26,D29
20:03:54.938     6053995  FFFFFF67B3FFF  D16,D17,D20,D25,D26,D29
20:03:56.213     6055261  FFFFFF63B3FFF  D16,D17,D20,D24,D25,D26,D29
20:03:56.213     6055263  FFFFFF6BB3FFF  D16,D17,D20,D24,D26,D29
20:03:57.485     6056536  FFFFFF6FB3FFF  D16,D17,D20,D26,D29
20:03:58.789     6057801  FFFFFF6BB3FFF  D16,D17,D20,D24,D26,D29
20:03:58.789     6057803  FFFFFF63B3FFF  D16,D17,D20,D24,D25,D26,D29
20:03:58.789     6057808  FFFFFF73B3FFF  D16,D17,D20,D24,D25,D29
20:04:00.063     6059076  FFFFFF77B3FFF  D16,D17,D20,D25,D29
--- FW IODebug 1.2.2 2026-08-31 LIFT=5 20:04:01 ---
20:04:01.335     6060342  FFFFFF73B3FFF  D16,D17,D20,D24,D25,D29
20:04:01.335     6060344  FFFFFF7BB3FFF  D16,D17,D20,D24,D29
20:04:02.607     6061616  FFFFFF7FB3FFF  D16,D17,D20,D29
20:04:03.898     6062882  FFFFFF43B3FFF  D16,D17,D20,D24,D25,D26,D27,D29
20:04:03.898     6062884  FFFFFF83B3FFF  D16,D17,D20,D24,D25,D26,D27,D28
20:04:05.190     6064156  FFFFFF87B3FFF  D16,D17,D20,D25,D26,D27,D28
20:04:06.465     6065422  FFFFFF83B3FFF  D16,D17,D20,D24,D25,D26,D27,D28
20:04:06.465     6065424  FFFFFF8BB3FFF  D16,D17,D20,D24,D26,D27,D28
20:04:07.726     6066697  FFFFFF8FB3FFF  D16,D17,D20,D26,D27,D28
20:04:09.019     6067962  FFFFFF8BB3FFF  D16,D17,D20,D24,D26,D27,D28
20:04:09.019     6067964  FFFFFF83B3FFF  D16,D17,D20,D24,D25,D26,D27,D28
20:04:09.019     6067970  FFFFFF93B3FFF  D16,D17,D20,D24,D25,D27,D28
20:04:10.309     6069236  FFFFFF97B3FFF  D16,D17,D20,D25,D27,D28
20:04:11.580     6070503  FFFFFF93B3FFF  D16,D17,D20,D24,D25,D27,D28
20:04:11.580     6070505  FFFFFF9BB3FFF  D16,D17,D20,D24,D27,D28
20:04:12.862     6071777  FFFFFF9FB3FFF  D16,D17,D20,D27,D28
20:04:14.128     6073043  FFFFFF8BB3FFF  D16,D17,D20,D24,D26,D27,D28
20:04:14.128     6073046  FFFFFF83B3FFF  D16,D17,D20,D24,D25,D26,D27,D28
20:04:14.128     6073047  FFFFFFA3B3FFF  D16,D17,D20,D24,D25,D26,D28
20:04:15.416     6074317  FFFFFFA7B3FFF  D16,D17,D20,D25,D26,D28
20:04:16.653     6075544  FFFFFFA3B3FFF  D16,D17,D20,D24,D25,D26,D28
20:04:16.653     6075546  FFFFFFABB3FFF  D16,D17,D20,D24,D26,D28
20:04:17.929     6076818  FFFFFFAFB3FFF  D16,D17,D20,D26,D28
20:04:19.216     6078084  FFFFFFABB3FFF  D16,D17,D20,D24,D26,D28
20:04:19.217     6078086  FFFFFFA3B3FFF  D16,D17,D20,D24,D25,D26,D28
20:04:19.217     6078092  FFFFFFB3B3FFF  D16,D17,D20,D24,D25,D28
20:04:20.497     6079358  FFFFFFB7B3FFF  D16,D17,D20,D25,D28
20:04:21.772     6080625  FFFFFFB3B3FFF  D16,D17,D20,D24,D25,D28
20:04:21.772     6080626  FFFFFFBBB3FFF  D16,D17,D20,D24,D28
20:04:23.044     6081899  FFFFFFBFB3FFF  D16,D17,D20,D28
20:04:24.337     6083165  FFFFFFBBB3FFF  D16,D17,D20,D24,D28
20:04:24.337     6083167  FFFFFFC3B3FFF  D16,D17,D20,D24,D25,D26,D27
20:04:25.609     6084439  FFFFFFC7B3FFF  D16,D17,D20,D25,D26,D27
20:04:26.886     6085705  FFFFFFC3B3FFF  D16,D17,D20,D24,D25,D26,D27
20:04:26.886     6085707  FFFFFFCBB3FFF  D16,D17,D20,D24,D26,D27
20:04:28.177     6086979  FFFFFFCFB3FFF  D16,D17,D20,D26,D27
20:04:29.860     6088642  FFFFFFCBB3FFF  D16,D17,D20,D24,D26,D27
20:04:29.860     6088644  FFFFFFC3B3FFF  D16,D17,D20,D24,D25,D26,D27
20:04:29.860     6088649  FFFFFFD3B3FFF  D16,D17,D20,D24,D25,D27
--- FW IODebug 1.2.2 2026-08-31 LIFT=5 20:04:31 ---
20:04:31.818     6090591  FFFFFFD7B3FFF  D16,D17,D20,D25,D27
20:04:34.097     6092850  FFFFFFD3B3FFF  D16,D17,D20,D24,D25,D27
20:04:34.097     6092852  FFFFFFDBB3FFF  D16,D17,D20,D24,D27
20:04:36.123     6094878  FFFFFFDFB3FFF  D16,D17,D20,D27
20:04:37.488     6096224  FFFFFFDBB3FFF  D16,D17,D20,D24,D27
20:04:37.488     6096226  FFFFFFC3B3FFF  D16,D17,D20,D24,D25,D26,D27
20:04:37.488     6096228  FFFFFFE3B3FFF  D16,D17,D20,D24,D25,D26
20:04:38.926     6097657  FFFFFFE7B3FFF  D16,D17,D20,D25,D26
20:04:40.336     6099042  FFFFFFE3B3FFF  D16,D17,D20,D24,D25,D26
20:04:40.336     6099044  FFFFFFEBB3FFF  D16,D17,D20,D24,D26
20:04:42.025     6100713  FFFFFFEFB3FFF  D16,D17,D20,D26
20:04:44.024     6102693  FFFFFFE3B3FFF  D16,D17,D20,D24,D25,D26
20:04:44.024     6102701  FFFFFFF3B3FFF  D16,D17,D20,D24,D25
20:04:46.296     6104961  FFFFFFF7B3FFF  D16,D17,D20,D25
20:04:49.927     6108488  FFFFFFF7B7FFF  D17,D20,D25
20:04:49.927     6108570  FFFFFFF7F7FFF  D17,D25
--- FW IODebug 1.2.2 2026-08-31 LIFT=5 20:05:01 ---
--- FW IODebug 1.2.2 2026-08-31 LIFT=5 20:05:31 ---
20:05:48.966     6167155  FFFFFFF7D7FFF  D17,D19,D25
20:05:49.896     6168069  FFFFFFF7D3FFF  D16,D17,D19,D25
20:05:53.958     6172116  FFFFFFF3D3FFF  D16,D17,D19,D24,D25
20:05:56.259     6174380  FFFFFFE3D3FFF  D16,D17,D19,D24,D25,D26
20:05:56.259     6174382  FFFFFFEBD3FFF  D16,D17,D19,D24,D26
20:05:56.259     6174383  FFFFFFEFD3FFF  D16,D17,D19,D26
20:05:58.239     6176363  FFFFFFEBD3FFF  D16,D17,D19,D24,D26
20:05:59.939     6178031  FFFFFFE3D3FFF  D16,D17,D19,D24,D25,D26
20:05:59.939     6178035  FFFFFFE7D3FFF  D16,D17,D19,D25,D26
20:06:01.337     6179420  FFFFFFE3D3FFF  D16,D17,D19,D24,D25,D26
--- FW IODebug 1.2.2 2026-08-31 LIFT=5 20:06:01 ---
20:06:02.771     6180849  FFFFFFC3D3FFF  D16,D17,D19,D24,D25,D26,D27
20:06:02.771     6180851  FFFFFFCBD3FFF  D16,D17,D19,D24,D26,D27
20:06:02.771     6180853  FFFFFFCFD3FFF  D16,D17,D19,D26,D27
20:06:02.771     6180855  FFFFFFDFD3FFF  D16,D17,D19,D27
20:06:04.133     6182199  FFFFFFDBD3FFF  D16,D17,D19,D24,D27
20:06:06.181     6184223  FFFFFFD3D3FFF  D16,D17,D19,D24,D25,D27
20:06:06.181     6184226  FFFFFFD7D3FFF  D16,D17,D19,D25,D27
20:06:08.463     6186485  FFFFFFD3D3FFF  D16,D17,D19,D24,D25,D27
20:06:10.418     6188431  FFFFFFC3D3FFF  D16,D17,D19,D24,D25,D26,D27
20:06:10.418     6188432  FFFFFFCBD3FFF  D16,D17,D19,D24,D26,D27
20:06:10.418     6188434  FFFFFFCFD3FFF  D16,D17,D19,D26,D27
20:06:12.076     6190098  FFFFFFCBD3FFF  D16,D17,D19,D24,D26,D27
20:06:13.381     6191368  FFFFFFC3D3FFF  D16,D17,D19,D24,D25,D26,D27
20:06:13.382     6191372  FFFFFFC7D3FFF  D16,D17,D19,D25,D26,D27
20:06:14.654     6192637  FFFFFFC3D3FFF  D16,D17,D19,D24,D25,D26,D27
20:06:15.946     6193908  FFFFFF8BD3FFF  D16,D17,D19,D24,D26,D27,D28
20:06:15.946     6193911  FFFFFFABD3FFF  D16,D17,D19,D24,D26,D28
20:06:15.946     6193913  FFFFFFAFD3FFF  D16,D17,D19,D26,D28
20:06:15.946     6193914  FFFFFFBFD3FFF  D16,D17,D19,D28
20:06:17.213     6195178  FFFFFFBBD3FFF  D16,D17,D19,D24,D28
20:06:18.500     6196449  FFFFFFB3D3FFF  D16,D17,D19,D24,D25,D28
20:06:18.500     6196453  FFFFFFB7D3FFF  D16,D17,D19,D25,D28
20:06:19.758     6197719  FFFFFFB3D3FFF  D16,D17,D19,D24,D25,D28
20:06:21.055     6198988  FFFFFFA3D3FFF  D16,D17,D19,D24,D25,D26,D28
20:06:21.056     6198990  FFFFFFABD3FFF  D16,D17,D19,D24,D26,D28
20:06:21.056     6198992  FFFFFFAFD3FFF  D16,D17,D19,D26,D28
20:06:22.316     6200258  FFFFFFABD3FFF  D16,D17,D19,D24,D26,D28
20:06:23.615     6201530  FFFFFFA3D3FFF  D16,D17,D19,D24,D25,D26,D28
20:06:23.616     6201533  FFFFFFA7D3FFF  D16,D17,D19,D25,D26,D28
20:06:24.846     6202759  FFFFFFA3D3FFF  D16,D17,D19,D24,D25,D26,D28
20:06:26.135     6204030  FFFFFF83D3FFF  D16,D17,D19,D24,D25,D26,D27,D28
20:06:26.135     6204032  FFFFFF8BD3FFF  D16,D17,D19,D24,D26,D27,D28
20:06:26.135     6204034  FFFFFF8FD3FFF  D16,D17,D19,D26,D27,D28
20:06:26.135     6204037  FFFFFF9FD3FFF  D16,D17,D19,D27,D28
20:06:27.449     6205339  FFFFFF9BD3FFF  D16,D17,D19,D24,D27,D28
20:06:28.675     6206570  FFFFFF93D3FFF  D16,D17,D19,D24,D25,D27,D28
20:06:28.676     6206574  FFFFFF97D3FFF  D16,D17,D19,D25,D27,D28
20:06:29.975     6207840  FFFFFF93D3FFF  D16,D17,D19,D24,D25,D27,D28
20:06:31.251     6209111  FFFFFF83D3FFF  D16,D17,D19,D24,D25,D26,D27,D28
20:06:31.251     6209113  FFFFFF8BD3FFF  D16,D17,D19,D24,D26,D27,D28
20:06:31.251     6209115  FFFFFF8FD3FFF  D16,D17,D19,D26,D27,D28
--- FW IODebug 1.2.2 2026-08-31 LIFT=5 20:06:32 ---
20:06:32.570     6210420  FFFFFF8BD3FFF  D16,D17,D19,D24,D26,D27,D28
20:06:33.840     6211691  FFFFFF83D3FFF  D16,D17,D19,D24,D25,D26,D27,D28
20:06:33.840     6211694  FFFFFF87D3FFF  D16,D17,D19,D25,D26,D27,D28
20:06:35.092     6212921  FFFFFF83D3FFF  D16,D17,D19,D24,D25,D26,D27,D28
20:06:36.371     6214192  FFFFFF03D3FFF  D16,D17,D19,D24,D25,D26,D27,D28,D29
20:06:36.371     6214193  FFFFFF4BD3FFF  D16,D17,D19,D24,D26,D27,D29
20:06:36.371     6214195  FFFFFF6FD3FFF  D16,D17,D19,D26,D29
20:06:36.371     6214198  FFFFFF7FD3FFF  D16,D17,D19,D29
20:06:37.661     6215461  FFFFFF7BD3FFF  D16,D17,D19,D24,D29
20:06:38.926     6216731  FFFFFF73D3FFF  D16,D17,D19,D24,D25,D29
20:06:38.926     6216735  FFFFFF77D3FFF  D16,D17,D19,D25,D29
20:06:40.195     6218001  FFFFFF73D3FFF  D16,D17,D19,D24,D25,D29
20:06:41.492     6219272  FFFFFF63D3FFF  D16,D17,D19,D24,D25,D26,D29
20:06:41.492     6219274  FFFFFF6BD3FFF  D16,D17,D19,D24,D26,D29
20:06:41.492     6219276  FFFFFF6FD3FFF  D16,D17,D19,D26,D29
20:06:42.762     6220541  FFFFFF6BD3FFF  D16,D17,D19,D24,D26,D29
20:06:44.054     6221812  FFFFFF63D3FFF  D16,D17,D19,D24,D25,D26,D29
20:06:44.054     6221816  FFFFFF67D3FFF  D16,D17,D19,D25,D26,D29
20:06:45.328     6223082  FFFFFF63D3FFF  D16,D17,D19,D24,D25,D26,D29
20:06:46.606     6224353  FFFFFF4BD3FFF  D16,D17,D19,D24,D26,D27,D29
20:06:46.606     6224357  FFFFFF4FD3FFF  D16,D17,D19,D26,D27,D29
20:06:46.606     6224359  FFFFFF5FD3FFF  D16,D17,D19,D27,D29
20:06:47.970     6225701  FFFFFF5BD3FFF  D16,D17,D19,D24,D27,D29
20:06:49.278     6227012  FFFFFF53D3FFF  D16,D17,D19,D24,D25,D27,D29
20:06:49.278     6227016  FFFFFF57D3FFF  D16,D17,D19,D25,D27,D29
20:06:50.632     6228362  FFFFFF53D3FFF  D16,D17,D19,D24,D25,D27,D29
20:06:51.960     6229671  FFFFFF43D3FFF  D16,D17,D19,D24,D25,D26,D27,D29
20:06:51.960     6229673  FFFFFF4BD3FFF  D16,D17,D19,D24,D26,D27,D29
20:06:51.960     6229676  FFFFFF4FD3FFF  D16,D17,D19,D26,D27,D29
20:06:53.278     6230981  FFFFFF4BD3FFF  D16,D17,D19,D24,D26,D27,D29
20:06:54.774     6232451  FFFFFF43D3FFF  D16,D17,D19,D24,D25,D26,D27,D29
20:06:54.774     6232454  FFFFFF47D3FFF  D16,D17,D19,D25,D26,D27,D29
20:06:56.798     6234275  FFFFFF43D3FFF  D16,D17,D19,D24,D25,D26,D27,D29
20:06:56.798     6234316  FFFFFF4393FFF  D16,D17,D19,D20,D24,D25,D26,D27,D29
20:06:56.798     6234476  FFFFFF43B3FFF  D16,D17,D20,D24,D25,D26,D27,D29
20:06:59.955     6237608  FFFFFF43B7FFF  D17,D20,D24,D25,D26,D27,D29
--- FW IODebug 1.2.2 2026-08-31 LIFT=5 20:07:02 ---
20:07:16.474     6254004  FFFFFF43B3FFF  D16,D17,D20,D24,D25,D26,D27,D29
20:07:20.316     6257817  FFFFFF47B3FFF  D16,D17,D20,D25,D26,D27,D29
20:07:22.193     6259679  FFFFFF43B3FFF  D16,D17,D20,D24,D25,D26,D27,D29
20:07:22.193     6259681  FFFFFF4BB3FFF  D16,D17,D20,D24,D26,D27,D29
20:07:23.647     6261112  FFFFFF4FB3FFF  D16,D17,D20,D26,D27,D29
20:07:24.976     6262418  FFFFFF4BB3FFF  D16,D17,D20,D24,D26,D27,D29
20:07:24.976     6262419  FFFFFF43B3FFF  D16,D17,D20,D24,D25,D26,D27,D29
20:07:24.976     6262424  FFFFFF53B3FFF  D16,D17,D20,D24,D25,D27,D29
20:07:26.323     6263771  FFFFFF57B3FFF  D16,D17,D20,D25,D27,D29
20:07:27.646     6265077  FFFFFF53B3FFF  D16,D17,D20,D24,D25,D27,D29
20:07:27.646     6265079  FFFFFF5BB3FFF  D16,D17,D20,D24,D27,D29
20:07:29.000     6266430  FFFFFF5FB3FFF  D16,D17,D20,D27,D29
20:07:30.324     6267737  FFFFFF5BB3FFF  D16,D17,D20,D24,D27,D29
20:07:30.324     6267738  FFFFFF43B3FFF  D16,D17,D20,D24,D25,D26,D27,D29
20:07:30.324     6267740  FFFFFF63B3FFF  D16,D17,D20,D24,D25,D26,D29
20:07:31.625     6269010  FFFFFF67B3FFF  D16,D17,D20,D25,D26,D29
--- FW IODebug 1.2.2 2026-08-31 LIFT=5 20:07:32 ---
20:07:32.886     6270276  FFFFFF63B3FFF  D16,D17,D20,D24,D25,D26,D29
20:07:32.886     6270278  FFFFFF6BB3FFF  D16,D17,D20,D24,D26,D29
20:07:34.160     6271551  FFFFFF6FB3FFF  D16,D17,D20,D26,D29
20:07:35.467     6272817  FFFFFF6BB3FFF  D16,D17,D20,D24,D26,D29
20:07:35.467     6272819  FFFFFF63B3FFF  D16,D17,D20,D24,D25,D26,D29
20:07:35.467     6272824  FFFFFF73B3FFF  D16,D17,D20,D24,D25,D29
20:07:36.722     6274092  FFFFFF77B3FFF  D16,D17,D20,D25,D29
20:07:37.994     6275357  FFFFFF73B3FFF  D16,D17,D20,D24,D25,D29
20:07:37.994     6275359  FFFFFF7BB3FFF  D16,D17,D20,D24,D29
20:07:39.287     6276631  FFFFFF7FB3FFF  D16,D17,D20,D29
20:07:40.571     6277898  FFFFFF6BB3FFF  D16,D17,D20,D24,D26,D29
20:07:40.571     6277900  FFFFFF83B3FFF  D16,D17,D20,D24,D25,D26,D27,D28
20:07:41.832     6279172  FFFFFF87B3FFF  D16,D17,D20,D25,D26,D27,D28
20:07:43.132     6280437  FFFFFF83B3FFF  D16,D17,D20,D24,D25,D26,D27,D28
20:07:43.132     6280439  FFFFFF8BB3FFF  D16,D17,D20,D24,D26,D27,D28
20:07:44.395     6281712  FFFFFF8FB3FFF  D16,D17,D20,D26,D27,D28
20:07:45.682     6282978  FFFFFF8BB3FFF  D16,D17,D20,D24,D26,D27,D28
20:07:45.682     6282980  FFFFFF83B3FFF  D16,D17,D20,D24,D25,D26,D27,D28
20:07:45.682     6282985  FFFFFF93B3FFF  D16,D17,D20,D24,D25,D27,D28
20:07:46.960     6284253  FFFFFF97B3FFF  D16,D17,D20,D25,D27,D28
20:07:48.249     6285519  FFFFFF93B3FFF  D16,D17,D20,D24,D25,D27,D28
20:07:48.249     6285520  FFFFFF9BB3FFF  D16,D17,D20,D24,D27,D28
20:07:49.517     6286793  FFFFFF9FB3FFF  D16,D17,D20,D27,D28
20:07:50.812     6288059  FFFFFF83B3FFF  D16,D17,D20,D24,D25,D26,D27,D28
20:07:50.812     6288062  FFFFFFA3B3FFF  D16,D17,D20,D24,D25,D26,D28
20:07:52.076     6289333  FFFFFFA7B3FFF  D16,D17,D20,D25,D26,D28
20:07:53.318     6290560  FFFFFFA3B3FFF  D16,D17,D20,D24,D25,D26,D28
20:07:53.318     6290562  FFFFFFABB3FFF  D16,D17,D20,D24,D26,D28
20:07:54.595     6291833  FFFFFFAFB3FFF  D16,D17,D20,D26,D28
20:07:55.890     6293100  FFFFFFABB3FFF  D16,D17,D20,D24,D26,D28
20:07:55.890     6293101  FFFFFFA3B3FFF  D16,D17,D20,D24,D25,D26,D28
20:07:55.890     6293107  FFFFFFB3B3FFF  D16,D17,D20,D24,D25,D28
20:07:57.172     6294375  FFFFFFB7B3FFF  D16,D17,D20,D25,D28
20:07:58.438     6295641  FFFFFFB3B3FFF  D16,D17,D20,D24,D25,D28
20:07:58.438     6295643  FFFFFFBBB3FFF  D16,D17,D20,D24,D28
20:07:59.727     6296914  FFFFFFBFB3FFF  D16,D17,D20,D28
20:08:01.007     6298181  FFFFFF8BB3FFF  D16,D17,D20,D24,D26,D27,D28
20:08:01.007     6298182  FFFFFFC3B3FFF  D16,D17,D20,D24,D25,D26,D27
20:08:02.297     6299455  FFFFFFC7B3FFF  D16,D17,D20,D25,D26,D27
--- FW IODebug 1.2.2 2026-08-31 LIFT=5 20:08:02 ---
20:08:03.567     6300721  FFFFFFC3B3FFF  D16,D17,D20,D24,D25,D26,D27
20:08:03.567     6300723  FFFFFFCBB3FFF  D16,D17,D20,D24,D26,D27
20:08:04.844     6301995  FFFFFFCFB3FFF  D16,D17,D20,D26,D27
20:08:06.529     6303659  FFFFFFC3B3FFF  D16,D17,D20,D24,D25,D26,D27
20:08:06.530     6303665  FFFFFFD3B3FFF  D16,D17,D20,D24,D25,D27
20:08:08.479     6305607  FFFFFFD7B3FFF  D16,D17,D20,D25,D27
20:08:10.762     6307866  FFFFFFD3B3FFF  D16,D17,D20,D24,D25,D27
20:08:10.762     6307868  FFFFFFDBB3FFF  D16,D17,D20,D24,D27
20:08:12.816     6309894  FFFFFFDFB3FFF  D16,D17,D20,D27
20:08:14.164     6311239  FFFFFFC3B3FFF  D16,D17,D20,D24,D25,D26,D27
20:08:14.164     6311242  FFFFFFE3B3FFF  D16,D17,D20,D24,D25,D26
20:08:15.600     6312673  FFFFFFE7B3FFF  D16,D17,D20,D25,D26
20:08:17.002     6314058  FFFFFFE3B3FFF  D16,D17,D20,D24,D25,D26
20:08:17.002     6314059  FFFFFFEBB3FFF  D16,D17,D20,D24,D26
20:08:18.700     6315728  FFFFFFEFB3FFF  D16,D17,D20,D26
20:08:20.701     6317710  FFFFFFE3B3FFF  D16,D17,D20,D24,D25,D26
20:08:20.701     6317716  FFFFFFF3B3FFF  D16,D17,D20,D24,D25
20:08:22.885     6319897  FFFFFFF7B3FFF  D16,D17,D20,D25
20:08:25.118     6322036  FFFFFFF3B3FFF  D16,D17,D20,D24,D25
20:08:25.118     6322038  FFFFFFFBB3FFF  D16,D17,D20,D24
20:08:25.118     6322115  FFFFFFFB93FFF  D16,D17,D19,D20,D24
20:08:25.118     6322117  FFFFFFFBD3FFF  D16,D17,D19,D24
20:08:27.960     6324932  FFFFFFFBD7FFF  D17,D19,D24
--- FW IODebug 1.2.2 2026-08-31 LIFT=5 20:08:33 ---
20:08:42.712     6339582  FFFFFFFBF7FFF  D17,D24
--- FW IODebug 1.2.2 2026-08-31 LIFT=5 20:09:03 ---
20:09:14.877     6371493  FFFFFFFBD7FFF  D17,D19,D24
20:09:15.788     6372407  FFFFFFFBD3FFF  D16,D17,D19,D24
20:09:19.450     6376018  FFFFFFF3D3FFF  D16,D17,D19,D24,D25
20:09:19.450     6376022  FFFFFFF7D3FFF  D16,D17,D19,D25
20:09:22.558     6379033  FFFFFFF7D7FFF  D17,D19,D25
20:09:22.558     6379116  FFFFFFF7F7FFF  D17,D25
--- FW IODebug 1.2.2 2026-08-31 LIFT=5 20:09:33 ---
--- FW IODebug 1.2.2 2026-08-31 LIFT=5 20:10:03 ---
20:10:23.022     6439116  FFFFFFF7F7FFF  D17,D25
--- FW IODebug 1.2.2 2026-08-31 LIFT=5 20:10:33 ---
--- FW IODebug 1.2.2 2026-08-31 LIFT=5 20:11:04 ---
20:11:23.490     6499116  FFFFFFF7F7FFF  D17,D25
--- FW IODebug 1.2.2 2026-08-31 LIFT=5 20:11:34 ---
--- FW IODebug 1.2.2 2026-08-31 LIFT=5 20:12:04 ---
20:12:23.106     6558286  FFFFFFF7FFFFF  D25
20:12:26.353     6561503  FFFFFFF7F7FFF  D17,D25
--- FW IODebug 1.2.2 2026-08-31 LIFT=5 20:12:34 ---
--- FW IODebug 1.2.2 2026-08-31 LIFT=5 20:13:05 ---
20:13:26.802     6621503  FFFFFFF7F7FFF  D17,D25
--- FW IODebug 1.2.2 2026-08-31 LIFT=5 20:13:35 ---
--- FW IODebug 1.2.2 2026-08-31 LIFT=5 20:14:05 ---
20:14:27.275     6681503  FFFFFFF7F7FFF  D17,D25
--- FW IODebug 1.2.2 2026-08-31 LIFT=5 20:14:35 ---
--- FW IODebug 1.2.2 2026-08-31 LIFT=5 20:15:06 ---
20:15:27.731     6741504  FFFFFFF7F7FFF  D17,D25
--- FW IODebug 1.2.2 2026-08-31 LIFT=5 20:15:36 ---
20:15:42.929     6756590  FFFFFFF7FFFFF  D25
20:15:43.618     6757268  FFFFFFF7F7FFF  D17,D25
--- FW IODebug 1.2.2 2026-08-31 LIFT=5 20:16:06 ---
--- FW IODebug 1.2.2 2026-08-31 LIFT=5 20:16:36 ---
20:16:44.098     6817268  FFFFFFF7F7FFF  D17,D25
--- FW IODebug 1.2.2 2026-08-31 LIFT=5 20:17:06 ---
--- FW IODebug 1.2.2 2026-08-31 LIFT=5 20:17:37 ---
20:17:44.547     6877268  FFFFFFF7F7FFF  D17,D25
--- FW IODebug 1.2.2 2026-08-31 LIFT=5 20:18:07 ---
--- FW IODebug 1.2.2 2026-08-31 LIFT=5 20:18:37 ---
20:18:45.006     6937268  FFFFFFF7F7FFF  D17,D25
--- FW IODebug 1.2.2 2026-08-31 LIFT=5 20:19:07 ---
--- FW IODebug 1.2.2 2026-08-31 LIFT=5 20:19:38 ---
20:19:45.469     6997268  FFFFFFF7F7FFF  D17,D25
--- FW IODebug 1.2.2 2026-08-31 LIFT=5 20:20:08 ---
--- FW IODebug 1.2.2 2026-08-31 LIFT=5 20:20:38 ---
20:20:45.929     7057268  FFFFFFF7F7FFF  D17,D25
--- FW IODebug 1.2.2 2026-08-31 LIFT=5 20:21:08 ---
--- FW IODebug 1.2.2 2026-08-31 LIFT=5 20:21:39 ---
20:21:46.385     7117268  FFFFFFF7F7FFF  D17,D25
--- FW IODebug 1.2.2 2026-08-31 LIFT=5 20:22:09 ---
--- FW IODebug 1.2.2 2026-08-31 LIFT=5 20:22:39 ---
20:22:46.859     7177268  FFFFFFF7F7FFF  D17,D25
--- FW IODebug 1.2.2 2026-08-31 LIFT=5 20:23:09 ---
--- FW IODebug 1.2.2 2026-08-31 LIFT=5 20:23:39 ---
20:23:47.311     7237268  FFFFFFF7F7FFF  D17,D25
--- FW IODebug 1.2.2 2026-08-31 LIFT=5 20:24:10 ---
--- FW IODebug 1.2.2 2026-08-31 LIFT=5 20:24:40 ---
20:24:47.766     7297268  FFFFFFF7F7FFF  D17,D25
--- FW IODebug 1.2.2 2026-08-31 LIFT=5 20:25:10 ---
--- FW IODebug 1.2.2 2026-08-31 LIFT=5 20:25:40 ---
20:25:48.228     7357268  FFFFFFF7F7FFF  D17,D25
--- FW IODebug 1.2.2 2026-08-31 LIFT=5 20:26:11 ---
--- FW IODebug 1.2.2 2026-08-31 LIFT=5 20:26:41 ---
20:26:48.694     7417268  FFFFFFF7F7FFF  D17,D25
--- FW IODebug 1.2.2 2026-08-31 LIFT=5 20:27:11 ---
--- FW IODebug 1.2.2 2026-08-31 LIFT=5 20:27:41 ---
20:27:49.164     7477268  FFFFFFF7F7FFF  D17,D25
--- FW IODebug 1.2.2 2026-08-31 LIFT=5 20:28:12 ---
--- FW IODebug 1.2.2 2026-08-31 LIFT=5 20:28:42 ---
20:28:49.615     7537268  FFFFFFF7F7FFF  D17,D25
--- FW IODebug 1.2.2 2026-08-31 LIFT=5 20:29:12 ---
--- FW IODebug 1.2.2 2026-08-31 LIFT=5 20:29:42 ---
20:29:50.070     7597268  FFFFFFF7F7FFF  D17,D25
--- FW IODebug 1.2.2 2026-08-31 LIFT=5 20:30:12 ---
--- FW IODebug 1.2.2 2026-08-31 LIFT=5 20:30:43 ---
20:30:50.541     7657268  FFFFFFF7F7FFF  D17,D25
--- FW IODebug 1.2.2 2026-08-31 LIFT=5 20:31:13 ---
--- FW IODebug 1.2.2 2026-08-31 LIFT=5 20:31:43 ---
20:31:51.007     7717268  FFFFFFF7F7FFF  D17,D25
--- FW IODebug 1.2.2 2026-08-31 LIFT=5 20:32:13 ---
--- FW IODebug 1.2.2 2026-08-31 LIFT=5 20:32:44 ---
20:32:51.465     7777268  FFFFFFF7F7FFF  D17,D25
--- FW IODebug 1.2.2 2026-08-31 LIFT=5 20:33:14 ---
--- FW IODebug 1.2.2 2026-08-31 LIFT=5 20:33:44 ---
20:33:51.924     7837268  FFFFFFF7F7FFF  D17,D25
--- FW IODebug 1.2.2 2026-08-31 LIFT=5 20:34:14 ---
--- FW IODebug 1.2.2 2026-08-31 LIFT=5 20:34:45 ---
20:34:52.380     7897268  FFFFFFF7F7FFF  D17,D25
--- FW IODebug 1.2.2 2026-08-31 LIFT=5 20:35:15 ---
--- FW IODebug 1.2.2 2026-08-31 LIFT=5 20:35:45 ---
20:35:52.843     7957268  FFFFFFF7F7FFF  D17,D25
--- FW IODebug 1.2.2 2026-08-31 LIFT=5 20:36:15 ---
--- FW IODebug 1.2.2 2026-08-31 LIFT=5 20:36:46 ---
20:36:53.312     8017268  FFFFFFF7F7FFF  D17,D25
--- FW IODebug 1.2.2 2026-08-31 LIFT=5 20:37:16 ---
--- FW IODebug 1.2.2 2026-08-31 LIFT=5 20:37:46 ---
20:37:53.775     8077268  FFFFFFF7F7FFF  D17,D25
--- FW IODebug 1.2.2 2026-08-31 LIFT=5 20:38:16 ---
--- FW IODebug 1.2.2 2026-08-31 LIFT=5 20:38:46 ---
20:38:54.236     8137268  FFFFFFF7F7FFF  D17,D25
--- FW IODebug 1.2.2 2026-08-31 LIFT=5 20:39:17 ---
--- FW IODebug 1.2.2 2026-08-31 LIFT=5 20:39:47 ---
20:39:54.697     8197268  FFFFFFF7F7FFF  D17,D25
--- FW IODebug 1.2.2 2026-08-31 LIFT=5 20:40:17 ---
--- FW IODebug 1.2.2 2026-08-31 LIFT=5 20:40:47 ---
20:40:55.150     8257268  FFFFFFF7F7FFF  D17,D25
--- FW IODebug 1.2.2 2026-08-31 LIFT=5 20:41:18 ---
--- FW IODebug 1.2.2 2026-08-31 LIFT=5 20:41:48 ---
20:41:55.617     8317268  FFFFFFF7F7FFF  D17,D25
--- FW IODebug 1.2.2 2026-08-31 LIFT=5 20:42:18 ---
--- FW IODebug 1.2.2 2026-08-31 LIFT=5 20:42:48 ---
20:42:56.087     8377268  FFFFFFF7F7FFF  D17,D25
--- FW IODebug 1.2.2 2026-08-31 LIFT=5 20:43:18 ---
--- FW IODebug 1.2.2 2026-08-31 LIFT=5 20:43:49 ---
20:43:56.536     8437268  FFFFFFF7F7FFF  D17,D25
--- FW IODebug 1.2.2 2026-08-31 LIFT=5 20:44:19 ---
--- FW IODebug 1.2.2 2026-08-31 LIFT=5 20:44:49 ---
20:44:57.011     8497268  FFFFFFF7F7FFF  D17,D25
--- FW IODebug 1.2.2 2026-08-31 LIFT=5 20:45:19 ---
--- FW IODebug 1.2.2 2026-08-31 LIFT=5 20:45:50 ---
20:45:57.450     8557268  FFFFFFF7F7FFF  D17,D25
===== capture stopped 2026-09-12 20:46:03, 908 changes in 136.7 min, 0 rejected =====
# lift: 5

===== capture started 2026-09-12 20:46:50  lift=5  port=COM14 =====
--- listening (one-way) 20:47:20 ---
--- FW IODebug 1.2.2 2026-08-31 LIFT=5 20:47:51 ---
20:47:58.386     8677268  FFFFFFF7F7FFF  D17,D25
--- FW IODebug 1.2.2 2026-08-31 LIFT=5 20:48:21 ---
--- FW IODebug 1.2.2 2026-08-31 LIFT=5 20:48:51 ---
20:48:58.855     8737268  FFFFFFF7F7FFF  D17,D25
--- FW IODebug 1.2.2 2026-08-31 LIFT=5 20:49:21 ---
--- FW IODebug 1.2.2 2026-08-31 LIFT=5 20:49:51 ---
# lift: 5

===== capture started 2026-09-12 20:50:22  lift=5  port=COM14 =====
--- listening (one-way) 20:50:52 ---
20:50:59.764     8857268  FFFFFFF7F7FFF  D17,D25
--- FW IODebug 1.2.2 2026-08-31 LIFT=5 20:51:22 ---
--- FW IODebug 1.2.2 2026-08-31 LIFT=5 20:51:52 ---
20:52:00.228     8917268  FFFFFFF7F7FFF  D17,D25
--- FW IODebug 1.2.2 2026-08-31 LIFT=5 20:52:23 ---
--- FW IODebug 1.2.2 2026-08-31 LIFT=5 20:52:53 ---
20:53:00.687     8977268  FFFFFFF7F7FFF  D17,D25
--- FW IODebug 1.2.2 2026-08-31 LIFT=5 20:53:23 ---
--- FW IODebug 1.2.2 2026-08-31 LIFT=5 20:53:53 ---
20:54:01.146     9037268  FFFFFFF7F7FFF  D17,D25
--- FW IODebug 1.2.2 2026-08-31 LIFT=5 20:54:24 ---
--- FW IODebug 1.2.2 2026-08-31 LIFT=5 20:54:54 ---
20:55:01.622     9097268  FFFFFFF7F7FFF  D17,D25
--- FW IODebug 1.2.2 2026-08-31 LIFT=5 20:55:24 ---
--- FW IODebug 1.2.2 2026-08-31 LIFT=5 20:55:54 ---
20:56:02.075     9157268  FFFFFFF7F7FFF  D17,D25
--- FW IODebug 1.2.2 2026-08-31 LIFT=5 20:56:24 ---
--- FW IODebug 1.2.2 2026-08-31 LIFT=5 20:56:55 ---
20:57:02.543     9217268  FFFFFFF7F7FFF  D17,D25
--- FW IODebug 1.2.2 2026-08-31 LIFT=5 20:57:25 ---
--- FW IODebug 1.2.2 2026-08-31 LIFT=5 20:57:55 ---
20:58:02.996     9277268  FFFFFFF7F7FFF  D17,D25
--- FW IODebug 1.2.2 2026-08-31 LIFT=5 20:58:25 ---
--- FW IODebug 1.2.2 2026-08-31 LIFT=5 20:58:56 ---
20:59:03.466     9337268  FFFFFFF7F7FFF  D17,D25
--- FW IODebug 1.2.2 2026-08-31 LIFT=5 20:59:26 ---
--- FW IODebug 1.2.2 2026-08-31 LIFT=5 20:59:56 ---
21:00:03.909     9397268  FFFFFFF7F7FFF  D17,D25
--- FW IODebug 1.2.2 2026-08-31 LIFT=5 21:00:26 ---
21:00:27.522     9420701  FFFFFFF7D7FFF  D17,D19,D25
21:00:41.697     9434754  FFFFFFF7D3FFF  D16,D17,D19,D25
21:00:45.789     9438802  FFFFFFF3D3FFF  D16,D17,D19,D24,D25
21:00:48.067     9441064  FFFFFFE3D3FFF  D16,D17,D19,D24,D25,D26
21:00:48.068     9441067  FFFFFFEBD3FFF  D16,D17,D19,D24,D26
21:00:48.068     9441069  FFFFFFEFD3FFF  D16,D17,D19,D26
21:00:50.048     9443049  FFFFFFEBD3FFF  D16,D17,D19,D24,D26
21:00:51.744     9444717  FFFFFFE3D3FFF  D16,D17,D19,D24,D25,D26
21:00:51.744     9444720  FFFFFFE7D3FFF  D16,D17,D19,D25,D26
21:00:53.118     9446106  FFFFFFE3D3FFF  D16,D17,D19,D24,D25,D26
21:00:54.594     9447535  FFFFFFC3D3FFF  D16,D17,D19,D24,D25,D26,D27
21:00:54.594     9447536  FFFFFFCBD3FFF  D16,D17,D19,D24,D26,D27
21:00:54.595     9447539  FFFFFFCFD3FFF  D16,D17,D19,D26,D27
21:00:54.595     9447541  FFFFFFDFD3FFF  D16,D17,D19,D27
21:00:55.927     9448884  FFFFFFDBD3FFF  D16,D17,D19,D24,D27
--- FW IODebug 1.2.2 2026-08-31 LIFT=5 21:00:57 ---
21:00:58.009     9450948  FFFFFFD3D3FFF  D16,D17,D19,D24,D25,D27
21:00:58.009     9450952  FFFFFFD7D3FFF  D16,D17,D19,D25,D27
21:01:01.721     9454639  FFFFFFD7D7FFF  D17,D19,D25,D27
21:01:16.489     9469289  FFFFFFD7F7FFF  D17,D25,D27
--- FW IODebug 1.2.2 2026-08-31 LIFT=5 21:01:27 ---
21:01:49.294     9501836  FFFFFFD7B7FFF  D17,D20,D25,D27
21:01:50.196     9502748  FFFFFFD7B3FFF  D16,D17,D20,D25,D27
21:01:54.484     9506995  FFFFFFD3B3FFF  D16,D17,D20,D24,D25,D27
21:01:54.484     9506997  FFFFFFDBB3FFF  D16,D17,D20,D24,D27
21:01:56.525     9509023  FFFFFFDFB3FFF  D16,D17,D20,D27
--- FW IODebug 1.2.2 2026-08-31 LIFT=5 21:01:57 ---
21:01:57.892     9510369  FFFFFFCBB3FFF  D16,D17,D20,D24,D26,D27
21:01:57.892     9510371  FFFFFFC3B3FFF  D16,D17,D20,D24,D25,D26,D27
21:01:57.892     9510372  FFFFFFE3B3FFF  D16,D17,D20,D24,D25,D26
21:01:59.335     9511801  FFFFFFE7B3FFF  D16,D17,D20,D25,D26
21:02:00.970     9513425  FFFFFFE3B3FFF  D16,D17,D20,D24,D25,D26
21:02:00.970     9513427  FFFFFFEBB3FFF  D16,D17,D20,D24,D26
21:02:04.183     9516281  FFFFFFEBB7FFF  D17,D20,D24,D26
21:02:04.183     9516443  FFFFFFEBF7FFF  D17,D24,D26
21:02:04.183     9516601  FFFFFFEBD7FFF  D17,D19,D24,D26
21:02:07.966     9520372  FFFFFFEBD3FFF  D16,D17,D19,D24,D26
21:02:11.363     9523745  FFFFFFE3D3FFF  D16,D17,D19,D24,D25,D26
21:02:11.363     9523749  FFFFFFE7D3FFF  D16,D17,D19,D25,D26
21:02:13.022     9525372  FFFFFFE3D3FFF  D16,D17,D19,D24,D25,D26
21:02:14.416     9526763  FFFFFFCBD3FFF  D16,D17,D19,D24,D26,D27
21:02:14.416     9526766  FFFFFFCFD3FFF  D16,D17,D19,D26,D27
21:02:14.416     9526769  FFFFFFDFD3FFF  D16,D17,D19,D27
21:02:15.765     9528111  FFFFFFDBD3FFF  D16,D17,D19,D24,D27
21:02:18.086     9530176  FFFFFFD3D3FFF  D16,D17,D19,D24,D25,D27
21:02:18.086     9530179  FFFFFFD7D3FFF  D16,D17,D19,D25,D27
21:02:18.086     9530256  FFFFFFD793FFF  D16,D17,D19,D20,D25,D27
21:02:18.086     9530416  FFFFFFD7B3FFF  D16,D17,D20,D25,D27
21:02:21.626     9533905  FFFFFFD7B7FFF  D17,D20,D25,D27
--- FW IODebug 1.2.2 2026-08-31 LIFT=5 21:02:27 ---
21:02:34.401     9546608  FFFFFFD7B3FFF  D16,D17,D20,D25,D27
21:02:38.698     9550856  FFFFFFD3B3FFF  D16,D17,D20,D24,D25,D27
21:02:38.698     9550858  FFFFFFDBB3FFF  D16,D17,D20,D24,D27
21:02:40.724     9552884  FFFFFFDFB3FFF  D16,D17,D20,D27
21:02:42.094     9554230  FFFFFFCBB3FFF  D16,D17,D20,D24,D26,D27
21:02:42.094     9554231  FFFFFFC3B3FFF  D16,D17,D20,D24,D25,D26,D27
21:02:42.094     9554233  FFFFFFE3B3FFF  D16,D17,D20,D24,D25,D26
21:02:43.538     9555662  FFFFFFE7B3FFF  D16,D17,D20,D25,D26
21:02:44.939     9557048  FFFFFFE3B3FFF  D16,D17,D20,D24,D25,D26
21:02:44.939     9557049  FFFFFFEBB3FFF  D16,D17,D20,D24,D26
21:02:46.604     9558719  FFFFFFEFB3FFF  D16,D17,D20,D26
21:02:48.645     9560739  FFFFFFEBB3FFF  D16,D17,D20,D24,D26
21:02:48.645     9560740  FFFFFFE3B3FFF  D16,D17,D20,D24,D25,D26
21:02:48.645     9560747  FFFFFFF3B3FFF  D16,D17,D20,D24,D25
21:02:50.850     9562927  FFFFFFF7B3FFF  D16,D17,D20,D25
21:02:53.123     9565026  FFFFFFF3B3FFF  D16,D17,D20,D24,D25
21:02:53.123     9565028  FFFFFFFBB3FFF  D16,D17,D20,D24
21:02:53.123     9565185  FFFFFFFB93FFF  D16,D17,D19,D20,D24
21:02:53.124     9565187  FFFFFFFBD3FFF  D16,D17,D19,D24
21:02:55.915     9567963  FFFFFFFBD7FFF  D17,D19,D24
--- FW IODebug 1.2.2 2026-08-31 LIFT=5 21:02:57 ---
21:03:10.570     9582493  FFFFFFFBF7FFF  D17,D24
--- FW IODebug 1.2.2 2026-08-31 LIFT=5 21:03:28 ---
21:03:42.572     9614245  FFFFFFFBD7FFF  D17,D19,D24
21:03:43.481     9615159  FFFFFFFBD3FFF  D16,D17,D19,D24
21:03:47.139     9618770  FFFFFFF3D3FFF  D16,D17,D19,D24,D25
21:03:47.139     9618775  FFFFFFF7D3FFF  D16,D17,D19,D25
21:03:50.243     9621786  FFFFFFF7D7FFF  D17,D19,D25
21:03:50.243     9621869  FFFFFFF7F7FFF  D17,D25
--- FW IODebug 1.2.2 2026-08-31 LIFT=5 21:03:58 ---
--- FW IODebug 1.2.2 2026-08-31 LIFT=5 21:04:28 ---
21:04:50.700     9681869  FFFFFFF7F7FFF  D17,D25
--- FW IODebug 1.2.2 2026-08-31 LIFT=5 21:04:58 ---
--- FW IODebug 1.2.2 2026-08-31 LIFT=5 21:05:29 ---
21:05:51.164     9741869  FFFFFFF7F7FFF  D17,D25
--- FW IODebug 1.2.2 2026-08-31 LIFT=5 21:05:59 ---
--- FW IODebug 1.2.2 2026-08-31 LIFT=5 21:06:29 ---
21:06:50.902     9801158  FFFFFFF7FFFFF  D25
21:06:51.591     9801835  FFFFFFF7F7FFF  D17,D25
--- FW IODebug 1.2.2 2026-08-31 LIFT=5 21:06:59 ---
--- FW IODebug 1.2.2 2026-08-31 LIFT=5 21:07:30 ---
21:07:52.050     9861835  FFFFFFF7F7FFF  D17,D25
--- FW IODebug 1.2.2 2026-08-31 LIFT=5 21:08:00 ---
--- FW IODebug 1.2.2 2026-08-31 LIFT=5 21:08:30 ---
21:08:52.512     9921835  FFFFFFF7F7FFF  D17,D25
--- FW IODebug 1.2.2 2026-08-31 LIFT=5 21:09:00 ---
--- FW IODebug 1.2.2 2026-08-31 LIFT=5 21:09:30 ---
21:09:52.969     9981835  FFFFFFF7F7FFF  D17,D25
--- FW IODebug 1.2.2 2026-08-31 LIFT=5 21:10:01 ---
--- FW IODebug 1.2.2 2026-08-31 LIFT=5 21:10:31 ---
21:10:53.439    10041835  FFFFFFF7F7FFF  D17,D25
--- FW IODebug 1.2.2 2026-08-31 LIFT=5 21:11:01 ---
--- FW IODebug 1.2.2 2026-08-31 LIFT=5 21:11:31 ---
21:11:53.901    10101835  FFFFFFF7F7FFF  D17,D25
--- FW IODebug 1.2.2 2026-08-31 LIFT=5 21:12:02 ---
--- FW IODebug 1.2.2 2026-08-31 LIFT=5 21:12:32 ---
21:12:54.350    10161835  FFFFFFF7F7FFF  D17,D25
--- FW IODebug 1.2.2 2026-08-31 LIFT=5 21:13:02 ---
--- FW IODebug 1.2.2 2026-08-31 LIFT=5 21:13:32 ---
21:13:54.824    10221835  FFFFFFF7F7FFF  D17,D25
--- FW IODebug 1.2.2 2026-08-31 LIFT=5 21:14:03 ---
--- FW IODebug 1.2.2 2026-08-31 LIFT=5 21:14:33 ---
21:14:55.280    10281835  FFFFFFF7F7FFF  D17,D25
--- FW IODebug 1.2.2 2026-08-31 LIFT=5 21:15:03 ---
--- FW IODebug 1.2.2 2026-08-31 LIFT=5 21:15:33 ---
21:15:55.750    10341835  FFFFFFF7F7FFF  D17,D25
--- FW IODebug 1.2.2 2026-08-31 LIFT=5 21:16:03 ---
--- FW IODebug 1.2.2 2026-08-31 LIFT=5 21:16:34 ---
21:16:56.205    10401835  FFFFFFF7F7FFF  D17,D25
--- FW IODebug 1.2.2 2026-08-31 LIFT=5 21:17:04 ---
--- FW IODebug 1.2.2 2026-08-31 LIFT=5 21:17:34 ---
21:17:56.652    10461835  FFFFFFF7F7FFF  D17,D25
--- FW IODebug 1.2.2 2026-08-31 LIFT=5 21:18:04 ---
--- FW IODebug 1.2.2 2026-08-31 LIFT=5 21:18:35 ---
21:18:57.136    10521835  FFFFFFF7F7FFF  D17,D25
--- FW IODebug 1.2.2 2026-08-31 LIFT=5 21:19:05 ---
--- FW IODebug 1.2.2 2026-08-31 LIFT=5 21:19:35 ---
21:19:57.583    10581835  FFFFFFF7F7FFF  D17,D25
--- FW IODebug 1.2.2 2026-08-31 LIFT=5 21:20:05 ---
--- FW IODebug 1.2.2 2026-08-31 LIFT=5 21:20:36 ---
21:20:58.049    10641835  FFFFFFF7F7FFF  D17,D25
--- FW IODebug 1.2.2 2026-08-31 LIFT=5 21:21:06 ---
--- FW IODebug 1.2.2 2026-08-31 LIFT=5 21:21:36 ---
21:21:58.508    10701835  FFFFFFF7F7FFF  D17,D25
--- FW IODebug 1.2.2 2026-08-31 LIFT=5 21:22:06 ---
--- FW IODebug 1.2.2 2026-08-31 LIFT=5 21:22:36 ---
21:22:58.960    10761835  FFFFFFF7F7FFF  D17,D25
--- FW IODebug 1.2.2 2026-08-31 LIFT=5 21:23:07 ---
--- FW IODebug 1.2.2 2026-08-31 LIFT=5 21:23:37 ---
21:23:59.432    10821835  FFFFFFF7F7FFF  D17,D25
--- FW IODebug 1.2.2 2026-08-31 LIFT=5 21:24:07 ---
--- FW IODebug 1.2.2 2026-08-31 LIFT=5 21:24:37 ---
21:24:59.891    10881835  FFFFFFF7F7FFF  D17,D25
--- FW IODebug 1.2.2 2026-08-31 LIFT=5 21:25:08 ---
--- FW IODebug 1.2.2 2026-08-31 LIFT=5 21:25:38 ---
21:26:00.353    10941835  FFFFFFF7F7FFF  D17,D25
--- FW IODebug 1.2.2 2026-08-31 LIFT=5 21:26:08 ---
--- FW IODebug 1.2.2 2026-08-31 LIFT=5 21:26:38 ---
21:27:00.821    11001835  FFFFFFF7F7FFF  D17,D25
--- FW IODebug 1.2.2 2026-08-31 LIFT=5 21:27:09 ---
--- FW IODebug 1.2.2 2026-08-31 LIFT=5 21:27:39 ---
21:28:01.295    11061835  FFFFFFF7F7FFF  D17,D25
--- FW IODebug 1.2.2 2026-08-31 LIFT=5 21:28:09 ---
--- FW IODebug 1.2.2 2026-08-31 LIFT=5 21:28:39 ---
21:29:01.738    11121835  FFFFFFF7F7FFF  D17,D25
--- FW IODebug 1.2.2 2026-08-31 LIFT=5 21:29:09 ---
--- FW IODebug 1.2.2 2026-08-31 LIFT=5 21:29:40 ---
21:30:02.201    11181835  FFFFFFF7F7FFF  D17,D25
--- FW IODebug 1.2.2 2026-08-31 LIFT=5 21:30:10 ---
--- FW IODebug 1.2.2 2026-08-31 LIFT=5 21:30:40 ---
21:31:02.670    11241835  FFFFFFF7F7FFF  D17,D25
--- FW IODebug 1.2.2 2026-08-31 LIFT=5 21:31:10 ---
--- FW IODebug 1.2.2 2026-08-31 LIFT=5 21:31:41 ---
# lift: 5

===== capture started 2026-09-12 21:32:33  lift=5  port=COM14 =====
--- listening (one-way) 21:32:41 ---
21:33:03.585    11361835  FFFFFFF7F7FFF  D17,D25
--- FW IODebug 1.2.2 2026-08-31 LIFT=5 21:33:11 ---
--- FW IODebug 1.2.2 2026-08-31 LIFT=5 21:33:42 ---
21:34:04.035    11421835  FFFFFFF7F7FFF  D17,D25
--- FW IODebug 1.2.2 2026-08-31 LIFT=5 21:34:12 ---
--- FW IODebug 1.2.2 2026-08-31 LIFT=5 21:34:42 ---
21:35:04.510    11481835  FFFFFFF7F7FFF  D17,D25
--- FW IODebug 1.2.2 2026-08-31 LIFT=5 21:35:12 ---
--- FW IODebug 1.2.2 2026-08-31 LIFT=5 21:35:42 ---
21:36:04.969    11541835  FFFFFFF7F7FFF  D17,D25
--- FW IODebug 1.2.2 2026-08-31 LIFT=5 21:36:13 ---
--- FW IODebug 1.2.2 2026-08-31 LIFT=5 21:36:43 ---
21:37:05.413    11601835  FFFFFFF7F7FFF  D17,D25
--- FW IODebug 1.2.2 2026-08-31 LIFT=5 21:37:13 ---
--- FW IODebug 1.2.2 2026-08-31 LIFT=5 21:37:43 ---
21:38:05.898    11661835  FFFFFFF7F7FFF  D17,D25
--- FW IODebug 1.2.2 2026-08-31 LIFT=5 21:38:14 ---
--- FW IODebug 1.2.2 2026-08-31 LIFT=5 21:38:44 ---
21:39:06.338    11721835  FFFFFFF7F7FFF  D17,D25
--- FW IODebug 1.2.2 2026-08-31 LIFT=5 21:39:14 ---
--- FW IODebug 1.2.2 2026-08-31 LIFT=5 21:39:44 ---
21:40:06.806    11781835  FFFFFFF7F7FFF  D17,D25
--- FW IODebug 1.2.2 2026-08-31 LIFT=5 21:40:15 ---
--- FW IODebug 1.2.2 2026-08-31 LIFT=5 21:40:45 ---
21:41:07.267    11841835  FFFFFFF7F7FFF  D17,D25
--- FW IODebug 1.2.2 2026-08-31 LIFT=5 21:41:15 ---
--- FW IODebug 1.2.2 2026-08-31 LIFT=5 21:41:45 ---
21:42:07.732    11901835  FFFFFFF7F7FFF  D17,D25
--- FW IODebug 1.2.2 2026-08-31 LIFT=5 21:42:15 ---
--- FW IODebug 1.2.2 2026-08-31 LIFT=5 21:42:46 ---
21:43:08.175    11961835  FFFFFFF7F7FFF  D17,D25
--- FW IODebug 1.2.2 2026-08-31 LIFT=5 21:43:16 ---
--- FW IODebug 1.2.2 2026-08-31 LIFT=5 21:43:46 ---
21:44:08.653    12021835  FFFFFFF7F7FFF  D17,D25
--- FW IODebug 1.2.2 2026-08-31 LIFT=5 21:44:16 ---
--- FW IODebug 1.2.2 2026-08-31 LIFT=5 21:44:47 ---
21:45:09.103    12081835  FFFFFFF7F7FFF  D17,D25
--- FW IODebug 1.2.2 2026-08-31 LIFT=5 21:45:17 ---
--- FW IODebug 1.2.2 2026-08-31 LIFT=5 21:45:47 ---
21:46:09.572    12141835  FFFFFFF7F7FFF  D17,D25
--- FW IODebug 1.2.2 2026-08-31 LIFT=5 21:46:17 ---
--- FW IODebug 1.2.2 2026-08-31 LIFT=5 21:46:48 ---
21:47:10.039    12201835  FFFFFFF7F7FFF  D17,D25
--- FW IODebug 1.2.2 2026-08-31 LIFT=5 21:47:18 ---
--- FW IODebug 1.2.2 2026-08-31 LIFT=5 21:47:48 ---
21:48:10.501    12261835  FFFFFFF7F7FFF  D17,D25
--- FW IODebug 1.2.2 2026-08-31 LIFT=5 21:48:18 ---
--- FW IODebug 1.2.2 2026-08-31 LIFT=5 21:48:48 ---
21:49:10.963    12321835  FFFFFFF7F7FFF  D17,D25
--- FW IODebug 1.2.2 2026-08-31 LIFT=5 21:49:19 ---
--- FW IODebug 1.2.2 2026-08-31 LIFT=5 21:49:49 ---
21:50:11.414    12381835  FFFFFFF7F7FFF  D17,D25
--- FW IODebug 1.2.2 2026-08-31 LIFT=5 21:50:19 ---
--- FW IODebug 1.2.2 2026-08-31 LIFT=5 21:50:49 ---
21:51:11.891    12441835  FFFFFFF7F7FFF  D17,D25
--- FW IODebug 1.2.2 2026-08-31 LIFT=5 21:51:20 ---
--- FW IODebug 1.2.2 2026-08-31 LIFT=5 21:51:50 ---
21:52:12.347    12501835  FFFFFFF7F7FFF  D17,D25
--- FW IODebug 1.2.2 2026-08-31 LIFT=5 21:52:20 ---
--- FW IODebug 1.2.2 2026-08-31 LIFT=5 21:52:50 ---
21:53:12.799    12561835  FFFFFFF7F7FFF  D17,D25
--- FW IODebug 1.2.2 2026-08-31 LIFT=5 21:53:21 ---
--- FW IODebug 1.2.2 2026-08-31 LIFT=5 21:53:51 ---
21:54:13.265    12621835  FFFFFFF7F7FFF  D17,D25
--- FW IODebug 1.2.2 2026-08-31 LIFT=5 21:54:21 ---
--- FW IODebug 1.2.2 2026-08-31 LIFT=5 21:54:51 ---
21:55:13.723    12681835  FFFFFFF7F7FFF  D17,D25
--- FW IODebug 1.2.2 2026-08-31 LIFT=5 21:55:21 ---
--- FW IODebug 1.2.2 2026-08-31 LIFT=5 21:55:52 ---
21:56:14.176    12741835  FFFFFFF7F7FFF  D17,D25
--- FW IODebug 1.2.2 2026-08-31 LIFT=5 21:56:22 ---
--- FW IODebug 1.2.2 2026-08-31 LIFT=5 21:56:52 ---
21:57:14.646    12801835  FFFFFFF7F7FFF  D17,D25
--- FW IODebug 1.2.2 2026-08-31 LIFT=5 21:57:22 ---
--- FW IODebug 1.2.2 2026-08-31 LIFT=5 21:57:53 ---
21:58:15.102    12861835  FFFFFFF7F7FFF  D17,D25
--- FW IODebug 1.2.2 2026-08-31 LIFT=5 21:58:23 ---
--- FW IODebug 1.2.2 2026-08-31 LIFT=5 21:58:53 ---
21:59:15.569    12921835  FFFFFFF7F7FFF  D17,D25
--- FW IODebug 1.2.2 2026-08-31 LIFT=5 21:59:23 ---
--- FW IODebug 1.2.2 2026-08-31 LIFT=5 21:59:54 ---
22:00:16.039    12981835  FFFFFFF7F7FFF  D17,D25
--- FW IODebug 1.2.2 2026-08-31 LIFT=5 22:00:24 ---
--- FW IODebug 1.2.2 2026-08-31 LIFT=5 22:00:54 ---
22:01:16.497    13041835  FFFFFFF7F7FFF  D17,D25
--- FW IODebug 1.2.2 2026-08-31 LIFT=5 22:01:24 ---
--- FW IODebug 1.2.2 2026-08-31 LIFT=5 22:01:54 ---
22:02:16.943    13101835  FFFFFFF7F7FFF  D17,D25
--- FW IODebug 1.2.2 2026-08-31 LIFT=5 22:02:25 ---
--- FW IODebug 1.2.2 2026-08-31 LIFT=5 22:02:55 ---
22:03:17.406    13161835  FFFFFFF7F7FFF  D17,D25
--- FW IODebug 1.2.2 2026-08-31 LIFT=5 22:03:25 ---
--- FW IODebug 1.2.2 2026-08-31 LIFT=5 22:03:55 ---
22:04:17.886    13221835  FFFFFFF7F7FFF  D17,D25
--- FW IODebug 1.2.2 2026-08-31 LIFT=5 22:04:26 ---
--- FW IODebug 1.2.2 2026-08-31 LIFT=5 22:04:56 ---
22:05:18.332    13281835  FFFFFFF7F7FFF  D17,D25
--- FW IODebug 1.2.2 2026-08-31 LIFT=5 22:05:26 ---
--- FW IODebug 1.2.2 2026-08-31 LIFT=5 22:05:56 ---
22:06:18.780    13341835  FFFFFFF7F7FFF  D17,D25
--- FW IODebug 1.2.2 2026-08-31 LIFT=5 22:06:27 ---
--- FW IODebug 1.2.2 2026-08-31 LIFT=5 22:06:57 ---
22:07:19.242    13401835  FFFFFFF7F7FFF  D17,D25
--- FW IODebug 1.2.2 2026-08-31 LIFT=5 22:07:27 ---
--- FW IODebug 1.2.2 2026-08-31 LIFT=5 22:07:57 ---
22:08:19.715    13461835  FFFFFFF7F7FFF  D17,D25
--- FW IODebug 1.2.2 2026-08-31 LIFT=5 22:08:27 ---
--- FW IODebug 1.2.2 2026-08-31 LIFT=5 22:08:58 ---
22:09:20.160    13521835  FFFFFFF7F7FFF  D17,D25
--- FW IODebug 1.2.2 2026-08-31 LIFT=5 22:09:28 ---
--- FW IODebug 1.2.2 2026-08-31 LIFT=5 22:09:58 ---
22:10:20.622    13581835  FFFFFFF7F7FFF  D17,D25
--- FW IODebug 1.2.2 2026-08-31 LIFT=5 22:10:28 ---
--- FW IODebug 1.2.2 2026-08-31 LIFT=5 22:10:59 ---
22:11:21.103    13641835  FFFFFFF7F7FFF  D17,D25
--- FW IODebug 1.2.2 2026-08-31 LIFT=5 22:11:29 ---
--- FW IODebug 1.2.2 2026-08-31 LIFT=5 22:11:59 ---
22:12:21.547    13701835  FFFFFFF7F7FFF  D17,D25
--- FW IODebug 1.2.2 2026-08-31 LIFT=5 22:12:29 ---
--- FW IODebug 1.2.2 2026-08-31 LIFT=5 22:13:00 ---
22:13:22.004    13761835  FFFFFFF7F7FFF  D17,D25
--- FW IODebug 1.2.2 2026-08-31 LIFT=5 22:13:30 ---
--- FW IODebug 1.2.2 2026-08-31 LIFT=5 22:14:00 ---
22:14:22.476    13821835  FFFFFFF7F7FFF  D17,D25
--- FW IODebug 1.2.2 2026-08-31 LIFT=5 22:14:30 ---
--- FW IODebug 1.2.2 2026-08-31 LIFT=5 22:15:00 ---
22:15:22.932    13881835  FFFFFFF7F7FFF  D17,D25
--- FW IODebug 1.2.2 2026-08-31 LIFT=5 22:15:31 ---
--- FW IODebug 1.2.2 2026-08-31 LIFT=5 22:16:01 ---
22:16:23.384    13941835  FFFFFFF7F7FFF  D17,D25
--- FW IODebug 1.2.2 2026-08-31 LIFT=5 22:16:31 ---
--- FW IODebug 1.2.2 2026-08-31 LIFT=5 22:17:01 ---
22:17:23.848    14001835  FFFFFFF7F7FFF  D17,D25
--- FW IODebug 1.2.2 2026-08-31 LIFT=5 22:17:32 ---
--- FW IODebug 1.2.2 2026-08-31 LIFT=5 22:18:02 ---
22:18:24.313    14061835  FFFFFFF7F7FFF  D17,D25
--- FW IODebug 1.2.2 2026-08-31 LIFT=5 22:18:32 ---
--- FW IODebug 1.2.2 2026-08-31 LIFT=5 22:19:02 ---
22:19:24.783    14121835  FFFFFFF7F7FFF  D17,D25
--- FW IODebug 1.2.2 2026-08-31 LIFT=5 22:19:33 ---
--- FW IODebug 1.2.2 2026-08-31 LIFT=5 22:20:03 ---
22:20:25.228    14181835  FFFFFFF7F7FFF  D17,D25
--- FW IODebug 1.2.2 2026-08-31 LIFT=5 22:20:33 ---
--- FW IODebug 1.2.2 2026-08-31 LIFT=5 22:21:03 ---
22:21:08.398    14224660  FFFFFFF7E7FFF  D17,D18,D25
22:21:08.398    14224662  FFFFFFF7F7FFF  D17,D25
--- FW IODebug 1.2.2 2026-08-31 LIFT=5 22:21:33 ---
--- FW IODebug 1.2.2 2026-08-31 LIFT=5 22:22:04 ---
22:22:08.846    14284662  FFFFFFF7F7FFF  D17,D25
--- FW IODebug 1.2.2 2026-08-31 LIFT=5 22:22:34 ---
--- FW IODebug 1.2.2 2026-08-31 LIFT=5 22:23:04 ---
22:23:09.311    14344662  FFFFFFF7F7FFF  D17,D25
--- FW IODebug 1.2.2 2026-08-31 LIFT=5 22:23:34 ---
--- FW IODebug 1.2.2 2026-08-31 LIFT=5 22:24:05 ---
22:24:09.772    14404662  FFFFFFF7F7FFF  D17,D25
--- FW IODebug 1.2.2 2026-08-31 LIFT=5 22:24:35 ---
--- FW IODebug 1.2.2 2026-08-31 LIFT=5 22:25:05 ---
22:25:10.252    14464662  FFFFFFF7F7FFF  D17,D25
--- FW IODebug 1.2.2 2026-08-31 LIFT=5 22:25:35 ---
--- FW IODebug 1.2.2 2026-08-31 LIFT=5 22:26:06 ---
22:26:10.698    14524662  FFFFFFF7F7FFF  D17,D25
--- FW IODebug 1.2.2 2026-08-31 LIFT=5 22:26:36 ---
--- FW IODebug 1.2.2 2026-08-31 LIFT=5 22:27:06 ---
22:27:11.161    14584662  FFFFFFF7F7FFF  D17,D25
--- FW IODebug 1.2.2 2026-08-31 LIFT=5 22:27:36 ---
--- FW IODebug 1.2.2 2026-08-31 LIFT=5 22:28:06 ---
22:28:11.619    14644662  FFFFFFF7F7FFF  D17,D25
--- FW IODebug 1.2.2 2026-08-31 LIFT=5 22:28:37 ---
--- FW IODebug 1.2.2 2026-08-31 LIFT=5 22:29:07 ---
22:29:12.080    14704662  FFFFFFF7F7FFF  D17,D25
--- FW IODebug 1.2.2 2026-08-31 LIFT=5 22:29:37 ---
--- FW IODebug 1.2.2 2026-08-31 LIFT=5 22:30:07 ---
22:30:12.534    14764662  FFFFFFF7F7FFF  D17,D25
--- FW IODebug 1.2.2 2026-08-31 LIFT=5 22:30:38 ---
--- FW IODebug 1.2.2 2026-08-31 LIFT=5 22:31:08 ---
22:31:13.017    14824662  FFFFFFF7F7FFF  D17,D25
--- FW IODebug 1.2.2 2026-08-31 LIFT=5 22:31:38 ---
--- FW IODebug 1.2.2 2026-08-31 LIFT=5 22:32:08 ---
22:32:13.456    14884662  FFFFFFF7F7FFF  D17,D25
--- FW IODebug 1.2.2 2026-08-31 LIFT=5 22:32:39 ---
--- FW IODebug 1.2.2 2026-08-31 LIFT=5 22:33:09 ---
22:33:13.922    14944662  FFFFFFF7F7FFF  D17,D25
--- FW IODebug 1.2.2 2026-08-31 LIFT=5 22:33:39 ---
--- FW IODebug 1.2.2 2026-08-31 LIFT=5 22:34:09 ---
22:34:14.395    15004662  FFFFFFF7F7FFF  D17,D25
--- FW IODebug 1.2.2 2026-08-31 LIFT=5 22:34:39 ---
--- FW IODebug 1.2.2 2026-08-31 LIFT=5 22:35:10 ---
22:35:14.844    15064662  FFFFFFF7F7FFF  D17,D25
--- FW IODebug 1.2.2 2026-08-31 LIFT=5 22:35:40 ---
--- FW IODebug 1.2.2 2026-08-31 LIFT=5 22:36:10 ---
22:36:15.318    15124662  FFFFFFF7F7FFF  D17,D25
--- FW IODebug 1.2.2 2026-08-31 LIFT=5 22:36:40 ---
--- FW IODebug 1.2.2 2026-08-31 LIFT=5 22:37:11 ---
22:37:15.768    15184662  FFFFFFF7F7FFF  D17,D25
--- FW IODebug 1.2.2 2026-08-31 LIFT=5 22:37:41 ---
--- FW IODebug 1.2.2 2026-08-31 LIFT=5 22:38:11 ---
22:38:16.233    15244662  FFFFFFF7F7FFF  D17,D25
--- FW IODebug 1.2.2 2026-08-31 LIFT=5 22:38:41 ---
--- FW IODebug 1.2.2 2026-08-31 LIFT=5 22:39:11 ---
22:39:16.697    15304662  FFFFFFF7F7FFF  D17,D25
--- FW IODebug 1.2.2 2026-08-31 LIFT=5 22:39:42 ---
--- FW IODebug 1.2.2 2026-08-31 LIFT=5 22:40:12 ---
22:40:17.160    15364662  FFFFFFF7F7FFF  D17,D25
--- FW IODebug 1.2.2 2026-08-31 LIFT=5 22:40:42 ---
--- FW IODebug 1.2.2 2026-08-31 LIFT=5 22:41:12 ---
22:41:17.623    15424662  FFFFFFF7F7FFF  D17,D25
--- FW IODebug 1.2.2 2026-08-31 LIFT=5 22:41:43 ---
--- FW IODebug 1.2.2 2026-08-31 LIFT=5 22:42:13 ---
22:42:18.080    15484662  FFFFFFF7F7FFF  D17,D25
--- FW IODebug 1.2.2 2026-08-31 LIFT=5 22:42:43 ---
--- FW IODebug 1.2.2 2026-08-31 LIFT=5 22:43:13 ---
22:43:18.538    15544662  FFFFFFF7F7FFF  D17,D25
--- FW IODebug 1.2.2 2026-08-31 LIFT=5 22:43:44 ---
--- FW IODebug 1.2.2 2026-08-31 LIFT=5 22:44:14 ---
22:44:18.995    15604662  FFFFFFF7F7FFF  D17,D25
--- FW IODebug 1.2.2 2026-08-31 LIFT=5 22:44:44 ---
--- FW IODebug 1.2.2 2026-08-31 LIFT=5 22:45:14 ---
22:45:19.464    15664662  FFFFFFF7F7FFF  D17,D25
--- FW IODebug 1.2.2 2026-08-31 LIFT=5 22:45:44 ---
--- FW IODebug 1.2.2 2026-08-31 LIFT=5 22:46:15 ---
22:46:19.922    15724662  FFFFFFF7F7FFF  D17,D25
--- FW IODebug 1.2.2 2026-08-31 LIFT=5 22:46:45 ---
--- FW IODebug 1.2.2 2026-08-31 LIFT=5 22:47:15 ---
22:47:20.372    15784662  FFFFFFF7F7FFF  D17,D25
--- FW IODebug 1.2.2 2026-08-31 LIFT=5 22:47:45 ---
--- FW IODebug 1.2.2 2026-08-31 LIFT=5 22:48:16 ---
22:48:20.847    15844662  FFFFFFF7F7FFF  D17,D25
--- FW IODebug 1.2.2 2026-08-31 LIFT=5 22:48:46 ---
--- FW IODebug 1.2.2 2026-08-31 LIFT=5 22:49:16 ---
22:49:21.293    15904662  FFFFFFF7F7FFF  D17,D25
--- FW IODebug 1.2.2 2026-08-31 LIFT=5 22:49:46 ---
--- FW IODebug 1.2.2 2026-08-31 LIFT=5 22:50:17 ---
22:50:21.764    15964662  FFFFFFF7F7FFF  D17,D25
--- FW IODebug 1.2.2 2026-08-31 LIFT=5 22:50:47 ---
--- FW IODebug 1.2.2 2026-08-31 LIFT=5 22:51:17 ---
22:51:22.224    16024662  FFFFFFF7F7FFF  D17,D25
--- FW IODebug 1.2.2 2026-08-31 LIFT=5 22:51:47 ---
--- FW IODebug 1.2.2 2026-08-31 LIFT=5 22:52:17 ---
22:52:22.686    16084662  FFFFFFF7F7FFF  D17,D25
--- FW IODebug 1.2.2 2026-08-31 LIFT=5 22:52:48 ---
--- FW IODebug 1.2.2 2026-08-31 LIFT=5 22:53:18 ---
22:53:23.143    16144662  FFFFFFF7F7FFF  D17,D25
--- FW IODebug 1.2.2 2026-08-31 LIFT=5 22:53:48 ---
--- FW IODebug 1.2.2 2026-08-31 LIFT=5 22:54:18 ---
22:54:23.609    16204662  FFFFFFF7F7FFF  D17,D25
--- FW IODebug 1.2.2 2026-08-31 LIFT=5 22:54:49 ---
--- FW IODebug 1.2.2 2026-08-31 LIFT=5 22:55:19 ---
22:55:24.067    16264662  FFFFFFF7F7FFF  D17,D25
--- FW IODebug 1.2.2 2026-08-31 LIFT=5 22:55:49 ---
--- FW IODebug 1.2.2 2026-08-31 LIFT=5 22:56:19 ---
22:56:24.521    16324662  FFFFFFF7F7FFF  D17,D25
--- FW IODebug 1.2.2 2026-08-31 LIFT=5 22:56:50 ---
--- FW IODebug 1.2.2 2026-08-31 LIFT=5 22:57:20 ---
22:57:24.982    16384662  FFFFFFF7F7FFF  D17,D25
--- FW IODebug 1.2.2 2026-08-31 LIFT=5 22:57:50 ---
--- FW IODebug 1.2.2 2026-08-31 LIFT=5 22:58:20 ---
22:58:25.439    16444662  FFFFFFF7F7FFF  D17,D25
--- FW IODebug 1.2.2 2026-08-31 LIFT=5 22:58:50 ---
--- FW IODebug 1.2.2 2026-08-31 LIFT=5 22:59:21 ---
22:59:25.907    16504662  FFFFFFF7F7FFF  D17,D25
--- FW IODebug 1.2.2 2026-08-31 LIFT=5 22:59:51 ---
--- FW IODebug 1.2.2 2026-08-31 LIFT=5 23:00:21 ---
23:00:26.364    16564662  FFFFFFF7F7FFF  D17,D25
--- FW IODebug 1.2.2 2026-08-31 LIFT=5 23:00:51 ---
--- FW IODebug 1.2.2 2026-08-31 LIFT=5 23:01:22 ---
23:01:26.828    16624662  FFFFFFF7F7FFF  D17,D25
--- FW IODebug 1.2.2 2026-08-31 LIFT=5 23:01:52 ---
--- FW IODebug 1.2.2 2026-08-31 LIFT=5 23:02:22 ---
23:02:27.286    16684662  FFFFFFF7F7FFF  D17,D25
--- FW IODebug 1.2.2 2026-08-31 LIFT=5 23:02:52 ---
--- FW IODebug 1.2.2 2026-08-31 LIFT=5 23:03:23 ---
23:03:27.742    16744662  FFFFFFF7F7FFF  D17,D25
--- FW IODebug 1.2.2 2026-08-31 LIFT=5 23:03:53 ---
--- FW IODebug 1.2.2 2026-08-31 LIFT=5 23:04:23 ---
23:04:28.203    16804662  FFFFFFF7F7FFF  D17,D25
--- FW IODebug 1.2.2 2026-08-31 LIFT=5 23:04:53 ---
--- FW IODebug 1.2.2 2026-08-31 LIFT=5 23:05:23 ---
23:05:28.674    16864662  FFFFFFF7F7FFF  D17,D25
--- FW IODebug 1.2.2 2026-08-31 LIFT=5 23:05:54 ---
--- FW IODebug 1.2.2 2026-08-31 LIFT=5 23:06:24 ---
23:06:29.125    16924662  FFFFFFF7F7FFF  D17,D25
--- FW IODebug 1.2.2 2026-08-31 LIFT=5 23:06:54 ---
--- FW IODebug 1.2.2 2026-08-31 LIFT=5 23:07:24 ---
23:07:29.590    16984662  FFFFFFF7F7FFF  D17,D25
--- FW IODebug 1.2.2 2026-08-31 LIFT=5 23:07:55 ---
--- FW IODebug 1.2.2 2026-08-31 LIFT=5 23:08:25 ---
23:08:30.053    17044662  FFFFFFF7F7FFF  D17,D25
--- FW IODebug 1.2.2 2026-08-31 LIFT=5 23:08:55 ---
--- FW IODebug 1.2.2 2026-08-31 LIFT=5 23:09:25 ---
23:09:30.513    17104662  FFFFFFF7F7FFF  D17,D25
--- FW IODebug 1.2.2 2026-08-31 LIFT=5 23:09:56 ---
--- FW IODebug 1.2.2 2026-08-31 LIFT=5 23:10:26 ---
23:10:30.978    17164662  FFFFFFF7F7FFF  D17,D25
--- FW IODebug 1.2.2 2026-08-31 LIFT=5 23:10:56 ---
--- FW IODebug 1.2.2 2026-08-31 LIFT=5 23:11:26 ---
23:11:31.436    17224662  FFFFFFF7F7FFF  D17,D25
23:11:40.939    17234093  FFFFFFF7E7FFF  D17,D18,D25
23:11:40.939    17234095  FFFFFFF7F7FFF  D17,D25
--- FW IODebug 1.2.2 2026-08-31 LIFT=5 23:11:56 ---
--- FW IODebug 1.2.2 2026-08-31 LIFT=5 23:12:27 ---
23:12:41.404    17294095  FFFFFFF7F7FFF  D17,D25
--- FW IODebug 1.2.2 2026-08-31 LIFT=5 23:12:57 ---
--- FW IODebug 1.2.2 2026-08-31 LIFT=5 23:13:27 ---
23:13:41.856    17354095  FFFFFFF7F7FFF  D17,D25
--- FW IODebug 1.2.2 2026-08-31 LIFT=5 23:13:57 ---
--- FW IODebug 1.2.2 2026-08-31 LIFT=5 23:14:28 ---
23:14:42.321    17414095  FFFFFFF7F7FFF  D17,D25
--- FW IODebug 1.2.2 2026-08-31 LIFT=5 23:14:58 ---
--- FW IODebug 1.2.2 2026-08-31 LIFT=5 23:15:28 ---
23:15:42.781    17474095  FFFFFFF7F7FFF  D17,D25
--- FW IODebug 1.2.2 2026-08-31 LIFT=5 23:15:58 ---
--- FW IODebug 1.2.2 2026-08-31 LIFT=5 23:16:29 ---
23:16:43.246    17534095  FFFFFFF7F7FFF  D17,D25
--- FW IODebug 1.2.2 2026-08-31 LIFT=5 23:16:59 ---
--- FW IODebug 1.2.2 2026-08-31 LIFT=5 23:17:29 ---
23:17:43.708    17594095  FFFFFFF7F7FFF  D17,D25
--- FW IODebug 1.2.2 2026-08-31 LIFT=5 23:17:59 ---
--- FW IODebug 1.2.2 2026-08-31 LIFT=5 23:18:29 ---
23:18:44.153    17654095  FFFFFFF7F7FFF  D17,D25
--- FW IODebug 1.2.2 2026-08-31 LIFT=5 23:19:00 ---
--- FW IODebug 1.2.2 2026-08-31 LIFT=5 23:19:30 ---
23:19:44.613    17714095  FFFFFFF7F7FFF  D17,D25
--- FW IODebug 1.2.2 2026-08-31 LIFT=5 23:20:00 ---
--- FW IODebug 1.2.2 2026-08-31 LIFT=5 23:20:30 ---
23:20:45.081    17774095  FFFFFFF7F7FFF  D17,D25
--- FW IODebug 1.2.2 2026-08-31 LIFT=5 23:21:01 ---
--- FW IODebug 1.2.2 2026-08-31 LIFT=5 23:21:31 ---
23:21:45.548    17834095  FFFFFFF7F7FFF  D17,D25
--- FW IODebug 1.2.2 2026-08-31 LIFT=5 23:22:01 ---
--- FW IODebug 1.2.2 2026-08-31 LIFT=5 23:22:31 ---
23:22:45.998    17894095  FFFFFFF7F7FFF  D17,D25
--- FW IODebug 1.2.2 2026-08-31 LIFT=5 23:23:02 ---
--- FW IODebug 1.2.2 2026-08-31 LIFT=5 23:23:32 ---
23:23:46.457    17954095  FFFFFFF7F7FFF  D17,D25
--- FW IODebug 1.2.2 2026-08-31 LIFT=5 23:24:02 ---
--- FW IODebug 1.2.2 2026-08-31 LIFT=5 23:24:32 ---
23:24:46.922    18014095  FFFFFFF7F7FFF  D17,D25
--- FW IODebug 1.2.2 2026-08-31 LIFT=5 23:25:02 ---
--- FW IODebug 1.2.2 2026-08-31 LIFT=5 23:25:33 ---
23:25:47.381    18074095  FFFFFFF7F7FFF  D17,D25
--- FW IODebug 1.2.2 2026-08-31 LIFT=5 23:26:03 ---
--- FW IODebug 1.2.2 2026-08-31 LIFT=5 23:26:33 ---
23:26:47.838    18134095  FFFFFFF7F7FFF  D17,D25
--- FW IODebug 1.2.2 2026-08-31 LIFT=5 23:27:03 ---
--- FW IODebug 1.2.2 2026-08-31 LIFT=5 23:27:34 ---
23:27:48.296    18194095  FFFFFFF7F7FFF  D17,D25
--- FW IODebug 1.2.2 2026-08-31 LIFT=5 23:28:04 ---
--- FW IODebug 1.2.2 2026-08-31 LIFT=5 23:28:34 ---
23:28:48.760    18254095  FFFFFFF7F7FFF  D17,D25
--- FW IODebug 1.2.2 2026-08-31 LIFT=5 23:29:04 ---
--- FW IODebug 1.2.2 2026-08-31 LIFT=5 23:29:35 ---
23:29:49.223    18314095  FFFFFFF7F7FFF  D17,D25
--- FW IODebug 1.2.2 2026-08-31 LIFT=5 23:30:05 ---
--- FW IODebug 1.2.2 2026-08-31 LIFT=5 23:30:35 ---
23:30:49.692    18374095  FFFFFFF7F7FFF  D17,D25
--- FW IODebug 1.2.2 2026-08-31 LIFT=5 23:31:05 ---
--- FW IODebug 1.2.2 2026-08-31 LIFT=5 23:31:35 ---
23:31:50.146    18434095  FFFFFFF7F7FFF  D17,D25
--- FW IODebug 1.2.2 2026-08-31 LIFT=5 23:32:06 ---
--- FW IODebug 1.2.2 2026-08-31 LIFT=5 23:32:36 ---
23:32:50.590    18494095  FFFFFFF7F7FFF  D17,D25
--- FW IODebug 1.2.2 2026-08-31 LIFT=5 23:33:06 ---
--- FW IODebug 1.2.2 2026-08-31 LIFT=5 23:33:36 ---
23:33:51.060    18554095  FFFFFFF7F7FFF  D17,D25
--- FW IODebug 1.2.2 2026-08-31 LIFT=5 23:34:07 ---
--- FW IODebug 1.2.2 2026-08-31 LIFT=5 23:34:37 ---
23:34:51.507    18614095  FFFFFFF7F7FFF  D17,D25
--- FW IODebug 1.2.2 2026-08-31 LIFT=5 23:35:07 ---
--- FW IODebug 1.2.2 2026-08-31 LIFT=5 23:35:37 ---
23:35:52.002    18674095  FFFFFFF7F7FFF  D17,D25
--- FW IODebug 1.2.2 2026-08-31 LIFT=5 23:36:08 ---
--- FW IODebug 1.2.2 2026-08-31 LIFT=5 23:36:38 ---
23:36:52.430    18734095  FFFFFFF7F7FFF  D17,D25
--- FW IODebug 1.2.2 2026-08-31 LIFT=5 23:37:08 ---
--- FW IODebug 1.2.2 2026-08-31 LIFT=5 23:37:38 ---
23:37:52.892    18794095  FFFFFFF7F7FFF  D17,D25
--- FW IODebug 1.2.2 2026-08-31 LIFT=5 23:38:08 ---
--- FW IODebug 1.2.2 2026-08-31 LIFT=5 23:38:39 ---
23:38:53.355    18854095  FFFFFFF7F7FFF  D17,D25
--- FW IODebug 1.2.2 2026-08-31 LIFT=5 23:39:09 ---
--- FW IODebug 1.2.2 2026-08-31 LIFT=5 23:39:39 ---
23:39:53.826    18914095  FFFFFFF7F7FFF  D17,D25
--- FW IODebug 1.2.2 2026-08-31 LIFT=5 23:40:09 ---
--- FW IODebug 1.2.2 2026-08-31 LIFT=5 23:40:40 ---
23:40:54.286    18974095  FFFFFFF7F7FFF  D17,D25
--- FW IODebug 1.2.2 2026-08-31 LIFT=5 23:41:10 ---
--- FW IODebug 1.2.2 2026-08-31 LIFT=5 23:41:40 ---
23:41:54.741    19034095  FFFFFFF7F7FFF  D17,D25
--- FW IODebug 1.2.2 2026-08-31 LIFT=5 23:42:10 ---
--- FW IODebug 1.2.2 2026-08-31 LIFT=5 23:42:40 ---
23:42:55.198    19094095  FFFFFFF7F7FFF  D17,D25
--- FW IODebug 1.2.2 2026-08-31 LIFT=5 23:43:11 ---
--- FW IODebug 1.2.2 2026-08-31 LIFT=5 23:43:41 ---
23:43:55.664    19154095  FFFFFFF7F7FFF  D17,D25
--- FW IODebug 1.2.2 2026-08-31 LIFT=5 23:44:11 ---
--- FW IODebug 1.2.2 2026-08-31 LIFT=5 23:44:41 ---
23:44:56.134    19214095  FFFFFFF7F7FFF  D17,D25
--- FW IODebug 1.2.2 2026-08-31 LIFT=5 23:45:12 ---
--- FW IODebug 1.2.2 2026-08-31 LIFT=5 23:45:42 ---
23:45:56.597    19274095  FFFFFFF7F7FFF  D17,D25
--- FW IODebug 1.2.2 2026-08-31 LIFT=5 23:46:12 ---
--- FW IODebug 1.2.2 2026-08-31 LIFT=5 23:46:42 ---
23:46:57.030    19334095  FFFFFFF7F7FFF  D17,D25
--- FW IODebug 1.2.2 2026-08-31 LIFT=5 23:47:13 ---
--- FW IODebug 1.2.2 2026-08-31 LIFT=5 23:47:43 ---
23:47:49.057    19385707  FFFFFFF7FFFFF  D25
23:47:49.722    19386384  FFFFFFF7F7FFF  D17,D25
--- FW IODebug 1.2.2 2026-08-31 LIFT=5 23:48:13 ---
--- FW IODebug 1.2.2 2026-08-31 LIFT=5 23:48:43 ---
23:48:50.192    19446384  FFFFFFF7F7FFF  D17,D25
--- FW IODebug 1.2.2 2026-08-31 LIFT=5 23:49:13 ---
--- FW IODebug 1.2.2 2026-08-31 LIFT=5 23:49:44 ---
23:49:50.652    19506384  FFFFFFF7F7FFF  D17,D25
--- FW IODebug 1.2.2 2026-08-31 LIFT=5 23:50:14 ---
--- FW IODebug 1.2.2 2026-08-31 LIFT=5 23:50:44 ---
23:50:51.104    19566384  FFFFFFF7F7FFF  D17,D25
--- FW IODebug 1.2.2 2026-08-31 LIFT=5 23:51:14 ---
--- FW IODebug 1.2.2 2026-08-31 LIFT=5 23:51:45 ---
23:51:51.572    19626384  FFFFFFF7F7FFF  D17,D25
--- FW IODebug 1.2.2 2026-08-31 LIFT=5 23:52:15 ---
--- FW IODebug 1.2.2 2026-08-31 LIFT=5 23:52:45 ---
23:52:52.029    19686384  FFFFFFF7F7FFF  D17,D25
--- FW IODebug 1.2.2 2026-08-31 LIFT=5 23:53:15 ---
--- FW IODebug 1.2.2 2026-08-31 LIFT=5 23:53:46 ---
23:53:52.493    19746384  FFFFFFF7F7FFF  D17,D25
--- FW IODebug 1.2.2 2026-08-31 LIFT=5 23:54:16 ---
--- FW IODebug 1.2.2 2026-08-31 LIFT=5 23:54:46 ---
23:54:52.955    19806384  FFFFFFF7F7FFF  D17,D25
--- FW IODebug 1.2.2 2026-08-31 LIFT=5 23:55:16 ---
--- FW IODebug 1.2.2 2026-08-31 LIFT=5 23:55:46 ---
23:55:53.405    19866384  FFFFFFF7F7FFF  D17,D25
--- FW IODebug 1.2.2 2026-08-31 LIFT=5 23:56:17 ---
--- FW IODebug 1.2.2 2026-08-31 LIFT=5 23:56:47 ---
23:56:53.880    19926384  FFFFFFF7F7FFF  D17,D25
--- FW IODebug 1.2.2 2026-08-31 LIFT=5 23:57:17 ---
--- FW IODebug 1.2.2 2026-08-31 LIFT=5 23:57:47 ---
23:57:54.357    19986384  FFFFFFF7F7FFF  D17,D25
--- FW IODebug 1.2.2 2026-08-31 LIFT=5 23:58:18 ---
--- FW IODebug 1.2.2 2026-08-31 LIFT=5 23:58:48 ---
23:58:54.801    20046384  FFFFFFF7F7FFF  D17,D25
--- FW IODebug 1.2.2 2026-08-31 LIFT=5 23:59:18 ---
--- FW IODebug 1.2.2 2026-08-31 LIFT=5 23:59:48 ---
23:59:55.252    20106384  FFFFFFF7F7FFF  D17,D25
--- FW IODebug 1.2.2 2026-08-31 LIFT=5 00:00:19 ---
--- FW IODebug 1.2.2 2026-08-31 LIFT=5 00:00:49 ---
00:00:55.709    20166384  FFFFFFF7F7FFF  D17,D25
--- FW IODebug 1.2.2 2026-08-31 LIFT=5 00:01:19 ---
--- FW IODebug 1.2.2 2026-08-31 LIFT=5 00:01:49 ---
00:01:56.176    20226384  FFFFFFF7F7FFF  D17,D25
--- FW IODebug 1.2.2 2026-08-31 LIFT=5 00:02:19 ---
--- FW IODebug 1.2.2 2026-08-31 LIFT=5 00:02:50 ---
00:02:56.638    20286384  FFFFFFF7F7FFF  D17,D25
--- FW IODebug 1.2.2 2026-08-31 LIFT=5 00:03:20 ---
--- FW IODebug 1.2.2 2026-08-31 LIFT=5 00:03:50 ---
00:03:57.096    20346384  FFFFFFF7F7FFF  D17,D25
--- FW IODebug 1.2.2 2026-08-31 LIFT=5 00:04:20 ---
--- FW IODebug 1.2.2 2026-08-31 LIFT=5 00:04:51 ---
00:04:57.557    20406384  FFFFFFF7F7FFF  D17,D25
--- FW IODebug 1.2.2 2026-08-31 LIFT=5 00:05:21 ---
--- FW IODebug 1.2.2 2026-08-31 LIFT=5 00:05:51 ---
00:05:58.023    20466384  FFFFFFF7F7FFF  D17,D25
--- FW IODebug 1.2.2 2026-08-31 LIFT=5 00:06:21 ---
--- FW IODebug 1.2.2 2026-08-31 LIFT=5 00:06:52 ---
00:06:58.474    20526384  FFFFFFF7F7FFF  D17,D25
--- FW IODebug 1.2.2 2026-08-31 LIFT=5 00:07:22 ---
--- FW IODebug 1.2.2 2026-08-31 LIFT=5 00:07:52 ---
00:07:58.930    20586384  FFFFFFF7F7FFF  D17,D25
--- FW IODebug 1.2.2 2026-08-31 LIFT=5 00:08:22 ---
--- FW IODebug 1.2.2 2026-08-31 LIFT=5 00:08:52 ---
00:08:59.393    20646384  FFFFFFF7F7FFF  D17,D25
--- FW IODebug 1.2.2 2026-08-31 LIFT=5 00:09:23 ---
--- FW IODebug 1.2.2 2026-08-31 LIFT=5 00:09:53 ---
00:09:59.844    20706384  FFFFFFF7F7FFF  D17,D25
--- FW IODebug 1.2.2 2026-08-31 LIFT=5 00:10:23 ---
--- FW IODebug 1.2.2 2026-08-31 LIFT=5 00:10:53 ---
00:11:00.322    20766384  FFFFFFF7F7FFF  D17,D25
--- FW IODebug 1.2.2 2026-08-31 LIFT=5 00:11:24 ---
--- FW IODebug 1.2.2 2026-08-31 LIFT=5 00:11:54 ---
00:12:00.789    20826384  FFFFFFF7F7FFF  D17,D25
--- FW IODebug 1.2.2 2026-08-31 LIFT=5 00:12:24 ---
--- FW IODebug 1.2.2 2026-08-31 LIFT=5 00:12:54 ---
00:13:01.233    20886384  FFFFFFF7F7FFF  D17,D25
--- FW IODebug 1.2.2 2026-08-31 LIFT=5 00:13:25 ---
--- FW IODebug 1.2.2 2026-08-31 LIFT=5 00:13:55 ---
00:14:01.688    20946384  FFFFFFF7F7FFF  D17,D25
--- FW IODebug 1.2.2 2026-08-31 LIFT=5 00:14:25 ---
--- FW IODebug 1.2.2 2026-08-31 LIFT=5 00:14:55 ---
00:15:02.158    21006384  FFFFFFF7F7FFF  D17,D25
--- FW IODebug 1.2.2 2026-08-31 LIFT=5 00:15:25 ---
--- FW IODebug 1.2.2 2026-08-31 LIFT=5 00:15:56 ---
00:16:02.625    21066384  FFFFFFF7F7FFF  D17,D25
--- FW IODebug 1.2.2 2026-08-31 LIFT=5 00:16:26 ---
--- FW IODebug 1.2.2 2026-08-31 LIFT=5 00:16:56 ---
00:17:03.091    21126384  FFFFFFF7F7FFF  D17,D25
--- FW IODebug 1.2.2 2026-08-31 LIFT=5 00:17:26 ---
--- FW IODebug 1.2.2 2026-08-31 LIFT=5 00:17:57 ---
00:18:03.547    21186384  FFFFFFF7F7FFF  D17,D25
--- FW IODebug 1.2.2 2026-08-31 LIFT=5 00:18:27 ---
--- FW IODebug 1.2.2 2026-08-31 LIFT=5 00:18:57 ---
00:19:04.001    21246384  FFFFFFF7F7FFF  D17,D25
--- FW IODebug 1.2.2 2026-08-31 LIFT=5 00:19:27 ---
===== capture stopped 2026-09-13 00:19:56, 170 changes in 167.4 min, 0 rejected =====
# lift: 5

===== capture started 2026-09-13 08:10:32  lift=5  port=COM14 =====
--- listening (one-way) 08:11:02 ---
--- FW IODebug 1.2.2 2026-08-31 LIFT=5 08:11:33 ---
08:11:41.573    49388301  FFFFFFF7D7FFF  D17,D19,D25
08:11:42.614    49389334  FFFFFFF7D3FFF  D16,D17,D19,D25
08:11:46.691    49393382  FFFFFFF3D3FFF  D16,D17,D19,D24,D25
08:11:48.982    49395645  FFFFFFE3D3FFF  D16,D17,D19,D24,D25,D26
08:11:48.982    49395647  FFFFFFEBD3FFF  D16,D17,D19,D24,D26
08:11:48.982    49395649  FFFFFFEFD3FFF  D16,D17,D19,D26
08:11:50.985    49397628  FFFFFFEBD3FFF  D16,D17,D19,D24,D26
08:11:52.658    49399297  FFFFFFE3D3FFF  D16,D17,D19,D24,D25,D26
08:11:52.658    49399301  FFFFFFE7D3FFF  D16,D17,D19,D25,D26
08:11:54.057    49400686  FFFFFFE3D3FFF  D16,D17,D19,D24,D25,D26
08:11:55.500    49402116  FFFFFFC3D3FFF  D16,D17,D19,D24,D25,D26,D27
08:11:55.500    49402117  FFFFFFCBD3FFF  D16,D17,D19,D24,D26,D27
08:11:55.500    49402119  FFFFFFCFD3FFF  D16,D17,D19,D26,D27
08:11:55.500    49402122  FFFFFFDFD3FFF  D16,D17,D19,D27
08:11:56.853    49403464  FFFFFFDBD3FFF  D16,D17,D19,D24,D27
08:11:58.905    49405490  FFFFFFD3D3FFF  D16,D17,D19,D24,D25,D27
08:11:58.905    49405493  FFFFFFD7D3FFF  D16,D17,D19,D25,D27
08:12:01.175    49407751  FFFFFFD3D3FFF  D16,D17,D19,D24,D25,D27
08:12:03.439    49409696  FFFFFFC3D3FFF  D16,D17,D19,D24,D25,D26,D27
08:12:03.439    49409698  FFFFFFCBD3FFF  D16,D17,D19,D24,D26,D27
08:12:03.439    49409700  FFFFFFCFD3FFF  D16,D17,D19,D26,D27
--- FW IODebug 1.2.2 2026-08-31 LIFT=5 08:12:03 ---
08:12:04.822    49411363  FFFFFFCBD3FFF  D16,D17,D19,D24,D26,D27
08:12:06.105    49412634  FFFFFFC3D3FFF  D16,D17,D19,D24,D25,D26,D27
08:12:06.105    49412638  FFFFFFC7D3FFF  D16,D17,D19,D25,D26,D27
08:12:07.381    49413904  FFFFFFC3D3FFF  D16,D17,D19,D24,D25,D26,D27
08:12:08.659    49415175  FFFFFF8BD3FFF  D16,D17,D19,D24,D26,D27,D28
08:12:08.659    49415178  FFFFFFABD3FFF  D16,D17,D19,D24,D26,D28
08:12:08.659    49415180  FFFFFFAFD3FFF  D16,D17,D19,D26,D28
08:12:08.659    49415181  FFFFFFBFD3FFF  D16,D17,D19,D28
08:12:09.940    49416444  FFFFFFBBD3FFF  D16,D17,D19,D24,D28
08:12:11.220    49417715  FFFFFFB3D3FFF  D16,D17,D19,D24,D25,D28
08:12:11.220    49417719  FFFFFFB7D3FFF  D16,D17,D19,D25,D28
08:12:12.492    49418984  FFFFFFB3D3FFF  D16,D17,D19,D24,D25,D28
08:12:13.787    49420255  FFFFFFA3D3FFF  D16,D17,D19,D24,D25,D26,D28
08:12:13.787    49420257  FFFFFFABD3FFF  D16,D17,D19,D24,D26,D28
08:12:13.787    49420260  FFFFFFAFD3FFF  D16,D17,D19,D26,D28
08:12:15.051    49421524  FFFFFFABD3FFF  D16,D17,D19,D24,D26,D28
08:12:16.349    49422795  FFFFFFA3D3FFF  D16,D17,D19,D24,D25,D26,D28
08:12:16.349    49422799  FFFFFFA7D3FFF  D16,D17,D19,D25,D26,D28
08:12:18.052    49424304  FFFFFFA3D3FFF  D16,D17,D19,D24,D25,D26,D28
08:12:18.052    49424345  FFFFFFA393FFF  D16,D17,D19,D20,D24,D25,D26,D28
08:12:18.052    49424504  FFFFFFA3B3FFF  D16,D17,D20,D24,D25,D26,D28
08:12:20.688    49427121  FFFFFFA3B7FFF  D17,D20,D24,D25,D26,D28
--- FW IODebug 1.2.2 2026-08-31 LIFT=5 08:12:33 ---
08:12:37.214    49443516  FFFFFFA3B3FFF  D16,D17,D20,D24,D25,D26,D28
08:12:40.587    49446854  FFFFFFA7B3FFF  D16,D17,D20,D25,D26,D28
08:12:42.056    49448318  FFFFFFA3B3FFF  D16,D17,D20,D24,D25,D26,D28
08:12:42.056    49448321  FFFFFFABB3FFF  D16,D17,D20,D24,D26,D28
08:12:43.379    49449633  FFFFFFAFB3FFF  D16,D17,D20,D26,D28
08:12:44.656    49450899  FFFFFFABB3FFF  D16,D17,D20,D24,D26,D28
08:12:44.656    49450901  FFFFFFA3B3FFF  D16,D17,D20,D24,D25,D26,D28
08:12:44.656    49450906  FFFFFFB3B3FFF  D16,D17,D20,D24,D25,D28
08:12:45.895    49452134  FFFFFFB7B3FFF  D16,D17,D20,D25,D28
08:12:47.178    49453400  FFFFFFB3B3FFF  D16,D17,D20,D24,D25,D28
08:12:47.178    49453402  FFFFFFBBB3FFF  D16,D17,D20,D24,D28
08:12:48.459    49454674  FFFFFFBFB3FFF  D16,D17,D20,D28
08:12:49.738    49455939  FFFFFFBBB3FFF  D16,D17,D20,D24,D28
08:12:49.738    49455941  FFFFFFC3B3FFF  D16,D17,D20,D24,D25,D26,D27
08:12:51.019    49457215  FFFFFFC7B3FFF  D16,D17,D20,D25,D26,D27
08:12:52.302    49458480  FFFFFFC3B3FFF  D16,D17,D20,D24,D25,D26,D27
08:12:52.302    49458482  FFFFFFCBB3FFF  D16,D17,D20,D24,D26,D27
08:12:53.582    49459755  FFFFFFCFB3FFF  D16,D17,D20,D26,D27
08:12:55.268    49461417  FFFFFFCBB3FFF  D16,D17,D20,D24,D26,D27
08:12:55.268    49461420  FFFFFFC3B3FFF  D16,D17,D20,D24,D25,D26,D27
08:12:55.269    49461425  FFFFFFD3B3FFF  D16,D17,D20,D24,D25,D27
08:12:57.222    49463367  FFFFFFD7B3FFF  D16,D17,D20,D25,D27
08:12:59.500    49465625  FFFFFFD3B3FFF  D16,D17,D20,D24,D25,D27
08:12:59.500    49465627  FFFFFFDBB3FFF  D16,D17,D20,D24,D27
08:13:01.542    49467655  FFFFFFDFB3FFF  D16,D17,D20,D27
08:13:02.900    49468999  FFFFFFCBB3FFF  D16,D17,D20,D24,D26,D27
08:13:02.900    49469001  FFFFFFC3B3FFF  D16,D17,D20,D24,D25,D26,D27
08:13:02.900    49469003  FFFFFFE3B3FFF  D16,D17,D20,D24,D25,D26
--- FW IODebug 1.2.2 2026-08-31 LIFT=5 08:13:04 ---
08:13:04.331    49470433  FFFFFFE7B3FFF  D16,D17,D20,D25,D26
08:13:05.733    49471817  FFFFFFE3B3FFF  D16,D17,D20,D24,D25,D26
08:13:05.733    49471819  FFFFFFEBB3FFF  D16,D17,D20,D24,D26
08:13:07.410    49473488  FFFFFFEFB3FFF  D16,D17,D20,D26
08:13:09.539    49475589  FFFFFFEBB3FFF  D16,D17,D20,D24,D26
08:13:09.539    49475591  FFFFFFE3B3FFF  D16,D17,D20,D24,D25,D26
08:13:09.539    49475596  FFFFFFF3B3FFF  D16,D17,D20,D24,D25
08:13:12.848    49478882  FFFFFFF3B7FFF  D17,D20,D24,D25
08:13:27.650    49493572  FFFFFFF3F7FFF  D17,D24,D25
--- FW IODebug 1.2.2 2026-08-31 LIFT=5 08:13:34 ---
# lift: 5

===== capture started 2026-09-13 08:22:08  lift=5  port=COM14 =====
# lift: 5

===== capture started 2026-09-13 08:43:22  lift=5  port=COM14 =====
--- listening (one-way) 08:43:47 ---
08:44:17.109    51328965  FFFFFFF7F7FFF  D17,D25
--- FW IODebug 1.2.2 2026-08-31 LIFT=5 08:44:18 ---
--- FW IODebug 1.2.2 2026-08-31 LIFT=5 08:44:48 ---
08:45:17.554    51388965  FFFFFFF7F7FFF  D17,D25
--- FW IODebug 1.2.2 2026-08-31 LIFT=5 08:45:18 ---
--- FW IODebug 1.2.2 2026-08-31 LIFT=5 08:45:48 ---
08:46:18.005    51448965  FFFFFFF7F7FFF  D17,D25
--- FW IODebug 1.2.2 2026-08-31 LIFT=5 08:46:19 ---
--- FW IODebug 1.2.2 2026-08-31 LIFT=5 08:46:49 ---
08:47:18.480    51508965  FFFFFFF7F7FFF  D17,D25
--- FW IODebug 1.2.2 2026-08-31 LIFT=5 08:47:19 ---
08:47:30.111    51520509  FFFFFFF7B7FFF  D17,D20,D25
08:47:31.139    51521542  FFFFFFF7B3FFF  D16,D17,D20,D25
08:47:34.908    51525192  FFFFFFF3B3FFF  D16,D17,D20,D24,D25
08:47:34.908    51525194  FFFFFFFBB3FFF  D16,D17,D20,D24
08:47:34.909    51525272  FFFFFFFB93FFF  D16,D17,D19,D20,D24
08:47:34.909    51525273  FFFFFFFBD3FFF  D16,D17,D19,D24
08:47:37.855    51528208  FFFFFFFBD7FFF  D17,D19,D24
--- FW IODebug 1.2.2 2026-08-31 LIFT=5 08:47:49 ---
08:47:50.753    51540992  FFFFFFFBD3FFF  D16,D17,D19,D24
08:47:54.398    51544603  FFFFFFF3D3FFF  D16,D17,D19,D24,D25
08:47:54.398    51544607  FFFFFFF7D3FFF  D16,D17,D19,D25
08:47:57.426    51547618  FFFFFFF7D7FFF  D17,D19,D25
--- FW IODebug 1.2.2 2026-08-31 LIFT=5 08:48:19 ---
08:48:25.552    51575525  FFFFFFF7D3FFF  D16,D17,D19,D25
08:48:29.629    51579574  FFFFFFF3D3FFF  D16,D17,D19,D24,D25
08:48:31.908    51581836  FFFFFFE3D3FFF  D16,D17,D19,D24,D25,D26
08:48:31.908    51581838  FFFFFFEBD3FFF  D16,D17,D19,D24,D26
08:48:31.908    51581840  FFFFFFEFD3FFF  D16,D17,D19,D26
08:48:33.910    51583820  FFFFFFEBD3FFF  D16,D17,D19,D24,D26
08:48:35.588    51585488  FFFFFFE3D3FFF  D16,D17,D19,D24,D25,D26
08:48:35.588    51585492  FFFFFFE7D3FFF  D16,D17,D19,D25,D26
08:48:36.978    51586877  FFFFFFE3D3FFF  D16,D17,D19,D24,D25,D26
08:48:38.415    51588306  FFFFFFC3D3FFF  D16,D17,D19,D24,D25,D26,D27
08:48:38.415    51588308  FFFFFFCBD3FFF  D16,D17,D19,D24,D26,D27
08:48:38.415    51588311  FFFFFFCFD3FFF  D16,D17,D19,D26,D27
08:48:38.415    51588314  FFFFFFDFD3FFF  D16,D17,D19,D27
08:48:39.796    51589656  FFFFFFDBD3FFF  D16,D17,D19,D24,D27
08:48:41.829    51591680  FFFFFFD3D3FFF  D16,D17,D19,D24,D25,D27
08:48:41.829    51591685  FFFFFFD7D3FFF  D16,D17,D19,D25,D27
08:48:44.103    51593943  FFFFFFD3D3FFF  D16,D17,D19,D24,D25,D27
08:48:46.068    51595887  FFFFFFC3D3FFF  D16,D17,D19,D24,D25,D26,D27
08:48:46.068    51595889  FFFFFFCBD3FFF  D16,D17,D19,D24,D26,D27
08:48:46.068    51595892  FFFFFFCFD3FFF  D16,D17,D19,D26,D27
08:48:47.747    51597554  FFFFFFCBD3FFF  D16,D17,D19,D24,D26,D27
08:48:49.031    51598826  FFFFFFC3D3FFF  D16,D17,D19,D24,D25,D26,D27
08:48:49.031    51598829  FFFFFFC7D3FFF  D16,D17,D19,D25,D26,D27
--- FW IODebug 1.2.2 2026-08-31 LIFT=5 08:48:50 ---
08:48:50.294    51600095  FFFFFFC3D3FFF  D16,D17,D19,D24,D25,D26,D27
08:48:51.597    51601366  FFFFFF8BD3FFF  D16,D17,D19,D24,D26,D27,D28
08:48:51.597    51601369  FFFFFFABD3FFF  D16,D17,D19,D24,D26,D28
08:48:51.597    51601371  FFFFFFAFD3FFF  D16,D17,D19,D26,D28
08:48:51.597    51601373  FFFFFFBFD3FFF  D16,D17,D19,D28
08:48:52.857    51602635  FFFFFFBBD3FFF  D16,D17,D19,D24,D28
08:48:54.154    51603906  FFFFFFB3D3FFF  D16,D17,D19,D24,D25,D28
08:48:54.154    51603910  FFFFFFB7D3FFF  D16,D17,D19,D25,D28
08:48:55.422    51605176  FFFFFFB3D3FFF  D16,D17,D19,D24,D25,D28
08:48:56.722    51606447  FFFFFFA3D3FFF  D16,D17,D19,D24,D25,D26,D28
08:48:56.723    51606448  FFFFFFABD3FFF  D16,D17,D19,D24,D26,D28
08:48:56.724    51606451  FFFFFFAFD3FFF  D16,D17,D19,D26,D28
08:48:57.973    51607716  FFFFFFABD3FFF  D16,D17,D19,D24,D26,D28
08:48:59.516    51609226  FFFFFFA3D3FFF  D16,D17,D19,D24,D25,D26,D28
08:48:59.517    51609229  FFFFFFA7D3FFF  D16,D17,D19,D25,D26,D28
08:49:02.340    51612042  FFFFFFA7D7FFF  D17,D19,D25,D26,D28
08:49:16.981    51626573  FFFFFFA7F7FFF  D17,D25,D26,D28
--- FW IODebug 1.2.2 2026-08-31 LIFT=5 08:49:20 ---
08:49:49.310    51658645  FFFFFFA7B7FFF  D17,D20,D25,D26,D28
08:49:50.660    51659558  FFFFFFA7B3FFF  D16,D17,D20,D25,D26,D28
--- FW IODebug 1.2.2 2026-08-31 LIFT=5 08:49:50 ---
08:49:53.577    51662891  FFFFFFA3B3FFF  D16,D17,D20,D24,D25,D26,D28
08:49:53.577    51662893  FFFFFFABB3FFF  D16,D17,D20,D24,D26,D28
08:49:55.104    51664404  FFFFFFAFB3FFF  D16,D17,D20,D26,D28
08:49:56.381    51665670  FFFFFFABB3FFF  D16,D17,D20,D24,D26,D28
08:49:56.381    51665672  FFFFFFA3B3FFF  D16,D17,D20,D24,D25,D26,D28
08:49:56.381    51665677  FFFFFFB3B3FFF  D16,D17,D20,D24,D25,D28
08:49:57.660    51666945  FFFFFFB7B3FFF  D16,D17,D20,D25,D28
08:49:58.946    51668210  FFFFFFB3B3FFF  D16,D17,D20,D24,D25,D28
08:49:58.946    51668212  FFFFFFBBB3FFF  D16,D17,D20,D24,D28
08:50:00.228    51669484  FFFFFFBFB3FFF  D16,D17,D20,D28
08:50:01.509    51670751  FFFFFFBBB3FFF  D16,D17,D20,D24,D28
08:50:01.509    51670753  FFFFFFC3B3FFF  D16,D17,D20,D24,D25,D26,D27
08:50:02.775    51672025  FFFFFFC7B3FFF  D16,D17,D20,D25,D26,D27
08:50:04.058    51673291  FFFFFFC3B3FFF  D16,D17,D20,D24,D25,D26,D27
08:50:04.058    51673293  FFFFFFCBB3FFF  D16,D17,D20,D24,D26,D27
08:50:05.308    51674526  FFFFFFCFB3FFF  D16,D17,D20,D26,D27
08:50:07.002    51676189  FFFFFFC3B3FFF  D16,D17,D20,D24,D25,D26,D27
08:50:07.002    51676195  FFFFFFD3B3FFF  D16,D17,D20,D24,D25,D27
08:50:08.982    51678178  FFFFFFD7B3FFF  D16,D17,D20,D25,D27
08:50:11.262    51680436  FFFFFFD3B3FFF  D16,D17,D20,D24,D25,D27
08:50:11.263    51680438  FFFFFFDBB3FFF  D16,D17,D20,D24,D27
08:50:13.268    51682424  FFFFFFDFB3FFF  D16,D17,D20,D27
08:50:14.663    51683810  FFFFFFD3B3FFF  D16,D17,D20,D24,D25,D27
08:50:14.663    51683812  FFFFFFC3B3FFF  D16,D17,D20,D24,D25,D26,D27
08:50:14.663    51683814  FFFFFFE3B3FFF  D16,D17,D20,D24,D25,D26
08:50:16.064    51685203  FFFFFFE7B3FFF  D16,D17,D20,D25,D26
08:50:17.461    51686588  FFFFFFE3B3FFF  D16,D17,D20,D24,D25,D26
08:50:17.461    51686590  FFFFFFEBB3FFF  D16,D17,D20,D24,D26
08:50:19.145    51688260  FFFFFFEFB3FFF  D16,D17,D20,D26
--- FW IODebug 1.2.2 2026-08-31 LIFT=5 08:50:21 ---
08:50:21.188    51690280  FFFFFFEBB3FFF  D16,D17,D20,D24,D26
08:50:21.188    51690283  FFFFFFE3B3FFF  D16,D17,D20,D24,D25,D26
08:50:21.188    51690287  FFFFFFF3B3FFF  D16,D17,D20,D24,D25
08:50:23.422    51692508  FFFFFFF7B3FFF  D16,D17,D20,D25
08:50:27.055    51696034  FFFFFFF7B7FFF  D17,D20,D25
08:50:27.055    51696117  FFFFFFF7F7FFF  D17,D25
--- FW IODebug 1.2.2 2026-08-31 LIFT=5 08:50:51 ---
--- FW IODebug 1.2.2 2026-08-31 LIFT=5 08:51:21 ---
08:51:27.528    51756118  FFFFFFF7F7FFF  D17,D25
--- FW IODebug 1.2.2 2026-08-31 LIFT=5 08:51:51 ---
--- FW IODebug 1.2.2 2026-08-31 LIFT=5 08:52:21 ---
08:52:27.981    51816118  FFFFFFF7F7FFF  D17,D25
--- FW IODebug 1.2.2 2026-08-31 LIFT=5 08:52:52 ---
--- FW IODebug 1.2.2 2026-08-31 LIFT=5 08:53:22 ---
08:53:27.729    51875411  FFFFFFF7FFFFF  D25
08:53:28.415    51876088  FFFFFFF7F7FFF  D17,D25
--- FW IODebug 1.2.2 2026-08-31 LIFT=5 08:53:52 ---
--- FW IODebug 1.2.2 2026-08-31 LIFT=5 08:54:22 ---
08:54:28.869    51936088  FFFFFFF7F7FFF  D17,D25
--- FW IODebug 1.2.2 2026-08-31 LIFT=5 08:54:52 ---
--- FW IODebug 1.2.2 2026-08-31 LIFT=5 08:55:23 ---
08:55:29.324    51996088  FFFFFFF7F7FFF  D17,D25
08:55:44.152    52010810  FFFFFFF7D7FFF  D17,D19,D25
08:55:45.126    52011763  FFFFFFF7D3FFF  D16,D17,D19,D25
08:55:49.205    52015811  FFFFFFF3D3FFF  D16,D17,D19,D24,D25
08:55:51.485    52018074  FFFFFFE3D3FFF  D16,D17,D19,D24,D25,D26
08:55:51.485    52018076  FFFFFFEBD3FFF  D16,D17,D19,D24,D26
08:55:51.485    52018078  FFFFFFEFD3FFF  D16,D17,D19,D26
--- FW IODebug 1.2.2 2026-08-31 LIFT=5 08:55:53 ---
08:55:53.476    52020059  FFFFFFEBD3FFF  D16,D17,D19,D24,D26
08:55:55.161    52021727  FFFFFFE3D3FFF  D16,D17,D19,D24,D25,D26
08:55:55.161    52021730  FFFFFFE7D3FFF  D16,D17,D19,D25,D26
08:55:56.565    52023114  FFFFFFE3D3FFF  D16,D17,D19,D24,D25,D26
08:55:58.016    52024544  FFFFFFC3D3FFF  D16,D17,D19,D24,D25,D26,D27
08:55:58.016    52024546  FFFFFFCBD3FFF  D16,D17,D19,D24,D26,D27
08:55:58.016    52024548  FFFFFFCFD3FFF  D16,D17,D19,D26,D27
08:55:58.016    52024551  FFFFFFDFD3FFF  D16,D17,D19,D27
08:55:59.371    52025893  FFFFFFDBD3FFF  D16,D17,D19,D24,D27
08:56:01.405    52027919  FFFFFFD3D3FFF  D16,D17,D19,D24,D25,D27
08:56:01.405    52027922  FFFFFFD7D3FFF  D16,D17,D19,D25,D27
08:56:03.682    52030180  FFFFFFD3D3FFF  D16,D17,D19,D24,D25,D27
08:56:05.652    52032125  FFFFFFC3D3FFF  D16,D17,D19,D24,D25,D26,D27
08:56:05.652    52032128  FFFFFFCBD3FFF  D16,D17,D19,D24,D26,D27
08:56:05.652    52032130  FFFFFFCFD3FFF  D16,D17,D19,D26,D27
08:56:07.321    52033793  FFFFFFCBD3FFF  D16,D17,D19,D24,D26,D27
08:56:08.611    52035063  FFFFFFC3D3FFF  D16,D17,D19,D24,D25,D26,D27
08:56:08.611    52035067  FFFFFFC7D3FFF  D16,D17,D19,D25,D26,D27
08:56:09.891    52036333  FFFFFFC3D3FFF  D16,D17,D19,D24,D25,D26,D27
08:56:11.175    52037604  FFFFFF83D3FFF  D16,D17,D19,D24,D25,D26,D27,D28
08:56:11.175    52037606  FFFFFF8BD3FFF  D16,D17,D19,D24,D26,D27,D28
08:56:11.175    52037608  FFFFFFAFD3FFF  D16,D17,D19,D26,D28
08:56:11.175    52037610  FFFFFFBFD3FFF  D16,D17,D19,D28
08:56:12.437    52038874  FFFFFFBBD3FFF  D16,D17,D19,D24,D28
08:56:13.733    52040143  FFFFFFB3D3FFF  D16,D17,D19,D24,D25,D28
08:56:13.733    52040148  FFFFFFB7D3FFF  D16,D17,D19,D25,D28
08:56:14.998    52041414  FFFFFFB3D3FFF  D16,D17,D19,D24,D25,D28
08:56:16.280    52042684  FFFFFFA3D3FFF  D16,D17,D19,D24,D25,D26,D28
08:56:16.280    52042686  FFFFFFABD3FFF  D16,D17,D19,D24,D26,D28
08:56:16.280    52042688  FFFFFFAFD3FFF  D16,D17,D19,D26,D28
08:56:17.562    52043954  FFFFFFABD3FFF  D16,D17,D19,D24,D26,D28
08:56:19.095    52045463  FFFFFFA3D3FFF  D16,D17,D19,D24,D25,D26,D28
08:56:19.095    52045467  FFFFFFA7D3FFF  D16,D17,D19,D25,D26,D28
08:56:21.919    52048280  FFFFFFA7D7FFF  D17,D19,D25,D26,D28
--- FW IODebug 1.2.2 2026-08-31 LIFT=5 08:56:23 ---
08:56:38.882    52065113  FFFFFFA797FFF  D17,D19,D20,D25,D26,D28
08:56:38.882    52065115  FFFFFFA7B7FFF  D17,D20,D25,D26,D28
--- FW IODebug 1.2.2 2026-08-31 LIFT=5 08:56:53 ---
08:56:57.689    52083769  FFFFFFA7B3FFF  D16,D17,D20,D25,D26,D28
08:57:01.036    52087101  FFFFFFA3B3FFF  D16,D17,D20,D24,D25,D26,D28
08:57:01.036    52087103  FFFFFFABB3FFF  D16,D17,D20,D24,D26,D28
08:57:02.555    52088614  FFFFFFAFB3FFF  D16,D17,D20,D26,D28
08:57:03.843    52089880  FFFFFFABB3FFF  D16,D17,D20,D24,D26,D28
08:57:03.843    52089882  FFFFFFA3B3FFF  D16,D17,D20,D24,D25,D26,D28
08:57:03.843    52089887  FFFFFFB3B3FFF  D16,D17,D20,D24,D25,D28
08:57:05.123    52091155  FFFFFFB7B3FFF  D16,D17,D20,D25,D28
08:57:06.376    52092381  FFFFFFB3B3FFF  D16,D17,D20,D24,D25,D28
08:57:06.376    52092383  FFFFFFBBB3FFF  D16,D17,D20,D24,D28
08:57:07.641    52093656  FFFFFFBFB3FFF  D16,D17,D20,D28
08:57:08.923    52094921  FFFFFF8BB3FFF  D16,D17,D20,D24,D26,D27,D28
08:57:08.923    52094923  FFFFFFC3B3FFF  D16,D17,D20,D24,D25,D26,D27
08:57:10.204    52096196  FFFFFFC7B3FFF  D16,D17,D20,D25,D26,D27
08:57:11.480    52097462  FFFFFFC3B3FFF  D16,D17,D20,D24,D25,D26,D27
08:57:11.480    52097464  FFFFFFCBB3FFF  D16,D17,D20,D24,D26,D27
08:57:12.763    52098737  FFFFFFCFB3FFF  D16,D17,D20,D26,D27
08:57:14.443    52100399  FFFFFFCBB3FFF  D16,D17,D20,D24,D26,D27
08:57:14.443    52100401  FFFFFFC3B3FFF  D16,D17,D20,D24,D25,D26,D27
08:57:14.443    52100406  FFFFFFD3B3FFF  D16,D17,D20,D24,D25,D27
08:57:16.532    52102468  FFFFFFD7B3FFF  D16,D17,D20,D25,D27
08:57:19.767    52105677  FFFFFFD7B7FFF  D17,D20,D25,D27
--- FW IODebug 1.2.2 2026-08-31 LIFT=5 08:57:24 ---
08:57:34.555    52120368  FFFFFFD7F7FFF  D17,D25,D27
--- FW IODebug 1.2.2 2026-08-31 LIFT=5 08:57:54 ---
08:58:06.546    52152122  FFFFFFD7B7FFF  D17,D20,D25,D27
08:58:07.475    52153034  FFFFFFD7B3FFF  D16,D17,D20,D25,D27
08:58:11.767    52157281  FFFFFFD3B3FFF  D16,D17,D20,D24,D25,D27
08:58:11.767    52157283  FFFFFFDBB3FFF  D16,D17,D20,D24,D27
08:58:13.801    52159309  FFFFFFDFB3FFF  D16,D17,D20,D27
08:58:15.168    52160655  FFFFFFDBB3FFF  D16,D17,D20,D24,D27
08:58:15.168    52160657  FFFFFFC3B3FFF  D16,D17,D20,D24,D25,D26,D27
08:58:15.170    52160659  FFFFFFE3B3FFF  D16,D17,D20,D24,D25,D26
08:58:16.604    52162088  FFFFFFE7B3FFF  D16,D17,D20,D25,D26
08:58:17.991    52163473  FFFFFFE3B3FFF  D16,D17,D20,D24,D25,D26
08:58:17.991    52163475  FFFFFFEBB3FFF  D16,D17,D20,D24,D26
08:58:19.673    52165145  FFFFFFEFB3FFF  D16,D17,D20,D26
08:58:21.716    52167164  FFFFFFEBB3FFF  D16,D17,D20,D24,D26
08:58:21.716    52167165  FFFFFFE3B3FFF  D16,D17,D20,D24,D25,D26
08:58:21.716    52167172  FFFFFFF3B3FFF  D16,D17,D20,D24,D25
08:58:23.950    52169392  FFFFFFF7B3FFF  D16,D17,D20,D25
--- FW IODebug 1.2.2 2026-08-31 LIFT=5 08:58:24 ---
08:58:27.680    52172959  FFFFFFF7B7FFF  D17,D20,D25
08:58:27.680    52173081  FFFFFFF7F7FFF  D17,D25
--- FW IODebug 1.2.2 2026-08-31 LIFT=5 08:58:54 ---
--- FW IODebug 1.2.2 2026-08-31 LIFT=5 08:59:25 ---
08:59:28.143    52233081  FFFFFFF7F7FFF  D17,D25
--- FW IODebug 1.2.2 2026-08-31 LIFT=5 08:59:55 ---
--- FW IODebug 1.2.2 2026-08-31 LIFT=5 09:00:25 ---
09:00:28.588    52293081  FFFFFFF7F7FFF  D17,D25
--- FW IODebug 1.2.2 2026-08-31 LIFT=5 09:00:55 ---
--- FW IODebug 1.2.2 2026-08-31 LIFT=5 09:01:25 ---
09:01:28.356    52352375  FFFFFFF7FFFFF  D25
09:01:29.030    52353052  FFFFFFF7F7FFF  D17,D25
--- FW IODebug 1.2.2 2026-08-31 LIFT=5 09:01:56 ---
09:02:03.034    52386792  FFFFFFF7D7FFF  D17,D19,D25
--- FW IODebug 1.2.2 2026-08-31 LIFT=5 09:02:26 ---
09:02:35.581    52419103  FFFFFFF7D3FFF  D16,D17,D19,D25
09:02:39.664    52423151  FFFFFFF3D3FFF  D16,D17,D19,D24,D25
09:02:41.962    52425414  FFFFFFE3D3FFF  D16,D17,D19,D24,D25,D26
09:02:41.962    52425416  FFFFFFEBD3FFF  D16,D17,D19,D24,D26
09:02:41.962    52425418  FFFFFFEFD3FFF  D16,D17,D19,D26
09:02:43.947    52427399  FFFFFFEBD3FFF  D16,D17,D19,D24,D26
09:02:45.634    52429067  FFFFFFE3D3FFF  D16,D17,D19,D24,D25,D26
09:02:45.634    52429071  FFFFFFE7D3FFF  D16,D17,D19,D25,D26
09:02:47.016    52430454  FFFFFFE3D3FFF  D16,D17,D19,D24,D25,D26
09:02:48.490    52431885  FFFFFFC3D3FFF  D16,D17,D19,D24,D25,D26,D27
09:02:48.490    52431887  FFFFFFCBD3FFF  D16,D17,D19,D24,D26,D27
09:02:48.490    52431889  FFFFFFCFD3FFF  D16,D17,D19,D26,D27
09:02:48.490    52431891  FFFFFFDFD3FFF  D16,D17,D19,D27
09:02:49.816    52433233  FFFFFFDBD3FFF  D16,D17,D19,D24,D27
09:02:51.852    52435259  FFFFFFD3D3FFF  D16,D17,D19,D24,D25,D27
09:02:51.852    52435263  FFFFFFD7D3FFF  D16,D17,D19,D25,D27
09:02:54.136    52437521  FFFFFFD3D3FFF  D16,D17,D19,D24,D25,D27
09:02:56.099    52439467  FFFFFFC3D3FFF  D16,D17,D19,D24,D25,D26,D27
09:02:56.099    52439469  FFFFFFCBD3FFF  D16,D17,D19,D24,D26,D27
09:02:56.099    52439471  FFFFFFCFD3FFF  D16,D17,D19,D26,D27
--- FW IODebug 1.2.2 2026-08-31 LIFT=5 09:02:56 ---
09:02:57.769    52441133  FFFFFFCBD3FFF  D16,D17,D19,D24,D26,D27
09:02:59.060    52442404  FFFFFFC3D3FFF  D16,D17,D19,D24,D25,D26,D27
09:02:59.060    52442407  FFFFFFC7D3FFF  D16,D17,D19,D25,D26,D27
09:03:00.341    52443674  FFFFFFC3D3FFF  D16,D17,D19,D24,D25,D26,D27
09:03:01.623    52444945  FFFFFF8BD3FFF  D16,D17,D19,D24,D26,D27,D28
09:03:01.623    52444947  FFFFFFABD3FFF  D16,D17,D19,D24,D26,D28
09:03:01.623    52444949  FFFFFFAFD3FFF  D16,D17,D19,D26,D28
09:03:01.623    52444951  FFFFFFBFD3FFF  D16,D17,D19,D28
09:03:02.907    52446214  FFFFFFBBD3FFF  D16,D17,D19,D24,D28
09:03:04.183    52447484  FFFFFFB3D3FFF  D16,D17,D19,D24,D25,D28
09:03:04.183    52447489  FFFFFFB7D3FFF  D16,D17,D19,D25,D28
09:03:05.466    52448754  FFFFFFB3D3FFF  D16,D17,D19,D24,D25,D28
09:03:06.743    52450025  FFFFFFA3D3FFF  D16,D17,D19,D24,D25,D26,D28
09:03:06.743    52450026  FFFFFFABD3FFF  D16,D17,D19,D24,D26,D28
09:03:06.743    52450029  FFFFFFAFD3FFF  D16,D17,D19,D26,D28
09:03:08.018    52451295  FFFFFFABD3FFF  D16,D17,D19,D24,D26,D28
09:03:09.544    52452804  FFFFFFA3D3FFF  D16,D17,D19,D24,D25,D26,D28
09:03:09.544    52452807  FFFFFFA7D3FFF  D16,D17,D19,D25,D26,D28
09:03:12.388    52455620  FFFFFFA7D7FFF  D17,D19,D25,D26,D28
--- FW IODebug 1.2.2 2026-08-31 LIFT=5 09:03:27 ---
09:03:27.022    52470152  FFFFFFA7F7FFF  D17,D25,D26,D28
--- FW IODebug 1.2.2 2026-08-31 LIFT=5 09:03:57 ---
09:03:59.826    52502700  FFFFFFA7B7FFF  D17,D20,D25,D26,D28
09:04:00.738    52503612  FFFFFFA7B3FFF  D16,D17,D20,D25,D26,D28
09:04:04.104    52506946  FFFFFFA3B3FFF  D16,D17,D20,D24,D25,D26,D28
09:04:04.104    52506948  FFFFFFABB3FFF  D16,D17,D20,D24,D26,D28
09:04:05.625    52508459  FFFFFFAFB3FFF  D16,D17,D20,D26,D28
09:04:06.915    52509724  FFFFFFABB3FFF  D16,D17,D20,D24,D26,D28
09:04:06.915    52509726  FFFFFFA3B3FFF  D16,D17,D20,D24,D25,D26,D28
09:04:06.915    52509731  FFFFFFB3B3FFF  D16,D17,D20,D24,D25,D28
09:04:08.182    52510999  FFFFFFB7B3FFF  D16,D17,D20,D25,D28
09:04:09.466    52512265  FFFFFFB3B3FFF  D16,D17,D20,D24,D25,D28
09:04:09.466    52512267  FFFFFFBBB3FFF  D16,D17,D20,D24,D28
09:04:10.741    52513540  FFFFFFBFB3FFF  D16,D17,D20,D28
09:04:12.023    52514805  FFFFFFBBB3FFF  D16,D17,D20,D24,D28
09:04:12.023    52514807  FFFFFFC3B3FFF  D16,D17,D20,D24,D25,D26,D27
09:04:13.302    52516080  FFFFFFC7B3FFF  D16,D17,D20,D25,D26,D27
09:04:14.567    52517346  FFFFFFC3B3FFF  D16,D17,D20,D24,D25,D26,D27
09:04:14.567    52517348  FFFFFFCBB3FFF  D16,D17,D20,D24,D26,D27
09:04:15.830    52518581  FFFFFFCFB3FFF  D16,D17,D20,D26,D27
09:04:17.505    52520243  FFFFFFCBB3FFF  D16,D17,D20,D24,D26,D27
09:04:17.505    52520245  FFFFFFC3B3FFF  D16,D17,D20,D24,D25,D26,D27
09:04:17.505    52520251  FFFFFFD3B3FFF  D16,D17,D20,D24,D25,D27
09:04:19.495    52522232  FFFFFFD7B3FFF  D16,D17,D20,D25,D27
09:04:21.781    52524491  FFFFFFD3B3FFF  D16,D17,D20,D24,D25,D27
09:04:21.781    52524492  FFFFFFDBB3FFF  D16,D17,D20,D24,D27
09:04:23.808    52526519  FFFFFFDFB3FFF  D16,D17,D20,D27
09:04:25.179    52527864  FFFFFFCBB3FFF  D16,D17,D20,D24,D26,D27
09:04:25.179    52527866  FFFFFFC3B3FFF  D16,D17,D20,D24,D25,D26,D27
09:04:25.179    52527868  FFFFFFE3B3FFF  D16,D17,D20,D24,D25,D26
09:04:26.577    52529258  FFFFFFE7B3FFF  D16,D17,D20,D25,D26
--- FW IODebug 1.2.2 2026-08-31 LIFT=5 09:04:27 ---
09:04:27.981    52530642  FFFFFFE3B3FFF  D16,D17,D20,D24,D25,D26
09:04:27.981    52530644  FFFFFFEBB3FFF  D16,D17,D20,D24,D26
09:04:29.651    52532315  FFFFFFEFB3FFF  D16,D17,D20,D26
09:04:31.710    52534335  FFFFFFE3B3FFF  D16,D17,D20,D24,D25,D26
09:04:31.710    52534342  FFFFFFF3B3FFF  D16,D17,D20,D24,D25
09:04:33.935    52536562  FFFFFFF7B3FFF  D16,D17,D20,D25
09:04:37.747    52540089  FFFFFFF7B7FFF  D17,D20,D25
09:04:37.747    52540172  FFFFFFF7F7FFF  D17,D25
09:04:37.747    52540328  FFFFFFF7D7FFF  D17,D19,D25
09:04:41.616    52544180  FFFFFFF7D3FFF  D16,D17,D19,D25
09:04:45.694    52548228  FFFFFFF3D3FFF  D16,D17,D19,D24,D25
09:04:47.992    52550491  FFFFFFE3D3FFF  D16,D17,D19,D24,D25,D26
09:04:47.992    52550493  FFFFFFEBD3FFF  D16,D17,D19,D24,D26
09:04:47.992    52550495  FFFFFFEFD3FFF  D16,D17,D19,D26
09:04:49.984    52552475  FFFFFFEBD3FFF  D16,D17,D19,D24,D26
09:04:51.653    52554142  FFFFFFE3D3FFF  D16,D17,D19,D24,D25,D26
09:04:51.653    52554146  FFFFFFE7D3FFF  D16,D17,D19,D25,D26
09:04:53.066    52555532  FFFFFFE3D3FFF  D16,D17,D19,D24,D25,D26
09:04:54.590    52556960  FFFFFFC3D3FFF  D16,D17,D19,D24,D25,D26,D27
09:04:54.590    52556962  FFFFFFCBD3FFF  D16,D17,D19,D24,D26,D27
09:04:54.590    52556964  FFFFFFCFD3FFF  D16,D17,D19,D26,D27
09:04:54.590    52556967  FFFFFFDFD3FFF  D16,D17,D19,D27
09:04:55.865    52558310  FFFFFFDBD3FFF  D16,D17,D19,D24,D27
--- FW IODebug 1.2.2 2026-08-31 LIFT=5 09:04:57 ---
09:04:57.905    52560335  FFFFFFD3D3FFF  D16,D17,D19,D24,D25,D27
09:04:57.905    52560338  FFFFFFD7D3FFF  D16,D17,D19,D25,D27
09:05:00.177    52562596  FFFFFFD3D3FFF  D16,D17,D19,D24,D25,D27
09:05:02.144    52564542  FFFFFFC3D3FFF  D16,D17,D19,D24,D25,D26,D27
09:05:02.144    52564544  FFFFFFCBD3FFF  D16,D17,D19,D24,D26,D27
09:05:02.144    52564546  FFFFFFCFD3FFF  D16,D17,D19,D26,D27
09:05:03.812    52566209  FFFFFFCBD3FFF  D16,D17,D19,D24,D26,D27
09:05:05.104    52567480  FFFFFFC3D3FFF  D16,D17,D19,D24,D25,D26,D27
09:05:05.104    52567484  FFFFFFC7D3FFF  D16,D17,D19,D25,D26,D27
09:05:06.386    52568750  FFFFFFC3D3FFF  D16,D17,D19,D24,D25,D26,D27
09:05:07.665    52570020  FFFFFF8BD3FFF  D16,D17,D19,D24,D26,D27,D28
09:05:07.665    52570023  FFFFFFABD3FFF  D16,D17,D19,D24,D26,D28
09:05:07.665    52570024  FFFFFFAFD3FFF  D16,D17,D19,D26,D28
09:05:07.666    52570027  FFFFFFBFD3FFF  D16,D17,D19,D28
09:05:08.943    52571290  FFFFFFBBD3FFF  D16,D17,D19,D24,D28
===== capture stopped 2026-09-13 09:05:09, 293 changes in 21.8 min, 0 rejected =====
# lift: 5

===== capture started 2026-09-13 09:08:02  lift=5  port=COM14 =====
--- listening (one-way) 09:08:29 ---
09:08:58.353    52798960  FFFFFFF7F7FFF  D17,D25
--- FW IODebug 1.2.2 2026-08-31 LIFT=5 09:08:59 ---
--- FW IODebug 1.2.2 2026-08-31 LIFT=5 09:09:29 ---
09:09:58.810    52858960  FFFFFFF7F7FFF  D17,D25
--- FW IODebug 1.2.2 2026-08-31 LIFT=5 09:09:59 ---
09:10:03.796    52863915  FFFFFFF7D7FFF  D17,D19,D25
09:10:04.727    52864828  FFFFFFF7D3FFF  D16,D17,D19,D25
09:10:08.796    52868877  FFFFFFF3D3FFF  D16,D17,D19,D24,D25
09:10:11.094    52871139  FFFFFFE3D3FFF  D16,D17,D19,D24,D25,D26
09:10:11.094    52871141  FFFFFFEBD3FFF  D16,D17,D19,D24,D26
09:10:11.094    52871143  FFFFFFEFD3FFF  D16,D17,D19,D26
09:10:13.096    52873123  FFFFFFEBD3FFF  D16,D17,D19,D24,D26
09:10:14.786    52874791  FFFFFFE3D3FFF  D16,D17,D19,D24,D25,D26
09:10:14.786    52874795  FFFFFFE7D3FFF  D16,D17,D19,D25,D26
09:10:16.162    52876180  FFFFFFE3D3FFF  D16,D17,D19,D24,D25,D26
09:10:17.609    52877609  FFFFFFC3D3FFF  D16,D17,D19,D24,D25,D26,D27
09:10:17.609    52877612  FFFFFFCBD3FFF  D16,D17,D19,D24,D26,D27
09:10:17.609    52877614  FFFFFFCFD3FFF  D16,D17,D19,D26,D27
09:10:17.609    52877616  FFFFFFDFD3FFF  D16,D17,D19,D27
09:10:18.970    52878958  FFFFFFDBD3FFF  D16,D17,D19,D24,D27
09:10:21.035    52881024  FFFFFFD3D3FFF  D16,D17,D19,D24,D25,D27
09:10:21.035    52881027  FFFFFFD7D3FFF  D16,D17,D19,D25,D27
09:10:24.816    52884753  FFFFFFD7D7FFF  D17,D19,D25,D27
--- FW IODebug 1.2.2 2026-08-31 LIFT=5 09:10:30 ---
09:10:41.309    52901148  FFFFFFD7D3FFF  D16,D17,D19,D25,D27
09:10:45.076    52904879  FFFFFFD3D3FFF  D16,D17,D19,D24,D25,D27
09:10:47.152    52906943  FFFFFFC3D3FFF  D16,D17,D19,D24,D25,D26,D27
09:10:47.152    52906945  FFFFFFCBD3FFF  D16,D17,D19,D24,D26,D27
09:10:47.152    52906947  FFFFFFCFD3FFF  D16,D17,D19,D26,D27
09:10:48.836    52908610  FFFFFFCBD3FFF  D16,D17,D19,D24,D26,D27
09:10:50.082    52909841  FFFFFFC3D3FFF  D16,D17,D19,D24,D25,D26,D27
09:10:50.082    52909845  FFFFFFC7D3FFF  D16,D17,D19,D25,D26,D27
09:10:51.368    52911111  FFFFFFC3D3FFF  D16,D17,D19,D24,D25,D26,D27
09:10:52.650    52912381  FFFFFF8BD3FFF  D16,D17,D19,D24,D26,D27,D28
09:10:52.650    52912385  FFFFFFABD3FFF  D16,D17,D19,D24,D26,D28
09:10:52.650    52912387  FFFFFFAFD3FFF  D16,D17,D19,D26,D28
09:10:52.650    52912389  FFFFFFBFD3FFF  D16,D17,D19,D28
09:10:53.917    52913651  FFFFFFBBD3FFF  D16,D17,D19,D24,D28
09:10:55.198    52914922  FFFFFFB3D3FFF  D16,D17,D19,D24,D25,D28
09:10:55.198    52914926  FFFFFFB7D3FFF  D16,D17,D19,D25,D28
09:10:56.471    52916192  FFFFFFB3D3FFF  D16,D17,D19,D24,D25,D28
09:10:57.769    52917462  FFFFFFA3D3FFF  D16,D17,D19,D24,D25,D26,D28
09:10:57.770    52917464  FFFFFFABD3FFF  D16,D17,D19,D24,D26,D28
09:10:57.770    52917467  FFFFFFAFD3FFF  D16,D17,D19,D26,D28
09:10:59.033    52918731  FFFFFFABD3FFF  D16,D17,D19,D24,D26,D28
--- FW IODebug 1.2.2 2026-08-31 LIFT=5 09:11:00 ---
09:11:00.605    52920281  FFFFFFA3D3FFF  D16,D17,D19,D24,D25,D26,D28
09:11:00.605    52920284  FFFFFFA7D3FFF  D16,D17,D19,D25,D26,D28
09:11:03.440    52923098  FFFFFFA7D7FFF  D17,D19,D25,D26,D28
09:11:18.193    52937748  FFFFFFA7F7FFF  D17,D25,D26,D28
--- FW IODebug 1.2.2 2026-08-31 LIFT=5 09:11:30 ---
09:11:50.198    52969502  FFFFFFA7B7FFF  D17,D20,D25,D26,D28
09:11:51.126    52970414  FFFFFFA7B3FFF  D16,D17,D20,D25,D26,D28
09:11:54.475    52973748  FFFFFFA3B3FFF  D16,D17,D20,D24,D25,D26,D28
09:11:54.475    52973750  FFFFFFABB3FFF  D16,D17,D20,D24,D26,D28
09:11:56.008    52975261  FFFFFFAFB3FFF  D16,D17,D20,D26,D28
09:11:57.281    52976526  FFFFFFABB3FFF  D16,D17,D20,D24,D26,D28
09:11:57.281    52976528  FFFFFFA3B3FFF  D16,D17,D20,D24,D25,D26,D28
09:11:57.281    52976533  FFFFFFB3B3FFF  D16,D17,D20,D24,D25,D28
09:11:58.556    52977801  FFFFFFB7B3FFF  D16,D17,D20,D25,D28
09:11:59.799    52979027  FFFFFFB3B3FFF  D16,D17,D20,D24,D25,D28
09:11:59.799    52979030  FFFFFFBBB3FFF  D16,D17,D20,D24,D28
--- FW IODebug 1.2.2 2026-08-31 LIFT=5 09:12:01 ---
09:12:01.081    52980302  FFFFFFBFB3FFF  D16,D17,D20,D28
09:12:02.358    52981568  FFFFFF83B3FFF  D16,D17,D20,D24,D25,D26,D27,D28
09:12:02.358    52981570  FFFFFFC3B3FFF  D16,D17,D20,D24,D25,D26,D27
09:12:03.638    52982843  FFFFFFC7B3FFF  D16,D17,D20,D25,D26,D27
09:12:04.931    52984108  FFFFFFC3B3FFF  D16,D17,D20,D24,D25,D26,D27
09:12:04.932    52984110  FFFFFFCBB3FFF  D16,D17,D20,D24,D26,D27
09:12:06.199    52985382  FFFFFFCFB3FFF  D16,D17,D20,D26,D27
09:12:07.888    52987045  FFFFFFCBB3FFF  D16,D17,D20,D24,D26,D27
09:12:07.888    52987047  FFFFFFC3B3FFF  D16,D17,D20,D24,D25,D26,D27
09:12:07.888    52987053  FFFFFFD3B3FFF  D16,D17,D20,D24,D25,D27
09:12:09.833    52988995  FFFFFFD7B3FFF  D16,D17,D20,D25,D27
09:12:12.125    52991253  FFFFFFD3B3FFF  D16,D17,D20,D24,D25,D27
09:12:12.125    52991254  FFFFFFDBB3FFF  D16,D17,D20,D24,D27
09:12:14.160    52993282  FFFFFFDFB3FFF  D16,D17,D20,D27
09:12:15.517    52994627  FFFFFFDBB3FFF  D16,D17,D20,D24,D27
09:12:15.517    52994629  FFFFFFC3B3FFF  D16,D17,D20,D24,D25,D26,D27
09:12:15.517    52994631  FFFFFFE3B3FFF  D16,D17,D20,D24,D25,D26
09:12:16.950    52996061  FFFFFFE7B3FFF  D16,D17,D20,D25,D26
09:12:18.358    52997445  FFFFFFE3B3FFF  D16,D17,D20,D24,D25,D26
09:12:18.358    52997447  FFFFFFEBB3FFF  D16,D17,D20,D24,D26
09:12:20.046    52999116  FFFFFFEFB3FFF  D16,D17,D20,D26
09:12:22.043    53001097  FFFFFFE3B3FFF  D16,D17,D20,D24,D25,D26
09:12:22.043    53001104  FFFFFFF3B3FFF  D16,D17,D20,D24,D25
09:12:24.329    53003364  FFFFFFF7B3FFF  D16,D17,D20,D25
09:12:27.950    53006930  FFFFFFF7B7FFF  D17,D20,D25
09:12:27.950    53006974  FFFFFFF7F7FFF  D17,D25
--- FW IODebug 1.2.2 2026-08-31 LIFT=5 09:12:30 ---
09:12:37.717    53016657  FFFFFFF7D7FFF  D17,D19,D25
09:12:38.638    53017571  FFFFFFF7D3FFF  D16,D17,D19,D25
09:12:42.704    53021619  FFFFFFF3D3FFF  D16,D17,D19,D24,D25
09:12:45.000    53023882  FFFFFFE3D3FFF  D16,D17,D19,D24,D25,D26
09:12:45.000    53023884  FFFFFFEBD3FFF  D16,D17,D19,D24,D26
09:12:45.000    53023886  FFFFFFEFD3FFF  D16,D17,D19,D26
09:12:47.000    53025866  FFFFFFEBD3FFF  D16,D17,D19,D24,D26
09:12:48.671    53027533  FFFFFFE3D3FFF  D16,D17,D19,D24,D25,D26
09:12:48.671    53027537  FFFFFFE7D3FFF  D16,D17,D19,D25,D26
09:12:50.072    53028923  FFFFFFE3D3FFF  D16,D17,D19,D24,D25,D26
09:12:51.509    53030352  FFFFFFC3D3FFF  D16,D17,D19,D24,D25,D26,D27
09:12:51.509    53030354  FFFFFFCBD3FFF  D16,D17,D19,D24,D26,D27
09:12:51.509    53030355  FFFFFFCFD3FFF  D16,D17,D19,D26,D27
09:12:51.509    53030359  FFFFFFDFD3FFF  D16,D17,D19,D27
09:12:52.871    53031701  FFFFFFDBD3FFF  D16,D17,D19,D24,D27
09:12:54.919    53033726  FFFFFFD3D3FFF  D16,D17,D19,D24,D25,D27
09:12:54.919    53033731  FFFFFFD7D3FFF  D16,D17,D19,D25,D27
09:12:57.191    53035988  FFFFFFD3D3FFF  D16,D17,D19,D24,D25,D27
09:12:59.167    53037933  FFFFFFC3D3FFF  D16,D17,D19,D24,D25,D26,D27
09:12:59.167    53037935  FFFFFFCBD3FFF  D16,D17,D19,D24,D26,D27
09:12:59.169    53037937  FFFFFFCFD3FFF  D16,D17,D19,D26,D27
09:13:01.223    53039600  FFFFFFCBD3FFF  D16,D17,D19,D24,D26,D27
--- FW IODebug 1.2.2 2026-08-31 LIFT=5 09:13:01 ---
09:13:02.118    53040871  FFFFFFC3D3FFF  D16,D17,D19,D24,D25,D26,D27
09:13:02.118    53040875  FFFFFFC7D3FFF  D16,D17,D19,D25,D26,D27
09:13:03.398    53042141  FFFFFFC3D3FFF  D16,D17,D19,D24,D25,D26,D27
09:13:04.669    53043411  FFFFFF8BD3FFF  D16,D17,D19,D24,D26,D27,D28
09:13:04.669    53043415  FFFFFFABD3FFF  D16,D17,D19,D24,D26,D28
09:13:04.669    53043417  FFFFFFAFD3FFF  D16,D17,D19,D26,D28
09:13:04.669    53043419  FFFFFFBFD3FFF  D16,D17,D19,D28
09:13:05.948    53044681  FFFFFFBBD3FFF  D16,D17,D19,D24,D28
09:13:07.234    53045952  FFFFFFB3D3FFF  D16,D17,D19,D24,D25,D28
09:13:07.235    53045955  FFFFFFB7D3FFF  D16,D17,D19,D25,D28
09:13:08.499    53047222  FFFFFFB3D3FFF  D16,D17,D19,D24,D25,D28
09:13:09.796    53048492  FFFFFFA3D3FFF  D16,D17,D19,D24,D25,D26,D28
09:13:09.796    53048494  FFFFFFABD3FFF  D16,D17,D19,D24,D26,D28
09:13:09.797    53048496  FFFFFFAFD3FFF  D16,D17,D19,D26,D28
09:13:11.072    53049762  FFFFFFABD3FFF  D16,D17,D19,D24,D26,D28
09:13:12.916    53051271  FFFFFFA3D3FFF  D16,D17,D19,D24,D25,D26,D28
09:13:12.916    53051275  FFFFFFA7D3FFF  D16,D17,D19,D25,D26,D28
09:13:12.916    53051430  FFFFFFA793FFF  D16,D17,D19,D20,D25,D26,D28
09:13:12.916    53051590  FFFFFFA7B3FFF  D16,D17,D20,D25,D26,D28
09:13:15.468    53054127  FFFFFFA7B7FFF  D17,D20,D25,D26,D28
--- FW IODebug 1.2.2 2026-08-31 LIFT=5 09:13:31 ---
09:13:45.711    53084138  FFFFFFA7B3FFF  D16,D17,D20,D25,D26,D28
09:13:49.062    53087471  FFFFFFA3B3FFF  D16,D17,D20,D24,D25,D26,D28
09:13:49.062    53087473  FFFFFFABB3FFF  D16,D17,D20,D24,D26,D28
09:13:50.600    53088985  FFFFFFAFB3FFF  D16,D17,D20,D26,D28
09:13:51.869    53090250  FFFFFFA3B3FFF  D16,D17,D20,D24,D25,D26,D28
09:13:51.869    53090256  FFFFFFB3B3FFF  D16,D17,D20,D24,D25,D28
09:13:53.159    53091524  FFFFFFB7B3FFF  D16,D17,D20,D25,D28
09:13:54.443    53092790  FFFFFFB3B3FFF  D16,D17,D20,D24,D25,D28
09:13:54.443    53092792  FFFFFFBBB3FFF  D16,D17,D20,D24,D28
09:13:55.674    53094025  FFFFFFBFB3FFF  D16,D17,D20,D28
09:13:56.950    53095290  FFFFFFABB3FFF  D16,D17,D20,D24,D26,D28
09:13:56.950    53095292  FFFFFFC3B3FFF  D16,D17,D20,D24,D25,D26,D27
09:13:58.244    53096565  FFFFFFC7B3FFF  D16,D17,D20,D25,D26,D27
09:13:59.513    53097832  FFFFFFC3B3FFF  D16,D17,D20,D24,D25,D26,D27
09:13:59.513    53097833  FFFFFFCBB3FFF  D16,D17,D20,D24,D26,D27
09:14:00.791    53099106  FFFFFFCFB3FFF  D16,D17,D20,D26,D27
--- FW IODebug 1.2.2 2026-08-31 LIFT=5 09:14:01 ---
09:14:02.477    53100769  FFFFFFCBB3FFF  D16,D17,D20,D24,D26,D27
09:14:02.477    53100771  FFFFFFC3B3FFF  D16,D17,D20,D24,D25,D26,D27
09:14:02.477    53100776  FFFFFFD3B3FFF  D16,D17,D20,D24,D25,D27
09:14:04.559    53102837  FFFFFFD7B3FFF  D16,D17,D20,D25,D27
09:14:07.788    53106046  FFFFFFD7B7FFF  D17,D20,D25,D27
09:14:22.518    53120657  FFFFFFD7F7FFF  D17,D25,D27
--- FW IODebug 1.2.2 2026-08-31 LIFT=5 09:14:31 ---
09:14:54.521    53152411  FFFFFFD7B7FFF  D17,D20,D25,D27
09:14:55.437    53153325  FFFFFFD7B3FFF  D16,D17,D20,D25,D27
09:14:59.713    53157571  FFFFFFD3B3FFF  D16,D17,D20,D24,D25,D27
09:14:59.714    53157573  FFFFFFDBB3FFF  D16,D17,D20,D24,D27
09:15:02.155    53159600  FFFFFFDFB3FFF  D16,D17,D20,D27
--- FW IODebug 1.2.2 2026-08-31 LIFT=5 09:15:02 ---
09:15:03.116    53160944  FFFFFFDBB3FFF  D16,D17,D20,D24,D27
09:15:03.118    53160946  FFFFFFC3B3FFF  D16,D17,D20,D24,D25,D26,D27
09:15:03.118    53160948  FFFFFFE3B3FFF  D16,D17,D20,D24,D25,D26
09:15:04.564    53162379  FFFFFFE7B3FFF  D16,D17,D20,D25,D26
09:15:05.941    53163763  FFFFFFE3B3FFF  D16,D17,D20,D24,D25,D26
09:15:05.941    53163765  FFFFFFEBB3FFF  D16,D17,D20,D24,D26
09:15:07.622    53165434  FFFFFFEFB3FFF  D16,D17,D20,D26
09:15:09.684    53167455  FFFFFFEBB3FFF  D16,D17,D20,D24,D26
09:15:09.684    53167457  FFFFFFE3B3FFF  D16,D17,D20,D24,D25,D26
09:15:09.684    53167462  FFFFFFF3B3FFF  D16,D17,D20,D24,D25
09:15:11.918    53169682  FFFFFFF7B3FFF  D16,D17,D20,D25
09:15:15.628    53173209  FFFFFFF7B7FFF  D17,D20,D25
09:15:15.628    53173371  FFFFFFF7F7FFF  D17,D25
--- FW IODebug 1.2.2 2026-08-31 LIFT=5 09:15:32 ---
--- FW IODebug 1.2.2 2026-08-31 LIFT=5 09:16:02 ---
09:16:16.090    53233371  FFFFFFF7F7FFF  D17,D25
--- FW IODebug 1.2.2 2026-08-31 LIFT=5 09:16:32 ---
--- FW IODebug 1.2.2 2026-08-31 LIFT=5 09:17:03 ---
09:17:16.545    53293371  FFFFFFF7F7FFF  D17,D25
--- FW IODebug 1.2.2 2026-08-31 LIFT=5 09:17:33 ---
--- FW IODebug 1.2.2 2026-08-31 LIFT=5 09:18:03 ---
09:18:16.296    53352666  FFFFFFF7FFFFF  D25
09:18:16.987    53353342  FFFFFFF7F7FFF  D17,D25
--- FW IODebug 1.2.2 2026-08-31 LIFT=5 09:18:33 ---
--- FW IODebug 1.2.2 2026-08-31 LIFT=5 09:19:03 ---
09:19:17.436    53413342  FFFFFFF7F7FFF  D17,D25
--- FW IODebug 1.2.2 2026-08-31 LIFT=5 09:19:34 ---
--- FW IODebug 1.2.2 2026-08-31 LIFT=5 09:20:04 ---
09:20:17.911    53473342  FFFFFFF7F7FFF  D17,D25
09:20:19.458    53474885  FFFFFFF7D7FFF  D17,D19,D25
09:20:20.463    53475878  FFFFFFF7D3FFF  D16,D17,D19,D25
09:20:24.540    53479926  FFFFFFF3D3FFF  D16,D17,D19,D24,D25
09:20:26.775    53482149  FFFFFFE3D3FFF  D16,D17,D19,D24,D25,D26
09:20:26.775    53482151  FFFFFFEBD3FFF  D16,D17,D19,D24,D26
09:20:26.775    53482153  FFFFFFEFD3FFF  D16,D17,D19,D26
09:20:28.812    53484173  FFFFFFEBD3FFF  D16,D17,D19,D24,D26
09:20:30.506    53485841  FFFFFFE3D3FFF  D16,D17,D19,D24,D25,D26
09:20:30.506    53485845  FFFFFFE7D3FFF  D16,D17,D19,D25,D26
09:20:31.892    53487229  FFFFFFE3D3FFF  D16,D17,D19,D24,D25,D26
09:20:33.325    53488659  FFFFFFC3D3FFF  D16,D17,D19,D24,D25,D26,D27
09:20:33.325    53488661  FFFFFFCBD3FFF  D16,D17,D19,D24,D26,D27
09:20:33.325    53488663  FFFFFFCFD3FFF  D16,D17,D19,D26,D27
09:20:33.325    53488666  FFFFFFDFD3FFF  D16,D17,D19,D27
--- FW IODebug 1.2.2 2026-08-31 LIFT=5 09:20:34 ---
09:20:34.694    53490009  FFFFFFDBD3FFF  D16,D17,D19,D24,D27
09:20:36.732    53492033  FFFFFFD3D3FFF  D16,D17,D19,D24,D25,D27
09:20:36.732    53492037  FFFFFFD7D3FFF  D16,D17,D19,D25,D27
09:20:38.996    53494295  FFFFFFD3D3FFF  D16,D17,D19,D24,D25,D27
09:20:41.051    53496320  FFFFFFC3D3FFF  D16,D17,D19,D24,D25,D26,D27
09:20:41.051    53496322  FFFFFFCBD3FFF  D16,D17,D19,D24,D26,D27
09:20:41.052    53496325  FFFFFFCFD3FFF  D16,D17,D19,D26,D27
09:20:44.487    53499732  FFFFFFCFD7FFF  D17,D19,D26,D27
09:20:56.404    53511564  FFFFFFCF97FFF  D17,D19,D20,D26,D27
09:20:56.404    53511565  FFFFFFCFB7FFF  D17,D20,D26,D27
09:20:57.413    53512555  FFFFFFCFB3FFF  D16,D17,D20,D26,D27
09:21:01.331    53516444  FFFFFFCBB3FFF  D16,D17,D20,D24,D26,D27
09:21:01.331    53516446  FFFFFFC3B3FFF  D16,D17,D20,D24,D25,D26,D27
09:21:01.332    53516451  FFFFFFD3B3FFF  D16,D17,D20,D24,D25,D27
09:21:03.374    53518473  FFFFFFD7B3FFF  D16,D17,D20,D25,D27
--- FW IODebug 1.2.2 2026-08-31 LIFT=5 09:21:04 ---
09:21:05.653    53520732  FFFFFFD3B3FFF  D16,D17,D20,D24,D25,D27
09:21:05.653    53520734  FFFFFFDBB3FFF  D16,D17,D20,D24,D27
===== capture stopped 2026-09-13 09:21:06, 201 changes in 13.1 min, 0 rejected =====
# lift: 5

===== capture started 2026-09-13 09:27:16  lift=5  port=COM14 =====
--- listening (one-way) 09:27:39 ---
09:27:40.490    53910843  FFFFFFFBD7FFF  D17,D19,D24
09:27:57.122    53927358  FFFFFFFBD3FFF  D16,D17,D19,D24
09:28:00.616    53930811  FFFFFFF3D3FFF  D16,D17,D19,D24,D25
09:28:00.616    53930815  FFFFFFF7D3FFF  D16,D17,D19,D25
09:28:02.679    53932874  FFFFFFF3D3FFF  D16,D17,D19,D24,D25
09:28:04.926    53935098  FFFFFFE3D3FFF  D16,D17,D19,D24,D25,D26
09:28:04.926    53935099  FFFFFFEBD3FFF  D16,D17,D19,D24,D26
09:28:04.927    53935101  FFFFFFEFD3FFF  D16,D17,D19,D26
09:28:06.928    53937083  FFFFFFEBD3FFF  D16,D17,D19,D24,D26
09:28:08.612    53938750  FFFFFFE3D3FFF  D16,D17,D19,D24,D25,D26
09:28:08.612    53938753  FFFFFFE7D3FFF  D16,D17,D19,D25,D26
--- FW IODebug 1.2.2 2026-08-31 LIFT=5 09:28:10 ---
09:28:10.007    53940139  FFFFFFE3D3FFF  D16,D17,D19,D24,D25,D26
09:28:11.447    53941568  FFFFFFC3D3FFF  D16,D17,D19,D24,D25,D26,D27
09:28:11.447    53941570  FFFFFFCBD3FFF  D16,D17,D19,D24,D26,D27
09:28:11.447    53941572  FFFFFFCFD3FFF  D16,D17,D19,D26,D27
09:28:11.447    53941574  FFFFFFDFD3FFF  D16,D17,D19,D27
09:28:12.815    53942917  FFFFFFDBD3FFF  D16,D17,D19,D24,D27
09:28:14.846    53944942  FFFFFFD3D3FFF  D16,D17,D19,D24,D25,D27
09:28:14.846    53944946  FFFFFFD7D3FFF  D16,D17,D19,D25,D27
09:28:17.117    53947204  FFFFFFD3D3FFF  D16,D17,D19,D24,D25,D27
09:28:19.173    53949229  FFFFFFC3D3FFF  D16,D17,D19,D24,D25,D26,D27
09:28:19.174    53949231  FFFFFFCBD3FFF  D16,D17,D19,D24,D26,D27
09:28:19.176    53949234  FFFFFFCFD3FFF  D16,D17,D19,D26,D27
09:28:22.568    53952602  FFFFFFCFD7FFF  D17,D19,D26,D27
09:28:37.325    53967252  FFFFFFCFF7FFF  D17,D26,D27
--- FW IODebug 1.2.2 2026-08-31 LIFT=5 09:28:40 ---
09:29:09.650    53999324  FFFFFFCFB7FFF  D17,D20,D26,D27
--- FW IODebug 1.2.2 2026-08-31 LIFT=5 09:29:10 ---
09:29:10.555    54000236  FFFFFFCFB3FFF  D16,D17,D20,D26,D27
09:29:14.491    54004125  FFFFFFCBB3FFF  D16,D17,D20,D24,D26,D27
09:29:14.491    54004127  FFFFFFC3B3FFF  D16,D17,D20,D24,D25,D26,D27
09:29:14.491    54004132  FFFFFFD3B3FFF  D16,D17,D20,D24,D25,D27
09:29:16.520    54006154  FFFFFFD7B3FFF  D16,D17,D20,D25,D27
09:29:18.798    54008413  FFFFFFD3B3FFF  D16,D17,D20,D24,D25,D27
09:29:18.798    54008415  FFFFFFDBB3FFF  D16,D17,D20,D24,D27
09:29:21.334    54010441  FFFFFFDFB3FFF  D16,D17,D20,D27
09:29:22.208    54011786  FFFFFFDBB3FFF  D16,D17,D20,D24,D27
09:29:22.208    54011788  FFFFFFC3B3FFF  D16,D17,D20,D24,D25,D26,D27
09:29:22.208    54011790  FFFFFFE3B3FFF  D16,D17,D20,D24,D25,D26
09:29:23.650    54013219  FFFFFFE7B3FFF  D16,D17,D20,D25,D26
09:29:25.047    54014605  FFFFFFE3B3FFF  D16,D17,D20,D24,D25,D26
09:29:25.047    54014606  FFFFFFEBB3FFF  D16,D17,D20,D24,D26
09:29:26.718    54016276  FFFFFFEFB3FFF  D16,D17,D20,D26
09:29:28.760    54018296  FFFFFFEBB3FFF  D16,D17,D20,D24,D26
09:29:28.760    54018298  FFFFFFE3B3FFF  D16,D17,D20,D24,D25,D26
09:29:28.761    54018302  FFFFFFF3B3FFF  D16,D17,D20,D24,D25
09:29:31.003    54020524  FFFFFFF7B3FFF  D16,D17,D20,D25
09:29:34.614    54024051  FFFFFFF7B7FFF  D17,D20,D25
09:29:34.615    54024093  FFFFFFF7F7FFF  D17,D25
--- FW IODebug 1.2.2 2026-08-31 LIFT=5 09:29:40 ---
--- FW IODebug 1.2.2 2026-08-31 LIFT=5 09:30:10 ---
09:30:35.058    54084093  FFFFFFF7F7FFF  D17,D25
--- FW IODebug 1.2.2 2026-08-31 LIFT=5 09:30:41 ---
--- FW IODebug 1.2.2 2026-08-31 LIFT=5 09:31:11 ---
===== capture stopped 2026-09-13 09:31:31, 48 changes in 4.3 min, 0 rejected =====
# lift: 5

===== capture started 2026-09-13 09:32:08  lift=5  port=COM14 =====
--- listening (one-way) 09:32:11 ---
09:32:35.276    54203387  FFFFFFF7FFFFF  D25
09:32:35.950    54204065  FFFFFFF7F7FFF  D17,D25
--- FW IODebug 1.2.2 2026-08-31 LIFT=5 09:32:41 ---
--- FW IODebug 1.2.2 2026-08-31 LIFT=5 09:33:12 ---
09:33:33.625    54261304  FFFFFFF7D7FFF  D17,D19,D25
09:33:34.591    54262257  FFFFFFF7D3FFF  D16,D17,D19,D25
09:33:38.665    54266304  FFFFFFF3D3FFF  D16,D17,D19,D24,D25
09:33:40.952    54268567  FFFFFFE3D3FFF  D16,D17,D19,D24,D25,D26
09:33:40.954    54268569  FFFFFFEBD3FFF  D16,D17,D19,D24,D26
09:33:40.954    54268571  FFFFFFEFD3FFF  D16,D17,D19,D26
--- FW IODebug 1.2.2 2026-08-31 LIFT=5 09:33:42 ---
09:33:42.946    54270552  FFFFFFEBD3FFF  D16,D17,D19,D24,D26
09:33:44.637    54272219  FFFFFFE3D3FFF  D16,D17,D19,D24,D25,D26
09:33:44.637    54272223  FFFFFFE7D3FFF  D16,D17,D19,D25,D26
09:33:46.025    54273608  FFFFFFE3D3FFF  D16,D17,D19,D24,D25,D26
09:33:47.479    54275038  FFFFFFCBD3FFF  D16,D17,D19,D24,D26,D27
09:33:47.479    54275042  FFFFFFCFD3FFF  D16,D17,D19,D26,D27
09:33:47.479    54275044  FFFFFFDFD3FFF  D16,D17,D19,D27
09:33:48.826    54276386  FFFFFFDBD3FFF  D16,D17,D19,D24,D27
09:33:50.873    54278412  FFFFFFD3D3FFF  D16,D17,D19,D24,D25,D27
09:33:50.873    54278416  FFFFFFD7D3FFF  D16,D17,D19,D25,D27
09:33:53.151    54280674  FFFFFFD3D3FFF  D16,D17,D19,D24,D25,D27
09:33:55.107    54282618  FFFFFFC3D3FFF  D16,D17,D19,D24,D25,D26,D27
09:33:55.107    54282620  FFFFFFCBD3FFF  D16,D17,D19,D24,D26,D27
09:33:55.107    54282624  FFFFFFCFD3FFF  D16,D17,D19,D26,D27
09:33:56.788    54284285  FFFFFFCBD3FFF  D16,D17,D19,D24,D26,D27
09:33:58.316    54285795  FFFFFFC3D3FFF  D16,D17,D19,D24,D25,D26,D27
09:33:58.316    54285799  FFFFFFC7D3FFF  D16,D17,D19,D25,D26,D27
09:34:01.145    54288611  FFFFFFC7D7FFF  D17,D19,D25,D26,D27
--- FW IODebug 1.2.2 2026-08-31 LIFT=5 09:34:12 ---
09:34:17.713    54305046  FFFFFFC7D3FFF  D16,D17,D19,D25,D26,D27
09:34:21.028    54308340  FFFFFFC3D3FFF  D16,D17,D19,D24,D25,D26,D27
09:34:22.559    54309850  FFFFFF83D3FFF  D16,D17,D19,D24,D25,D26,D27,D28
09:34:22.559    54309851  FFFFFF8BD3FFF  D16,D17,D19,D24,D26,D27,D28
09:34:22.559    54309853  FFFFFFAFD3FFF  D16,D17,D19,D26,D28
09:34:22.559    54309856  FFFFFFBFD3FFF  D16,D17,D19,D28
09:34:23.828    54311119  FFFFFFBBD3FFF  D16,D17,D19,D24,D28
09:34:25.110    54312390  FFFFFFB3D3FFF  D16,D17,D19,D24,D25,D28
09:34:25.110    54312393  FFFFFFB7D3FFF  D16,D17,D19,D25,D28
09:34:26.386    54313659  FFFFFFB3D3FFF  D16,D17,D19,D24,D25,D28
09:34:27.663    54314930  FFFFFFA3D3FFF  D16,D17,D19,D24,D25,D26,D28
09:34:27.663    54314932  FFFFFFABD3FFF  D16,D17,D19,D24,D26,D28
09:34:27.663    54314934  FFFFFFAFD3FFF  D16,D17,D19,D26,D28
09:34:28.942    54316199  FFFFFFABD3FFF  D16,D17,D19,D24,D26,D28
09:34:30.228    54317470  FFFFFFA3D3FFF  D16,D17,D19,D24,D25,D26,D28
09:34:30.229    54317474  FFFFFFA7D3FFF  D16,D17,D19,D25,D26,D28
09:34:31.508    54318740  FFFFFFA3D3FFF  D16,D17,D19,D24,D25,D26,D28
09:34:32.788    54320011  FFFFFF83D3FFF  D16,D17,D19,D24,D25,D26,D27,D28
09:34:32.788    54320013  FFFFFF8BD3FFF  D16,D17,D19,D24,D26,D27,D28
09:34:32.788    54320015  FFFFFF8FD3FFF  D16,D17,D19,D26,D27,D28
09:34:32.788    54320017  FFFFFF9FD3FFF  D16,D17,D19,D27,D28
09:34:34.059    54321281  FFFFFF9BD3FFF  D16,D17,D19,D24,D27,D28
09:34:35.344    54322551  FFFFFF93D3FFF  D16,D17,D19,D24,D25,D27,D28
09:34:35.344    54322555  FFFFFF97D3FFF  D16,D17,D19,D25,D27,D28
09:34:36.627    54323821  FFFFFF93D3FFF  D16,D17,D19,D24,D25,D27,D28
09:34:37.901    54325092  FFFFFF83D3FFF  D16,D17,D19,D24,D25,D26,D27,D28
09:34:37.901    54325093  FFFFFF8BD3FFF  D16,D17,D19,D24,D26,D27,D28
09:34:37.903    54325096  FFFFFF8FD3FFF  D16,D17,D19,D26,D27,D28
09:34:39.186    54326362  FFFFFF8BD3FFF  D16,D17,D19,D24,D26,D27,D28
09:34:40.461    54327632  FFFFFF83D3FFF  D16,D17,D19,D24,D25,D26,D27,D28
09:34:40.461    54327636  FFFFFF87D3FFF  D16,D17,D19,D25,D26,D27,D28
09:34:41.740    54328902  FFFFFF83D3FFF  D16,D17,D19,D24,D25,D26,D27,D28
--- FW IODebug 1.2.2 2026-08-31 LIFT=5 09:34:43 ---
09:34:43.036    54330173  FFFFFF03D3FFF  D16,D17,D19,D24,D25,D26,D27,D28,D29
09:34:43.036    54330174  FFFFFF4BD3FFF  D16,D17,D19,D24,D26,D27,D29
09:34:43.036    54330176  FFFFFF6FD3FFF  D16,D17,D19,D26,D29
09:34:43.036    54330179  FFFFFF7FD3FFF  D16,D17,D19,D29
09:34:44.306    54331443  FFFFFF7BD3FFF  D16,D17,D19,D24,D29
09:34:45.595    54332713  FFFFFF73D3FFF  D16,D17,D19,D24,D25,D29
09:34:45.595    54332718  FFFFFF77D3FFF  D16,D17,D19,D25,D29
09:34:46.867    54333982  FFFFFF73D3FFF  D16,D17,D19,D24,D25,D29
09:34:48.155    54335253  FFFFFF63D3FFF  D16,D17,D19,D24,D25,D26,D29
09:34:48.155    54335255  FFFFFF6BD3FFF  D16,D17,D19,D24,D26,D29
09:34:48.155    54335257  FFFFFF6FD3FFF  D16,D17,D19,D26,D29
09:34:49.421    54336523  FFFFFF6BD3FFF  D16,D17,D19,D24,D26,D29
09:34:50.713    54337794  FFFFFF63D3FFF  D16,D17,D19,D24,D25,D26,D29
09:34:50.713    54337798  FFFFFF67D3FFF  D16,D17,D19,D25,D26,D29
09:34:52.223    54339302  FFFFFF63D3FFF  D16,D17,D19,D24,D25,D26,D29
09:34:55.055    54342119  FFFFFF63D7FFF  D17,D19,D24,D25,D26,D29
09:35:09.779    54356729  FFFFFF63F7FFF  D17,D24,D25,D26,D29
--- FW IODebug 1.2.2 2026-08-31 LIFT=5 09:35:13 ---
09:35:42.259    54388961  FFFFFF63B7FFF  D17,D20,D24,D25,D26,D29
09:35:43.306    54389872  FFFFFF63B3FFF  D16,D17,D20,D24,D25,D26,D29
--- FW IODebug 1.2.2 2026-08-31 LIFT=5 09:35:43 ---
09:35:46.538    54393210  FFFFFF67B3FFF  D16,D17,D20,D25,D26,D29
09:35:48.024    54394675  FFFFFF63B3FFF  D16,D17,D20,D24,D25,D26,D29
09:35:48.024    54394677  FFFFFF6BB3FFF  D16,D17,D20,D24,D26,D29
09:35:49.306    54395950  FFFFFF6FB3FFF  D16,D17,D20,D26,D29
09:35:50.585    54397215  FFFFFF6BB3FFF  D16,D17,D20,D24,D26,D29
09:35:50.586    54397217  FFFFFF63B3FFF  D16,D17,D20,D24,D25,D26,D29
09:35:50.586    54397221  FFFFFF73B3FFF  D16,D17,D20,D24,D25,D29
09:35:51.868    54398490  FFFFFF77B3FFF  D16,D17,D20,D25,D29
09:35:53.146    54399756  FFFFFF73B3FFF  D16,D17,D20,D24,D25,D29
09:35:53.146    54399758  FFFFFF7BB3FFF  D16,D17,D20,D24,D29
09:35:54.425    54401030  FFFFFF7FB3FFF  D16,D17,D20,D29
09:35:55.702    54402296  FFFFFF63B3FFF  D16,D17,D20,D24,D25,D26,D29
09:35:55.702    54402298  FFFFFF83B3FFF  D16,D17,D20,D24,D25,D26,D27,D28
09:35:56.982    54403570  FFFFFF87B3FFF  D16,D17,D20,D25,D26,D27,D28
09:35:58.257    54404837  FFFFFF83B3FFF  D16,D17,D20,D24,D25,D26,D27,D28
09:35:58.257    54404839  FFFFFF8BB3FFF  D16,D17,D20,D24,D26,D27,D28
09:35:59.539    54406111  FFFFFF8FB3FFF  D16,D17,D20,D26,D27,D28
09:36:00.832    54407377  FFFFFF83B3FFF  D16,D17,D20,D24,D25,D26,D27,D28
09:36:00.832    54407384  FFFFFF93B3FFF  D16,D17,D20,D24,D25,D27,D28
09:36:02.112    54408651  FFFFFF97B3FFF  D16,D17,D20,D25,D27,D28
09:36:03.388    54409917  FFFFFF93B3FFF  D16,D17,D20,D24,D25,D27,D28
09:36:03.388    54409919  FFFFFF9BB3FFF  D16,D17,D20,D24,D27,D28
09:36:04.670    54411192  FFFFFF9FB3FFF  D16,D17,D20,D27,D28
09:36:05.951    54412457  FFFFFF9BB3FFF  D16,D17,D20,D24,D27,D28
09:36:05.951    54412460  FFFFFF83B3FFF  D16,D17,D20,D24,D25,D26,D27,D28
09:36:05.951    54412462  FFFFFFA3B3FFF  D16,D17,D20,D24,D25,D26,D28
09:36:07.229    54413732  FFFFFFA7B3FFF  D16,D17,D20,D25,D26,D28
09:36:08.507    54414999  FFFFFFA3B3FFF  D16,D17,D20,D24,D25,D26,D28
09:36:08.507    54415000  FFFFFFABB3FFF  D16,D17,D20,D24,D26,D28
09:36:09.786    54416273  FFFFFFAFB3FFF  D16,D17,D20,D26,D28
09:36:11.062    54417539  FFFFFFABB3FFF  D16,D17,D20,D24,D26,D28
09:36:11.062    54417541  FFFFFFA3B3FFF  D16,D17,D20,D24,D25,D26,D28
09:36:11.062    54417546  FFFFFFB3B3FFF  D16,D17,D20,D24,D25,D28
09:36:12.340    54418812  FFFFFFB7B3FFF  D16,D17,D20,D25,D28
--- FW IODebug 1.2.2 2026-08-31 LIFT=5 09:36:13 ---
09:36:13.621    54420079  FFFFFFB3B3FFF  D16,D17,D20,D24,D25,D28
09:36:13.622    54420081  FFFFFFBBB3FFF  D16,D17,D20,D24,D28
09:36:14.903    54421353  FFFFFFBFB3FFF  D16,D17,D20,D28
09:36:16.138    54422580  FFFFFF83B3FFF  D16,D17,D20,D24,D25,D26,D27,D28
09:36:16.138    54422582  FFFFFFC3B3FFF  D16,D17,D20,D24,D25,D26,D27
09:36:17.460    54423894  FFFFFFC7B3FFF  D16,D17,D20,D25,D26,D27
09:36:18.709    54425120  FFFFFFC3B3FFF  D16,D17,D20,D24,D25,D26,D27
09:36:18.709    54425122  FFFFFFCBB3FFF  D16,D17,D20,D24,D26,D27
09:36:19.986    54426394  FFFFFFCFB3FFF  D16,D17,D20,D26,D27
09:36:21.671    54428057  FFFFFFCBB3FFF  D16,D17,D20,D24,D26,D27
09:36:21.671    54428059  FFFFFFC3B3FFF  D16,D17,D20,D24,D25,D26,D27
09:36:21.671    54428064  FFFFFFD3B3FFF  D16,D17,D20,D24,D25,D27
09:36:23.625    54430007  FFFFFFD7B3FFF  D16,D17,D20,D25,D27
09:36:25.903    54432265  FFFFFFD3B3FFF  D16,D17,D20,D24,D25,D27
09:36:25.903    54432267  FFFFFFDBB3FFF  D16,D17,D20,D24,D27
09:36:27.943    54434294  FFFFFFDFB3FFF  D16,D17,D20,D27
09:36:29.303    54435639  FFFFFFC3B3FFF  D16,D17,D20,D24,D25,D26,D27
09:36:29.303    54435643  FFFFFFE3B3FFF  D16,D17,D20,D24,D25,D26
09:36:30.737    54437072  FFFFFFE7B3FFF  D16,D17,D20,D25,D26
09:36:32.144    54438458  FFFFFFE3B3FFF  D16,D17,D20,D24,D25,D26
09:36:32.144    54438460  FFFFFFEBB3FFF  D16,D17,D20,D24,D26
09:36:33.816    54440129  FFFFFFEFB3FFF  D16,D17,D20,D26
09:36:35.859    54442149  FFFFFFEBB3FFF  D16,D17,D20,D24,D26
09:36:35.859    54442150  FFFFFFE3B3FFF  D16,D17,D20,D24,D25,D26
09:36:35.859    54442156  FFFFFFF3B3FFF  D16,D17,D20,D24,D25
09:36:38.108    54444377  FFFFFFF7B3FFF  D16,D17,D20,D25
09:36:41.786    54447942  FFFFFFF7B7FFF  D17,D20,D25
09:36:41.786    54448025  FFFFFFF7F7FFF  D17,D25
--- FW IODebug 1.2.2 2026-08-31 LIFT=5 09:36:43 ---
09:36:45.626    54451834  FFFFFFF7D7FFF  D17,D19,D25
09:36:46.537    54452748  FFFFFFF7D3FFF  D16,D17,D19,D25
09:36:50.619    54456797  FFFFFFF3D3FFF  D16,D17,D19,D24,D25
09:36:52.898    54459059  FFFFFFE3D3FFF  D16,D17,D19,D24,D25,D26
09:36:52.899    54459061  FFFFFFEBD3FFF  D16,D17,D19,D24,D26
09:36:52.900    54459063  FFFFFFEFD3FFF  D16,D17,D19,D26
09:36:54.900    54461043  FFFFFFEBD3FFF  D16,D17,D19,D24,D26
09:36:56.578    54462710  FFFFFFE3D3FFF  D16,D17,D19,D24,D25,D26
09:36:56.578    54462714  FFFFFFE7D3FFF  D16,D17,D19,D25,D26
09:36:57.984    54464100  FFFFFFE3D3FFF  D16,D17,D19,D24,D25,D26
09:36:59.419    54465529  FFFFFFC3D3FFF  D16,D17,D19,D24,D25,D26,D27
09:36:59.419    54465531  FFFFFFCBD3FFF  D16,D17,D19,D24,D26,D27
09:36:59.419    54465533  FFFFFFCFD3FFF  D16,D17,D19,D26,D27
09:36:59.419    54465536  FFFFFFDFD3FFF  D16,D17,D19,D27
09:37:00.778    54466878  FFFFFFDBD3FFF  D16,D17,D19,D24,D27
09:37:02.824    54468903  FFFFFFD3D3FFF  D16,D17,D19,D24,D25,D27
09:37:02.824    54468908  FFFFFFD7D3FFF  D16,D17,D19,D25,D27
09:37:05.102    54471165  FFFFFFD3D3FFF  D16,D17,D19,D24,D25,D27
09:37:07.069    54473111  FFFFFFC3D3FFF  D16,D17,D19,D24,D25,D26,D27
09:37:07.070    54473113  FFFFFFCBD3FFF  D16,D17,D19,D24,D26,D27
09:37:07.070    54473115  FFFFFFCFD3FFF  D16,D17,D19,D26,D27
09:37:08.742    54474777  FFFFFFCBD3FFF  D16,D17,D19,D24,D26,D27
09:37:10.024    54476048  FFFFFFC3D3FFF  D16,D17,D19,D24,D25,D26,D27
09:37:10.024    54476052  FFFFFFC7D3FFF  D16,D17,D19,D25,D26,D27
09:37:11.304    54477318  FFFFFFC3D3FFF  D16,D17,D19,D24,D25,D26,D27
09:37:12.584    54478588  FFFFFF8BD3FFF  D16,D17,D19,D24,D26,D27,D28
09:37:12.585    54478592  FFFFFFABD3FFF  D16,D17,D19,D24,D26,D28
09:37:12.586    54478594  FFFFFFAFD3FFF  D16,D17,D19,D26,D28
09:37:12.586    54478596  FFFFFFBFD3FFF  D16,D17,D19,D28
09:37:14.007    54479858  FFFFFFBBD3FFF  D16,D17,D19,D24,D28
--- FW IODebug 1.2.2 2026-08-31 LIFT=5 09:37:14 ---
09:37:15.147    54481129  FFFFFFB3D3FFF  D16,D17,D19,D24,D25,D28
09:37:15.147    54481132  FFFFFFB7D3FFF  D16,D17,D19,D25,D28
09:37:16.412    54482399  FFFFFFB3D3FFF  D16,D17,D19,D24,D25,D28
09:37:17.694    54483670  FFFFFFA3D3FFF  D16,D17,D19,D24,D25,D26,D28
09:37:17.694    54483671  FFFFFFABD3FFF  D16,D17,D19,D24,D26,D28
09:37:17.694    54483673  FFFFFFAFD3FFF  D16,D17,D19,D26,D28
09:37:18.973    54484939  FFFFFFABD3FFF  D16,D17,D19,D24,D26,D28
09:37:20.269    54486210  FFFFFFA3D3FFF  D16,D17,D19,D24,D25,D26,D28
09:37:20.269    54486214  FFFFFFA7D3FFF  D16,D17,D19,D25,D26,D28
09:37:21.532    54487480  FFFFFFA3D3FFF  D16,D17,D19,D24,D25,D26,D28
09:37:22.827    54488751  FFFFFF83D3FFF  D16,D17,D19,D24,D25,D26,D27,D28
09:37:22.827    54488752  FFFFFF8BD3FFF  D16,D17,D19,D24,D26,D27,D28
09:37:22.827    54488754  FFFFFF8FD3FFF  D16,D17,D19,D26,D27,D28
09:37:22.828    54488757  FFFFFF9FD3FFF  D16,D17,D19,D27,D28
09:37:24.093    54490020  FFFFFF9BD3FFF  D16,D17,D19,D24,D27,D28
09:37:25.389    54491290  FFFFFF93D3FFF  D16,D17,D19,D24,D25,D27,D28
09:37:25.389    54491294  FFFFFF97D3FFF  D16,D17,D19,D25,D27,D28
09:37:26.653    54492560  FFFFFF93D3FFF  D16,D17,D19,D24,D25,D27,D28
09:37:27.934    54493831  FFFFFF83D3FFF  D16,D17,D19,D24,D25,D26,D27,D28
09:37:27.934    54493833  FFFFFF8BD3FFF  D16,D17,D19,D24,D26,D27,D28
09:37:27.934    54493835  FFFFFF8FD3FFF  D16,D17,D19,D26,D27,D28
09:37:29.215    54495100  FFFFFF8BD3FFF  D16,D17,D19,D24,D26,D27,D28
09:37:30.494    54496371  FFFFFF83D3FFF  D16,D17,D19,D24,D25,D26,D27,D28
09:37:30.494    54496375  FFFFFF87D3FFF  D16,D17,D19,D25,D26,D27,D28
09:37:31.729    54497601  FFFFFF83D3FFF  D16,D17,D19,D24,D25,D26,D27,D28
09:37:33.025    54498873  FFFFFF03D3FFF  D16,D17,D19,D24,D25,D26,D27,D28,D29
09:37:33.025    54498874  FFFFFF4BD3FFF  D16,D17,D19,D24,D26,D27,D29
09:37:33.025    54498876  FFFFFF6FD3FFF  D16,D17,D19,D26,D29
09:37:33.025    54498879  FFFFFF7FD3FFF  D16,D17,D19,D29
09:37:34.291    54500142  FFFFFF7BD3FFF  D16,D17,D19,D24,D29
09:37:35.584    54501412  FFFFFF73D3FFF  D16,D17,D19,D24,D25,D29
09:37:35.584    54501416  FFFFFF77D3FFF  D16,D17,D19,D25,D29
09:37:36.855    54502682  FFFFFF73D3FFF  D16,D17,D19,D24,D25,D29
09:37:38.134    54503953  FFFFFF63D3FFF  D16,D17,D19,D24,D25,D26,D29
09:37:38.134    54503955  FFFFFF6BD3FFF  D16,D17,D19,D24,D26,D29
09:37:38.134    54503957  FFFFFF6FD3FFF  D16,D17,D19,D26,D29
09:37:39.416    54505223  FFFFFF6BD3FFF  D16,D17,D19,D24,D26,D29
09:37:40.698    54506493  FFFFFF63D3FFF  D16,D17,D19,D24,D25,D26,D29
09:37:40.698    54506498  FFFFFF67D3FFF  D16,D17,D19,D25,D26,D29
09:37:42.414    54508002  FFFFFF63D3FFF  D16,D17,D19,D24,D25,D26,D29
09:37:42.414    54508043  FFFFFF6393FFF  D16,D17,D19,D20,D24,D25,D26,D29
09:37:42.414    54508201  FFFFFF63B3FFF  D16,D17,D20,D24,D25,D26,D29
--- FW IODebug 1.2.2 2026-08-31 LIFT=5 09:37:44 ---
09:37:45.052    54510818  FFFFFF63B7FFF  D17,D20,D24,D25,D26,D29
09:38:01.330    54526976  FFFFFF63B3FFF  D16,D17,D20,D24,D25,D26,D29
09:38:04.893    54530512  FFFFFF67B3FFF  D16,D17,D20,D25,D26,D29
09:38:07.821    54533404  FFFFFF67B7FFF  D17,D20,D25,D26,D29
--- FW IODebug 1.2.2 2026-08-31 LIFT=5 09:38:14 ---
09:38:22.901    54548372  FFFFFF67F7FFF  D17,D25,D26,D29
--- FW IODebug 1.2.2 2026-08-31 LIFT=5 09:38:44 ---
09:38:55.216    54580445  FFFFFF67B7FFF  D17,D20,D25,D26,D29
09:38:56.126    54581357  FFFFFF67B3FFF  D16,D17,D20,D25,D26,D29
09:38:59.494    54584690  FFFFFF63B3FFF  D16,D17,D20,D24,D25,D26,D29
09:38:59.495    54584692  FFFFFF6BB3FFF  D16,D17,D20,D24,D26,D29
09:39:00.977    54586164  FFFFFF6FB3FFF  D16,D17,D20,D26,D29
09:39:02.265    54587429  FFFFFF63B3FFF  D16,D17,D20,D24,D25,D26,D29
09:39:02.265    54587436  FFFFFF73B3FFF  D16,D17,D20,D24,D25,D29
09:39:03.531    54588703  FFFFFF77B3FFF  D16,D17,D20,D25,D29
09:39:04.807    54589969  FFFFFF73B3FFF  D16,D17,D20,D24,D25,D29
09:39:04.807    54589971  FFFFFF7BB3FFF  D16,D17,D20,D24,D29
09:39:06.090    54591244  FFFFFF7FB3FFF  D16,D17,D20,D29
09:39:07.379    54592509  FFFFFF7BB3FFF  D16,D17,D20,D24,D29
09:39:07.379    54592512  FFFFFF83B3FFF  D16,D17,D20,D24,D25,D26,D27,D28
09:39:08.663    54593784  FFFFFF87B3FFF  D16,D17,D20,D25,D26,D27,D28
09:39:09.930    54595050  FFFFFF83B3FFF  D16,D17,D20,D24,D25,D26,D27,D28
09:39:09.930    54595052  FFFFFF8BB3FFF  D16,D17,D20,D24,D26,D27,D28
09:39:11.212    54596325  FFFFFF8FB3FFF  D16,D17,D20,D26,D27,D28
09:39:12.491    54597591  FFFFFF8BB3FFF  D16,D17,D20,D24,D26,D27,D28
09:39:12.491    54597593  FFFFFF83B3FFF  D16,D17,D20,D24,D25,D26,D27,D28
09:39:12.491    54597598  FFFFFF93B3FFF  D16,D17,D20,D24,D25,D27,D28
09:39:13.776    54598865  FFFFFF97B3FFF  D16,D17,D20,D25,D27,D28
--- FW IODebug 1.2.2 2026-08-31 LIFT=5 09:39:15 ---
09:39:15.057    54600131  FFFFFF93B3FFF  D16,D17,D20,D24,D25,D27,D28
09:39:15.057    54600133  FFFFFF9BB3FFF  D16,D17,D20,D24,D27,D28
09:39:16.337    54601405  FFFFFF9FB3FFF  D16,D17,D20,D27,D28
09:39:17.621    54602672  FFFFFF93B3FFF  D16,D17,D20,D24,D25,D27,D28
09:39:17.621    54602674  FFFFFF83B3FFF  D16,D17,D20,D24,D25,D26,D27,D28
09:39:17.621    54602676  FFFFFFA3B3FFF  D16,D17,D20,D24,D25,D26,D28
09:39:18.900    54603947  FFFFFFA7B3FFF  D16,D17,D20,D25,D26,D28
09:39:20.179    54605212  FFFFFFA3B3FFF  D16,D17,D20,D24,D25,D26,D28
09:39:20.180    54605214  FFFFFFABB3FFF  D16,D17,D20,D24,D26,D28
09:39:21.456    54606486  FFFFFFAFB3FFF  D16,D17,D20,D26,D28
09:39:22.736    54607753  FFFFFFABB3FFF  D16,D17,D20,D24,D26,D28
09:39:22.736    54607754  FFFFFFA3B3FFF  D16,D17,D20,D24,D25,D26,D28
09:39:22.736    54607759  FFFFFFB3B3FFF  D16,D17,D20,D24,D25,D28
09:39:24.018    54609027  FFFFFFB7B3FFF  D16,D17,D20,D25,D28
09:39:25.297    54610292  FFFFFFB3B3FFF  D16,D17,D20,D24,D25,D28
09:39:25.297    54610294  FFFFFFBBB3FFF  D16,D17,D20,D24,D28
09:39:26.574    54611567  FFFFFFBFB3FFF  D16,D17,D20,D28
09:39:27.847    54612833  FFFFFFBBB3FFF  D16,D17,D20,D24,D28
09:39:27.847    54612835  FFFFFFC3B3FFF  D16,D17,D20,D24,D25,D26,D27
09:39:29.140    54614108  FFFFFFC7B3FFF  D16,D17,D20,D25,D26,D27
09:39:30.406    54615373  FFFFFFC3B3FFF  D16,D17,D20,D24,D25,D26,D27
09:39:30.406    54615375  FFFFFFCBB3FFF  D16,D17,D20,D24,D26,D27
09:39:31.661    54616608  FFFFFFCFB3FFF  D16,D17,D20,D26,D27
09:39:33.332    54618271  FFFFFFCBB3FFF  D16,D17,D20,D24,D26,D27
09:39:33.332    54618273  FFFFFFC3B3FFF  D16,D17,D20,D24,D25,D26,D27
09:39:33.333    54618277  FFFFFFD3B3FFF  D16,D17,D20,D24,D25,D27
09:39:35.300    54620221  FFFFFFD7B3FFF  D16,D17,D20,D25,D27
09:39:37.616    54622518  FFFFFFD3B3FFF  D16,D17,D20,D24,D25,D27
09:39:37.616    54622520  FFFFFFDBB3FFF  D16,D17,D20,D24,D27
09:39:39.613    54624507  FFFFFFDFB3FFF  D16,D17,D20,D27
09:39:41.010    54625893  FFFFFFD3B3FFF  D16,D17,D20,D24,D25,D27
09:39:41.011    54625895  FFFFFFC3B3FFF  D16,D17,D20,D24,D25,D26,D27
09:39:41.012    54625897  FFFFFFE3B3FFF  D16,D17,D20,D24,D25,D26
09:39:42.420    54627287  FFFFFFE7B3FFF  D16,D17,D20,D25,D26
09:39:43.816    54628671  FFFFFFE3B3FFF  D16,D17,D20,D24,D25,D26
09:39:43.816    54628673  FFFFFFEBB3FFF  D16,D17,D20,D24,D26
--- FW IODebug 1.2.2 2026-08-31 LIFT=5 09:39:45 ---
09:39:45.498    54630342  FFFFFFEFB3FFF  D16,D17,D20,D26
09:39:47.531    54632363  FFFFFFEBB3FFF  D16,D17,D20,D24,D26
09:39:47.531    54632365  FFFFFFE3B3FFF  D16,D17,D20,D24,D25,D26
09:39:47.531    54632370  FFFFFFF3B3FFF  D16,D17,D20,D24,D25
09:39:49.768    54634590  FFFFFFF7B3FFF  D16,D17,D20,D25
09:39:53.444    54638116  FFFFFFF7B7FFF  D17,D20,D25
09:39:53.444    54638239  FFFFFFF7F7FFF  D17,D25
09:40:09.283    54653957  FFFFFFF7D7FFF  D17,D19,D25
09:40:10.209    54654870  FFFFFFF7D3FFF  D16,D17,D19,D25
09:40:14.281    54658918  FFFFFFF3D3FFF  D16,D17,D19,D24,D25
--- FW IODebug 1.2.2 2026-08-31 LIFT=5 09:40:15 ---
09:40:16.575    54661180  FFFFFFE3D3FFF  D16,D17,D19,D24,D25,D26
09:40:16.575    54661182  FFFFFFEBD3FFF  D16,D17,D19,D24,D26
09:40:16.575    54661185  FFFFFFEFD3FFF  D16,D17,D19,D26
09:40:18.567    54663165  FFFFFFEBD3FFF  D16,D17,D19,D24,D26
09:40:20.248    54664833  FFFFFFE3D3FFF  D16,D17,D19,D24,D25,D26
09:40:20.249    54664837  FFFFFFE7D3FFF  D16,D17,D19,D25,D26
09:40:21.683    54666261  FFFFFFE3D3FFF  D16,D17,D19,D24,D25,D26
09:40:23.091    54667651  FFFFFFC3D3FFF  D16,D17,D19,D24,D25,D26,D27
09:40:23.092    54667653  FFFFFFCBD3FFF  D16,D17,D19,D24,D26,D27
09:40:23.092    54667655  FFFFFFCFD3FFF  D16,D17,D19,D26,D27
09:40:23.092    54667658  FFFFFFDFD3FFF  D16,D17,D19,D27
09:40:24.443    54669000  FFFFFFDBD3FFF  D16,D17,D19,D24,D27
09:40:26.487    54671025  FFFFFFD3D3FFF  D16,D17,D19,D24,D25,D27
09:40:26.487    54671029  FFFFFFD7D3FFF  D16,D17,D19,D25,D27
09:40:28.773    54673287  FFFFFFD3D3FFF  D16,D17,D19,D24,D25,D27
09:40:30.728    54675232  FFFFFFC3D3FFF  D16,D17,D19,D24,D25,D26,D27
09:40:30.728    54675234  FFFFFFCBD3FFF  D16,D17,D19,D24,D26,D27
09:40:30.728    54675236  FFFFFFCFD3FFF  D16,D17,D19,D26,D27
09:40:32.401    54676899  FFFFFFCBD3FFF  D16,D17,D19,D24,D26,D27
09:40:33.694    54678170  FFFFFFC3D3FFF  D16,D17,D19,D24,D25,D26,D27
09:40:33.694    54678174  FFFFFFC7D3FFF  D16,D17,D19,D25,D26,D27
09:40:34.975    54679440  FFFFFFC3D3FFF  D16,D17,D19,D24,D25,D26,D27
09:40:36.261    54680711  FFFFFF83D3FFF  D16,D17,D19,D24,D25,D26,D27,D28
09:40:36.261    54680713  FFFFFF8BD3FFF  D16,D17,D19,D24,D26,D27,D28
09:40:36.263    54680715  FFFFFFAFD3FFF  D16,D17,D19,D26,D28
09:40:36.263    54680717  FFFFFFBFD3FFF  D16,D17,D19,D28
09:40:37.526    54681979  FFFFFFBBD3FFF  D16,D17,D19,D24,D28
09:40:38.807    54683250  FFFFFFB3D3FFF  D16,D17,D19,D24,D25,D28
09:40:38.807    54683254  FFFFFFB7D3FFF  D16,D17,D19,D25,D28
09:40:40.091    54684520  FFFFFFB3D3FFF  D16,D17,D19,D24,D25,D28
09:40:41.371    54685791  FFFFFFA3D3FFF  D16,D17,D19,D24,D25,D26,D28
09:40:41.372    54685793  FFFFFFABD3FFF  D16,D17,D19,D24,D26,D28
09:40:41.372    54685795  FFFFFFAFD3FFF  D16,D17,D19,D26,D28
09:40:42.651    54687062  FFFFFFABD3FFF  D16,D17,D19,D24,D26,D28
09:40:43.938    54688331  FFFFFFA3D3FFF  D16,D17,D19,D24,D25,D26,D28
09:40:43.938    54688335  FFFFFFA7D3FFF  D16,D17,D19,D25,D26,D28
09:40:45.609    54689839  FFFFFFA3D3FFF  D16,D17,D19,D24,D25,D26,D28
--- FW IODebug 1.2.2 2026-08-31 LIFT=5 09:40:45 ---
09:40:48.292    54692657  FFFFFFA3D7FFF  D17,D19,D24,D25,D26,D28
09:41:02.403    54706670  FFFFFFA3D3FFF  D16,D17,D19,D24,D25,D26,D28
09:41:05.733    54709965  FFFFFF83D3FFF  D16,D17,D19,D24,D25,D26,D27,D28
09:41:05.733    54709966  FFFFFF8BD3FFF  D16,D17,D19,D24,D26,D27,D28
09:41:05.733    54709968  FFFFFF9FD3FFF  D16,D17,D19,D27,D28
09:41:07.246    54711473  FFFFFF9BD3FFF  D16,D17,D19,D24,D27,D28
09:41:08.535    54712743  FFFFFF93D3FFF  D16,D17,D19,D24,D25,D27,D28
09:41:08.535    54712748  FFFFFF97D3FFF  D16,D17,D19,D25,D27,D28
09:41:09.810    54714013  FFFFFF93D3FFF  D16,D17,D19,D24,D25,D27,D28
09:41:11.089    54715284  FFFFFF83D3FFF  D16,D17,D19,D24,D25,D26,D27,D28
09:41:11.090    54715286  FFFFFF8BD3FFF  D16,D17,D19,D24,D26,D27,D28
09:41:11.090    54715288  FFFFFF8FD3FFF  D16,D17,D19,D26,D27,D28
09:41:12.359    54716554  FFFFFF8BD3FFF  D16,D17,D19,D24,D26,D27,D28
09:41:13.656    54717825  FFFFFF83D3FFF  D16,D17,D19,D24,D25,D26,D27,D28
09:41:13.656    54717828  FFFFFF87D3FFF  D16,D17,D19,D25,D26,D27,D28
09:41:14.926    54719094  FFFFFF83D3FFF  D16,D17,D19,D24,D25,D26,D27,D28
--- FW IODebug 1.2.2 2026-08-31 LIFT=5 09:41:16 ---
09:41:16.217    54720364  FFFFFF03D3FFF  D16,D17,D19,D24,D25,D26,D27,D28,D29
09:41:16.218    54720366  FFFFFF4BD3FFF  D16,D17,D19,D24,D26,D27,D29
09:41:16.219    54720368  FFFFFF7FD3FFF  D16,D17,D19,D29
09:41:17.492    54721635  FFFFFF7BD3FFF  D16,D17,D19,D24,D29
09:41:18.766    54722905  FFFFFF73D3FFF  D16,D17,D19,D24,D25,D29
09:41:18.766    54722909  FFFFFF77D3FFF  D16,D17,D19,D25,D29
09:41:20.045    54724174  FFFFFF73D3FFF  D16,D17,D19,D24,D25,D29
09:41:21.332    54725445  FFFFFF63D3FFF  D16,D17,D19,D24,D25,D26,D29
09:41:21.332    54725447  FFFFFF6BD3FFF  D16,D17,D19,D24,D26,D29
09:41:21.332    54725449  FFFFFF6FD3FFF  D16,D17,D19,D26,D29
09:41:22.571    54726675  FFFFFF6BD3FFF  D16,D17,D19,D24,D26,D29
09:41:24.127    54728224  FFFFFF63D3FFF  D16,D17,D19,D24,D25,D26,D29
09:41:24.127    54728227  FFFFFF67D3FFF  D16,D17,D19,D25,D26,D29
09:41:26.919    54731000  FFFFFF67D7FFF  D17,D19,D25,D26,D29
09:41:41.761    54745572  FFFFFF67F7FFF  D17,D25,D26,D29
09:41:41.761    54745730  FFFFFF67B7FFF  D17,D20,D25,D26,D29
--- FW IODebug 1.2.2 2026-08-31 LIFT=5 09:41:46 ---
09:42:00.407    54764227  FFFFFF67B3FFF  D16,D17,D20,D25,D26,D29
09:42:03.970    54767759  FFFFFF63B3FFF  D16,D17,D20,D24,D25,D26,D29
09:42:03.970    54767761  FFFFFF6BB3FFF  D16,D17,D20,D24,D26,D29
09:42:06.884    54770655  FFFFFF6BB7FFF  D17,D20,D24,D26,D29
--- FW IODebug 1.2.2 2026-08-31 LIFT=5 09:42:16 ---
09:42:23.996    54787647  FFFFFF6BF7FFF  D17,D24,D26,D29
--- FW IODebug 1.2.2 2026-08-31 LIFT=5 09:42:46 ---
09:42:56.157    54819561  FFFFFF6BB7FFF  D17,D20,D24,D26,D29
09:42:57.077    54820473  FFFFFF6BB3FFF  D16,D17,D20,D24,D26,D29
09:43:00.402    54823771  FFFFFF6FB3FFF  D16,D17,D20,D26,D29
09:43:01.930    54825275  FFFFFF6BB3FFF  D16,D17,D20,D24,D26,D29
09:43:01.930    54825277  FFFFFF63B3FFF  D16,D17,D20,D24,D25,D26,D29
09:43:01.930    54825279  FFFFFF73B3FFF  D16,D17,D20,D24,D25,D29
09:43:03.207    54826550  FFFFFF77B3FFF  D16,D17,D20,D25,D29
09:43:04.486    54827815  FFFFFF73B3FFF  D16,D17,D20,D24,D25,D29
09:43:04.486    54827817  FFFFFF7BB3FFF  D16,D17,D20,D24,D29
09:43:05.757    54829090  FFFFFF7FB3FFF  D16,D17,D20,D29
09:43:07.037    54830356  FFFFFF4BB3FFF  D16,D17,D20,D24,D26,D27,D29
09:43:07.037    54830358  FFFFFF83B3FFF  D16,D17,D20,D24,D25,D26,D27,D28
09:43:08.331    54831631  FFFFFF87B3FFF  D16,D17,D20,D25,D26,D27,D28
09:43:09.598    54832897  FFFFFF83B3FFF  D16,D17,D20,D24,D25,D26,D27,D28
09:43:09.598    54832899  FFFFFF8BB3FFF  D16,D17,D20,D24,D26,D27,D28
09:43:10.878    54834170  FFFFFF8FB3FFF  D16,D17,D20,D26,D27,D28
09:43:12.172    54835437  FFFFFF83B3FFF  D16,D17,D20,D24,D25,D26,D27,D28
09:43:12.172    54835443  FFFFFF93B3FFF  D16,D17,D20,D24,D25,D27,D28
09:43:13.437    54836711  FFFFFF97B3FFF  D16,D17,D20,D25,D27,D28
09:43:14.716    54837978  FFFFFF93B3FFF  D16,D17,D20,D24,D25,D27,D28
09:43:14.716    54837980  FFFFFF9BB3FFF  D16,D17,D20,D24,D27,D28
09:43:15.996    54839251  FFFFFF9FB3FFF  D16,D17,D20,D27,D28
--- FW IODebug 1.2.2 2026-08-31 LIFT=5 09:43:16 ---
09:43:17.289    54840517  FFFFFF9BB3FFF  D16,D17,D20,D24,D27,D28
09:43:17.289    54840519  FFFFFF83B3FFF  D16,D17,D20,D24,D25,D26,D27,D28
09:43:17.289    54840521  FFFFFFA3B3FFF  D16,D17,D20,D24,D25,D26,D28
09:43:18.568    54841792  FFFFFFA7B3FFF  D16,D17,D20,D25,D26,D28
09:43:19.846    54843058  FFFFFFA3B3FFF  D16,D17,D20,D24,D25,D26,D28
09:43:19.846    54843060  FFFFFFABB3FFF  D16,D17,D20,D24,D26,D28
09:43:21.116    54844333  FFFFFFAFB3FFF  D16,D17,D20,D26,D28
09:43:22.404    54845598  FFFFFFA3B3FFF  D16,D17,D20,D24,D25,D26,D28
09:43:22.404    54845605  FFFFFFB3B3FFF  D16,D17,D20,D24,D25,D28
09:43:23.683    54846872  FFFFFFB7B3FFF  D16,D17,D20,D25,D28
09:43:24.961    54848139  FFFFFFB3B3FFF  D16,D17,D20,D24,D25,D28
09:43:24.961    54848141  FFFFFFBBB3FFF  D16,D17,D20,D24,D28
09:43:26.236    54849413  FFFFFFBFB3FFF  D16,D17,D20,D28
09:43:27.528    54850679  FFFFFF83B3FFF  D16,D17,D20,D24,D25,D26,D27,D28
09:43:27.528    54850681  FFFFFFC3B3FFF  D16,D17,D20,D24,D25,D26,D27
09:43:28.804    54851953  FFFFFFC7B3FFF  D16,D17,D20,D25,D26,D27
09:43:30.087    54853220  FFFFFFC3B3FFF  D16,D17,D20,D24,D25,D26,D27
09:43:30.087    54853222  FFFFFFCBB3FFF  D16,D17,D20,D24,D26,D27
09:43:31.318    54854455  FFFFFFCFB3FFF  D16,D17,D20,D26,D27
09:43:33.012    54856118  FFFFFFCBB3FFF  D16,D17,D20,D24,D26,D27
09:43:33.013    54856119  FFFFFFC3B3FFF  D16,D17,D20,D24,D25,D26,D27
09:43:33.013    54856124  FFFFFFD3B3FFF  D16,D17,D20,D24,D25,D27
09:43:34.962    54858066  FFFFFFD7B3FFF  D16,D17,D20,D25,D27
09:43:37.287    54860364  FFFFFFD3B3FFF  D16,D17,D20,D24,D25,D27
09:43:37.287    54860366  FFFFFFDBB3FFF  D16,D17,D20,D24,D27
09:43:39.308    54862354  FFFFFFDFB3FFF  D16,D17,D20,D27
09:43:40.648    54863699  FFFFFFC3B3FFF  D16,D17,D20,D24,D25,D26,D27
09:43:40.648    54863703  FFFFFFE3B3FFF  D16,D17,D20,D24,D25,D26
09:43:42.085    54865132  FFFFFFE7B3FFF  D16,D17,D20,D25,D26
09:43:43.483    54866518  FFFFFFE3B3FFF  D16,D17,D20,D24,D25,D26
09:43:43.485    54866520  FFFFFFEBB3FFF  D16,D17,D20,D24,D26
09:43:45.159    54868189  FFFFFFEFB3FFF  D16,D17,D20,D26
--- FW IODebug 1.2.2 2026-08-31 LIFT=5 09:43:47 ---
09:43:47.211    54870209  FFFFFFEBB3FFF  D16,D17,D20,D24,D26
09:43:47.211    54870211  FFFFFFE3B3FFF  D16,D17,D20,D24,D25,D26
09:43:47.211    54870215  FFFFFFF3B3FFF  D16,D17,D20,D24,D25
09:43:49.448    54872435  FFFFFFF7B3FFF  D16,D17,D20,D25
09:43:53.127    54876003  FFFFFFF7B7FFF  D17,D20,D25
09:43:53.128    54876086  FFFFFFF7F7FFF  D17,D25
--- FW IODebug 1.2.2 2026-08-31 LIFT=5 09:44:17 ---
--- FW IODebug 1.2.2 2026-08-31 LIFT=5 09:44:47 ---
09:44:53.585    54936086  FFFFFFF7F7FFF  D17,D25
--- FW IODebug 1.2.2 2026-08-31 LIFT=5 09:45:17 ---
--- FW IODebug 1.2.2 2026-08-31 LIFT=5 09:45:47 ---
09:45:54.044    54996086  FFFFFFF7F7FFF  D17,D25
--- FW IODebug 1.2.2 2026-08-31 LIFT=5 09:46:18 ---
--- FW IODebug 1.2.2 2026-08-31 LIFT=5 09:46:48 ---
09:46:53.793    55055380  FFFFFFF7FFFFF  D25
09:46:54.472    55056056  FFFFFFF7F7FFF  D17,D25
--- FW IODebug 1.2.2 2026-08-31 LIFT=5 09:47:18 ---
--- FW IODebug 1.2.2 2026-08-31 LIFT=5 09:47:48 ---
09:47:54.939    55116056  FFFFFFF7F7FFF  D17,D25
--- FW IODebug 1.2.2 2026-08-31 LIFT=5 09:48:19 ---
--- FW IODebug 1.2.2 2026-08-31 LIFT=5 09:48:49 ---
09:48:55.385    55176056  FFFFFFF7F7FFF  D17,D25
--- FW IODebug 1.2.2 2026-08-31 LIFT=5 09:49:19 ---
--- FW IODebug 1.2.2 2026-08-31 LIFT=5 09:49:49 ---
09:49:55.842    55236056  FFFFFFF7F7FFF  D17,D25
--- FW IODebug 1.2.2 2026-08-31 LIFT=5 09:50:19 ---
--- FW IODebug 1.2.2 2026-08-31 LIFT=5 09:50:50 ---
09:50:56.313    55296056  FFFFFFF7F7FFF  D17,D25
--- FW IODebug 1.2.2 2026-08-31 LIFT=5 09:51:20 ---
--- FW IODebug 1.2.2 2026-08-31 LIFT=5 09:51:50 ---
09:51:56.764    55356056  FFFFFFF7F7FFF  D17,D25
--- FW IODebug 1.2.2 2026-08-31 LIFT=5 09:52:20 ---
--- FW IODebug 1.2.2 2026-08-31 LIFT=5 09:52:51 ---
09:52:57.221    55416056  FFFFFFF7F7FFF  D17,D25
--- FW IODebug 1.2.2 2026-08-31 LIFT=5 09:53:21 ---
--- FW IODebug 1.2.2 2026-08-31 LIFT=5 09:53:51 ---
09:53:57.676    55476056  FFFFFFF7F7FFF  D17,D25
09:54:15.333    55493562  FFFFFFF7D7FFF  D17,D19,D25
09:54:16.357    55494596  FFFFFFF7D3FFF  D16,D17,D19,D25
09:54:20.441    55498644  FFFFFFF3D3FFF  D16,D17,D19,D24,D25
--- FW IODebug 1.2.2 2026-08-31 LIFT=5 09:54:21 ---
09:54:22.724    55500906  FFFFFFE3D3FFF  D16,D17,D19,D24,D25,D26
09:54:22.724    55500908  FFFFFFEBD3FFF  D16,D17,D19,D24,D26
09:54:22.725    55500910  FFFFFFEFD3FFF  D16,D17,D19,D26
09:54:24.723    55502891  FFFFFFEBD3FFF  D16,D17,D19,D24,D26
09:54:26.391    55504559  FFFFFFE3D3FFF  D16,D17,D19,D24,D25,D26
09:54:26.391    55504563  FFFFFFE7D3FFF  D16,D17,D19,D25,D26
09:54:27.805    55505947  FFFFFFE3D3FFF  D16,D17,D19,D24,D25,D26
09:54:29.245    55507377  FFFFFFC3D3FFF  D16,D17,D19,D24,D25,D26,D27
09:54:29.245    55507379  FFFFFFCBD3FFF  D16,D17,D19,D24,D26,D27
09:54:29.245    55507381  FFFFFFCFD3FFF  D16,D17,D19,D26,D27
09:54:29.246    55507383  FFFFFFDFD3FFF  D16,D17,D19,D27
09:54:30.600    55508725  FFFFFFDBD3FFF  D16,D17,D19,D24,D27
09:54:32.638    55510751  FFFFFFD3D3FFF  D16,D17,D19,D24,D25,D27
09:54:32.638    55510755  FFFFFFD7D3FFF  D16,D17,D19,D25,D27
09:54:34.928    55513013  FFFFFFD3D3FFF  D16,D17,D19,D24,D25,D27
09:54:36.892    55514958  FFFFFFC3D3FFF  D16,D17,D19,D24,D25,D26,D27
09:54:36.892    55514959  FFFFFFCBD3FFF  D16,D17,D19,D24,D26,D27
09:54:36.892    55514962  FFFFFFCFD3FFF  D16,D17,D19,D26,D27
09:54:38.560    55516625  FFFFFFCBD3FFF  D16,D17,D19,D24,D26,D27
09:54:39.844    55517896  FFFFFFC3D3FFF  D16,D17,D19,D24,D25,D26,D27
09:54:39.844    55517899  FFFFFFC7D3FFF  D16,D17,D19,D25,D26,D27
09:54:41.123    55519166  FFFFFFC3D3FFF  D16,D17,D19,D24,D25,D26,D27
09:54:42.409    55520437  FFFFFF8BD3FFF  D16,D17,D19,D24,D26,D27,D28
09:54:42.410    55520439  FFFFFFABD3FFF  D16,D17,D19,D24,D26,D28
09:54:42.410    55520441  FFFFFFAFD3FFF  D16,D17,D19,D26,D28
09:54:42.410    55520443  FFFFFFBFD3FFF  D16,D17,D19,D28
09:54:43.682    55521705  FFFFFFBBD3FFF  D16,D17,D19,D24,D28
09:54:44.985    55522976  FFFFFFB3D3FFF  D16,D17,D19,D24,D25,D28
09:54:44.985    55522980  FFFFFFB7D3FFF  D16,D17,D19,D25,D28
09:54:46.242    55524246  FFFFFFB3D3FFF  D16,D17,D19,D24,D25,D28
09:54:47.518    55525517  FFFFFFA3D3FFF  D16,D17,D19,D24,D25,D26,D28
09:54:47.518    55525519  FFFFFFABD3FFF  D16,D17,D19,D24,D26,D28
09:54:47.518    55525521  FFFFFFAFD3FFF  D16,D17,D19,D26,D28
09:54:48.797    55526787  FFFFFFABD3FFF  D16,D17,D19,D24,D26,D28
09:54:50.087    55528057  FFFFFFA3D3FFF  D16,D17,D19,D24,D25,D26,D28
09:54:50.088    55528061  FFFFFFA7D3FFF  D16,D17,D19,D25,D26,D28
09:54:51.351    55529327  FFFFFFA3D3FFF  D16,D17,D19,D24,D25,D26,D28
--- FW IODebug 1.2.2 2026-08-31 LIFT=5 09:54:52 ---
09:54:52.613    55530558  FFFFFF83D3FFF  D16,D17,D19,D24,D25,D26,D27,D28
09:54:52.613    55530559  FFFFFF8BD3FFF  D16,D17,D19,D24,D26,D27,D28
09:54:52.614    55530562  FFFFFF8FD3FFF  D16,D17,D19,D26,D27,D28
09:54:52.614    55530564  FFFFFF9FD3FFF  D16,D17,D19,D27,D28
09:54:53.913    55531868  FFFFFF9BD3FFF  D16,D17,D19,D24,D27,D28
09:54:55.165    55533099  FFFFFF93D3FFF  D16,D17,D19,D24,D25,D27,D28
09:54:55.166    55533103  FFFFFF97D3FFF  D16,D17,D19,D25,D27,D28
09:54:56.451    55534368  FFFFFF93D3FFF  D16,D17,D19,D24,D25,D27,D28
09:54:57.760    55535679  FFFFFF83D3FFF  D16,D17,D19,D24,D25,D26,D27,D28
09:54:57.760    55535680  FFFFFF8BD3FFF  D16,D17,D19,D24,D26,D27,D28
09:54:57.760    55535682  FFFFFF8FD3FFF  D16,D17,D19,D26,D27,D28
09:54:59.036    55536949  FFFFFF8BD3FFF  D16,D17,D19,D24,D26,D27,D28
09:55:00.325    55538219  FFFFFF83D3FFF  D16,D17,D19,D24,D25,D26,D27,D28
09:55:00.326    55538224  FFFFFF87D3FFF  D16,D17,D19,D25,D26,D27,D28
09:55:01.567    55539448  FFFFFF83D3FFF  D16,D17,D19,D24,D25,D26,D27,D28
09:55:02.850    55540720  FFFFFF03D3FFF  D16,D17,D19,D24,D25,D26,D27,D28,D29
09:55:02.850    55540721  FFFFFF4BD3FFF  D16,D17,D19,D24,D26,D27,D29
09:55:02.850    55540723  FFFFFF6FD3FFF  D16,D17,D19,D26,D29
09:55:02.851    55540726  FFFFFF7FD3FFF  D16,D17,D19,D29
09:55:04.117    55541989  FFFFFF7BD3FFF  D16,D17,D19,D24,D29
09:55:05.408    55543260  FFFFFF73D3FFF  D16,D17,D19,D24,D25,D29
09:55:05.408    55543264  FFFFFF77D3FFF  D16,D17,D19,D25,D29
09:55:06.679    55544529  FFFFFF73D3FFF  D16,D17,D19,D24,D25,D29
09:55:07.963    55545800  FFFFFF63D3FFF  D16,D17,D19,D24,D25,D26,D29
09:55:07.964    55545802  FFFFFF6BD3FFF  D16,D17,D19,D24,D26,D29
09:55:07.964    55545804  FFFFFF6FD3FFF  D16,D17,D19,D26,D29
09:55:09.722    55547347  FFFFFF6BD3FFF  D16,D17,D19,D24,D26,D29
09:55:09.723    55547389  FFFFFF6B93FFF  D16,D17,D19,D20,D24,D26,D29
09:55:09.723    55547549  FFFFFF6BB3FFF  D16,D17,D20,D24,D26,D29
09:55:12.310    55550126  FFFFFF6BB7FFF  D17,D20,D24,D26,D29
--- FW IODebug 1.2.2 2026-08-31 LIFT=5 09:55:22 ---
09:55:28.121    55565808  FFFFFF6BF7FFF  D17,D24,D26,D29
09:55:41.881    55579462  FFFFFF6BB7FFF  D17,D20,D24,D26,D29
--- FW IODebug 1.2.2 2026-08-31 LIFT=5 09:55:52 ---
09:56:00.703    55598157  FFFFFF6BB3FFF  D16,D17,D20,D24,D26,D29
09:56:04.094    55601495  FFFFFF6FB3FFF  D16,D17,D20,D26,D29
09:56:05.563    55602959  FFFFFF6BB3FFF  D16,D17,D20,D24,D26,D29
09:56:05.563    55602961  FFFFFF63B3FFF  D16,D17,D20,D24,D25,D26,D29
09:56:05.563    55602966  FFFFFF73B3FFF  D16,D17,D20,D24,D25,D29
09:56:06.848    55604234  FFFFFF77B3FFF  D16,D17,D20,D25,D29
09:56:08.114    55605500  FFFFFF73B3FFF  D16,D17,D20,D24,D25,D29
09:56:08.115    55605501  FFFFFF7BB3FFF  D16,D17,D20,D24,D29
09:56:09.391    55606773  FFFFFF7FB3FFF  D16,D17,D20,D29
09:56:10.678    55608041  FFFFFF43B3FFF  D16,D17,D20,D24,D25,D26,D27,D29
09:56:10.679    55608042  FFFFFF83B3FFF  D16,D17,D20,D24,D25,D26,D27,D28
09:56:11.949    55609314  FFFFFF87B3FFF  D16,D17,D20,D25,D26,D27,D28
09:56:13.230    55610580  FFFFFF83B3FFF  D16,D17,D20,D24,D25,D26,D27,D28
09:56:13.230    55610583  FFFFFF8BB3FFF  D16,D17,D20,D24,D26,D27,D28
09:56:14.521    55611854  FFFFFF8FB3FFF  D16,D17,D20,D26,D27,D28
09:56:15.811    55613121  FFFFFF8BB3FFF  D16,D17,D20,D24,D26,D27,D28
09:56:15.811    55613123  FFFFFF83B3FFF  D16,D17,D20,D24,D25,D26,D27,D28
09:56:15.811    55613128  FFFFFF93B3FFF  D16,D17,D20,D24,D25,D27,D28
09:56:17.066    55614395  FFFFFF97B3FFF  D16,D17,D20,D25,D27,D28
09:56:18.364    55615662  FFFFFF93B3FFF  D16,D17,D20,D24,D25,D27,D28
09:56:18.365    55615664  FFFFFF9BB3FFF  D16,D17,D20,D24,D27,D28
09:56:19.874    55617174  FFFFFF9FB3FFF  D16,D17,D20,D27,D28
09:56:22.723    55619987  FFFFFF9FB7FFF  D17,D20,D27,D28
--- FW IODebug 1.2.2 2026-08-31 LIFT=5 09:56:22 ---
09:56:37.316    55634478  FFFFFF9FB3FFF  D16,D17,D20,D27,D28
09:56:40.887    55638009  FFFFFF93B3FFF  D16,D17,D20,D24,D25,D27,D28
09:56:40.887    55638010  FFFFFF83B3FFF  D16,D17,D20,D24,D25,D26,D27,D28
09:56:40.887    55638012  FFFFFFA3B3FFF  D16,D17,D20,D24,D25,D26,D28
09:56:43.800    55640905  FFFFFFA3B7FFF  D17,D20,D24,D25,D26,D28
--- FW IODebug 1.2.2 2026-08-31 LIFT=5 09:56:52 ---
09:56:58.520    55655517  FFFFFFA3F7FFF  D17,D24,D25,D26,D28
--- FW IODebug 1.2.2 2026-08-31 LIFT=5 09:57:23 ---
09:57:30.679    55687430  FFFFFFA3B7FFF  D17,D20,D24,D25,D26,D28
09:57:31.589    55688341  FFFFFFA3B3FFF  D16,D17,D20,D24,D25,D26,D28
09:57:34.915    55691640  FFFFFFA7B3FFF  D16,D17,D20,D25,D26,D28
09:57:36.434    55693145  FFFFFFA3B3FFF  D16,D17,D20,D24,D25,D26,D28
09:57:36.435    55693147  FFFFFFABB3FFF  D16,D17,D20,D24,D26,D28
09:57:37.713    55694418  FFFFFFAFB3FFF  D16,D17,D20,D26,D28
09:57:38.990    55695684  FFFFFFABB3FFF  D16,D17,D20,D24,D26,D28
09:57:38.990    55695686  FFFFFFA3B3FFF  D16,D17,D20,D24,D25,D26,D28
09:57:38.990    55695691  FFFFFFB3B3FFF  D16,D17,D20,D24,D25,D28
09:57:40.271    55696959  FFFFFFB7B3FFF  D16,D17,D20,D25,D28
09:57:41.559    55698225  FFFFFFB3B3FFF  D16,D17,D20,D24,D25,D28
09:57:41.560    55698227  FFFFFFBBB3FFF  D16,D17,D20,D24,D28
09:57:42.839    55699500  FFFFFFBFB3FFF  D16,D17,D20,D28
09:57:44.110    55700765  FFFFFFBBB3FFF  D16,D17,D20,D24,D28
09:57:44.110    55700767  FFFFFFC3B3FFF  D16,D17,D20,D24,D25,D26,D27
09:57:45.401    55702040  FFFFFFC7B3FFF  D16,D17,D20,D25,D26,D27
09:57:46.672    55703306  FFFFFFC3B3FFF  D16,D17,D20,D24,D25,D26,D27
09:57:46.672    55703308  FFFFFFCBB3FFF  D16,D17,D20,D24,D26,D27
09:57:47.966    55704581  FFFFFFCFB3FFF  D16,D17,D20,D26,D27
09:57:49.639    55706243  FFFFFFCBB3FFF  D16,D17,D20,D24,D26,D27
09:57:49.639    55706245  FFFFFFC3B3FFF  D16,D17,D20,D24,D25,D26,D27
09:57:49.640    55706250  FFFFFFD3B3FFF  D16,D17,D20,D24,D25,D27
09:57:51.711    55708311  FFFFFFD7B3FFF  D16,D17,D20,D25,D27
--- FW IODebug 1.2.2 2026-08-31 LIFT=5 09:57:53 ---
09:57:55.142    55711521  FFFFFFD7B7FFF  D17,D20,D25,D27
09:57:55.142    55711564  FFFFFFD7F7FFF  D17,D25,D27
09:57:55.142    55711721  FFFFFFD7D7FFF  D17,D19,D25,D27
09:57:59.083    55715611  FFFFFFD7D3FFF  D16,D17,D19,D25,D27
09:58:02.817    55719343  FFFFFFD3D3FFF  D16,D17,D19,D24,D25,D27
09:58:04.915    55721407  FFFFFFC3D3FFF  D16,D17,D19,D24,D25,D26,D27
09:58:04.915    55721409  FFFFFFCBD3FFF  D16,D17,D19,D24,D26,D27
09:58:04.915    55721411  FFFFFFCFD3FFF  D16,D17,D19,D26,D27
09:58:06.822    55723312  FFFFFFCBD3FFF  D16,D17,D19,D24,D26,D27
09:58:09.662    55726129  FFFFFFCBD7FFF  D17,D19,D24,D26,D27
--- FW IODebug 1.2.2 2026-08-31 LIFT=5 09:58:23 ---
09:58:26.241    55742564  FFFFFFCBD3FFF  D16,D17,D19,D24,D26,D27
09:58:29.557    55745858  FFFFFFC3D3FFF  D16,D17,D19,D24,D25,D26,D27
09:58:29.557    55745861  FFFFFFC7D3FFF  D16,D17,D19,D25,D26,D27
09:58:31.054    55747366  FFFFFFC3D3FFF  D16,D17,D19,D24,D25,D26,D27
09:58:32.353    55748637  FFFFFF83D3FFF  D16,D17,D19,D24,D25,D26,D27,D28
09:58:32.353    55748638  FFFFFF8BD3FFF  D16,D17,D19,D24,D26,D27,D28
09:58:32.353    55748640  FFFFFFBFD3FFF  D16,D17,D19,D28
09:58:33.614    55749906  FFFFFFBBD3FFF  D16,D17,D19,D24,D28
09:58:34.902    55751177  FFFFFFB3D3FFF  D16,D17,D19,D24,D25,D28
09:58:34.904    55751181  FFFFFFB7D3FFF  D16,D17,D19,D25,D28
09:58:36.189    55752448  FFFFFFB3D3FFF  D16,D17,D19,D24,D25,D28
09:58:37.486    55753717  FFFFFFA3D3FFF  D16,D17,D19,D24,D25,D26,D28
09:58:37.486    55753719  FFFFFFABD3FFF  D16,D17,D19,D24,D26,D28
09:58:37.486    55753721  FFFFFFAFD3FFF  D16,D17,D19,D26,D28
09:58:38.734    55754988  FFFFFFABD3FFF  D16,D17,D19,D24,D26,D28
09:58:40.024    55756258  FFFFFFA3D3FFF  D16,D17,D19,D24,D25,D26,D28
09:58:40.025    55756262  FFFFFFA7D3FFF  D16,D17,D19,D25,D26,D28
09:58:41.304    55757528  FFFFFFA3D3FFF  D16,D17,D19,D24,D25,D26,D28
09:58:42.584    55758798  FFFFFF83D3FFF  D16,D17,D19,D24,D25,D26,D27,D28
09:58:42.584    55758800  FFFFFF8BD3FFF  D16,D17,D19,D24,D26,D27,D28
09:58:42.584    55758802  FFFFFF9FD3FFF  D16,D17,D19,D27,D28
09:58:43.853    55760068  FFFFFF9BD3FFF  D16,D17,D19,D24,D27,D28
09:58:45.140    55761339  FFFFFF93D3FFF  D16,D17,D19,D24,D25,D27,D28
09:58:45.141    55761342  FFFFFF97D3FFF  D16,D17,D19,D25,D27,D28
09:58:46.667    55762847  FFFFFF93D3FFF  D16,D17,D19,D24,D25,D27,D28
09:58:49.512    55765663  FFFFFF93D7FFF  D17,D19,D24,D25,D27,D28
--- FW IODebug 1.2.2 2026-08-31 LIFT=5 09:58:53 ---
09:59:04.257    55780314  FFFFFF93F7FFF  D17,D24,D25,D27,D28
--- FW IODebug 1.2.2 2026-08-31 LIFT=5 09:59:24 ---
09:59:36.425    55812228  FFFFFF93B7FFF  D17,D20,D24,D25,D27,D28
09:59:37.343    55813140  FFFFFF93B3FFF  D16,D17,D20,D24,D25,D27,D28
09:59:40.720    55816477  FFFFFF97B3FFF  D16,D17,D20,D25,D27,D28
09:59:42.243    55817982  FFFFFF93B3FFF  D16,D17,D20,D24,D25,D27,D28
09:59:42.244    55817984  FFFFFF9BB3FFF  D16,D17,D20,D24,D27,D28
09:59:43.516    55819256  FFFFFF9FB3FFF  D16,D17,D20,D27,D28
09:59:44.789    55820522  FFFFFF83B3FFF  D16,D17,D20,D24,D25,D26,D27,D28
09:59:44.789    55820525  FFFFFFA3B3FFF  D16,D17,D20,D24,D25,D26,D28
09:59:46.072    55821796  FFFFFFA7B3FFF  D16,D17,D20,D25,D26,D28
09:59:47.308    55823023  FFFFFFA3B3FFF  D16,D17,D20,D24,D25,D26,D28
09:59:47.308    55823025  FFFFFFABB3FFF  D16,D17,D20,D24,D26,D28
09:59:48.629    55824336  FFFFFFAFB3FFF  D16,D17,D20,D26,D28
09:59:49.860    55825563  FFFFFFABB3FFF  D16,D17,D20,D24,D26,D28
09:59:49.860    55825565  FFFFFFA3B3FFF  D16,D17,D20,D24,D25,D26,D28
09:59:49.860    55825570  FFFFFFB3B3FFF  D16,D17,D20,D24,D25,D28
09:59:51.159    55826837  FFFFFFB7B3FFF  D16,D17,D20,D25,D28
09:59:52.424    55828104  FFFFFFB3B3FFF  D16,D17,D20,D24,D25,D28
09:59:52.424    55828106  FFFFFFBBB3FFF  D16,D17,D20,D24,D28
09:59:53.710    55829378  FFFFFFBFB3FFF  D16,D17,D20,D28
--- FW IODebug 1.2.2 2026-08-31 LIFT=5 09:59:54 ---
09:59:54.989    55830644  FFFFFFABB3FFF  D16,D17,D20,D24,D26,D28
09:59:54.989    55830646  FFFFFFC3B3FFF  D16,D17,D20,D24,D25,D26,D27
09:59:56.268    55831918  FFFFFFC7B3FFF  D16,D17,D20,D25,D26,D27
09:59:57.556    55833185  FFFFFFC3B3FFF  D16,D17,D20,D24,D25,D26,D27
09:59:57.557    55833186  FFFFFFCBB3FFF  D16,D17,D20,D24,D26,D27
09:59:58.838    55834459  FFFFFFCFB3FFF  D16,D17,D20,D26,D27
10:00:00.510    55836122  FFFFFFCBB3FFF  D16,D17,D20,D24,D26,D27
10:00:00.510    55836124  FFFFFFC3B3FFF  D16,D17,D20,D24,D25,D26,D27
10:00:00.510    55836129  FFFFFFD3B3FFF  D16,D17,D20,D24,D25,D27
10:00:02.476    55838070  FFFFFFD7B3FFF  D16,D17,D20,D25,D27
10:00:04.754    55840329  FFFFFFD3B3FFF  D16,D17,D20,D24,D25,D27
10:00:04.754    55840331  FFFFFFDBB3FFF  D16,D17,D20,D24,D27
10:00:06.801    55842358  FFFFFFDFB3FFF  D16,D17,D20,D27
10:00:08.150    55843703  FFFFFFDBB3FFF  D16,D17,D20,D24,D27
10:00:08.150    55843705  FFFFFFC3B3FFF  D16,D17,D20,D24,D25,D26,D27
10:00:08.150    55843707  FFFFFFE3B3FFF  D16,D17,D20,D24,D25,D26
10:00:09.592    55845136  FFFFFFE7B3FFF  D16,D17,D20,D25,D26
10:00:10.979    55846521  FFFFFFE3B3FFF  D16,D17,D20,D24,D25,D26
10:00:10.980    55846523  FFFFFFEBB3FFF  D16,D17,D20,D24,D26
10:00:12.680    55848193  FFFFFFEFB3FFF  D16,D17,D20,D26
10:00:14.678    55850174  FFFFFFEBB3FFF  D16,D17,D20,D24,D26
10:00:14.678    55850175  FFFFFFE3B3FFF  D16,D17,D20,D24,D25,D26
10:00:14.679    55850180  FFFFFFF3B3FFF  D16,D17,D20,D24,D25
10:00:16.952    55852440  FFFFFFF7B3FFF  D16,D17,D20,D25
10:00:20.586    55856007  FFFFFFF7B7FFF  D17,D20,D25
10:00:20.587    55856051  FFFFFFF7F7FFF  D17,D25
10:00:21.218    55856684  FFFFFFF7D7FFF  D17,D19,D25
--- FW IODebug 1.2.2 2026-08-31 LIFT=5 10:00:24 ---
10:00:24.653    55860099  FFFFFFF7D3FFF  D16,D17,D19,D25
10:00:28.740    55864145  FFFFFFF3D3FFF  D16,D17,D19,D24,D25
10:00:31.023    55866408  FFFFFFE3D3FFF  D16,D17,D19,D24,D25,D26
10:00:31.024    55866411  FFFFFFEBD3FFF  D16,D17,D19,D24,D26
10:00:31.024    55866413  FFFFFFEFD3FFF  D16,D17,D19,D26
10:00:33.025    55868393  FFFFFFEBD3FFF  D16,D17,D19,D24,D26
10:00:34.706    55870061  FFFFFFE3D3FFF  D16,D17,D19,D24,D25,D26
10:00:34.706    55870064  FFFFFFE7D3FFF  D16,D17,D19,D25,D26
10:00:36.107    55871450  FFFFFFE3D3FFF  D16,D17,D19,D24,D25,D26
10:00:37.537    55872879  FFFFFFC3D3FFF  D16,D17,D19,D24,D25,D26,D27
10:00:37.537    55872880  FFFFFFCBD3FFF  D16,D17,D19,D24,D26,D27
10:00:37.537    55872882  FFFFFFCFD3FFF  D16,D17,D19,D26,D27
10:00:37.537    55872885  FFFFFFDFD3FFF  D16,D17,D19,D27
10:00:38.907    55874229  FFFFFFDBD3FFF  D16,D17,D19,D24,D27
10:00:40.959    55876252  FFFFFFD3D3FFF  D16,D17,D19,D24,D25,D27
10:00:40.959    55876256  FFFFFFD7D3FFF  D16,D17,D19,D25,D27
10:00:43.227    55878515  FFFFFFD3D3FFF  D16,D17,D19,D24,D25,D27
10:00:45.194    55880461  FFFFFFC3D3FFF  D16,D17,D19,D24,D25,D26,D27
10:00:45.195    55880463  FFFFFFCBD3FFF  D16,D17,D19,D24,D26,D27
10:00:45.195    55880464  FFFFFFCFD3FFF  D16,D17,D19,D26,D27
10:00:46.860    55882127  FFFFFFCBD3FFF  D16,D17,D19,D24,D26,D27
10:00:48.142    55883398  FFFFFFC3D3FFF  D16,D17,D19,D24,D25,D26,D27
10:00:48.142    55883401  FFFFFFC7D3FFF  D16,D17,D19,D25,D26,D27
10:00:49.430    55884667  FFFFFFC3D3FFF  D16,D17,D19,D24,D25,D26,D27
10:00:50.701    55885938  FFFFFF83D3FFF  D16,D17,D19,D24,D25,D26,D27,D28
10:00:50.701    55885940  FFFFFFABD3FFF  D16,D17,D19,D24,D26,D28
10:00:50.701    55885942  FFFFFFAFD3FFF  D16,D17,D19,D26,D28
10:00:50.701    55885944  FFFFFFBFD3FFF  D16,D17,D19,D28
10:00:51.981    55887208  FFFFFFBBD3FFF  D16,D17,D19,D24,D28
10:00:53.268    55888479  FFFFFFB3D3FFF  D16,D17,D19,D24,D25,D28
10:00:53.268    55888482  FFFFFFB7D3FFF  D16,D17,D19,D25,D28
10:00:54.808    55889748  FFFFFFB3D3FFF  D16,D17,D19,D24,D25,D28
--- FW IODebug 1.2.2 2026-08-31 LIFT=5 10:00:54 ---
10:00:55.830    55891018  FFFFFFA3D3FFF  D16,D17,D19,D24,D25,D26,D28
10:00:55.830    55891020  FFFFFFABD3FFF  D16,D17,D19,D24,D26,D28
10:00:55.831    55891022  FFFFFFAFD3FFF  D16,D17,D19,D26,D28
10:00:57.092    55892289  FFFFFFABD3FFF  D16,D17,D19,D24,D26,D28
10:00:58.836    55893797  FFFFFFA3D3FFF  D16,D17,D19,D24,D25,D26,D28
10:00:58.836    55893801  FFFFFFA7D3FFF  D16,D17,D19,D25,D26,D28
10:00:58.836    55893838  FFFFFFA793FFF  D16,D17,D19,D20,D25,D26,D28
10:00:58.836    55893998  FFFFFFA7B3FFF  D16,D17,D20,D25,D26,D28
10:01:01.501    55896654  FFFFFFA7B7FFF  D17,D20,D25,D26,D28
10:01:18.017    55913050  FFFFFFA7B3FFF  D16,D17,D20,D25,D26,D28
10:01:21.370    55916383  FFFFFFA3B3FFF  D16,D17,D20,D24,D25,D26,D28
10:01:21.370    55916385  FFFFFFABB3FFF  D16,D17,D20,D24,D26,D28
10:01:22.897    55917895  FFFFFFAFB3FFF  D16,D17,D20,D26,D28
10:01:24.197    55919162  FFFFFFABB3FFF  D16,D17,D20,D24,D26,D28
10:01:24.197    55919164  FFFFFFA3B3FFF  D16,D17,D20,D24,D25,D26,D28
10:01:24.197    55919169  FFFFFFB3B3FFF  D16,D17,D20,D24,D25,D28
--- FW IODebug 1.2.2 2026-08-31 LIFT=5 10:01:25 ---
10:01:25.469    55920436  FFFFFFB7B3FFF  D16,D17,D20,D25,D28
10:01:26.755    55921702  FFFFFFB3B3FFF  D16,D17,D20,D24,D25,D28
10:01:26.755    55921704  FFFFFFBBB3FFF  D16,D17,D20,D24,D28
10:01:27.980    55922937  FFFFFFBFB3FFF  D16,D17,D20,D28
10:01:29.265    55924203  FFFFFFABB3FFF  D16,D17,D20,D24,D26,D28
10:01:29.265    55924205  FFFFFFC3B3FFF  D16,D17,D20,D24,D25,D26,D27
10:01:30.537    55925477  FFFFFFC7B3FFF  D16,D17,D20,D25,D26,D27
10:01:31.823    55926743  FFFFFFC3B3FFF  D16,D17,D20,D24,D25,D26,D27
10:01:31.823    55926745  FFFFFFCBB3FFF  D16,D17,D20,D24,D26,D27
10:01:33.111    55928017  FFFFFFCFB3FFF  D16,D17,D20,D26,D27
10:01:34.778    55929680  FFFFFFCBB3FFF  D16,D17,D20,D24,D26,D27
10:01:34.778    55929682  FFFFFFC3B3FFF  D16,D17,D20,D24,D25,D26,D27
10:01:34.778    55929687  FFFFFFD3B3FFF  D16,D17,D20,D24,D25,D27
10:01:36.757    55931630  FFFFFFD7B3FFF  D16,D17,D20,D25,D27
10:01:39.006    55933888  FFFFFFD3B3FFF  D16,D17,D20,D24,D25,D27
10:01:39.006    55933890  FFFFFFDBB3FFF  D16,D17,D20,D24,D27
10:01:41.069    55935917  FFFFFFDFB3FFF  D16,D17,D20,D27
10:01:42.421    55937261  FFFFFFDBB3FFF  D16,D17,D20,D24,D27
10:01:42.421    55937263  FFFFFFC3B3FFF  D16,D17,D20,D24,D25,D26,D27
10:01:42.422    55937265  FFFFFFE3B3FFF  D16,D17,D20,D24,D25,D26
10:01:43.863    55938696  FFFFFFE7B3FFF  D16,D17,D20,D25,D26
10:01:45.266    55940080  FFFFFFE3B3FFF  D16,D17,D20,D24,D25,D26
10:01:45.267    55940082  FFFFFFEBB3FFF  D16,D17,D20,D24,D26
10:01:46.949    55941751  FFFFFFEFB3FFF  D16,D17,D20,D26
10:01:48.990    55943772  FFFFFFEBB3FFF  D16,D17,D20,D24,D26
10:01:48.991    55943774  FFFFFFE3B3FFF  D16,D17,D20,D24,D25,D26
10:01:48.991    55943779  FFFFFFF3B3FFF  D16,D17,D20,D24,D25
10:01:51.218    55945999  FFFFFFF7B3FFF  D16,D17,D20,D25
10:01:55.242    55949527  FFFFFFF7B7FFF  D17,D20,D25
--- FW IODebug 1.2.2 2026-08-31 LIFT=5 10:01:55 ---
10:02:09.554    55964176  FFFFFFF7F7FFF  D17,D25
--- FW IODebug 1.2.2 2026-08-31 LIFT=5 10:02:25 ---
--- FW IODebug 1.2.2 2026-08-31 LIFT=5 10:02:55 ---
10:03:09.998    56024176  FFFFFFF7F7FFF  D17,D25
--- FW IODebug 1.2.2 2026-08-31 LIFT=5 10:03:25 ---
--- FW IODebug 1.2.2 2026-08-31 LIFT=5 10:03:56 ---
10:04:10.463    56084176  FFFFFFF7F7FFF  D17,D25
--- FW IODebug 1.2.2 2026-08-31 LIFT=5 10:04:26 ---
--- FW IODebug 1.2.2 2026-08-31 LIFT=5 10:04:56 ---
10:05:10.209    56143470  FFFFFFF7FFFFF  D25
10:05:10.874    56144147  FFFFFFF7F7FFF  D17,D25
--- FW IODebug 1.2.2 2026-08-31 LIFT=5 10:05:26 ---
--- FW IODebug 1.2.2 2026-08-31 LIFT=5 10:05:57 ---
10:06:11.346    56204147  FFFFFFF7F7FFF  D17,D25
--- FW IODebug 1.2.2 2026-08-31 LIFT=5 10:06:27 ---
--- FW IODebug 1.2.2 2026-08-31 LIFT=5 10:06:57 ---
10:07:11.814    56264147  FFFFFFF7F7FFF  D17,D25
--- FW IODebug 1.2.2 2026-08-31 LIFT=5 10:07:27 ---
--- FW IODebug 1.2.2 2026-08-31 LIFT=5 10:07:58 ---
10:08:12.268    56324147  FFFFFFF7F7FFF  D17,D25
--- FW IODebug 1.2.2 2026-08-31 LIFT=5 10:08:28 ---
--- FW IODebug 1.2.2 2026-08-31 LIFT=5 10:08:58 ---
10:09:12.724    56384147  FFFFFFF7F7FFF  D17,D25
--- FW IODebug 1.2.2 2026-08-31 LIFT=5 10:09:28 ---
10:09:41.522    56412716  FFFFFFF7D7FFF  D17,D19,D25
10:09:57.522    56428597  FFFFFFF7F7FFF  D17,D25
10:09:58.305    56429387  FFFFFFF7D7FFF  D17,D19,D25
--- FW IODebug 1.2.2 2026-08-31 LIFT=5 10:09:58 ---
10:10:16.677    56447607  FFFFFFF7D3FFF  D16,D17,D19,D25
10:10:20.907    56451815  FFFFFFF3D3FFF  D16,D17,D19,D24,D25
10:10:24.550    56455426  FFFFFFF3D7FFF  D17,D19,D24,D25
--- FW IODebug 1.2.2 2026-08-31 LIFT=5 10:10:29 ---
10:10:39.282    56470037  FFFFFFF3F7FFF  D17,D24,D25
--- FW IODebug 1.2.2 2026-08-31 LIFT=5 10:10:59 ---
10:11:11.433    56501949  FFFFFFF3B7FFF  D17,D20,D24,D25
10:11:12.367    56502862  FFFFFFF3B3FFF  D16,D17,D20,D24,D25
10:11:16.599    56507073  FFFFFFF7B3FFF  D16,D17,D20,D25
10:11:20.391    56510680  FFFFFFF7B7FFF  D17,D20,D25
10:11:20.391    56510841  FFFFFFF7F7FFF  D17,D25
--- FW IODebug 1.2.2 2026-08-31 LIFT=5 10:11:29 ---
--- FW IODebug 1.2.2 2026-08-31 LIFT=5 10:11:59 ---
10:12:20.851    56570841  FFFFFFF7F7FFF  D17,D25
--- FW IODebug 1.2.2 2026-08-31 LIFT=5 10:12:30 ---
--- FW IODebug 1.2.2 2026-08-31 LIFT=5 10:13:00 ---
10:13:21.303    56630841  FFFFFFF7F7FFF  D17,D25
--- FW IODebug 1.2.2 2026-08-31 LIFT=5 10:13:30 ---
--- FW IODebug 1.2.2 2026-08-31 LIFT=5 10:14:00 ---
10:14:21.049    56690136  FFFFFFF7FFFFF  D25
10:14:21.737    56690813  FFFFFFF7F7FFF  D17,D25
--- FW IODebug 1.2.2 2026-08-31 LIFT=5 10:14:31 ---
10:14:46.952    56715820  FFFFFFF7D7FFF  D17,D19,D25
10:14:47.869    56716734  FFFFFFF7D3FFF  D16,D17,D19,D25
10:14:51.955    56720781  FFFFFFF3D3FFF  D16,D17,D19,D24,D25
10:14:54.227    56723044  FFFFFFE3D3FFF  D16,D17,D19,D24,D25,D26
10:14:54.228    56723046  FFFFFFEBD3FFF  D16,D17,D19,D24,D26
10:14:54.228    56723048  FFFFFFEFD3FFF  D16,D17,D19,D26
10:14:56.214    56725028  FFFFFFEBD3FFF  D16,D17,D19,D24,D26
10:14:57.895    56726696  FFFFFFE3D3FFF  D16,D17,D19,D24,D25,D26
10:14:57.895    56726701  FFFFFFE7D3FFF  D16,D17,D19,D25,D26
10:14:59.314    56728085  FFFFFFE3D3FFF  D16,D17,D19,D24,D25,D26
10:15:01.222    56729515  FFFFFFC3D3FFF  D16,D17,D19,D24,D25,D26,D27
10:15:01.223    56729517  FFFFFFCBD3FFF  D16,D17,D19,D24,D26,D27
10:15:01.223    56729519  FFFFFFCFD3FFF  D16,D17,D19,D26,D27
10:15:01.223    56729521  FFFFFFDFD3FFF  D16,D17,D19,D27
--- FW IODebug 1.2.2 2026-08-31 LIFT=5 10:15:01 ---
10:15:02.100    56730863  FFFFFFDBD3FFF  D16,D17,D19,D24,D27
10:15:04.145    56732889  FFFFFFD3D3FFF  D16,D17,D19,D24,D25,D27
10:15:04.145    56732893  FFFFFFD7D3FFF  D16,D17,D19,D25,D27
10:15:06.419    56735151  FFFFFFD3D3FFF  D16,D17,D19,D24,D25,D27
10:15:08.403    56737096  FFFFFFC3D3FFF  D16,D17,D19,D24,D25,D26,D27
10:15:08.403    56737097  FFFFFFCBD3FFF  D16,D17,D19,D24,D26,D27
10:15:08.403    56737100  FFFFFFCFD3FFF  D16,D17,D19,D26,D27
10:15:10.065    56738762  FFFFFFCBD3FFF  D16,D17,D19,D24,D26,D27
10:15:11.336    56740033  FFFFFFC3D3FFF  D16,D17,D19,D24,D25,D26,D27
10:15:11.336    56740037  FFFFFFC7D3FFF  D16,D17,D19,D25,D26,D27
10:15:12.619    56741303  FFFFFFC3D3FFF  D16,D17,D19,D24,D25,D26,D27
10:15:13.912    56742575  FFFFFF8BD3FFF  D16,D17,D19,D24,D26,D27,D28
10:15:13.912    56742578  FFFFFFABD3FFF  D16,D17,D19,D24,D26,D28
10:15:13.912    56742579  FFFFFFAFD3FFF  D16,D17,D19,D26,D28
10:15:13.913    56742581  FFFFFFBFD3FFF  D16,D17,D19,D28
10:15:15.176    56743843  FFFFFFBBD3FFF  D16,D17,D19,D24,D28
10:15:16.464    56745114  FFFFFFB3D3FFF  D16,D17,D19,D24,D25,D28
10:15:16.465    56745118  FFFFFFB7D3FFF  D16,D17,D19,D25,D28
10:15:17.743    56746384  FFFFFFB3D3FFF  D16,D17,D19,D24,D25,D28
10:15:19.018    56747655  FFFFFFA3D3FFF  D16,D17,D19,D24,D25,D26,D28
10:15:19.018    56747657  FFFFFFABD3FFF  D16,D17,D19,D24,D26,D28
10:15:19.018    56747659  FFFFFFAFD3FFF  D16,D17,D19,D26,D28
10:15:20.289    56748924  FFFFFFABD3FFF  D16,D17,D19,D24,D26,D28
10:15:21.588    56750195  FFFFFFA3D3FFF  D16,D17,D19,D24,D25,D26,D28
10:15:21.588    56750199  FFFFFFA7D3FFF  D16,D17,D19,D25,D26,D28
10:15:22.872    56751465  FFFFFFA3D3FFF  D16,D17,D19,D24,D25,D26,D28
10:15:24.113    56752695  FFFFFF83D3FFF  D16,D17,D19,D24,D25,D26,D27,D28
10:15:24.113    56752697  FFFFFF8BD3FFF  D16,D17,D19,D24,D26,D27,D28
10:15:24.113    56752700  FFFFFF8FD3FFF  D16,D17,D19,D26,D27,D28
10:15:24.113    56752702  FFFFFF9FD3FFF  D16,D17,D19,D27,D28
10:15:25.406    56754006  FFFFFF9BD3FFF  D16,D17,D19,D24,D27,D28
10:15:27.258    56755514  FFFFFF93D3FFF  D16,D17,D19,D24,D25,D27,D28
10:15:27.258    56755518  FFFFFF97D3FFF  D16,D17,D19,D25,D27,D28
10:15:27.258    56755674  FFFFFF9793FFF  D16,D17,D19,D20,D25,D27,D28
10:15:27.258    56755833  FFFFFF97B3FFF  D16,D17,D20,D25,D27,D28
10:15:29.779    56758331  FFFFFF97B7FFF  D17,D20,D25,D27,D28
--- FW IODebug 1.2.2 2026-08-31 LIFT=5 10:15:31 ---
10:15:42.752    56771193  FFFFFF97B3FFF  D16,D17,D20,D25,D27,D28
10:15:46.089    56774528  FFFFFF93B3FFF  D16,D17,D20,D24,D25,D27,D28
10:15:46.089    56774529  FFFFFF9BB3FFF  D16,D17,D20,D24,D27,D28
10:15:47.579    56776000  FFFFFF9FB3FFF  D16,D17,D20,D27,D28
10:15:48.900    56777306  FFFFFF9BB3FFF  D16,D17,D20,D24,D27,D28
10:15:48.901    56777308  FFFFFF83B3FFF  D16,D17,D20,D24,D25,D26,D27,D28
10:15:48.901    56777309  FFFFFFA3B3FFF  D16,D17,D20,D24,D25,D26,D28
10:15:50.171    56778580  FFFFFFA7B3FFF  D16,D17,D20,D25,D26,D28
10:15:51.408    56779806  FFFFFFA3B3FFF  D16,D17,D20,D24,D25,D26,D28
10:15:51.409    56779808  FFFFFFABB3FFF  D16,D17,D20,D24,D26,D28
10:15:52.691    56781081  FFFFFFAFB3FFF  D16,D17,D20,D26,D28
10:15:54.260    56782624  FFFFFFABB3FFF  D16,D17,D20,D24,D26,D28
10:15:54.261    56782626  FFFFFFA3B3FFF  D16,D17,D20,D24,D25,D26,D28
10:15:54.261    56782631  FFFFFFB3B3FFF  D16,D17,D20,D24,D25,D28
10:15:57.120    56785442  FFFFFFB3B7FFF  D17,D20,D24,D25,D28
--- FW IODebug 1.2.2 2026-08-31 LIFT=5 10:16:01 ---
10:16:11.738    56799973  FFFFFFB3F7FFF  D17,D24,D25,D28
--- FW IODebug 1.2.2 2026-08-31 LIFT=5 10:16:31 ---
10:16:44.550    56832522  FFFFFFB3B7FFF  D17,D20,D24,D25,D28
10:16:45.449    56833434  FFFFFFB3B3FFF  D16,D17,D20,D24,D25,D28
10:16:48.805    56836771  FFFFFFB7B3FFF  D16,D17,D20,D25,D28
10:16:50.296    56838236  FFFFFFB3B3FFF  D16,D17,D20,D24,D25,D28
10:16:50.296    56838238  FFFFFFBBB3FFF  D16,D17,D20,D24,D28
10:16:51.568    56839511  FFFFFFBFB3FFF  D16,D17,D20,D28
10:16:52.855    56840776  FFFFFFBBB3FFF  D16,D17,D20,D24,D28
10:16:52.856    56840778  FFFFFFC3B3FFF  D16,D17,D20,D24,D25,D26,D27
10:16:54.131    56842051  FFFFFFC7B3FFF  D16,D17,D20,D25,D26,D27
10:16:55.407    56843317  FFFFFFC3B3FFF  D16,D17,D20,D24,D25,D26,D27
10:16:55.407    56843319  FFFFFFCBB3FFF  D16,D17,D20,D24,D26,D27
10:16:56.698    56844592  FFFFFFCFB3FFF  D16,D17,D20,D26,D27
10:16:58.380    56846255  FFFFFFC3B3FFF  D16,D17,D20,D24,D25,D26,D27
10:16:58.380    56846261  FFFFFFD3B3FFF  D16,D17,D20,D24,D25,D27
10:17:00.331    56848203  FFFFFFD7B3FFF  D16,D17,D20,D25,D27
--- FW IODebug 1.2.2 2026-08-31 LIFT=5 10:17:02 ---
10:17:02.617    56850461  FFFFFFD3B3FFF  D16,D17,D20,D24,D25,D27
10:17:02.617    56850463  FFFFFFDBB3FFF  D16,D17,D20,D24,D27
10:17:04.662    56852490  FFFFFFDFB3FFF  D16,D17,D20,D27
10:17:06.026    56853835  FFFFFFD3B3FFF  D16,D17,D20,D24,D25,D27
10:17:06.026    56853837  FFFFFFC3B3FFF  D16,D17,D20,D24,D25,D26,D27
10:17:06.027    56853839  FFFFFFE3B3FFF  D16,D17,D20,D24,D25,D26
10:17:07.450    56855269  FFFFFFE7B3FFF  D16,D17,D20,D25,D26
10:17:08.851    56856653  FFFFFFE3B3FFF  D16,D17,D20,D24,D25,D26
10:17:08.851    56856655  FFFFFFEBB3FFF  D16,D17,D20,D24,D26
10:17:10.540    56858326  FFFFFFEFB3FFF  D16,D17,D20,D26
10:17:12.591    56860346  FFFFFFEBB3FFF  D16,D17,D20,D24,D26
10:17:12.592    56860348  FFFFFFE3B3FFF  D16,D17,D20,D24,D25,D26
10:17:12.592    56860352  FFFFFFF3B3FFF  D16,D17,D20,D24,D25
10:17:14.837    56862573  FFFFFFF7B3FFF  D16,D17,D20,D25
10:17:18.459    56866100  FFFFFFF7B7FFF  D17,D20,D25
10:17:18.460    56866183  FFFFFFF7F7FFF  D17,D25
--- FW IODebug 1.2.2 2026-08-31 LIFT=5 10:17:32 ---
--- FW IODebug 1.2.2 2026-08-31 LIFT=5 10:18:02 ---
10:18:18.925    56926183  FFFFFFF7F7FFF  D17,D25
--- FW IODebug 1.2.2 2026-08-31 LIFT=5 10:18:32 ---
--- FW IODebug 1.2.2 2026-08-31 LIFT=5 10:19:03 ---
10:19:19.375    56986183  FFFFFFF7F7FFF  D17,D25
--- FW IODebug 1.2.2 2026-08-31 LIFT=5 10:19:33 ---
--- FW IODebug 1.2.2 2026-08-31 LIFT=5 10:20:03 ---
10:20:19.126    57045477  FFFFFFF7FFFFF  D25
10:20:19.794    57046154  FFFFFFF7F7FFF  D17,D25
--- FW IODebug 1.2.2 2026-08-31 LIFT=5 10:20:33 ---
--- FW IODebug 1.2.2 2026-08-31 LIFT=5 10:21:03 ---
10:21:20.269    57106154  FFFFFFF7F7FFF  D17,D25
--- FW IODebug 1.2.2 2026-08-31 LIFT=5 10:21:34 ---
--- FW IODebug 1.2.2 2026-08-31 LIFT=5 10:22:04 ---
10:22:20.715    57166154  FFFFFFF7F7FFF  D17,D25
--- FW IODebug 1.2.2 2026-08-31 LIFT=5 10:22:34 ---
--- FW IODebug 1.2.2 2026-08-31 LIFT=5 10:23:04 ---
10:23:21.185    57226155  FFFFFFF7F7FFF  D17,D25
--- FW IODebug 1.2.2 2026-08-31 LIFT=5 10:23:35 ---
--- FW IODebug 1.2.2 2026-08-31 LIFT=5 10:24:05 ---
10:24:21.636    57286155  FFFFFFF7F7FFF  D17,D25
--- FW IODebug 1.2.2 2026-08-31 LIFT=5 10:24:35 ---
--- FW IODebug 1.2.2 2026-08-31 LIFT=5 10:25:05 ---
10:25:22.091    57346155  FFFFFFF7F7FFF  D17,D25
--- FW IODebug 1.2.2 2026-08-31 LIFT=5 10:25:36 ---
--- FW IODebug 1.2.2 2026-08-31 LIFT=5 10:26:06 ---
10:26:13.299    57396970  FFFFFFF7B7FFF  D17,D20,D25
10:26:14.300    57397962  FFFFFFF7B3FFF  D16,D17,D20,D25
10:26:18.112    57401614  FFFFFFF3B3FFF  D16,D17,D20,D24,D25
10:26:18.112    57401616  FFFFFFFBB3FFF  D16,D17,D20,D24
10:26:18.112    57401733  FFFFFFFB93FFF  D16,D17,D19,D20,D24
10:26:18.112    57401735  FFFFFFFBD3FFF  D16,D17,D19,D24
10:26:21.028    57404628  FFFFFFFBD7FFF  D17,D19,D24
--- FW IODebug 1.2.2 2026-08-31 LIFT=5 10:26:36 ---
10:26:37.578    57421065  FFFFFFFBD3FFF  D16,D17,D19,D24
10:26:41.228    57424676  FFFFFFF3D3FFF  D16,D17,D19,D24,D25
10:26:41.229    57424680  FFFFFFF7D3FFF  D16,D17,D19,D25
10:26:44.271    57427691  FFFFFFF7D7FFF  D17,D19,D25
10:26:59.080    57442381  FFFFFFF7F7FFF  D17,D25
--- FW IODebug 1.2.2 2026-08-31 LIFT=5 10:27:06 ---
--- FW IODebug 1.2.2 2026-08-31 LIFT=5 10:27:36 ---
10:27:59.518    57502381  FFFFFFF7F7FFF  D17,D25
--- FW IODebug 1.2.2 2026-08-31 LIFT=5 10:28:07 ---
--- FW IODebug 1.2.2 2026-08-31 LIFT=5 10:28:37 ---
10:28:59.977    57562381  FFFFFFF7F7FFF  D17,D25
--- FW IODebug 1.2.2 2026-08-31 LIFT=5 10:29:07 ---
--- FW IODebug 1.2.2 2026-08-31 LIFT=5 10:29:37 ---
10:29:59.130    57621081  FFFFFFF7FFFFF  D25
10:29:59.822    57621756  FFFFFFF7F7FFF  D17,D25
--- FW IODebug 1.2.2 2026-08-31 LIFT=5 10:30:08 ---
--- FW IODebug 1.2.2 2026-08-31 LIFT=5 10:30:38 ---
10:31:00.275    57681756  FFFFFFF7F7FFF  D17,D25
--- FW IODebug 1.2.2 2026-08-31 LIFT=5 10:31:08 ---
--- FW IODebug 1.2.2 2026-08-31 LIFT=5 10:31:38 ---
10:32:00.743    57741756  FFFFFFF7F7FFF  D17,D25
--- FW IODebug 1.2.2 2026-08-31 LIFT=5 10:32:09 ---
--- FW IODebug 1.2.2 2026-08-31 LIFT=5 10:32:39 ---
10:32:54.739    57795339  FFFFFFF7D7FFF  D17,D19,D25
10:32:55.743    57796332  FFFFFFF7D3FFF  D16,D17,D19,D25
10:32:59.799    57800380  FFFFFFF3D3FFF  D16,D17,D19,D24,D25
10:33:02.090    57802643  FFFFFFE3D3FFF  D16,D17,D19,D24,D25,D26
10:33:02.090    57802644  FFFFFFEBD3FFF  D16,D17,D19,D24,D26
10:33:02.090    57802647  FFFFFFEFD3FFF  D16,D17,D19,D26
10:33:04.088    57804627  FFFFFFEBD3FFF  D16,D17,D19,D24,D26
10:33:05.778    57806295  FFFFFFE3D3FFF  D16,D17,D19,D24,D25,D26
10:33:05.778    57806299  FFFFFFE7D3FFF  D16,D17,D19,D25,D26
10:33:07.168    57807683  FFFFFFE3D3FFF  D16,D17,D19,D24,D25,D26
10:33:08.622    57809113  FFFFFFC3D3FFF  D16,D17,D19,D24,D25,D26,D27
10:33:08.622    57809115  FFFFFFCBD3FFF  D16,D17,D19,D24,D26,D27
10:33:08.623    57809117  FFFFFFCFD3FFF  D16,D17,D19,D26,D27
10:33:08.623    57809120  FFFFFFDFD3FFF  D16,D17,D19,D27
--- FW IODebug 1.2.2 2026-08-31 LIFT=5 10:33:09 ---
10:33:09.967    57810462  FFFFFFDBD3FFF  D16,D17,D19,D24,D27
10:33:12.020    57812487  FFFFFFD3D3FFF  D16,D17,D19,D24,D25,D27
10:33:12.020    57812491  FFFFFFD7D3FFF  D16,D17,D19,D25,D27
10:33:14.302    57814749  FFFFFFD3D3FFF  D16,D17,D19,D24,D25,D27
10:33:16.260    57816694  FFFFFFC3D3FFF  D16,D17,D19,D24,D25,D26,D27
10:33:16.261    57816696  FFFFFFCBD3FFF  D16,D17,D19,D24,D26,D27
10:33:16.261    57816698  FFFFFFCFD3FFF  D16,D17,D19,D26,D27
10:33:17.928    57818361  FFFFFFCBD3FFF  D16,D17,D19,D24,D26,D27
10:33:19.217    57819632  FFFFFFC3D3FFF  D16,D17,D19,D24,D25,D26,D27
10:33:19.218    57819635  FFFFFFC7D3FFF  D16,D17,D19,D25,D26,D27
10:33:20.480    57820902  FFFFFFC3D3FFF  D16,D17,D19,D24,D25,D26,D27
10:33:21.781    57822173  FFFFFF83D3FFF  D16,D17,D19,D24,D25,D26,D27,D28
10:33:21.782    57822174  FFFFFF8BD3FFF  D16,D17,D19,D24,D26,D27,D28
10:33:21.782    57822176  FFFFFFAFD3FFF  D16,D17,D19,D26,D28
10:33:21.782    57822179  FFFFFFBFD3FFF  D16,D17,D19,D28
10:33:23.062    57823442  FFFFFFBBD3FFF  D16,D17,D19,D24,D28
10:33:24.325    57824713  FFFFFFB3D3FFF  D16,D17,D19,D24,D25,D28
10:33:24.325    57824716  FFFFFFB7D3FFF  D16,D17,D19,D25,D28
10:33:26.083    57826221  FFFFFFB3D3FFF  D16,D17,D19,D24,D25,D28
10:33:26.083    57826301  FFFFFFB393FFF  D16,D17,D19,D20,D24,D25,D28
10:33:26.083    57826461  FFFFFFB3B3FFF  D16,D17,D20,D24,D25,D28
10:33:28.680    57829038  FFFFFFB3B7FFF  D17,D20,D24,D25,D28
--- FW IODebug 1.2.2 2026-08-31 LIFT=5 10:33:39 ---
10:33:45.204    57845434  FFFFFFB3B3FFF  D16,D17,D20,D24,D25,D28
10:33:48.565    57848771  FFFFFFB7B3FFF  D16,D17,D20,D25,D28
10:33:50.090    57850275  FFFFFFB3B3FFF  D16,D17,D20,D24,D25,D28
10:33:50.091    57850277  FFFFFFBBB3FFF  D16,D17,D20,D24,D28
10:33:51.334    57851510  FFFFFFBFB3FFF  D16,D17,D20,D28
10:33:52.618    57852776  FFFFFFAFB3FFF  D16,D17,D20,D26,D28
10:33:52.618    57852778  FFFFFFC3B3FFF  D16,D17,D20,D24,D25,D26,D27
10:33:53.888    57854051  FFFFFFC7B3FFF  D16,D17,D20,D25,D26,D27
10:33:55.450    57855594  FFFFFFC3B3FFF  D16,D17,D20,D24,D25,D26,D27
10:33:55.450    57855596  FFFFFFCBB3FFF  D16,D17,D20,D24,D26,D27
10:33:58.255    57858371  FFFFFFCBB7FFF  D17,D20,D24,D26,D27
--- FW IODebug 1.2.2 2026-08-31 LIFT=5 10:34:09 ---
10:34:13.812    57873814  FFFFFFCBB3FFF  D16,D17,D20,D24,D26,D27
10:34:17.140    57877112  FFFFFFCFB3FFF  D16,D17,D20,D26,D27
10:34:19.053    57879014  FFFFFFCBB3FFF  D16,D17,D20,D24,D26,D27
10:34:19.053    57879016  FFFFFFC3B3FFF  D16,D17,D20,D24,D25,D26,D27
10:34:19.055    57879021  FFFFFFD3B3FFF  D16,D17,D20,D24,D25,D27
10:34:21.162    57881121  FFFFFFD7B3FFF  D16,D17,D20,D25,D27
10:34:24.355    57884292  FFFFFFD7B7FFF  D17,D20,D25,D27
10:34:39.201    57899021  FFFFFFD7B3FFF  D16,D17,D20,D25,D27
--- FW IODebug 1.2.2 2026-08-31 LIFT=5 10:34:40 ---
10:34:43.447    57903226  FFFFFFD3B3FFF  D16,D17,D20,D24,D25,D27
10:34:43.447    57903228  FFFFFFDBB3FFF  D16,D17,D20,D24,D27
10:34:45.530    57905296  FFFFFFDFB3FFF  D16,D17,D20,D27
10:34:46.891    57906640  FFFFFFDBB3FFF  D16,D17,D20,D24,D27
10:34:46.891    57906642  FFFFFFC3B3FFF  D16,D17,D20,D24,D25,D26,D27
10:34:46.891    57906644  FFFFFFE3B3FFF  D16,D17,D20,D24,D25,D26
10:34:48.285    57908034  FFFFFFE7B3FFF  D16,D17,D20,D25,D26
10:34:49.686    57909420  FFFFFFE3B3FFF  D16,D17,D20,D24,D25,D26
10:34:49.686    57909422  FFFFFFEBB3FFF  D16,D17,D20,D24,D26
10:34:51.378    57911091  FFFFFFEFB3FFF  D16,D17,D20,D26
10:34:53.505    57913191  FFFFFFEBB3FFF  D16,D17,D20,D24,D26
10:34:53.505    57913192  FFFFFFE3B3FFF  D16,D17,D20,D24,D25,D26
10:34:53.507    57913197  FFFFFFF3B3FFF  D16,D17,D20,D24,D25
10:34:56.839    57916524  FFFFFFF3B7FFF  D17,D20,D24,D25
--- FW IODebug 1.2.2 2026-08-31 LIFT=5 10:35:10 ---
10:35:13.405    57932958  FFFFFFF3B3FFF  D16,D17,D20,D24,D25
10:35:17.649    57937170  FFFFFFF7B3FFF  D16,D17,D20,D25
10:35:21.334    57940816  FFFFFFF7B7FFF  D17,D20,D25
10:35:35.998    57955388  FFFFFFF7F7FFF  D17,D25
--- FW IODebug 1.2.2 2026-08-31 LIFT=5 10:35:40 ---
--- FW IODebug 1.2.2 2026-08-31 LIFT=5 10:36:10 ---
10:36:36.464    58015388  FFFFFFF7F7FFF  D17,D25
--- FW IODebug 1.2.2 2026-08-31 LIFT=5 10:36:41 ---
--- FW IODebug 1.2.2 2026-08-31 LIFT=5 10:37:11 ---
10:37:36.925    58075388  FFFFFFF7F7FFF  D17,D25
--- FW IODebug 1.2.2 2026-08-31 LIFT=5 10:37:41 ---
--- FW IODebug 1.2.2 2026-08-31 LIFT=5 10:38:11 ---
10:38:36.074    58134086  FFFFFFF7FFFFF  D25
10:38:36.754    58134763  FFFFFFF7F7FFF  D17,D25
--- FW IODebug 1.2.2 2026-08-31 LIFT=5 10:38:42 ---
--- FW IODebug 1.2.2 2026-08-31 LIFT=5 10:39:12 ---
10:39:37.223    58194763  FFFFFFF7F7FFF  D17,D25
--- FW IODebug 1.2.2 2026-08-31 LIFT=5 10:39:42 ---
--- FW IODebug 1.2.2 2026-08-31 LIFT=5 10:40:12 ---
10:40:37.667    58254763  FFFFFFF7F7FFF  D17,D25
--- FW IODebug 1.2.2 2026-08-31 LIFT=5 10:40:42 ---
10:41:07.825    58284688  FFFFFFF7D7FFF  D17,D19,D25
--- FW IODebug 1.2.2 2026-08-31 LIFT=5 10:41:13 ---
10:41:21.398    58298144  FFFFFFF7D3FFF  D16,D17,D19,D25
10:41:25.611    58302351  FFFFFFF3D3FFF  D16,D17,D19,D24,D25
10:41:29.260    58305963  FFFFFFF3D7FFF  D17,D19,D24,D25
--- FW IODebug 1.2.2 2026-08-31 LIFT=5 10:41:43 ---
10:41:43.988    58320573  FFFFFFF3F7FFF  D17,D24,D25
--- FW IODebug 1.2.2 2026-08-31 LIFT=5 10:42:13 ---
10:42:16.618    58352963  FFFFFFF3B7FFF  D17,D20,D24,D25
10:42:17.542    58353874  FFFFFFF3B3FFF  D16,D17,D20,D24,D25
10:42:21.789    58358086  FFFFFFF7B3FFF  D16,D17,D20,D25
10:42:25.583    58361693  FFFFFFF7B7FFF  D17,D20,D25
10:42:25.583    58361856  FFFFFFF7F7FFF  D17,D25
--- FW IODebug 1.2.2 2026-08-31 LIFT=5 10:42:43 ---
10:43:10.700    58406629  FFFFFFF7B7FFF  D17,D20,D25
10:43:11.609    58407542  FFFFFFF7B3FFF  D16,D17,D20,D25
--- FW IODebug 1.2.2 2026-08-31 LIFT=5 10:43:14 ---
10:43:15.334    58411153  FFFFFFF3B3FFF  D16,D17,D20,D24,D25
10:43:15.334    58411155  FFFFFFFBB3FFF  D16,D17,D20,D24
10:43:15.336    58411233  FFFFFFFB93FFF  D16,D17,D19,D20,D24
10:43:15.336    58411235  FFFFFFFBD3FFF  D16,D17,D19,D24
10:43:18.302    58414169  FFFFFFFBD7FFF  D17,D19,D24
10:43:32.434    58428183  FFFFFFFBD3FFF  D16,D17,D19,D24
10:43:35.856    58431596  FFFFFFF3D3FFF  D16,D17,D19,D24,D25
10:43:35.856    58431600  FFFFFFF7D3FFF  D16,D17,D19,D25
10:43:38.182    58433898  FFFFFFF3D3FFF  D16,D17,D19,D24,D25
10:43:41.738    58437430  FFFFFFF3D7FFF  D17,D19,D24,D25
--- FW IODebug 1.2.2 2026-08-31 LIFT=5 10:43:44 ---
10:43:56.475    58452040  FFFFFFF3F7FFF  D17,D24,D25
--- FW IODebug 1.2.2 2026-08-31 LIFT=5 10:44:14 ---
10:44:29.086    58484429  FFFFFFF3B7FFF  D17,D20,D24,D25
10:44:30.006    58485342  FFFFFFF3B3FFF  D16,D17,D20,D24,D25
10:44:34.266    58489553  FFFFFFF7B3FFF  D16,D17,D20,D25
10:44:38.050    58493200  FFFFFFF7B7FFF  D17,D20,D25
10:44:38.051    58493322  FFFFFFF7F7FFF  D17,D25
--- FW IODebug 1.2.2 2026-08-31 LIFT=5 10:44:44 ---
--- FW IODebug 1.2.2 2026-08-31 LIFT=5 10:45:15 ---
10:45:38.538    58553322  FFFFFFF7F7FFF  D17,D25
--- FW IODebug 1.2.2 2026-08-31 LIFT=5 10:45:45 ---
--- FW IODebug 1.2.2 2026-08-31 LIFT=5 10:46:15 ---
10:46:30.533    58604940  FFFFFFF7D7FFF  D17,D19,D25
10:46:31.457    58605853  FFFFFFF7D3FFF  D16,D17,D19,D25
10:46:35.517    58609901  FFFFFFF3D3FFF  D16,D17,D19,D24,D25
10:46:37.799    58612164  FFFFFFE3D3FFF  D16,D17,D19,D24,D25,D26
10:46:37.799    58612165  FFFFFFEBD3FFF  D16,D17,D19,D24,D26
10:46:37.801    58612168  FFFFFFEFD3FFF  D16,D17,D19,D26
10:46:39.807    58614149  FFFFFFEBD3FFF  D16,D17,D19,D24,D26
10:46:41.500    58615817  FFFFFFE3D3FFF  D16,D17,D19,D24,D25,D26
10:46:41.500    58615821  FFFFFFE7D3FFF  D16,D17,D19,D25,D26
10:46:42.926    58617245  FFFFFFE3D3FFF  D16,D17,D19,D24,D25,D26
10:46:44.339    58618635  FFFFFFC3D3FFF  D16,D17,D19,D24,D25,D26,D27
10:46:44.339    58618637  FFFFFFCBD3FFF  D16,D17,D19,D24,D26,D27
10:46:44.339    58618639  FFFFFFCFD3FFF  D16,D17,D19,D26,D27
10:46:44.340    58618642  FFFFFFDFD3FFF  D16,D17,D19,D27
10:46:45.706    58619983  FFFFFFDBD3FFF  D16,D17,D19,D24,D27
--- FW IODebug 1.2.2 2026-08-31 LIFT=5 10:46:45 ---
10:46:47.736    58622009  FFFFFFD3D3FFF  D16,D17,D19,D24,D25,D27
10:46:47.736    58622012  FFFFFFD7D3FFF  D16,D17,D19,D25,D27
10:46:50.000    58624271  FFFFFFD3D3FFF  D16,D17,D19,D24,D25,D27
10:46:51.970    58626215  FFFFFFC3D3FFF  D16,D17,D19,D24,D25,D26,D27
10:46:51.971    58626217  FFFFFFCBD3FFF  D16,D17,D19,D24,D26,D27
10:46:51.971    58626221  FFFFFFCFD3FFF  D16,D17,D19,D26,D27
10:46:53.932    58628161  FFFFFFCBD3FFF  D16,D17,D19,D24,D26,D27
10:46:56.721    58630938  FFFFFFCBD7FFF  D17,D19,D24,D26,D27
10:47:09.733    58643841  FFFFFFCBD3FFF  D16,D17,D19,D24,D26,D27
10:47:13.052    58647135  FFFFFFC3D3FFF  D16,D17,D19,D24,D25,D26,D27
10:47:13.052    58647139  FFFFFFC7D3FFF  D16,D17,D19,D25,D26,D27
10:47:14.572    58648643  FFFFFFC3D3FFF  D16,D17,D19,D24,D25,D26,D27
10:47:15.927    58649914  FFFFFF8BD3FFF  D16,D17,D19,D24,D26,D27,D28
10:47:15.927    58649917  FFFFFFABD3FFF  D16,D17,D19,D24,D26,D28
10:47:15.927    58649918  FFFFFFAFD3FFF  D16,D17,D19,D26,D28
10:47:15.927    58649920  FFFFFFBFD3FFF  D16,D17,D19,D28
--- FW IODebug 1.2.2 2026-08-31 LIFT=5 10:47:15 ---
10:47:17.121    58651184  FFFFFFBBD3FFF  D16,D17,D19,D24,D28
10:47:18.414    58652454  FFFFFFB3D3FFF  D16,D17,D19,D24,D25,D28
10:47:18.414    58652457  FFFFFFB7D3FFF  D16,D17,D19,D25,D28
10:47:19.656    58653684  FFFFFFB3D3FFF  D16,D17,D19,D24,D25,D28
10:47:20.925    58654955  FFFFFFA3D3FFF  D16,D17,D19,D24,D25,D26,D28
10:47:20.925    58654957  FFFFFFABD3FFF  D16,D17,D19,D24,D26,D28
10:47:20.926    58654959  FFFFFFAFD3FFF  D16,D17,D19,D26,D28
10:47:22.209    58656225  FFFFFFABD3FFF  D16,D17,D19,D24,D26,D28
10:47:23.774    58657773  FFFFFFA3D3FFF  D16,D17,D19,D24,D25,D26,D28
10:47:23.774    58657777  FFFFFFA7D3FFF  D16,D17,D19,D25,D26,D28
10:47:26.609    58660590  FFFFFFA7D7FFF  D17,D19,D25,D26,D28
10:47:41.251    58675121  FFFFFFA797FFF  D17,D19,D20,D25,D26,D28
10:47:41.252    58675122  FFFFFFA7B7FFF  D17,D20,D25,D26,D28
10:47:42.290    58676152  FFFFFFA7B3FFF  D16,D17,D20,D25,D26,D28
10:47:45.653    58679486  FFFFFFA3B3FFF  D16,D17,D20,D24,D25,D26,D28
10:47:45.654    58679487  FFFFFFABB3FFF  D16,D17,D20,D24,D26,D28
--- FW IODebug 1.2.2 2026-08-31 LIFT=5 10:47:46 ---
10:47:47.164    58680998  FFFFFFAFB3FFF  D16,D17,D20,D26,D28
10:47:48.454    58682264  FFFFFFABB3FFF  D16,D17,D20,D24,D26,D28
10:47:48.454    58682265  FFFFFFA3B3FFF  D16,D17,D20,D24,D25,D26,D28
10:47:48.454    58682271  FFFFFFB3B3FFF  D16,D17,D20,D24,D25,D28
10:47:49.723    58683539  FFFFFFB7B3FFF  D16,D17,D20,D25,D28
10:47:50.965    58684765  FFFFFFB3B3FFF  D16,D17,D20,D24,D25,D28
10:47:50.965    58684767  FFFFFFBBB3FFF  D16,D17,D20,D24,D28
10:47:52.249    58686040  FFFFFFBFB3FFF  D16,D17,D20,D28
10:47:53.517    58687305  FFFFFF83B3FFF  D16,D17,D20,D24,D25,D26,D27,D28
10:47:53.517    58687307  FFFFFFC3B3FFF  D16,D17,D20,D24,D25,D26,D27
10:47:54.800    58688580  FFFFFFC7B3FFF  D16,D17,D20,D25,D26,D27
10:47:56.092    58689846  FFFFFFC3B3FFF  D16,D17,D20,D24,D25,D26,D27
10:47:56.092    58689847  FFFFFFCBB3FFF  D16,D17,D20,D24,D26,D27
10:47:57.368    58691120  FFFFFFCFB3FFF  D16,D17,D20,D26,D27
10:47:59.055    58692783  FFFFFFCBB3FFF  D16,D17,D20,D24,D26,D27
10:47:59.056    58692785  FFFFFFC3B3FFF  D16,D17,D20,D24,D25,D26,D27
10:47:59.056    58692790  FFFFFFD3B3FFF  D16,D17,D20,D24,D25,D27
10:48:01.020    58694732  FFFFFFD7B3FFF  D16,D17,D20,D25,D27
10:48:03.288    58696990  FFFFFFD3B3FFF  D16,D17,D20,D24,D25,D27
10:48:03.288    58696992  FFFFFFDBB3FFF  D16,D17,D20,D24,D27
10:48:05.320    58699019  FFFFFFDFB3FFF  D16,D17,D20,D27
10:48:06.695    58700364  FFFFFFCBB3FFF  D16,D17,D20,D24,D26,D27
10:48:06.695    58700366  FFFFFFC3B3FFF  D16,D17,D20,D24,D25,D26,D27
10:48:06.696    58700368  FFFFFFE3B3FFF  D16,D17,D20,D24,D25,D26
10:48:08.144    58701798  FFFFFFE7B3FFF  D16,D17,D20,D25,D26
10:48:09.526    58703182  FFFFFFE3B3FFF  D16,D17,D20,D24,D25,D26
10:48:09.527    58703184  FFFFFFEBB3FFF  D16,D17,D20,D24,D26
10:48:11.201    58704854  FFFFFFEFB3FFF  D16,D17,D20,D26
10:48:13.205    58706835  FFFFFFEBB3FFF  D16,D17,D20,D24,D26
10:48:13.205    58706836  FFFFFFE3B3FFF  D16,D17,D20,D24,D25,D26
10:48:13.205    58706842  FFFFFFF3B3FFF  D16,D17,D20,D24,D25
10:48:15.643    58709101  FFFFFFF7B3FFF  D16,D17,D20,D25
10:48:15.644    58709256  FFFFFFF793FFF  D16,D17,D19,D20,D25
10:48:15.644    58709258  FFFFFFF7D3FFF  D16,D17,D19,D25
--- FW IODebug 1.2.2 2026-08-31 LIFT=5 10:48:16 ---
10:48:19.047    58712629  FFFFFFF7D7FFF  D17,D19,D25
10:48:35.603    58729064  FFFFFFF7D3FFF  D16,D17,D19,D25
10:48:39.837    58733271  FFFFFFF3D3FFF  D16,D17,D19,D24,D25
10:48:43.487    58736881  FFFFFFF3D7FFF  D17,D19,D24,D25
--- FW IODebug 1.2.2 2026-08-31 LIFT=5 10:48:46 ---
10:49:00.086    58753357  FFFFFFF3D3FFF  D16,D17,D19,D24,D25
10:49:03.973    58757207  FFFFFFE3D3FFF  D16,D17,D19,D24,D25,D26
10:49:03.973    58757209  FFFFFFEBD3FFF  D16,D17,D19,D24,D26
10:49:03.973    58757211  FFFFFFEFD3FFF  D16,D17,D19,D26
10:49:06.040    58759271  FFFFFFEBD3FFF  D16,D17,D19,D24,D26
10:49:07.721    58760938  FFFFFFE3D3FFF  D16,D17,D19,D24,D25,D26
10:49:07.722    58760942  FFFFFFE7D3FFF  D16,D17,D19,D25,D26
10:49:09.126    58762327  FFFFFFE3D3FFF  D16,D17,D19,D24,D25,D26
10:49:10.568    58763756  FFFFFFC3D3FFF  D16,D17,D19,D24,D25,D26,D27
10:49:10.570    58763758  FFFFFFCBD3FFF  D16,D17,D19,D24,D26,D27
10:49:10.570    58763760  FFFFFFCFD3FFF  D16,D17,D19,D26,D27
10:49:10.570    58763763  FFFFFFDFD3FFF  D16,D17,D19,D27
10:49:11.917    58765106  FFFFFFDBD3FFF  D16,D17,D19,D24,D27
10:49:14.017    58767170  FFFFFFD3D3FFF  D16,D17,D19,D24,D25,D27
10:49:14.017    58767174  FFFFFFD7D3FFF  D16,D17,D19,D25,D27
--- FW IODebug 1.2.2 2026-08-31 LIFT=5 10:49:16 ---
10:49:17.714    58770860  FFFFFFD7D7FFF  D17,D19,D25,D27
10:49:33.283    58786302  FFFFFFD7D3FFF  D16,D17,D19,D25,D27
10:49:37.036    58790034  FFFFFFD3D3FFF  D16,D17,D19,D24,D25,D27
10:49:39.125    58792098  FFFFFFC3D3FFF  D16,D17,D19,D24,D25,D26,D27
10:49:39.125    58792100  FFFFFFCBD3FFF  D16,D17,D19,D24,D26,D27
10:49:39.125    58792101  FFFFFFCFD3FFF  D16,D17,D19,D26,D27
10:49:40.803    58793764  FFFFFFCBD3FFF  D16,D17,D19,D24,D26,D27
10:49:42.048    58794996  FFFFFFC3D3FFF  D16,D17,D19,D24,D25,D26,D27
10:49:42.048    58794999  FFFFFFC7D3FFF  D16,D17,D19,D25,D26,D27
10:49:43.307    58796266  FFFFFFC3D3FFF  D16,D17,D19,D24,D25,D26,D27
10:49:44.598    58797537  FFFFFF83D3FFF  D16,D17,D19,D24,D25,D26,D27,D28
10:49:44.598    58797538  FFFFFF8BD3FFF  D16,D17,D19,D24,D26,D27,D28
10:49:44.599    58797540  FFFFFFAFD3FFF  D16,D17,D19,D26,D28
10:49:44.599    58797542  FFFFFFBFD3FFF  D16,D17,D19,D28
10:49:45.878    58798807  FFFFFFBBD3FFF  D16,D17,D19,D24,D28
--- FW IODebug 1.2.2 2026-08-31 LIFT=5 10:49:47 ---
10:49:47.165    58800076  FFFFFFB3D3FFF  D16,D17,D19,D24,D25,D28
10:49:47.166    58800080  FFFFFFB7D3FFF  D16,D17,D19,D25,D28
10:49:48.442    58801346  FFFFFFB3D3FFF  D16,D17,D19,D24,D25,D28
10:49:49.997    58802894  FFFFFFA3D3FFF  D16,D17,D19,D24,D25,D26,D28
10:49:49.997    58802896  FFFFFFABD3FFF  D16,D17,D19,D24,D26,D28
10:49:49.997    58802898  FFFFFFAFD3FFF  D16,D17,D19,D26,D28
10:49:52.838    58805711  FFFFFFAFD7FFF  D17,D19,D26,D28
10:50:08.355    58821115  FFFFFFAFD3FFF  D16,D17,D19,D26,D28
10:50:11.683    58824409  FFFFFFABD3FFF  D16,D17,D19,D24,D26,D28
10:50:13.199    58825918  FFFFFFA3D3FFF  D16,D17,D19,D24,D25,D26,D28
10:50:13.199    58825921  FFFFFFA7D3FFF  D16,D17,D19,D25,D26,D28
10:50:14.477    58827187  FFFFFFA3D3FFF  D16,D17,D19,D24,D25,D26,D28
10:50:15.761    58828457  FFFFFF83D3FFF  D16,D17,D19,D24,D25,D26,D27,D28
10:50:15.761    58828460  FFFFFF8BD3FFF  D16,D17,D19,D24,D26,D27,D28
10:50:15.763    58828462  FFFFFF8FD3FFF  D16,D17,D19,D26,D27,D28
10:50:15.763    58828465  FFFFFF9FD3FFF  D16,D17,D19,D27,D28
10:50:17.320    58829727  FFFFFF9BD3FFF  D16,D17,D19,D24,D27,D28
--- FW IODebug 1.2.2 2026-08-31 LIFT=5 10:50:17 ---
10:50:18.328    58830998  FFFFFF93D3FFF  D16,D17,D19,D24,D25,D27,D28
10:50:18.328    58831002  FFFFFF97D3FFF  D16,D17,D19,D25,D27,D28
10:50:19.597    58832268  FFFFFF93D3FFF  D16,D17,D19,D24,D25,D27,D28
10:50:21.385    58833816  FFFFFF83D3FFF  D16,D17,D19,D24,D25,D26,D27,D28
10:50:21.385    58833818  FFFFFF8BD3FFF  D16,D17,D19,D24,D26,D27,D28
10:50:21.385    58833820  FFFFFF8FD3FFF  D16,D17,D19,D26,D27,D28
10:50:21.385    58833897  FFFFFF8F93FFF  D16,D17,D19,D20,D26,D27,D28
10:50:21.385    58834057  FFFFFF8FB3FFF  D16,D17,D20,D26,D27,D28
10:50:23.946    58836593  FFFFFF8FB7FFF  D17,D20,D26,D27,D28
10:50:40.238    58852751  FFFFFF8FB3FFF  D16,D17,D20,D26,D27,D28
10:50:43.602    58856085  FFFFFF8BB3FFF  D16,D17,D20,D24,D26,D27,D28
10:50:43.603    58856087  FFFFFF83B3FFF  D16,D17,D20,D24,D25,D26,D27,D28
10:50:43.603    58856091  FFFFFF93B3FFF  D16,D17,D20,D24,D25,D27,D28
10:50:45.118    58857597  FFFFFF97B3FFF  D16,D17,D20,D25,D27,D28
10:50:46.393    58858863  FFFFFF93B3FFF  D16,D17,D20,D24,D25,D27,D28
10:50:46.393    58858865  FFFFFF9BB3FFF  D16,D17,D20,D24,D27,D28
--- FW IODebug 1.2.2 2026-08-31 LIFT=5 10:50:47 ---
10:50:47.682    58860138  FFFFFF9FB3FFF  D16,D17,D20,D27,D28
10:50:48.960    58861404  FFFFFF93B3FFF  D16,D17,D20,D24,D25,D27,D28
10:50:48.960    58861405  FFFFFF83B3FFF  D16,D17,D20,D24,D25,D26,D27,D28
10:50:48.960    58861407  FFFFFFA3B3FFF  D16,D17,D20,D24,D25,D26,D28
10:50:50.230    58862678  FFFFFFA7B3FFF  D16,D17,D20,D25,D26,D28
10:50:51.491    58863904  FFFFFFA3B3FFF  D16,D17,D20,D24,D25,D26,D28
10:50:51.492    58863906  FFFFFFABB3FFF  D16,D17,D20,D24,D26,D28
10:50:52.777    58865179  FFFFFFAFB3FFF  D16,D17,D20,D26,D28
10:50:54.040    58866445  FFFFFFABB3FFF  D16,D17,D20,D24,D26,D28
10:50:54.040    58866447  FFFFFFA3B3FFF  D16,D17,D20,D24,D25,D26,D28
10:50:54.041    58866452  FFFFFFB3B3FFF  D16,D17,D20,D24,D25,D28
10:50:55.324    58867720  FFFFFFB7B3FFF  D16,D17,D20,D25,D28
10:50:56.611    58868985  FFFFFFB3B3FFF  D16,D17,D20,D24,D25,D28
10:50:56.611    58868987  FFFFFFBBB3FFF  D16,D17,D20,D24,D28
10:50:57.879    58870259  FFFFFFBFB3FFF  D16,D17,D20,D28
10:50:59.162    58871526  FFFFFFABB3FFF  D16,D17,D20,D24,D26,D28
10:50:59.163    58871527  FFFFFFC3B3FFF  D16,D17,D20,D24,D25,D26,D27
10:51:00.441    58872800  FFFFFFC7B3FFF  D16,D17,D20,D25,D26,D27
10:51:01.709    58874066  FFFFFFC3B3FFF  D16,D17,D20,D24,D25,D26,D27
10:51:01.709    58874068  FFFFFFCBB3FFF  D16,D17,D20,D24,D26,D27
10:51:02.996    58875340  FFFFFFCFB3FFF  D16,D17,D20,D26,D27
10:51:04.680    58877003  FFFFFFC3B3FFF  D16,D17,D20,D24,D25,D26,D27
10:51:04.680    58877010  FFFFFFD3B3FFF  D16,D17,D20,D24,D25,D27
10:51:06.641    58878953  FFFFFFD7B3FFF  D16,D17,D20,D25,D27
10:51:08.913    58881211  FFFFFFD3B3FFF  D16,D17,D20,D24,D25,D27
10:51:08.913    58881213  FFFFFFDBB3FFF  D16,D17,D20,D24,D27
10:51:10.964    58883239  FFFFFFDFB3FFF  D16,D17,D20,D27
10:51:12.333    58884585  FFFFFFCBB3FFF  D16,D17,D20,D24,D26,D27
10:51:12.333    58884587  FFFFFFC3B3FFF  D16,D17,D20,D24,D25,D26,D27
10:51:12.333    58884589  FFFFFFE3B3FFF  D16,D17,D20,D24,D25,D26
10:51:13.720    58885979  FFFFFFE7B3FFF  D16,D17,D20,D25,D26
10:51:15.166    58887403  FFFFFFE3B3FFF  D16,D17,D20,D24,D25,D26
10:51:15.166    58887405  FFFFFFEBB3FFF  D16,D17,D20,D24,D26
10:51:16.847    58889074  FFFFFFEFB3FFF  D16,D17,D20,D26
--- FW IODebug 1.2.2 2026-08-31 LIFT=5 10:51:17 ---
10:51:18.853    58891055  FFFFFFE3B3FFF  D16,D17,D20,D24,D25,D26
10:51:18.853    58891062  FFFFFFF3B3FFF  D16,D17,D20,D24,D25
10:51:21.145    58893322  FFFFFFF7B3FFF  D16,D17,D20,D25
10:51:24.702    58896888  FFFFFFF7B7FFF  D17,D20,D25
--- FW IODebug 1.2.2 2026-08-31 LIFT=5 10:51:47 ---
10:51:52.763    58924559  FFFFFFF7F7FFF  D17,D25
10:51:52.765    58924716  FFFFFFF7D7FFF  D17,D19,D25
10:51:53.673    58925630  FFFFFFF7D3FFF  D16,D17,D19,D25
10:51:57.757    58929677  FFFFFFF3D3FFF  D16,D17,D19,D24,D25
10:52:00.045    58931941  FFFFFFE3D3FFF  D16,D17,D19,D24,D25,D26
10:52:00.045    58931942  FFFFFFEBD3FFF  D16,D17,D19,D24,D26
10:52:00.045    58931944  FFFFFFEFD3FFF  D16,D17,D19,D26
10:52:02.029    58933925  FFFFFFEBD3FFF  D16,D17,D19,D24,D26
10:52:03.721    58935592  FFFFFFE3D3FFF  D16,D17,D19,D24,D25,D26
10:52:03.722    58935596  FFFFFFE7D3FFF  D16,D17,D19,D25,D26
10:52:05.106    58936981  FFFFFFE3D3FFF  D16,D17,D19,D24,D25,D26
10:52:06.570    58938411  FFFFFFC3D3FFF  D16,D17,D19,D24,D25,D26,D27
10:52:06.570    58938413  FFFFFFCBD3FFF  D16,D17,D19,D24,D26,D27
10:52:06.571    58938415  FFFFFFCFD3FFF  D16,D17,D19,D26,D27
10:52:06.571    58938418  FFFFFFDFD3FFF  D16,D17,D19,D27
10:52:07.928    58939760  FFFFFFDBD3FFF  D16,D17,D19,D24,D27
10:52:09.965    58941785  FFFFFFD3D3FFF  D16,D17,D19,D24,D25,D27
10:52:09.966    58941789  FFFFFFD7D3FFF  D16,D17,D19,D25,D27
10:52:12.227    58944047  FFFFFFD3D3FFF  D16,D17,D19,D24,D25,D27
10:52:14.209    58945992  FFFFFFC3D3FFF  D16,D17,D19,D24,D25,D26,D27
10:52:14.210    58945994  FFFFFFCBD3FFF  D16,D17,D19,D24,D26,D27
10:52:14.210    58945995  FFFFFFCFD3FFF  D16,D17,D19,D26,D27
10:52:15.878    58947659  FFFFFFCBD3FFF  D16,D17,D19,D24,D26,D27
10:52:17.157    58948929  FFFFFFC3D3FFF  D16,D17,D19,D24,D25,D26,D27
10:52:17.157    58948934  FFFFFFC7D3FFF  D16,D17,D19,D25,D26,D27
--- FW IODebug 1.2.2 2026-08-31 LIFT=5 10:52:18 ---
10:52:18.445    58950199  FFFFFFC3D3FFF  D16,D17,D19,D24,D25,D26,D27
10:52:19.727    58951471  FFFFFF8BD3FFF  D16,D17,D19,D24,D26,D27,D28
10:52:19.728    58951473  FFFFFFABD3FFF  D16,D17,D19,D24,D26,D28
10:52:19.728    58951475  FFFFFFAFD3FFF  D16,D17,D19,D26,D28
10:52:19.728    58951477  FFFFFFBFD3FFF  D16,D17,D19,D28
10:52:20.996    58952739  FFFFFFBBD3FFF  D16,D17,D19,D24,D28
10:52:22.280    58954010  FFFFFFB3D3FFF  D16,D17,D19,D24,D25,D28
10:52:22.280    58954014  FFFFFFB7D3FFF  D16,D17,D19,D25,D28
10:52:23.785    58955518  FFFFFFB3D3FFF  D16,D17,D19,D24,D25,D28
10:52:26.634    58958336  FFFFFFB3D7FFF  D17,D19,D24,D25,D28
10:52:41.403    58972985  FFFFFFB397FFF  D17,D19,D20,D24,D25,D28
10:52:41.403    58972987  FFFFFFB3B7FFF  D17,D20,D24,D25,D28
10:52:42.350    58973937  FFFFFFB3B3FFF  D16,D17,D20,D24,D25,D28
10:52:45.715    58977275  FFFFFFB7B3FFF  D16,D17,D20,D25,D28
10:52:47.235    58978779  FFFFFFB3B3FFF  D16,D17,D20,D24,D25,D28
10:52:47.235    58978781  FFFFFFBBB3FFF  D16,D17,D20,D24,D28
--- FW IODebug 1.2.2 2026-08-31 LIFT=5 10:52:48 ---
10:52:48.515    58980054  FFFFFFBFB3FFF  D16,D17,D20,D28
10:52:49.742    58981279  FFFFFFABB3FFF  D16,D17,D20,D24,D26,D28
10:52:49.742    58981281  FFFFFFC3B3FFF  D16,D17,D20,D24,D25,D26,D27
10:52:51.046    58982554  FFFFFFC7B3FFF  D16,D17,D20,D25,D26,D27
10:52:52.299    58983821  FFFFFFC3B3FFF  D16,D17,D20,D24,D25,D26,D27
10:52:52.300    58983823  FFFFFFCBB3FFF  D16,D17,D20,D24,D26,D27
10:52:53.583    58985095  FFFFFFCFB3FFF  D16,D17,D20,D26,D27
10:52:55.276    58986758  FFFFFFC3B3FFF  D16,D17,D20,D24,D25,D26,D27
10:52:55.276    58986765  FFFFFFD3B3FFF  D16,D17,D20,D24,D25,D27
10:52:57.241    58988706  FFFFFFD7B3FFF  D16,D17,D20,D25,D27
10:52:59.519    58990965  FFFFFFD3B3FFF  D16,D17,D20,D24,D25,D27
10:52:59.519    58990967  FFFFFFDBB3FFF  D16,D17,D20,D24,D27
10:53:01.552    58992994  FFFFFFDFB3FFF  D16,D17,D20,D27
10:53:02.910    58994339  FFFFFFCBB3FFF  D16,D17,D20,D24,D26,D27
10:53:02.910    58994341  FFFFFFC3B3FFF  D16,D17,D20,D24,D25,D26,D27
10:53:02.910    58994343  FFFFFFE3B3FFF  D16,D17,D20,D24,D25,D26
10:53:04.349    58995772  FFFFFFE7B3FFF  D16,D17,D20,D25,D26
10:53:05.755    58997156  FFFFFFE3B3FFF  D16,D17,D20,D24,D25,D26
10:53:05.755    58997158  FFFFFFEBB3FFF  D16,D17,D20,D24,D26
10:53:07.434    58998829  FFFFFFEFB3FFF  D16,D17,D20,D26
10:53:09.478    59000849  FFFFFFE3B3FFF  D16,D17,D20,D24,D25,D26
10:53:09.478    59000856  FFFFFFF3B3FFF  D16,D17,D20,D24,D25
10:53:11.667    59003036  FFFFFFF7B3FFF  D16,D17,D20,D25
10:53:13.859    59005135  FFFFFFF3B3FFF  D16,D17,D20,D24,D25
10:53:13.859    59005137  FFFFFFFBB3FFF  D16,D17,D20,D24
10:53:13.859    59005215  FFFFFFFB93FFF  D16,D17,D19,D20,D24
10:53:13.859    59005217  FFFFFFFBD3FFF  D16,D17,D19,D24
10:53:16.755    59008072  FFFFFFFBD7FFF  D17,D19,D24
--- FW IODebug 1.2.2 2026-08-31 LIFT=5 10:53:18 ---
10:53:33.350    59024547  FFFFFFFBD3FFF  D16,D17,D19,D24
10:53:36.993    59028159  FFFFFFF3D3FFF  D16,D17,D19,D24,D25
10:53:36.993    59028162  FFFFFFF7D3FFF  D16,D17,D19,D25
10:53:40.034    59031174  FFFFFFF7D7FFF  D17,D19,D25
--- FW IODebug 1.2.2 2026-08-31 LIFT=5 10:53:48 ---
10:53:56.637    59047650  FFFFFFF7D3FFF  D16,D17,D19,D25
10:54:00.718    59051697  FFFFFFF3D3FFF  D16,D17,D19,D24,D25
10:54:02.988    59053960  FFFFFFE3D3FFF  D16,D17,D19,D24,D25,D26
10:54:02.988    59053962  FFFFFFEBD3FFF  D16,D17,D19,D24,D26
10:54:02.988    59053964  FFFFFFEFD3FFF  D16,D17,D19,D26
10:54:04.997    59055944  FFFFFFEBD3FFF  D16,D17,D19,D24,D26
10:54:06.680    59057612  FFFFFFE3D3FFF  D16,D17,D19,D24,D25,D26
10:54:06.681    59057615  FFFFFFE7D3FFF  D16,D17,D19,D25,D26
10:54:08.066    59059001  FFFFFFE3D3FFF  D16,D17,D19,D24,D25,D26
10:54:09.514    59060430  FFFFFFC3D3FFF  D16,D17,D19,D24,D25,D26,D27
10:54:09.514    59060432  FFFFFFCBD3FFF  D16,D17,D19,D24,D26,D27
10:54:09.514    59060434  FFFFFFCFD3FFF  D16,D17,D19,D26,D27
10:54:09.514    59060436  FFFFFFDFD3FFF  D16,D17,D19,D27
10:54:10.878    59061779  FFFFFFDBD3FFF  D16,D17,D19,D24,D27
10:54:12.922    59063804  FFFFFFD3D3FFF  D16,D17,D19,D24,D25,D27
10:54:12.922    59063808  FFFFFFD7D3FFF  D16,D17,D19,D25,D27
10:54:15.178    59066066  FFFFFFD3D3FFF  D16,D17,D19,D24,D25,D27
10:54:17.164    59068012  FFFFFFC3D3FFF  D16,D17,D19,D24,D25,D26,D27
10:54:17.165    59068013  FFFFFFCBD3FFF  D16,D17,D19,D24,D26,D27
10:54:17.165    59068015  FFFFFFCFD3FFF  D16,D17,D19,D26,D27
10:54:19.153    59069679  FFFFFFCBD3FFF  D16,D17,D19,D24,D26,D27
--- FW IODebug 1.2.2 2026-08-31 LIFT=5 10:54:19 ---
10:54:20.109    59070949  FFFFFFC3D3FFF  D16,D17,D19,D24,D25,D26,D27
10:54:20.109    59070953  FFFFFFC7D3FFF  D16,D17,D19,D25,D26,D27
10:54:21.393    59072219  FFFFFFC3D3FFF  D16,D17,D19,D24,D25,D26,D27
10:54:22.674    59073489  FFFFFF83D3FFF  D16,D17,D19,D24,D25,D26,D27,D28
10:54:22.674    59073491  FFFFFF8BD3FFF  D16,D17,D19,D24,D26,D27,D28
10:54:22.674    59073494  FFFFFFAFD3FFF  D16,D17,D19,D26,D28
10:54:22.674    59073497  FFFFFFBFD3FFF  D16,D17,D19,D28
10:54:23.945    59074759  FFFFFFBBD3FFF  D16,D17,D19,D24,D28
10:54:25.244    59076030  FFFFFFB3D3FFF  D16,D17,D19,D24,D25,D28
10:54:25.244    59076034  FFFFFFB7D3FFF  D16,D17,D19,D25,D28
10:54:26.737    59077538  FFFFFFB3D3FFF  D16,D17,D19,D24,D25,D28
10:54:29.585    59080354  FFFFFFB3D7FFF  D17,D19,D24,D25,D28
10:54:44.269    59094926  FFFFFFB397FFF  D17,D19,D20,D24,D25,D28
10:54:44.269    59094928  FFFFFFB3B7FFF  D17,D20,D24,D25,D28
10:54:45.304    59095957  FFFFFFB3B3FFF  D16,D17,D20,D24,D25,D28
10:54:48.682    59099294  FFFFFFB7B3FFF  D16,D17,D20,D25,D28
--- FW IODebug 1.2.2 2026-08-31 LIFT=5 10:54:49 ---
10:54:50.190    59100798  FFFFFFB3B3FFF  D16,D17,D20,D24,D25,D28
10:54:50.190    59100801  FFFFFFBBB3FFF  D16,D17,D20,D24,D28
10:54:51.417    59102033  FFFFFFBFB3FFF  D16,D17,D20,D28
10:54:52.710    59103299  FFFFFFABB3FFF  D16,D17,D20,D24,D26,D28
10:54:52.711    59103301  FFFFFFC3B3FFF  D16,D17,D20,D24,D25,D26,D27
10:54:53.993    59104573  FFFFFFC7B3FFF  D16,D17,D20,D25,D26,D27
10:54:55.278    59105841  FFFFFFC3B3FFF  D16,D17,D20,D24,D25,D26,D27
10:54:55.278    59105842  FFFFFFCBB3FFF  D16,D17,D20,D24,D26,D27
10:54:56.554    59107113  FFFFFFCFB3FFF  D16,D17,D20,D26,D27
10:54:58.232    59108777  FFFFFFCBB3FFF  D16,D17,D20,D24,D26,D27
10:54:58.232    59108780  FFFFFFC3B3FFF  D16,D17,D20,D24,D25,D26,D27
10:54:58.233    59108785  FFFFFFD3B3FFF  D16,D17,D20,D24,D25,D27
10:55:00.182    59110726  FFFFFFD7B3FFF  D16,D17,D20,D25,D27
10:55:02.469    59112985  FFFFFFD3B3FFF  D16,D17,D20,D24,D25,D27
10:55:02.469    59112986  FFFFFFDBB3FFF  D16,D17,D20,D24,D27
10:55:04.505    59115014  FFFFFFDFB3FFF  D16,D17,D20,D27
10:55:05.874    59116358  FFFFFFDBB3FFF  D16,D17,D20,D24,D27
10:55:05.874    59116360  FFFFFFC3B3FFF  D16,D17,D20,D24,D25,D26,D27
10:55:05.874    59116362  FFFFFFE3B3FFF  D16,D17,D20,D24,D25,D26
10:55:07.306    59117792  FFFFFFE7B3FFF  D16,D17,D20,D25,D26
10:55:08.719    59119177  FFFFFFE3B3FFF  D16,D17,D20,D24,D25,D26
10:55:08.719    59119179  FFFFFFEBB3FFF  D16,D17,D20,D24,D26
10:55:10.387    59120848  FFFFFFEFB3FFF  D16,D17,D20,D26
10:55:12.429    59122869  FFFFFFEBB3FFF  D16,D17,D20,D24,D26
10:55:12.430    59122871  FFFFFFE3B3FFF  D16,D17,D20,D24,D25,D26
10:55:12.430    59122876  FFFFFFF3B3FFF  D16,D17,D20,D24,D25
10:55:14.824    59125096  FFFFFFF7B3FFF  D16,D17,D20,D25
10:55:14.824    59125251  FFFFFFF793FFF  D16,D17,D19,D20,D25
10:55:14.824    59125253  FFFFFFF7D3FFF  D16,D17,D19,D25
10:55:18.218    59128623  FFFFFFF7D7FFF  D17,D19,D25
--- FW IODebug 1.2.2 2026-08-31 LIFT=5 10:55:19 ---
10:55:34.660    59144939  FFFFFFF7D3FFF  D16,D17,D19,D25
10:55:38.749    59148987  FFFFFFF3D3FFF  D16,D17,D19,D24,D25
10:55:41.028    59151250  FFFFFFE3D3FFF  D16,D17,D19,D24,D25,D26
10:55:41.028    59151252  FFFFFFEBD3FFF  D16,D17,D19,D24,D26
10:55:41.028    59151254  FFFFFFEFD3FFF  D16,D17,D19,D26
10:55:43.018    59153234  FFFFFFEBD3FFF  D16,D17,D19,D24,D26
10:55:44.709    59154903  FFFFFFE3D3FFF  D16,D17,D19,D24,D25,D26
10:55:44.709    59154906  FFFFFFE7D3FFF  D16,D17,D19,D25,D26
10:55:46.102    59156291  FFFFFFE3D3FFF  D16,D17,D19,D24,D25,D26
10:55:47.548    59157721  FFFFFFCBD3FFF  D16,D17,D19,D24,D26,D27
10:55:47.548    59157724  FFFFFFCFD3FFF  D16,D17,D19,D26,D27
10:55:47.548    59157727  FFFFFFDFD3FFF  D16,D17,D19,D27
10:55:48.904    59159069  FFFFFFDBD3FFF  D16,D17,D19,D24,D27
--- FW IODebug 1.2.2 2026-08-31 LIFT=5 10:55:49 ---
10:55:50.947    59161095  FFFFFFD3D3FFF  D16,D17,D19,D24,D25,D27
10:55:50.947    59161099  FFFFFFD7D3FFF  D16,D17,D19,D25,D27
10:55:53.231    59163357  FFFFFFD3D3FFF  D16,D17,D19,D24,D25,D27
10:55:55.187    59165301  FFFFFFC3D3FFF  D16,D17,D19,D24,D25,D26,D27
10:55:55.187    59165303  FFFFFFCBD3FFF  D16,D17,D19,D24,D26,D27
10:55:55.187    59165305  FFFFFFCFD3FFF  D16,D17,D19,D26,D27
10:55:56.868    59166969  FFFFFFCBD3FFF  D16,D17,D19,D24,D26,D27
10:55:58.144    59168239  FFFFFFC3D3FFF  D16,D17,D19,D24,D25,D26,D27
10:55:58.144    59168243  FFFFFFC7D3FFF  D16,D17,D19,D25,D26,D27
10:55:59.410    59169510  FFFFFFC3D3FFF  D16,D17,D19,D24,D25,D26,D27
10:56:00.714    59170781  FFFFFF8BD3FFF  D16,D17,D19,D24,D26,D27,D28
10:56:00.714    59170783  FFFFFFABD3FFF  D16,D17,D19,D24,D26,D28
10:56:00.714    59170785  FFFFFFAFD3FFF  D16,D17,D19,D26,D28
10:56:00.714    59170787  FFFFFFBFD3FFF  D16,D17,D19,D28
10:56:01.993    59172049  FFFFFFBBD3FFF  D16,D17,D19,D24,D28
10:56:03.260    59173320  FFFFFFB3D3FFF  D16,D17,D19,D24,D25,D28
10:56:03.261    59173324  FFFFFFB7D3FFF  D16,D17,D19,D25,D28
10:56:04.544    59174590  FFFFFFB3D3FFF  D16,D17,D19,D24,D25,D28
10:56:05.831    59175860  FFFFFFA3D3FFF  D16,D17,D19,D24,D25,D26,D28
10:56:05.831    59175862  FFFFFFABD3FFF  D16,D17,D19,D24,D26,D28
10:56:05.833    59175865  FFFFFFAFD3FFF  D16,D17,D19,D26,D28
10:56:07.095    59177131  FFFFFFABD3FFF  D16,D17,D19,D24,D26,D28
10:56:08.389    59178401  FFFFFFA3D3FFF  D16,D17,D19,D24,D25,D26,D28
10:56:08.389    59178404  FFFFFFA7D3FFF  D16,D17,D19,D25,D26,D28
10:56:09.627    59179631  FFFFFFA3D3FFF  D16,D17,D19,D24,D25,D26,D28
10:56:10.918    59180901  FFFFFF83D3FFF  D16,D17,D19,D24,D25,D26,D27,D28
10:56:10.918    59180903  FFFFFF8BD3FFF  D16,D17,D19,D24,D26,D27,D28
10:56:10.920    59180905  FFFFFF8FD3FFF  D16,D17,D19,D26,D27,D28
10:56:10.920    59180908  FFFFFF9FD3FFF  D16,D17,D19,D27,D28
10:56:12.207    59182212  FFFFFF9BD3FFF  D16,D17,D19,D24,D27,D28
10:56:13.466    59183442  FFFFFF93D3FFF  D16,D17,D19,D24,D25,D27,D28
10:56:13.466    59183446  FFFFFF97D3FFF  D16,D17,D19,D25,D27,D28
10:56:14.752    59184712  FFFFFF93D3FFF  D16,D17,D19,D24,D25,D27,D28
10:56:16.035    59185983  FFFFFF83D3FFF  D16,D17,D19,D24,D25,D26,D27,D28
10:56:16.036    59185985  FFFFFF8BD3FFF  D16,D17,D19,D24,D26,D27,D28
10:56:16.036    59185987  FFFFFF8FD3FFF  D16,D17,D19,D26,D27,D28
10:56:17.344    59187292  FFFFFF8BD3FFF  D16,D17,D19,D24,D26,D27,D28
10:56:18.635    59188563  FFFFFF83D3FFF  D16,D17,D19,D24,D25,D26,D27,D28
10:56:18.636    59188567  FFFFFF87D3FFF  D16,D17,D19,D25,D26,D27,D28
10:56:20.084    59189793  FFFFFF83D3FFF  D16,D17,D19,D24,D25,D26,D27,D28
--- FW IODebug 1.2.2 2026-08-31 LIFT=5 10:56:20 ---
10:56:21.142    59191064  FFFFFF0BD3FFF  D16,D17,D19,D24,D26,D27,D28,D29
10:56:21.142    59191066  FFFFFF4BD3FFF  D16,D17,D19,D24,D26,D27,D29
10:56:21.142    59191068  FFFFFF6FD3FFF  D16,D17,D19,D26,D29
10:56:21.143    59191070  FFFFFF7FD3FFF  D16,D17,D19,D29
10:56:22.417    59192333  FFFFFF7BD3FFF  D16,D17,D19,D24,D29
10:56:23.711    59193604  FFFFFF73D3FFF  D16,D17,D19,D24,D25,D29
10:56:23.712    59193608  FFFFFF77D3FFF  D16,D17,D19,D25,D29
10:56:24.985    59194874  FFFFFF73D3FFF  D16,D17,D19,D24,D25,D29
10:56:26.276    59196144  FFFFFF63D3FFF  D16,D17,D19,D24,D25,D26,D29
10:56:26.276    59196146  FFFFFF6BD3FFF  D16,D17,D19,D24,D26,D29
10:56:26.276    59196148  FFFFFF6FD3FFF  D16,D17,D19,D26,D29
10:56:27.539    59197414  FFFFFF6BD3FFF  D16,D17,D19,D24,D26,D29
10:56:28.815    59198685  FFFFFF63D3FFF  D16,D17,D19,D24,D25,D26,D29
10:56:28.815    59198689  FFFFFF67D3FFF  D16,D17,D19,D25,D26,D29
10:56:30.113    59199954  FFFFFF63D3FFF  D16,D17,D19,D24,D25,D26,D29
10:56:31.393    59201225  FFFFFF43D3FFF  D16,D17,D19,D24,D25,D26,D27,D29
10:56:31.393    59201227  FFFFFF4BD3FFF  D16,D17,D19,D24,D26,D27,D29
10:56:31.393    59201229  FFFFFF4FD3FFF  D16,D17,D19,D26,D27,D29
10:56:31.393    59201231  FFFFFF5FD3FFF  D16,D17,D19,D27,D29
10:56:32.727    59202574  FFFFFF5BD3FFF  D16,D17,D19,D24,D27,D29
10:56:34.076    59203885  FFFFFF53D3FFF  D16,D17,D19,D24,D25,D27,D29
10:56:34.076    59203889  FFFFFF57D3FFF  D16,D17,D19,D25,D27,D29
10:56:35.409    59205234  FFFFFF53D3FFF  D16,D17,D19,D24,D25,D27,D29
10:56:36.729    59206544  FFFFFF43D3FFF  D16,D17,D19,D24,D25,D26,D27,D29
10:56:36.729    59206546  FFFFFF4BD3FFF  D16,D17,D19,D24,D26,D27,D29
10:56:36.730    59206548  FFFFFF4FD3FFF  D16,D17,D19,D26,D27,D29
10:56:38.067    59207854  FFFFFF4BD3FFF  D16,D17,D19,D24,D26,D27,D29
10:56:39.543    59209323  FFFFFF43D3FFF  D16,D17,D19,D24,D25,D26,D27,D29
10:56:39.543    59209327  FFFFFF47D3FFF  D16,D17,D19,D25,D26,D27,D29
10:56:41.708    59211148  FFFFFF43D3FFF  D16,D17,D19,D24,D25,D26,D27,D29
10:56:41.709    59211309  FFFFFF4393FFF  D16,D17,D19,D20,D24,D25,D26,D27,D29
10:56:41.709    59211467  FFFFFF43B3FFF  D16,D17,D20,D24,D25,D26,D27,D29
10:56:44.739    59214481  FFFFFF43B7FFF  D17,D20,D24,D25,D26,D27,D29
--- FW IODebug 1.2.2 2026-08-31 LIFT=5 10:56:50 ---
10:56:59.460    59229092  FFFFFF43F7FFF  D17,D24,D25,D26,D27,D29
--- FW IODebug 1.2.2 2026-08-31 LIFT=5 10:57:20 ---
10:57:31.457    59260848  FFFFFF43B7FFF  D17,D20,D24,D25,D26,D27,D29
10:57:32.389    59261759  FFFFFF43B3FFF  D16,D17,D20,D24,D25,D26,D27,D29
10:57:36.217    59265573  FFFFFF47B3FFF  D16,D17,D20,D25,D26,D27,D29
10:57:38.102    59267434  FFFFFF43B3FFF  D16,D17,D20,D24,D25,D26,D27,D29
10:57:38.102    59267436  FFFFFF4BB3FFF  D16,D17,D20,D24,D26,D27,D29
10:57:39.545    59268868  FFFFFF4FB3FFF  D16,D17,D20,D26,D27,D29
10:57:40.853    59270173  FFFFFF4BB3FFF  D16,D17,D20,D24,D26,D27,D29
10:57:40.853    59270175  FFFFFF43B3FFF  D16,D17,D20,D24,D25,D26,D27,D29
10:57:40.855    59270180  FFFFFF53B3FFF  D16,D17,D20,D24,D25,D27,D29
10:57:42.221    59271527  FFFFFF57B3FFF  D16,D17,D20,D25,D27,D29
10:57:43.527    59272833  FFFFFF53B3FFF  D16,D17,D20,D24,D25,D27,D29
10:57:43.527    59272835  FFFFFF5BB3FFF  D16,D17,D20,D24,D27,D29
10:57:44.896    59274186  FFFFFF5FB3FFF  D16,D17,D20,D27,D29
10:57:46.253    59275532  FFFFFF4BB3FFF  D16,D17,D20,D24,D26,D27,D29
10:57:46.253    59275534  FFFFFF43B3FFF  D16,D17,D20,D24,D25,D26,D27,D29
10:57:46.253    59275536  FFFFFF63B3FFF  D16,D17,D20,D24,D25,D26,D29
10:57:47.528    59276806  FFFFFF67B3FFF  D16,D17,D20,D25,D26,D29
10:57:48.783    59278033  FFFFFF63B3FFF  D16,D17,D20,D24,D25,D26,D29
10:57:48.784    59278035  FFFFFF6BB3FFF  D16,D17,D20,D24,D26,D29
10:57:50.055    59279306  FFFFFF6FB3FFF  D16,D17,D20,D26,D29
--- FW IODebug 1.2.2 2026-08-31 LIFT=5 10:57:50 ---
10:57:51.353    59280574  FFFFFF63B3FFF  D16,D17,D20,D24,D25,D26,D29
10:57:51.353    59280580  FFFFFF73B3FFF  D16,D17,D20,D24,D25,D29
10:57:52.619    59281847  FFFFFF77B3FFF  D16,D17,D20,D25,D29
10:57:53.899    59283113  FFFFFF73B3FFF  D16,D17,D20,D24,D25,D29
10:57:53.899    59283116  FFFFFF7BB3FFF  D16,D17,D20,D24,D29
10:57:55.187    59284387  FFFFFF7FB3FFF  D16,D17,D20,D29
10:57:56.455    59285654  FFFFFF7BB3FFF  D16,D17,D20,D24,D29
10:57:56.455    59285656  FFFFFF83B3FFF  D16,D17,D20,D24,D25,D26,D27,D28
10:57:57.738    59286928  FFFFFF87B3FFF  D16,D17,D20,D25,D26,D27,D28
10:57:59.005    59288195  FFFFFF83B3FFF  D16,D17,D20,D24,D25,D26,D27,D28
10:57:59.005    59288197  FFFFFF8BB3FFF  D16,D17,D20,D24,D26,D27,D28
10:58:00.297    59289468  FFFFFF8FB3FFF  D16,D17,D20,D26,D27,D28
10:58:01.597    59290735  FFFFFF8BB3FFF  D16,D17,D20,D24,D26,D27,D28
10:58:01.597    59290736  FFFFFF83B3FFF  D16,D17,D20,D24,D25,D26,D27,D28
10:58:01.598    59290742  FFFFFF93B3FFF  D16,D17,D20,D24,D25,D27,D28
10:58:02.858    59292009  FFFFFF97B3FFF  D16,D17,D20,D25,D27,D28
10:58:04.138    59293276  FFFFFF93B3FFF  D16,D17,D20,D24,D25,D27,D28
10:58:04.139    59293277  FFFFFF9BB3FFF  D16,D17,D20,D24,D27,D28
10:58:05.422    59294550  FFFFFF9FB3FFF  D16,D17,D20,D27,D28
10:58:06.704    59295815  FFFFFF93B3FFF  D16,D17,D20,D24,D25,D27,D28
10:58:06.705    59295817  FFFFFF83B3FFF  D16,D17,D20,D24,D25,D26,D27,D28
10:58:06.705    59295819  FFFFFFA3B3FFF  D16,D17,D20,D24,D25,D26,D28
10:58:07.986    59297090  FFFFFFA7B3FFF  D16,D17,D20,D25,D26,D28
10:58:09.252    59298357  FFFFFFA3B3FFF  D16,D17,D20,D24,D25,D26,D28
10:58:09.252    59298358  FFFFFFABB3FFF  D16,D17,D20,D24,D26,D28
10:58:10.549    59299631  FFFFFFAFB3FFF  D16,D17,D20,D26,D28
10:58:11.820    59300896  FFFFFFABB3FFF  D16,D17,D20,D24,D26,D28
10:58:11.820    59300898  FFFFFFA3B3FFF  D16,D17,D20,D24,D25,D26,D28
10:58:11.820    59300903  FFFFFFB3B3FFF  D16,D17,D20,D24,D25,D28
10:58:13.092    59302171  FFFFFFB7B3FFF  D16,D17,D20,D25,D28
10:58:14.375    59303437  FFFFFFB3B3FFF  D16,D17,D20,D24,D25,D28
10:58:14.376    59303439  FFFFFFBBB3FFF  D16,D17,D20,D24,D28
10:58:15.620    59304672  FFFFFFBFB3FFF  D16,D17,D20,D28
10:58:16.905    59305937  FFFFFF83B3FFF  D16,D17,D20,D24,D25,D26,D27,D28
10:58:16.906    59305939  FFFFFFC3B3FFF  D16,D17,D20,D24,D25,D26,D27
10:58:18.179    59307212  FFFFFFC7B3FFF  D16,D17,D20,D25,D26,D27
10:58:19.461    59308478  FFFFFFC3B3FFF  D16,D17,D20,D24,D25,D26,D27
10:58:19.461    59308480  FFFFFFCBB3FFF  D16,D17,D20,D24,D26,D27
10:58:20.986    59309753  FFFFFFCFB3FFF  D16,D17,D20,D26,D27
--- FW IODebug 1.2.2 2026-08-31 LIFT=5 10:58:20 ---
10:58:22.423    59311416  FFFFFFCBB3FFF  D16,D17,D20,D24,D26,D27
10:58:22.423    59311417  FFFFFFC3B3FFF  D16,D17,D20,D24,D25,D26,D27
10:58:22.424    59311422  FFFFFFD3B3FFF  D16,D17,D20,D24,D25,D27
10:58:24.373    59313364  FFFFFFD7B3FFF  D16,D17,D20,D25,D27
10:58:26.662    59315623  FFFFFFD3B3FFF  D16,D17,D20,D24,D25,D27
10:58:26.662    59315625  FFFFFFDBB3FFF  D16,D17,D20,D24,D27
10:58:28.942    59317890  FFFFFFDFB3FFF  D16,D17,D20,D27
10:58:32.099    59320742  FFFFFFDFB7FFF  D17,D20,D27
10:58:32.099    59320865  FFFFFFDFF7FFF  D17,D27
10:58:32.100    59321021  FFFFFFDFD7FFF  D17,D19,D27
10:58:35.933    59324833  FFFFFFDFD3FFF  D16,D17,D19,D27
10:58:39.281    59328166  FFFFFFDBD3FFF  D16,D17,D19,D24,D27
10:58:41.686    59330548  FFFFFFD3D3FFF  D16,D17,D19,D24,D25,D27
10:58:41.686    59330552  FFFFFFD7D3FFF  D16,D17,D19,D25,D27
10:58:45.406    59334238  FFFFFFD7D7FFF  D17,D19,D25,D27
--- FW IODebug 1.2.2 2026-08-31 LIFT=5 10:58:51 ---
10:58:58.229    59346944  FFFFFFD7D3FFF  D16,D17,D19,D25,D27
10:59:01.965    59350673  FFFFFFD3D3FFF  D16,D17,D19,D24,D25,D27
10:59:04.069    59352738  FFFFFFCBD3FFF  D16,D17,D19,D24,D26,D27
10:59:04.069    59352741  FFFFFFCFD3FFF  D16,D17,D19,D26,D27
10:59:05.746    59354403  FFFFFFCBD3FFF  D16,D17,D19,D24,D26,D27
10:59:06.980    59355635  FFFFFFC3D3FFF  D16,D17,D19,D24,D25,D26,D27
10:59:06.980    59355638  FFFFFFC7D3FFF  D16,D17,D19,D25,D26,D27
10:59:08.258    59356905  FFFFFFC3D3FFF  D16,D17,D19,D24,D25,D26,D27
10:59:09.545    59358176  FFFFFF83D3FFF  D16,D17,D19,D24,D25,D26,D27,D28
10:59:09.545    59358178  FFFFFFABD3FFF  D16,D17,D19,D24,D26,D28
10:59:09.545    59358179  FFFFFFBFD3FFF  D16,D17,D19,D28
10:59:10.814    59359446  FFFFFFBBD3FFF  D16,D17,D19,D24,D28
10:59:12.095    59360716  FFFFFFB3D3FFF  D16,D17,D19,D24,D25,D28
10:59:12.095    59360719  FFFFFFB7D3FFF  D16,D17,D19,D25,D28
10:59:13.377    59361986  FFFFFFB3D3FFF  D16,D17,D19,D24,D25,D28
10:59:14.664    59363256  FFFFFFA3D3FFF  D16,D17,D19,D24,D25,D26,D28
10:59:14.664    59363258  FFFFFFABD3FFF  D16,D17,D19,D24,D26,D28
10:59:14.664    59363260  FFFFFFAFD3FFF  D16,D17,D19,D26,D28
10:59:15.921    59364526  FFFFFFABD3FFF  D16,D17,D19,D24,D26,D28
10:59:17.490    59366075  FFFFFFA3D3FFF  D16,D17,D19,D24,D25,D26,D28
10:59:17.490    59366078  FFFFFFA7D3FFF  D16,D17,D19,D25,D26,D28
10:59:20.339    59368891  FFFFFFA7D7FFF  D17,D19,D25,D26,D28
--- FW IODebug 1.2.2 2026-08-31 LIFT=5 10:59:21 ---
10:59:34.967    59383422  FFFFFFA7F7FFF  D17,D25,D26,D28
--- FW IODebug 1.2.2 2026-08-31 LIFT=5 10:59:51 ---
11:00:06.980    59415177  FFFFFFA7B7FFF  D17,D20,D25,D26,D28
11:00:07.889    59416089  FFFFFFA7B3FFF  D16,D17,D20,D25,D26,D28
11:00:11.254    59419423  FFFFFFA3B3FFF  D16,D17,D20,D24,D25,D26,D28
11:00:11.254    59419425  FFFFFFABB3FFF  D16,D17,D20,D24,D26,D28
11:00:12.786    59420936  FFFFFFAFB3FFF  D16,D17,D20,D26,D28
11:00:14.062    59422201  FFFFFFABB3FFF  D16,D17,D20,D24,D26,D28
11:00:14.062    59422203  FFFFFFA3B3FFF  D16,D17,D20,D24,D25,D26,D28
11:00:14.062    59422209  FFFFFFB3B3FFF  D16,D17,D20,D24,D25,D28
11:00:15.336    59423476  FFFFFFB7B3FFF  D16,D17,D20,D25,D28
11:00:16.610    59424742  FFFFFFB3B3FFF  D16,D17,D20,D24,D25,D28
11:00:16.610    59424744  FFFFFFBBB3FFF  D16,D17,D20,D24,D28
11:00:17.857    59425977  FFFFFFBFB3FFF  D16,D17,D20,D28
11:00:19.118    59427243  FFFFFFAFB3FFF  D16,D17,D20,D26,D28
11:00:19.119    59427245  FFFFFFC3B3FFF  D16,D17,D20,D24,D25,D26,D27
11:00:20.413    59428516  FFFFFFC7B3FFF  D16,D17,D20,D25,D26,D27
11:00:21.911    59429783  FFFFFFC3B3FFF  D16,D17,D20,D24,D25,D26,D27
11:00:21.912    59429785  FFFFFFCBB3FFF  D16,D17,D20,D24,D26,D27
--- FW IODebug 1.2.2 2026-08-31 LIFT=5 11:00:21 ---
11:00:22.973    59431057  FFFFFFCFB3FFF  D16,D17,D20,D26,D27
11:00:24.654    59432720  FFFFFFCBB3FFF  D16,D17,D20,D24,D26,D27
11:00:24.654    59432722  FFFFFFC3B3FFF  D16,D17,D20,D24,D25,D26,D27
11:00:24.654    59432727  FFFFFFD3B3FFF  D16,D17,D20,D24,D25,D27
11:00:26.635    59434670  FFFFFFD7B3FFF  D16,D17,D20,D25,D27
11:00:28.905    59436929  FFFFFFD3B3FFF  D16,D17,D20,D24,D25,D27
11:00:28.905    59436930  FFFFFFDBB3FFF  D16,D17,D20,D24,D27
11:00:30.930    59438957  FFFFFFDFB3FFF  D16,D17,D20,D27
11:00:32.287    59440302  FFFFFFDBB3FFF  D16,D17,D20,D24,D27
11:00:32.287    59440304  FFFFFFC3B3FFF  D16,D17,D20,D24,D25,D26,D27
11:00:32.288    59440306  FFFFFFE3B3FFF  D16,D17,D20,D24,D25,D26
11:00:33.727    59441735  FFFFFFE7B3FFF  D16,D17,D20,D25,D26
11:00:35.142    59443121  FFFFFFE3B3FFF  D16,D17,D20,D24,D25,D26
11:00:35.144    59443122  FFFFFFEBB3FFF  D16,D17,D20,D24,D26
11:00:36.796    59444792  FFFFFFEFB3FFF  D16,D17,D20,D26
11:00:38.856    59446811  FFFFFFEBB3FFF  D16,D17,D20,D24,D26
11:00:38.856    59446813  FFFFFFE3B3FFF  D16,D17,D20,D24,D25,D26
11:00:38.856    59446818  FFFFFFF3B3FFF  D16,D17,D20,D24,D25
11:00:41.092    59449039  FFFFFFF7B3FFF  D16,D17,D20,D25
11:00:44.896    59452566  FFFFFFF7B7FFF  D17,D20,D25
11:00:44.896    59452649  FFFFFFF7F7FFF  D17,D25
11:00:44.896    59452806  FFFFFFF7D7FFF  D17,D19,D25
11:00:48.759    59456657  FFFFFFF7D3FFF  D16,D17,D19,D25
--- FW IODebug 1.2.2 2026-08-31 LIFT=5 11:00:52 ---
11:00:52.860    59460705  FFFFFFF3D3FFF  D16,D17,D19,D24,D25
11:00:55.130    59462968  FFFFFFE3D3FFF  D16,D17,D19,D24,D25,D26
11:00:55.130    59462970  FFFFFFEBD3FFF  D16,D17,D19,D24,D26
11:00:55.131    59462972  FFFFFFEFD3FFF  D16,D17,D19,D26
11:00:57.140    59464952  FFFFFFEBD3FFF  D16,D17,D19,D24,D26
11:00:58.822    59466619  FFFFFFE3D3FFF  D16,D17,D19,D24,D25,D26
11:00:58.822    59466624  FFFFFFE7D3FFF  D16,D17,D19,D25,D26
11:01:00.207    59468008  FFFFFFE3D3FFF  D16,D17,D19,D24,D25,D26
11:01:01.663    59469437  FFFFFFC3D3FFF  D16,D17,D19,D24,D25,D26,D27
11:01:01.663    59469440  FFFFFFCBD3FFF  D16,D17,D19,D24,D26,D27
11:01:01.663    59469442  FFFFFFCFD3FFF  D16,D17,D19,D26,D27
11:01:01.665    59469444  FFFFFFDFD3FFF  D16,D17,D19,D27
11:01:03.018    59470787  FFFFFFDBD3FFF  D16,D17,D19,D24,D27
11:01:05.051    59472812  FFFFFFD3D3FFF  D16,D17,D19,D24,D25,D27
11:01:05.051    59472816  FFFFFFD7D3FFF  D16,D17,D19,D25,D27
11:01:07.334    59475074  FFFFFFD3D3FFF  D16,D17,D19,D24,D25,D27
11:01:09.290    59477019  FFFFFFC3D3FFF  D16,D17,D19,D24,D25,D26,D27
11:01:09.290    59477021  FFFFFFCBD3FFF  D16,D17,D19,D24,D26,D27
11:01:09.290    59477023  FFFFFFCFD3FFF  D16,D17,D19,D26,D27
11:01:10.971    59478686  FFFFFFCBD3FFF  D16,D17,D19,D24,D26,D27
11:01:12.258    59479957  FFFFFFC3D3FFF  D16,D17,D19,D24,D25,D26,D27
11:01:12.260    59479960  FFFFFFC7D3FFF  D16,D17,D19,D25,D26,D27
11:01:13.529    59481227  FFFFFFC3D3FFF  D16,D17,D19,D24,D25,D26,D27
11:01:14.814    59482498  FFFFFF8BD3FFF  D16,D17,D19,D24,D26,D27,D28
11:01:14.814    59482500  FFFFFFABD3FFF  D16,D17,D19,D24,D26,D28
11:01:14.814    59482502  FFFFFFAFD3FFF  D16,D17,D19,D26,D28
11:01:14.814    59482504  FFFFFFBFD3FFF  D16,D17,D19,D28
11:01:16.077    59483767  FFFFFFBBD3FFF  D16,D17,D19,D24,D28
11:01:17.366    59485037  FFFFFFB3D3FFF  D16,D17,D19,D24,D25,D28
11:01:17.366    59485041  FFFFFFB7D3FFF  D16,D17,D19,D25,D28
11:01:18.648    59486308  FFFFFFB3D3FFF  D16,D17,D19,D24,D25,D28
11:01:19.930    59487578  FFFFFFA3D3FFF  D16,D17,D19,D24,D25,D26,D28
11:01:19.931    59487580  FFFFFFABD3FFF  D16,D17,D19,D24,D26,D28
11:01:19.931    59487582  FFFFFFAFD3FFF  D16,D17,D19,D26,D28
11:01:21.202    59488847  FFFFFFABD3FFF  D16,D17,D19,D24,D26,D28
--- FW IODebug 1.2.2 2026-08-31 LIFT=5 11:01:22 ---
11:01:22.975    59490357  FFFFFFA3D3FFF  D16,D17,D19,D24,D25,D26,D28
11:01:22.975    59490360  FFFFFFA7D3FFF  D16,D17,D19,D25,D26,D28
11:01:22.975    59490437  FFFFFFA793FFF  D16,D17,D19,D20,D25,D26,D28
11:01:22.975    59490596  FFFFFFA7B3FFF  D16,D17,D20,D25,D26,D28
11:01:25.604    59493213  FFFFFFA7B7FFF  D17,D20,D25,D26,D28
11:01:42.079    59509568  FFFFFFA7B3FFF  D16,D17,D20,D25,D26,D28
11:01:45.439    59512902  FFFFFFA3B3FFF  D16,D17,D20,D24,D25,D26,D28
11:01:45.439    59512904  FFFFFFABB3FFF  D16,D17,D20,D24,D26,D28
11:01:46.979    59514415  FFFFFFAFB3FFF  D16,D17,D20,D26,D28
11:01:48.252    59515681  FFFFFFABB3FFF  D16,D17,D20,D24,D26,D28
11:01:48.252    59515682  FFFFFFA3B3FFF  D16,D17,D20,D24,D25,D26,D28
11:01:48.252    59515687  FFFFFFB3B3FFF  D16,D17,D20,D24,D25,D28
11:01:49.524    59516955  FFFFFFB7B3FFF  D16,D17,D20,D25,D28
11:01:50.808    59518221  FFFFFFB3B3FFF  D16,D17,D20,D24,D25,D28
11:01:50.808    59518223  FFFFFFBBB3FFF  D16,D17,D20,D24,D28
11:01:52.056    59519456  FFFFFFBFB3FFF  D16,D17,D20,D28
--- FW IODebug 1.2.2 2026-08-31 LIFT=5 11:01:52 ---
11:01:53.341    59520721  FFFFFFBBB3FFF  D16,D17,D20,D24,D28
11:01:53.341    59520723  FFFFFFC3B3FFF  D16,D17,D20,D24,D25,D26,D27
11:01:54.605    59521996  FFFFFFC7B3FFF  D16,D17,D20,D25,D26,D27
11:01:55.886    59523262  FFFFFFC3B3FFF  D16,D17,D20,D24,D25,D26,D27
11:01:55.886    59523264  FFFFFFCBB3FFF  D16,D17,D20,D24,D26,D27
11:01:57.173    59524537  FFFFFFCFB3FFF  D16,D17,D20,D26,D27
11:01:58.847    59526200  FFFFFFCBB3FFF  D16,D17,D20,D24,D26,D27
11:01:58.847    59526202  FFFFFFC3B3FFF  D16,D17,D20,D24,D25,D26,D27
11:01:58.848    59526207  FFFFFFD3B3FFF  D16,D17,D20,D24,D25,D27
11:02:00.933    59528268  FFFFFFD7B3FFF  D16,D17,D20,D25,D27
11:02:04.165    59531478  FFFFFFD7B7FFF  D17,D20,D25,D27
11:02:19.127    59546168  FFFFFFD7F7FFF  D17,D25,D27
11:02:19.127    59546324  FFFFFFD7D7FFF  D17,D19,D25,D27
11:02:19.921    59547120  FFFFFFD7D3FFF  D16,D17,D19,D25,D27
--- FW IODebug 1.2.2 2026-08-31 LIFT=5 11:02:22 ---
11:02:23.687    59550850  FFFFFFD3D3FFF  D16,D17,D19,D24,D25,D27
11:02:25.767    59552914  FFFFFFC3D3FFF  D16,D17,D19,D24,D25,D26,D27
11:02:25.767    59552916  FFFFFFCBD3FFF  D16,D17,D19,D24,D26,D27
11:02:25.767    59552918  FFFFFFCFD3FFF  D16,D17,D19,D26,D27
11:02:27.450    59554581  FFFFFFCBD3FFF  D16,D17,D19,D24,D26,D27
11:02:28.730    59555852  FFFFFFC3D3FFF  D16,D17,D19,D24,D25,D26,D27
11:02:28.730    59555856  FFFFFFC7D3FFF  D16,D17,D19,D25,D26,D27
11:02:29.960    59557082  FFFFFFC3D3FFF  D16,D17,D19,D24,D25,D26,D27
11:02:31.245    59558352  FFFFFF8BD3FFF  D16,D17,D19,D24,D26,D27,D28
11:02:31.246    59558354  FFFFFFABD3FFF  D16,D17,D19,D24,D26,D28
11:02:31.246    59558356  FFFFFFAFD3FFF  D16,D17,D19,D26,D28
11:02:31.246    59558359  FFFFFFBFD3FFF  D16,D17,D19,D28
11:02:32.521    59559622  FFFFFFBBD3FFF  D16,D17,D19,D24,D28
11:02:33.811    59560893  FFFFFFB3D3FFF  D16,D17,D19,D24,D25,D28
11:02:33.811    59560896  FFFFFFB7D3FFF  D16,D17,D19,D25,D28
11:02:35.078    59562162  FFFFFFB3D3FFF  D16,D17,D19,D24,D25,D28
11:02:36.363    59563432  FFFFFFA3D3FFF  D16,D17,D19,D24,D25,D26,D28
11:02:36.363    59563435  FFFFFFABD3FFF  D16,D17,D19,D24,D26,D28
11:02:36.364    59563438  FFFFFFAFD3FFF  D16,D17,D19,D26,D28
11:02:37.633    59564702  FFFFFFABD3FFF  D16,D17,D19,D24,D26,D28
11:02:38.914    59565974  FFFFFFA3D3FFF  D16,D17,D19,D24,D25,D26,D28
11:02:38.915    59565977  FFFFFFA7D3FFF  D16,D17,D19,D25,D26,D28
11:02:40.201    59567244  FFFFFFA3D3FFF  D16,D17,D19,D24,D25,D26,D28
11:02:41.484    59568515  FFFFFF8BD3FFF  D16,D17,D19,D24,D26,D27,D28
11:02:41.484    59568518  FFFFFF8FD3FFF  D16,D17,D19,D26,D27,D28
11:02:41.484    59568520  FFFFFF9FD3FFF  D16,D17,D19,D27,D28
11:02:42.758    59569784  FFFFFF9BD3FFF  D16,D17,D19,D24,D27,D28
11:02:44.038    59571055  FFFFFF93D3FFF  D16,D17,D19,D24,D25,D27,D28
11:02:44.038    59571058  FFFFFF97D3FFF  D16,D17,D19,D25,D27,D28
11:02:45.332    59572324  FFFFFF93D3FFF  D16,D17,D19,D24,D25,D27,D28
11:02:46.611    59573595  FFFFFF83D3FFF  D16,D17,D19,D24,D25,D26,D27,D28
11:02:46.611    59573597  FFFFFF8BD3FFF  D16,D17,D19,D24,D26,D27,D28
11:02:46.611    59573599  FFFFFF8FD3FFF  D16,D17,D19,D26,D27,D28
11:02:47.882    59574864  FFFFFF8BD3FFF  D16,D17,D19,D24,D26,D27,D28
11:02:49.164    59576135  FFFFFF83D3FFF  D16,D17,D19,D24,D25,D26,D27,D28
11:02:49.164    59576139  FFFFFF87D3FFF  D16,D17,D19,D25,D26,D27,D28
11:02:50.436    59577405  FFFFFF83D3FFF  D16,D17,D19,D24,D25,D26,D27,D28
11:02:51.737    59578676  FFFFFF0BD3FFF  D16,D17,D19,D24,D26,D27,D28,D29
11:02:51.737    59578678  FFFFFF4BD3FFF  D16,D17,D19,D24,D26,D27,D29
11:02:51.737    59578680  FFFFFF6FD3FFF  D16,D17,D19,D26,D29
11:02:51.738    59578682  FFFFFF7FD3FFF  D16,D17,D19,D29
11:02:53.059    59579945  FFFFFF7BD3FFF  D16,D17,D19,D24,D29
--- FW IODebug 1.2.2 2026-08-31 LIFT=5 11:02:53 ---
11:02:54.285    59581216  FFFFFF73D3FFF  D16,D17,D19,D24,D25,D29
11:02:54.285    59581219  FFFFFF77D3FFF  D16,D17,D19,D25,D29
11:02:55.553    59582486  FFFFFF73D3FFF  D16,D17,D19,D24,D25,D29
11:02:56.840    59583756  FFFFFF63D3FFF  D16,D17,D19,D24,D25,D26,D29
11:02:56.840    59583758  FFFFFF6BD3FFF  D16,D17,D19,D24,D26,D29
11:02:56.840    59583760  FFFFFF6FD3FFF  D16,D17,D19,D26,D29
11:02:58.120    59585027  FFFFFF6BD3FFF  D16,D17,D19,D24,D26,D29
11:02:59.395    59586297  FFFFFF63D3FFF  D16,D17,D19,D24,D25,D26,D29
11:02:59.395    59586300  FFFFFF67D3FFF  D16,D17,D19,D25,D26,D29
11:03:00.679    59587567  FFFFFF63D3FFF  D16,D17,D19,D24,D25,D26,D29
11:03:01.972    59588838  FFFFFF43D3FFF  D16,D17,D19,D24,D25,D26,D27,D29
11:03:01.972    59588839  FFFFFF4BD3FFF  D16,D17,D19,D24,D26,D27,D29
11:03:01.973    59588841  FFFFFF4FD3FFF  D16,D17,D19,D26,D27,D29
11:03:01.973    59588844  FFFFFF5FD3FFF  D16,D17,D19,D27,D29
11:03:03.275    59590147  FFFFFF5BD3FFF  D16,D17,D19,D24,D27,D29
11:03:04.654    59591497  FFFFFF53D3FFF  D16,D17,D19,D24,D25,D27,D29
11:03:04.654    59591500  FFFFFF57D3FFF  D16,D17,D19,D25,D27,D29
11:03:05.964    59592806  FFFFFF53D3FFF  D16,D17,D19,D24,D25,D27,D29
11:03:07.316    59594157  FFFFFF43D3FFF  D16,D17,D19,D24,D25,D26,D27,D29
11:03:07.316    59594159  FFFFFF4BD3FFF  D16,D17,D19,D24,D26,D27,D29
11:03:07.316    59594161  FFFFFF4FD3FFF  D16,D17,D19,D26,D27,D29
11:03:08.647    59595465  FFFFFF4BD3FFF  D16,D17,D19,D24,D26,D27,D29
11:03:10.082    59596896  FFFFFF43D3FFF  D16,D17,D19,D24,D25,D26,D27,D29
11:03:10.082    59596899  FFFFFF47D3FFF  D16,D17,D19,D25,D26,D27,D29
11:03:12.239    59598760  FFFFFF43D3FFF  D16,D17,D19,D24,D25,D26,D27,D29
11:03:12.239    59598880  FFFFFF4393FFF  D16,D17,D19,D20,D24,D25,D26,D27,D29
11:03:12.239    59599040  FFFFFF43B3FFF  D16,D17,D20,D24,D25,D26,D27,D29
11:03:15.289    59602054  FFFFFF43B7FFF  D17,D20,D24,D25,D26,D27,D29
--- FW IODebug 1.2.2 2026-08-31 LIFT=5 11:03:23 ---
11:03:31.834    59618489  FFFFFF43B3FFF  D16,D17,D20,D24,D25,D26,D27,D29
11:03:35.681    59622302  FFFFFF47B3FFF  D16,D17,D20,D25,D26,D27,D29
11:03:37.571    59624165  FFFFFF43B3FFF  D16,D17,D20,D24,D25,D26,D27,D29
11:03:37.572    59624167  FFFFFF4BB3FFF  D16,D17,D20,D24,D26,D27,D29
11:03:39.011    59625597  FFFFFF4FB3FFF  D16,D17,D20,D26,D27,D29
11:03:40.325    59626904  FFFFFF43B3FFF  D16,D17,D20,D24,D25,D26,D27,D29
11:03:40.325    59626910  FFFFFF53B3FFF  D16,D17,D20,D24,D25,D27,D29
11:03:41.687    59628257  FFFFFF57B3FFF  D16,D17,D20,D25,D27,D29
11:03:42.999    59629563  FFFFFF53B3FFF  D16,D17,D20,D24,D25,D27,D29
11:03:42.999    59629565  FFFFFF5BB3FFF  D16,D17,D20,D24,D27,D29
11:03:44.356    59630916  FFFFFF5FB3FFF  D16,D17,D20,D27,D29
11:03:45.696    59632223  FFFFFF4BB3FFF  D16,D17,D20,D24,D26,D27,D29
11:03:45.696    59632225  FFFFFF43B3FFF  D16,D17,D20,D24,D25,D26,D27,D29
11:03:45.697    59632226  FFFFFF63B3FFF  D16,D17,D20,D24,D25,D26,D29
11:03:46.949    59633497  FFFFFF67B3FFF  D16,D17,D20,D25,D26,D29
11:03:48.248    59634763  FFFFFF63B3FFF  D16,D17,D20,D24,D25,D26,D29
11:03:48.248    59634765  FFFFFF6BB3FFF  D16,D17,D20,D24,D26,D29
11:03:49.527    59636037  FFFFFF6FB3FFF  D16,D17,D20,D26,D29
11:03:50.828    59637304  FFFFFF6BB3FFF  D16,D17,D20,D24,D26,D29
11:03:50.828    59637305  FFFFFF63B3FFF  D16,D17,D20,D24,D25,D26,D29
11:03:50.828    59637310  FFFFFF73B3FFF  D16,D17,D20,D24,D25,D29
11:03:52.082    59638578  FFFFFF77B3FFF  D16,D17,D20,D25,D29
11:03:53.515    59639843  FFFFFF73B3FFF  D16,D17,D20,D24,D25,D29
11:03:53.515    59639845  FFFFFF7BB3FFF  D16,D17,D20,D24,D29
--- FW IODebug 1.2.2 2026-08-31 LIFT=5 11:03:53 ---
11:03:54.644    59641118  FFFFFF7FB3FFF  D16,D17,D20,D29
11:03:55.915    59642384  FFFFFF6BB3FFF  D16,D17,D20,D24,D26,D29
11:03:55.915    59642386  FFFFFF83B3FFF  D16,D17,D20,D24,D25,D26,D27,D28
11:03:57.212    59643659  FFFFFF87B3FFF  D16,D17,D20,D25,D26,D27,D28
11:03:58.478    59644924  FFFFFF83B3FFF  D16,D17,D20,D24,D25,D26,D27,D28
11:03:58.478    59644926  FFFFFF8BB3FFF  D16,D17,D20,D24,D26,D27,D28
11:03:59.770    59646198  FFFFFF8FB3FFF  D16,D17,D20,D26,D27,D28
11:04:01.042    59647465  FFFFFF83B3FFF  D16,D17,D20,D24,D25,D26,D27,D28
11:04:01.042    59647472  FFFFFF93B3FFF  D16,D17,D20,D24,D25,D27,D28
11:04:02.323    59648739  FFFFFF97B3FFF  D16,D17,D20,D25,D27,D28
11:04:03.599    59650006  FFFFFF93B3FFF  D16,D17,D20,D24,D25,D27,D28
11:04:03.599    59650007  FFFFFF9BB3FFF  D16,D17,D20,D24,D27,D28
11:04:04.885    59651279  FFFFFF9FB3FFF  D16,D17,D20,D27,D28
11:04:06.154    59652545  FFFFFF9BB3FFF  D16,D17,D20,D24,D27,D28
11:04:06.155    59652547  FFFFFF83B3FFF  D16,D17,D20,D24,D25,D26,D27,D28
11:04:06.155    59652549  FFFFFFA3B3FFF  D16,D17,D20,D24,D25,D26,D28
11:04:07.681    59654057  FFFFFFA7B3FFF  D16,D17,D20,D25,D26,D28
11:04:10.511    59656870  FFFFFFA7B7FFF  D17,D20,D25,D26,D28
--- FW IODebug 1.2.2 2026-08-31 LIFT=5 11:04:23 ---
11:04:25.184    59671442  FFFFFFA7F7FFF  D17,D25,D26,D28
--- FW IODebug 1.2.2 2026-08-31 LIFT=5 11:04:53 ---
11:04:57.836    59703832  FFFFFFA7B7FFF  D17,D20,D25,D26,D28
11:04:58.751    59704745  FFFFFFA7B3FFF  D16,D17,D20,D25,D26,D28
11:05:02.115    59708078  FFFFFFA3B3FFF  D16,D17,D20,D24,D25,D26,D28
11:05:02.115    59708080  FFFFFFABB3FFF  D16,D17,D20,D24,D26,D28
11:05:03.655    59709590  FFFFFFAFB3FFF  D16,D17,D20,D26,D28
11:05:04.919    59710856  FFFFFFABB3FFF  D16,D17,D20,D24,D26,D28
11:05:04.919    59710858  FFFFFFA3B3FFF  D16,D17,D20,D24,D25,D26,D28
11:05:04.919    59710860  FFFFFFB3B3FFF  D16,D17,D20,D24,D25,D28
11:05:06.206    59712131  FFFFFFB7B3FFF  D16,D17,D20,D25,D28
11:05:07.448    59713357  FFFFFFB3B3FFF  D16,D17,D20,D24,D25,D28
11:05:07.448    59713358  FFFFFFBBB3FFF  D16,D17,D20,D24,D28
11:05:08.717    59714631  FFFFFFBFB3FFF  D16,D17,D20,D28
11:05:10.004    59715897  FFFFFFAFB3FFF  D16,D17,D20,D26,D28
11:05:10.004    59715899  FFFFFFC3B3FFF  D16,D17,D20,D24,D25,D26,D27
11:05:11.270    59717172  FFFFFFC7B3FFF  D16,D17,D20,D25,D26,D27
11:05:12.552    59718437  FFFFFFC3B3FFF  D16,D17,D20,D24,D25,D26,D27
11:05:12.552    59718439  FFFFFFCBB3FFF  D16,D17,D20,D24,D26,D27
11:05:13.826    59719712  FFFFFFCFB3FFF  D16,D17,D20,D26,D27
11:05:15.518    59721375  FFFFFFCBB3FFF  D16,D17,D20,D24,D26,D27
11:05:15.518    59721377  FFFFFFC3B3FFF  D16,D17,D20,D24,D25,D26,D27
11:05:15.518    59721381  FFFFFFD3B3FFF  D16,D17,D20,D24,D25,D27
11:05:17.485    59723324  FFFFFFD7B3FFF  D16,D17,D20,D25,D27
11:05:19.760    59725583  FFFFFFD3B3FFF  D16,D17,D20,D24,D25,D27
11:05:19.761    59725585  FFFFFFDBB3FFF  D16,D17,D20,D24,D27
11:05:21.793    59727611  FFFFFFDFB3FFF  D16,D17,D20,D27
11:05:23.173    59728957  FFFFFFCBB3FFF  D16,D17,D20,D24,D26,D27
11:05:23.173    59728959  FFFFFFC3B3FFF  D16,D17,D20,D24,D25,D26,D27
11:05:23.174    59728960  FFFFFFE3B3FFF  D16,D17,D20,D24,D25,D26
--- FW IODebug 1.2.2 2026-08-31 LIFT=5 11:05:24 ---
11:05:24.610    59730391  FFFFFFE7B3FFF  D16,D17,D20,D25,D26
11:05:25.998    59731775  FFFFFFE3B3FFF  D16,D17,D20,D24,D25,D26
11:05:25.998    59731777  FFFFFFEBB3FFF  D16,D17,D20,D24,D26
11:05:27.681    59733446  FFFFFFEFB3FFF  D16,D17,D20,D26
11:05:29.668    59735427  FFFFFFEBB3FFF  D16,D17,D20,D24,D26
11:05:29.668    59735429  FFFFFFE3B3FFF  D16,D17,D20,D24,D25,D26
11:05:29.668    59735431  FFFFFFF3B3FFF  D16,D17,D20,D24,D25
11:05:31.956    59737693  FFFFFFF7B3FFF  D16,D17,D20,D25
11:05:35.601    59741260  FFFFFFF7B7FFF  D17,D20,D25
11:05:35.601    59741303  FFFFFFF7F7FFF  D17,D25
--- FW IODebug 1.2.2 2026-08-31 LIFT=5 11:05:54 ---
--- FW IODebug 1.2.2 2026-08-31 LIFT=5 11:06:24 ---
11:06:36.043    59801303  FFFFFFF7F7FFF  D17,D25
11:06:54.157    59819260  FFFFFFF7D7FFF  D17,D19,D25
--- FW IODebug 1.2.2 2026-08-31 LIFT=5 11:06:55 ---
11:06:55.059    59820174  FFFFFFF7D3FFF  D16,D17,D19,D25
11:06:59.603    59824380  FFFFFFF3D3FFF  D16,D17,D19,D24,D25
11:06:59.603    59824501  FFFFFFF393FFF  D16,D17,D19,D20,D24,D25
11:06:59.604    59824661  FFFFFFF3B3FFF  D16,D17,D20,D24,D25
11:07:02.943    59827991  FFFFFFF3B7FFF  D17,D20,D24,D25
11:07:20.869    59845777  FFFFFFF3B3FFF  D16,D17,D20,D24,D25
11:07:25.120    59849988  FFFFFFF7B3FFF  D16,D17,D20,D25
--- FW IODebug 1.2.2 2026-08-31 LIFT=5 11:07:25 ---
11:07:28.749    59853594  FFFFFFF7B7FFF  D17,D20,D25
11:07:45.337    59870071  FFFFFFF7F7FFF  D17,D25
--- FW IODebug 1.2.2 2026-08-31 LIFT=5 11:07:55 ---
--- FW IODebug 1.2.2 2026-08-31 LIFT=5 11:08:25 ---
11:08:45.796    59930071  FFFFFFF7F7FFF  D17,D25
--- FW IODebug 1.2.2 2026-08-31 LIFT=5 11:08:55 ---
--- FW IODebug 1.2.2 2026-08-31 LIFT=5 11:09:26 ---
11:09:46.265    59990071  FFFFFFF7F7FFF  D17,D25
--- FW IODebug 1.2.2 2026-08-31 LIFT=5 11:09:56 ---
--- FW IODebug 1.2.2 2026-08-31 LIFT=5 11:10:26 ---
11:10:45.410    60048770  FFFFFFF7FFFFF  D25
11:10:46.095    60049446  FFFFFFF7F7FFF  D17,D25
11:10:52.067    60055362  FFFFFFF7B7FFF  D17,D20,D25
11:10:52.975    60056273  FFFFFFF7B3FFF  D16,D17,D20,D25
11:10:56.744    60059925  FFFFFFF3B3FFF  D16,D17,D20,D24,D25
11:10:56.744    60059926  FFFFFFFBB3FFF  D16,D17,D20,D24
11:10:56.744    60059965  FFFFFFFB93FFF  D16,D17,D19,D20,D24
11:10:56.744    60059967  FFFFFFFBD3FFF  D16,D17,D19,D24
--- FW IODebug 1.2.2 2026-08-31 LIFT=5 11:10:56 ---
11:10:59.657    60062901  FFFFFFFBD7FFF  D17,D19,D24
11:11:12.910    60076042  FFFFFFFBD3FFF  D16,D17,D19,D24
11:11:16.330    60079455  FFFFFFF3D3FFF  D16,D17,D19,D24,D25
11:11:16.330    60079459  FFFFFFF7D3FFF  D16,D17,D19,D25
11:11:18.456    60081558  FFFFFFF3D3FFF  D16,D17,D19,D24,D25
11:11:20.663    60083741  FFFFFFE3D3FFF  D16,D17,D19,D24,D25,D26
11:11:20.663    60083743  FFFFFFEBD3FFF  D16,D17,D19,D24,D26
11:11:20.663    60083745  FFFFFFEFD3FFF  D16,D17,D19,D26
11:11:22.708    60085766  FFFFFFEBD3FFF  D16,D17,D19,D24,D26
11:11:24.376    60087433  FFFFFFE3D3FFF  D16,D17,D19,D24,D25,D26
11:11:24.376    60087437  FFFFFFE7D3FFF  D16,D17,D19,D25,D26
11:11:25.773    60088822  FFFFFFE3D3FFF  D16,D17,D19,D24,D25,D26
--- FW IODebug 1.2.2 2026-08-31 LIFT=5 11:11:27 ---
11:11:27.232    60090252  FFFFFFC3D3FFF  D16,D17,D19,D24,D25,D26,D27
11:11:27.233    60090254  FFFFFFCBD3FFF  D16,D17,D19,D24,D26,D27
11:11:27.233    60090256  FFFFFFCFD3FFF  D16,D17,D19,D26,D27
11:11:27.233    60090258  FFFFFFDFD3FFF  D16,D17,D19,D27
11:11:28.586    60091600  FFFFFFDBD3FFF  D16,D17,D19,D24,D27
11:11:30.609    60093625  FFFFFFD3D3FFF  D16,D17,D19,D24,D25,D27
11:11:30.609    60093629  FFFFFFD7D3FFF  D16,D17,D19,D25,D27
11:11:32.894    60095888  FFFFFFD3D3FFF  D16,D17,D19,D24,D25,D27
11:11:34.940    60097912  FFFFFFC3D3FFF  D16,D17,D19,D24,D25,D26,D27
11:11:34.940    60097914  FFFFFFCBD3FFF  D16,D17,D19,D24,D26,D27
11:11:34.940    60097916  FFFFFFCFD3FFF  D16,D17,D19,D26,D27
11:11:38.347    60101284  FFFFFFCFD7FFF  D17,D19,D26,D27
11:11:53.013    60115856  FFFFFFCFF7FFF  D17,D26,D27
--- FW IODebug 1.2.2 2026-08-31 LIFT=5 11:11:57 ---
11:12:25.189    60147769  FFFFFFCFB7FFF  D17,D20,D26,D27
11:12:26.095    60148681  FFFFFFCFB3FFF  D16,D17,D20,D26,D27
--- FW IODebug 1.2.2 2026-08-31 LIFT=5 11:12:27 ---
11:12:30.015    60152570  FFFFFFCBB3FFF  D16,D17,D20,D24,D26,D27
11:12:30.015    60152572  FFFFFFC3B3FFF  D16,D17,D20,D24,D25,D26,D27
11:12:30.016    60152578  FFFFFFD3B3FFF  D16,D17,D20,D24,D25,D27
11:12:32.044    60154599  FFFFFFD7B3FFF  D16,D17,D20,D25,D27
11:12:34.371    60156897  FFFFFFD3B3FFF  D16,D17,D20,D24,D25,D27
11:12:34.371    60156899  FFFFFFDBB3FFF  D16,D17,D20,D24,D27
11:12:38.455    60160627  FFFFFFDBB7FFF  D17,D20,D24,D27
11:12:38.455    60160790  FFFFFFDBF7FFF  D17,D24,D27
11:12:38.455    60160946  FFFFFFDBD7FFF  D17,D19,D24,D27
11:12:42.241    60164717  FFFFFFDBD3FFF  D16,D17,D19,D24,D27
11:12:46.523    60168965  FFFFFFD3D3FFF  D16,D17,D19,D24,D25,D27
11:12:46.523    60168968  FFFFFFD7D3FFF  D16,D17,D19,D25,D27
11:12:48.825    60171227  FFFFFFD3D3FFF  D16,D17,D19,D24,D25,D27
11:12:50.821    60173212  FFFFFFC3D3FFF  D16,D17,D19,D24,D25,D26,D27
11:12:50.821    60173214  FFFFFFCBD3FFF  D16,D17,D19,D24,D26,D27
11:12:50.821    60173215  FFFFFFCFD3FFF  D16,D17,D19,D26,D27
11:12:52.503    60174878  FFFFFFCBD3FFF  D16,D17,D19,D24,D26,D27
11:12:53.742    60176110  FFFFFFC3D3FFF  D16,D17,D19,D24,D25,D26,D27
11:12:53.742    60176113  FFFFFFC7D3FFF  D16,D17,D19,D25,D26,D27
11:12:55.012    60177380  FFFFFFC3D3FFF  D16,D17,D19,D24,D25,D26,D27
11:12:56.302    60178650  FFFFFF83D3FFF  D16,D17,D19,D24,D25,D26,D27,D28
11:12:56.302    60178652  FFFFFF8BD3FFF  D16,D17,D19,D24,D26,D27,D28
11:12:56.302    60178654  FFFFFFAFD3FFF  D16,D17,D19,D26,D28
11:12:56.302    60178656  FFFFFFBFD3FFF  D16,D17,D19,D28
11:12:57.648    60179919  FFFFFFBBD3FFF  D16,D17,D19,D24,D28
--- FW IODebug 1.2.2 2026-08-31 LIFT=5 11:12:57 ---
11:12:58.871    60181190  FFFFFFB3D3FFF  D16,D17,D19,D24,D25,D28
11:12:58.871    60181194  FFFFFFB7D3FFF  D16,D17,D19,D25,D28
11:13:00.694    60182699  FFFFFFB3D3FFF  D16,D17,D19,D24,D25,D28
11:13:00.694    60182858  FFFFFFB393FFF  D16,D17,D19,D20,D24,D25,D28
11:13:00.694    60183018  FFFFFFB3B3FFF  D16,D17,D20,D24,D25,D28
11:13:03.250    60185554  FFFFFFB3B7FFF  D17,D20,D24,D25,D28
11:13:19.802    60201991  FFFFFFB3B3FFF  D16,D17,D20,D24,D25,D28
11:13:23.174    60205328  FFFFFFB7B3FFF  D16,D17,D20,D25,D28
11:13:24.684    60206832  FFFFFFB3B3FFF  D16,D17,D20,D24,D25,D28
11:13:24.684    60206834  FFFFFFBBB3FFF  D16,D17,D20,D24,D28
11:13:25.944    60208067  FFFFFFBFB3FFF  D16,D17,D20,D28
11:13:27.217    60209333  FFFFFF9BB3FFF  D16,D17,D20,D24,D27,D28
11:13:27.217    60209335  FFFFFFC3B3FFF  D16,D17,D20,D24,D25,D26,D27
--- FW IODebug 1.2.2 2026-08-31 LIFT=5 11:13:27 ---
11:13:28.492    60210607  FFFFFFC7B3FFF  D16,D17,D20,D25,D26,D27
11:13:29.779    60211873  FFFFFFC3B3FFF  D16,D17,D20,D24,D25,D26,D27
11:13:29.779    60211875  FFFFFFCBB3FFF  D16,D17,D20,D24,D26,D27
11:13:31.060    60213148  FFFFFFCFB3FFF  D16,D17,D20,D26,D27
11:13:32.743    60214811  FFFFFFC3B3FFF  D16,D17,D20,D24,D25,D26,D27
11:13:32.743    60214817  FFFFFFD3B3FFF  D16,D17,D20,D24,D25,D27
11:13:34.695    60216760  FFFFFFD7B3FFF  D16,D17,D20,D25,D27
11:13:36.988    60219019  FFFFFFD3B3FFF  D16,D17,D20,D24,D25,D27
11:13:36.988    60219020  FFFFFFDBB3FFF  D16,D17,D20,D24,D27
11:13:39.017    60221047  FFFFFFDFB3FFF  D16,D17,D20,D27
11:13:40.373    60222392  FFFFFFC3B3FFF  D16,D17,D20,D24,D25,D26,D27
11:13:40.374    60222395  FFFFFFE3B3FFF  D16,D17,D20,D24,D25,D26
11:13:41.810    60223825  FFFFFFE7B3FFF  D16,D17,D20,D25,D26
11:13:43.224    60225211  FFFFFFE3B3FFF  D16,D17,D20,D24,D25,D26
11:13:43.224    60225213  FFFFFFEBB3FFF  D16,D17,D20,D24,D26
11:13:44.881    60226881  FFFFFFEFB3FFF  D16,D17,D20,D26
11:13:46.937    60228902  FFFFFFEBB3FFF  D16,D17,D20,D24,D26
11:13:46.937    60228903  FFFFFFE3B3FFF  D16,D17,D20,D24,D25,D26
11:13:46.937    60228909  FFFFFFF3B3FFF  D16,D17,D20,D24,D25
11:13:49.171    60231129  FFFFFFF7B3FFF  D16,D17,D20,D25
11:13:52.734    60234656  FFFFFFF7B7FFF  D17,D20,D25
--- FW IODebug 1.2.2 2026-08-31 LIFT=5 11:13:58 ---
11:14:16.206    60257958  FFFFFFF7B3FFF  D16,D17,D20,D25
11:14:20.056    60261610  FFFFFFF3B3FFF  D16,D17,D20,D24,D25
11:14:20.056    60261612  FFFFFFFBB3FFF  D16,D17,D20,D24
11:14:20.057    60261769  FFFFFFFB93FFF  D16,D17,D19,D20,D24
11:14:20.057    60261771  FFFFFFFBD3FFF  D16,D17,D19,D24
11:14:22.877    60264586  FFFFFFFBD7FFF  D17,D19,D24
--- FW IODebug 1.2.2 2026-08-31 LIFT=5 11:14:28 ---
11:14:37.649    60279236  FFFFFFFBF7FFF  D17,D24
11:14:54.287    60295747  FFFFFFFBD7FFF  D17,D19,D24
11:14:55.208    60296660  FFFFFFFBD3FFF  D16,D17,D19,D24
--- FW IODebug 1.2.2 2026-08-31 LIFT=5 11:14:58 ---
11:14:58.645    60300073  FFFFFFF3D3FFF  D16,D17,D19,D24,D25
11:14:58.646    60300078  FFFFFFF7D3FFF  D16,D17,D19,D25
11:15:00.767    60302177  FFFFFFF3D3FFF  D16,D17,D19,D24,D25
11:15:02.964    60304360  FFFFFFE3D3FFF  D16,D17,D19,D24,D25,D26
11:15:02.964    60304362  FFFFFFEBD3FFF  D16,D17,D19,D24,D26
11:15:02.964    60304365  FFFFFFEFD3FFF  D16,D17,D19,D26
11:15:05.012    60306384  FFFFFFEBD3FFF  D16,D17,D19,D24,D26
11:15:06.690    60308052  FFFFFFE3D3FFF  D16,D17,D19,D24,D25,D26
11:15:06.691    60308056  FFFFFFE7D3FFF  D16,D17,D19,D25,D26
11:15:08.093    60309441  FFFFFFE3D3FFF  D16,D17,D19,D24,D25,D26
11:15:09.525    60310871  FFFFFFC3D3FFF  D16,D17,D19,D24,D25,D26,D27
11:15:09.526    60310873  FFFFFFCBD3FFF  D16,D17,D19,D24,D26,D27
11:15:09.526    60310875  FFFFFFCFD3FFF  D16,D17,D19,D26,D27
11:15:09.526    60310877  FFFFFFDFD3FFF  D16,D17,D19,D27
11:15:10.883    60312220  FFFFFFDBD3FFF  D16,D17,D19,D24,D27
11:15:12.929    60314245  FFFFFFD3D3FFF  D16,D17,D19,D24,D25,D27
11:15:12.929    60314249  FFFFFFD7D3FFF  D16,D17,D19,D25,D27
11:15:15.213    60316507  FFFFFFD3D3FFF  D16,D17,D19,D24,D25,D27
11:15:17.163    60318452  FFFFFFC3D3FFF  D16,D17,D19,D24,D25,D26,D27
11:15:17.163    60318454  FFFFFFCBD3FFF  D16,D17,D19,D24,D26,D27
11:15:17.163    60318456  FFFFFFCFD3FFF  D16,D17,D19,D26,D27
11:15:18.844    60320118  FFFFFFCBD3FFF  D16,D17,D19,D24,D26,D27
11:15:20.120    60321390  FFFFFFC3D3FFF  D16,D17,D19,D24,D25,D26,D27
11:15:20.120    60321393  FFFFFFC7D3FFF  D16,D17,D19,D25,D26,D27
11:15:21.414    60322659  FFFFFFC3D3FFF  D16,D17,D19,D24,D25,D26,D27
11:15:22.680    60323930  FFFFFF83D3FFF  D16,D17,D19,D24,D25,D26,D27,D28
11:15:22.680    60323932  FFFFFF8BD3FFF  D16,D17,D19,D24,D26,D27,D28
11:15:22.680    60323934  FFFFFFAFD3FFF  D16,D17,D19,D26,D28
11:15:22.680    60323936  FFFFFFBFD3FFF  D16,D17,D19,D28
11:15:23.965    60325199  FFFFFFBBD3FFF  D16,D17,D19,D24,D28
11:15:25.257    60326470  FFFFFFB3D3FFF  D16,D17,D19,D24,D25,D28
11:15:25.258    60326474  FFFFFFB7D3FFF  D16,D17,D19,D25,D28
11:15:26.770    60327979  FFFFFFB3D3FFF  D16,D17,D19,D24,D25,D28
--- FW IODebug 1.2.2 2026-08-31 LIFT=5 11:15:28 ---
11:15:29.596    60330796  FFFFFFB3D7FFF  D17,D19,D24,D25,D28
11:15:46.123    60347191  FFFFFFB3D3FFF  D16,D17,D19,D24,D25,D28
11:15:49.454    60350485  FFFFFFA3D3FFF  D16,D17,D19,D24,D25,D26,D28
11:15:49.454    60350487  FFFFFFABD3FFF  D16,D17,D19,D24,D26,D28
11:15:49.454    60350489  FFFFFFAFD3FFF  D16,D17,D19,D26,D28
11:15:50.966    60351993  FFFFFFABD3FFF  D16,D17,D19,D24,D26,D28
11:15:52.247    60353263  FFFFFFA3D3FFF  D16,D17,D19,D24,D25,D26,D28
11:15:52.248    60353267  FFFFFFA7D3FFF  D16,D17,D19,D25,D26,D28
11:15:53.521    60354533  FFFFFFA3D3FFF  D16,D17,D19,D24,D25,D26,D28
11:15:54.800    60355805  FFFFFF83D3FFF  D16,D17,D19,D24,D25,D26,D27,D28
11:15:54.800    60355806  FFFFFF8BD3FFF  D16,D17,D19,D24,D26,D27,D28
11:15:54.800    60355808  FFFFFF8FD3FFF  D16,D17,D19,D26,D27,D28
11:15:54.800    60355811  FFFFFF9FD3FFF  D16,D17,D19,D27,D28
11:15:56.082    60357074  FFFFFF9BD3FFF  D16,D17,D19,D24,D27,D28
11:15:57.361    60358345  FFFFFF93D3FFF  D16,D17,D19,D24,D25,D27,D28
11:15:57.362    60358348  FFFFFF97D3FFF  D16,D17,D19,D25,D27,D28
11:15:59.033    60359614  FFFFFF93D3FFF  D16,D17,D19,D24,D25,D27,D28
--- FW IODebug 1.2.2 2026-08-31 LIFT=5 11:15:59 ---
11:15:59.928    60360885  FFFFFF83D3FFF  D16,D17,D19,D24,D25,D26,D27,D28
11:15:59.929    60360887  FFFFFF8BD3FFF  D16,D17,D19,D24,D26,D27,D28
11:15:59.929    60360889  FFFFFF8FD3FFF  D16,D17,D19,D26,D27,D28
11:16:01.191    60362155  FFFFFF8BD3FFF  D16,D17,D19,D24,D26,D27,D28
11:16:02.485    60363425  FFFFFF83D3FFF  D16,D17,D19,D24,D25,D26,D27,D28
11:16:02.485    60363428  FFFFFF87D3FFF  D16,D17,D19,D25,D26,D27,D28
11:16:03.770    60364695  FFFFFF83D3FFF  D16,D17,D19,D24,D25,D26,D27,D28
11:16:05.039    60365966  FFFFFF03D3FFF  D16,D17,D19,D24,D25,D26,D27,D28,D29
11:16:05.039    60365968  FFFFFF4BD3FFF  D16,D17,D19,D24,D26,D27,D29
11:16:05.039    60365970  FFFFFF6FD3FFF  D16,D17,D19,D26,D29
11:16:05.039    60365972  FFFFFF7FD3FFF  D16,D17,D19,D29
11:16:06.321    60367236  FFFFFF7BD3FFF  D16,D17,D19,D24,D29
11:16:07.594    60368506  FFFFFF73D3FFF  D16,D17,D19,D24,D25,D29
11:16:07.594    60368509  FFFFFF77D3FFF  D16,D17,D19,D25,D29
11:16:08.891    60369775  FFFFFF73D3FFF  D16,D17,D19,D24,D25,D29
11:16:10.163    60371046  FFFFFF63D3FFF  D16,D17,D19,D24,D25,D26,D29
11:16:10.164    60371048  FFFFFF6BD3FFF  D16,D17,D19,D24,D26,D29
11:16:10.164    60371050  FFFFFF6FD3FFF  D16,D17,D19,D26,D29
11:16:11.451    60372317  FFFFFF6BD3FFF  D16,D17,D19,D24,D26,D29
11:16:12.718    60373587  FFFFFF63D3FFF  D16,D17,D19,D24,D25,D26,D29
11:16:12.718    60373591  FFFFFF67D3FFF  D16,D17,D19,D25,D26,D29
11:16:14.017    60374856  FFFFFF63D3FFF  D16,D17,D19,D24,D25,D26,D29
11:16:15.288    60376128  FFFFFF43D3FFF  D16,D17,D19,D24,D25,D26,D27,D29
11:16:15.288    60376129  FFFFFF4BD3FFF  D16,D17,D19,D24,D26,D27,D29
11:16:15.289    60376131  FFFFFF4FD3FFF  D16,D17,D19,D26,D27,D29
11:16:15.289    60376133  FFFFFF5FD3FFF  D16,D17,D19,D27,D29
11:16:16.596    60377437  FFFFFF5BD3FFF  D16,D17,D19,D24,D27,D29
11:16:17.965    60378787  FFFFFF53D3FFF  D16,D17,D19,D24,D25,D27,D29
11:16:17.965    60378790  FFFFFF57D3FFF  D16,D17,D19,D25,D27,D29
11:16:19.283    60380096  FFFFFF53D3FFF  D16,D17,D19,D24,D25,D27,D29
11:16:20.652    60381446  FFFFFF43D3FFF  D16,D17,D19,D24,D25,D26,D27,D29
11:16:20.652    60381448  FFFFFF4BD3FFF  D16,D17,D19,D24,D26,D27,D29
11:16:20.652    60381450  FFFFFF4FD3FFF  D16,D17,D19,D26,D27,D29
11:16:21.949    60382756  FFFFFF4BD3FFF  D16,D17,D19,D24,D26,D27,D29
11:16:23.403    60384185  FFFFFF43D3FFF  D16,D17,D19,D24,D25,D26,D27,D29
11:16:23.403    60384189  FFFFFF47D3FFF  D16,D17,D19,D25,D26,D27,D29
11:16:25.484    60386051  FFFFFF43D3FFF  D16,D17,D19,D24,D25,D26,D27,D29
11:16:25.484    60386092  FFFFFF4393FFF  D16,D17,D19,D20,D24,D25,D26,D27,D29
11:16:25.484    60386251  FFFFFF43B3FFF  D16,D17,D20,D24,D25,D26,D27,D29
11:16:28.644    60389384  FFFFFF43B7FFF  D17,D20,D24,D25,D26,D27,D29
--- FW IODebug 1.2.2 2026-08-31 LIFT=5 11:16:29 ---
11:16:44.159    60404787  FFFFFF43B3FFF  D16,D17,D20,D24,D25,D26,D27,D29
11:16:48.005    60408600  FFFFFF47B3FFF  D16,D17,D20,D25,D26,D27,D29
11:16:49.873    60410463  FFFFFF43B3FFF  D16,D17,D20,D24,D25,D26,D27,D29
11:16:49.873    60410465  FFFFFF4BB3FFF  D16,D17,D20,D24,D26,D27,D29
11:16:51.336    60411895  FFFFFF4FB3FFF  D16,D17,D20,D26,D27,D29
11:16:52.645    60413201  FFFFFF4BB3FFF  D16,D17,D20,D24,D26,D27,D29
11:16:52.646    60413203  FFFFFF43B3FFF  D16,D17,D20,D24,D25,D26,D27,D29
11:16:52.646    60413208  FFFFFF53B3FFF  D16,D17,D20,D24,D25,D27,D29
11:16:54.005    60414555  FFFFFF57B3FFF  D16,D17,D20,D25,D27,D29
11:16:55.308    60415861  FFFFFF53B3FFF  D16,D17,D20,D24,D25,D27,D29
11:16:55.308    60415862  FFFFFF5BB3FFF  D16,D17,D20,D24,D27,D29
11:16:56.675    60417214  FFFFFF5FB3FFF  D16,D17,D20,D27,D29
11:16:58.006    60418520  FFFFFF5BB3FFF  D16,D17,D20,D24,D27,D29
11:16:58.006    60418522  FFFFFF43B3FFF  D16,D17,D20,D24,D25,D26,D27,D29
11:16:58.006    60418524  FFFFFF63B3FFF  D16,D17,D20,D24,D25,D26,D29
11:16:59.504    60419794  FFFFFF67B3FFF  D16,D17,D20,D25,D26,D29
--- FW IODebug 1.2.2 2026-08-31 LIFT=5 11:16:59 ---
11:17:00.562    60421060  FFFFFF63B3FFF  D16,D17,D20,D24,D25,D26,D29
11:17:00.563    60421062  FFFFFF6BB3FFF  D16,D17,D20,D24,D26,D29
11:17:01.843    60422334  FFFFFF6FB3FFF  D16,D17,D20,D26,D29
11:17:03.127    60423601  FFFFFF6BB3FFF  D16,D17,D20,D24,D26,D29
11:17:03.128    60423603  FFFFFF63B3FFF  D16,D17,D20,D24,D25,D26,D29
11:17:03.128    60423608  FFFFFF73B3FFF  D16,D17,D20,D24,D25,D29
11:17:04.408    60424875  FFFFFF77B3FFF  D16,D17,D20,D25,D29
11:17:05.679    60426141  FFFFFF73B3FFF  D16,D17,D20,D24,D25,D29
11:17:05.679    60426143  FFFFFF7BB3FFF  D16,D17,D20,D24,D29
11:17:06.957    60427415  FFFFFF7FB3FFF  D16,D17,D20,D29
11:17:08.252    60428682  FFFFFF7BB3FFF  D16,D17,D20,D24,D29
11:17:08.252    60428684  FFFFFF83B3FFF  D16,D17,D20,D24,D25,D26,D27,D28
11:17:09.533    60429956  FFFFFF87B3FFF  D16,D17,D20,D25,D26,D27,D28
11:17:10.793    60431222  FFFFFF83B3FFF  D16,D17,D20,D24,D25,D26,D27,D28
11:17:10.793    60431224  FFFFFF8BB3FFF  D16,D17,D20,D24,D26,D27,D28
11:17:12.088    60432496  FFFFFF8FB3FFF  D16,D17,D20,D26,D27,D28
11:17:13.362    60433763  FFFFFF8BB3FFF  D16,D17,D20,D24,D26,D27,D28
11:17:13.362    60433764  FFFFFF83B3FFF  D16,D17,D20,D24,D25,D26,D27,D28
11:17:13.362    60433769  FFFFFF93B3FFF  D16,D17,D20,D24,D25,D27,D28
11:17:14.644    60435037  FFFFFF97B3FFF  D16,D17,D20,D25,D27,D28
11:17:15.923    60436303  FFFFFF93B3FFF  D16,D17,D20,D24,D25,D27,D28
11:17:15.923    60436304  FFFFFF9BB3FFF  D16,D17,D20,D24,D27,D28
11:17:17.208    60437577  FFFFFF9FB3FFF  D16,D17,D20,D27,D28
11:17:18.485    60438843  FFFFFF9BB3FFF  D16,D17,D20,D24,D27,D28
11:17:18.485    60438845  FFFFFF83B3FFF  D16,D17,D20,D24,D25,D26,D27,D28
11:17:18.486    60438847  FFFFFFA3B3FFF  D16,D17,D20,D24,D25,D26,D28
11:17:19.766    60440118  FFFFFFA7B3FFF  D16,D17,D20,D25,D26,D28
11:17:20.992    60441345  FFFFFFA3B3FFF  D16,D17,D20,D24,D25,D26,D28
11:17:20.993    60441346  FFFFFFABB3FFF  D16,D17,D20,D24,D26,D28
11:17:22.561    60442896  FFFFFFAFB3FFF  D16,D17,D20,D26,D28
11:17:25.365    60445669  FFFFFFAFB7FFF  D17,D20,D26,D28
--- FW IODebug 1.2.2 2026-08-31 LIFT=5 11:17:29 ---
11:17:39.290    60459485  FFFFFFAFB3FFF  D16,D17,D20,D26,D28
11:17:42.653    60462818  FFFFFFABB3FFF  D16,D17,D20,D24,D26,D28
11:17:42.654    60462820  FFFFFFA3B3FFF  D16,D17,D20,D24,D25,D26,D28
11:17:42.654    60462826  FFFFFFB3B3FFF  D16,D17,D20,D24,D25,D28
11:17:44.167    60464330  FFFFFFB7B3FFF  D16,D17,D20,D25,D28
11:17:45.409    60465557  FFFFFFB3B3FFF  D16,D17,D20,D24,D25,D28
11:17:45.409    60465559  FFFFFFBBB3FFF  D16,D17,D20,D24,D28
11:17:46.958    60467109  FFFFFFBFB3FFF  D16,D17,D20,D28
11:17:49.750    60469882  FFFFFFBFB7FFF  D17,D20,D28
--- FW IODebug 1.2.2 2026-08-31 LIFT=5 11:17:59 ---
11:18:04.520    60484533  FFFFFFBFF7FFF  D17,D28
--- FW IODebug 1.2.2 2026-08-31 LIFT=5 11:18:30 ---
11:18:36.667    60516446  FFFFFFBFB7FFF  D17,D20,D28
11:18:37.584    60517358  FFFFFFBFB3FFF  D16,D17,D20,D28
11:18:40.950    60520692  FFFFFFBBB3FFF  D16,D17,D20,D24,D28
11:18:40.950    60520694  FFFFFFC3B3FFF  D16,D17,D20,D24,D25,D26,D27
11:18:42.476    60522205  FFFFFFC7B3FFF  D16,D17,D20,D25,D26,D27
11:18:43.758    60523470  FFFFFFC3B3FFF  D16,D17,D20,D24,D25,D26,D27
11:18:43.758    60523472  FFFFFFCBB3FFF  D16,D17,D20,D24,D26,D27
11:18:44.996    60524706  FFFFFFCFB3FFF  D16,D17,D20,D26,D27
11:18:46.675    60526368  FFFFFFCBB3FFF  D16,D17,D20,D24,D26,D27
11:18:46.675    60526370  FFFFFFC3B3FFF  D16,D17,D20,D24,D25,D26,D27
11:18:46.675    60526375  FFFFFFD3B3FFF  D16,D17,D20,D24,D25,D27
11:18:48.666    60528357  FFFFFFD7B3FFF  D16,D17,D20,D25,D27
11:18:50.953    60530616  FFFFFFD3B3FFF  D16,D17,D20,D24,D25,D27
11:18:50.954    60530617  FFFFFFDBB3FFF  D16,D17,D20,D24,D27
11:18:52.966    60532604  FFFFFFDFB3FFF  D16,D17,D20,D27
11:18:54.359    60533989  FFFFFFCFB3FFF  D16,D17,D20,D26,D27
11:18:54.359    60533991  FFFFFFC3B3FFF  D16,D17,D20,D24,D25,D26,D27
11:18:54.360    60533993  FFFFFFE3B3FFF  D16,D17,D20,D24,D25,D26
11:18:55.758    60535384  FFFFFFE7B3FFF  D16,D17,D20,D25,D26
11:18:57.158    60536768  FFFFFFE3B3FFF  D16,D17,D20,D24,D25,D26
11:18:57.160    60536770  FFFFFFEBB3FFF  D16,D17,D20,D24,D26
11:18:58.830    60538439  FFFFFFEFB3FFF  D16,D17,D20,D26
--- FW IODebug 1.2.2 2026-08-31 LIFT=5 11:19:00 ---
11:19:01.058    60540460  FFFFFFEBB3FFF  D16,D17,D20,D24,D26
11:19:01.058    60540462  FFFFFFE3B3FFF  D16,D17,D20,D24,D25,D26
11:19:01.058    60540467  FFFFFFF3B3FFF  D16,D17,D20,D24,D25
11:19:03.114    60542687  FFFFFFF7B3FFF  D16,D17,D20,D25
11:19:06.748    60546214  FFFFFFF7B7FFF  D17,D20,D25
11:19:06.748    60546296  FFFFFFF7F7FFF  D17,D25
--- FW IODebug 1.2.2 2026-08-31 LIFT=5 11:19:30 ---
--- FW IODebug 1.2.2 2026-08-31 LIFT=5 11:20:00 ---
11:20:07.227    60606296  FFFFFFF7F7FFF  D17,D25
--- FW IODebug 1.2.2 2026-08-31 LIFT=5 11:20:31 ---
11:20:56.984    60655692  FFFFFFF7B7FFF  D17,D20,D25
11:20:57.905    60656605  FFFFFFF7B3FFF  D16,D17,D20,D25
--- FW IODebug 1.2.2 2026-08-31 LIFT=5 11:21:01 ---
11:21:01.633    60660256  FFFFFFF3B3FFF  D16,D17,D20,D24,D25
11:21:01.633    60660258  FFFFFFFBB3FFF  D16,D17,D20,D24
11:21:01.633    60660296  FFFFFFFB93FFF  D16,D17,D19,D20,D24
11:21:01.633    60660297  FFFFFFFBD3FFF  D16,D17,D19,D24
11:21:04.626    60663271  FFFFFFFBD7FFF  D17,D19,D24
11:21:22.827    60681334  FFFFFFFBD3FFF  D16,D17,D19,D24
11:21:26.469    60684947  FFFFFFF3D3FFF  D16,D17,D19,D24,D25
11:21:26.469    60684950  FFFFFFF7D3FFF  D16,D17,D19,D25
11:21:29.500    60687962  FFFFFFF7D7FFF  D17,D19,D25
--- FW IODebug 1.2.2 2026-08-31 LIFT=5 11:21:31 ---
11:21:44.188    60702532  FFFFFFF7F7FFF  D17,D25
--- FW IODebug 1.2.2 2026-08-31 LIFT=5 11:22:01 ---
11:22:12.025    60730158  FFFFFFF7D7FFF  D17,D19,D25
11:22:29.173    60747186  FFFFFFF7D3FFF  D16,D17,D19,D25
--- FW IODebug 1.2.2 2026-08-31 LIFT=5 11:22:32 ---
11:22:33.250    60751235  FFFFFFF3D3FFF  D16,D17,D19,D24,D25
11:22:35.556    60753498  FFFFFFEBD3FFF  D16,D17,D19,D24,D26
11:22:35.556    60753502  FFFFFFEFD3FFF  D16,D17,D19,D26
11:22:37.539    60755481  FFFFFFEBD3FFF  D16,D17,D19,D24,D26
11:22:39.216    60757149  FFFFFFE3D3FFF  D16,D17,D19,D24,D25,D26
11:22:39.216    60757153  FFFFFFE7D3FFF  D16,D17,D19,D25,D26
11:22:40.630    60758539  FFFFFFE3D3FFF  D16,D17,D19,D24,D25,D26
11:22:42.269    60760166  FFFFFFCBD3FFF  D16,D17,D19,D24,D26,D27
11:22:42.269    60760170  FFFFFFCFD3FFF  D16,D17,D19,D26,D27
11:22:42.269    60760172  FFFFFFDFD3FFF  D16,D17,D19,D27
11:22:45.172    60763062  FFFFFFDFD7FFF  D17,D19,D27
11:23:01.418    60779180  FFFFFFDFD3FFF  D16,D17,D19,D27
--- FW IODebug 1.2.2 2026-08-31 LIFT=5 11:23:02 ---
11:23:04.816    60782553  FFFFFFDBD3FFF  D16,D17,D19,D24,D27
11:23:07.071    60784776  FFFFFFD3D3FFF  D16,D17,D19,D24,D25,D27
11:23:07.071    60784781  FFFFFFD7D3FFF  D16,D17,D19,D25,D27
11:23:09.350    60787039  FFFFFFD3D3FFF  D16,D17,D19,D24,D25,D27
11:23:11.354    60789023  FFFFFFC3D3FFF  D16,D17,D19,D24,D25,D26,D27
11:23:11.354    60789025  FFFFFFCBD3FFF  D16,D17,D19,D24,D26,D27
11:23:11.354    60789027  FFFFFFCFD3FFF  D16,D17,D19,D26,D27
11:23:13.026    60790690  FFFFFFCBD3FFF  D16,D17,D19,D24,D26,D27
11:23:14.259    60791921  FFFFFFC3D3FFF  D16,D17,D19,D24,D25,D26,D27
11:23:14.259    60791925  FFFFFFC7D3FFF  D16,D17,D19,D25,D26,D27
11:23:15.548    60793191  FFFFFFC3D3FFF  D16,D17,D19,D24,D25,D26,D27
11:23:16.829    60794462  FFFFFF83D3FFF  D16,D17,D19,D24,D25,D26,D27,D28
11:23:16.829    60794464  FFFFFF8BD3FFF  D16,D17,D19,D24,D26,D27,D28
11:23:16.829    60794466  FFFFFFAFD3FFF  D16,D17,D19,D26,D28
11:23:16.830    60794469  FFFFFFBFD3FFF  D16,D17,D19,D28
11:23:18.093    60795731  FFFFFFBBD3FFF  D16,D17,D19,D24,D28
11:23:19.379    60797002  FFFFFFB3D3FFF  D16,D17,D19,D24,D25,D28
11:23:19.379    60797006  FFFFFFB7D3FFF  D16,D17,D19,D25,D28
11:23:20.654    60798271  FFFFFFB3D3FFF  D16,D17,D19,D24,D25,D28
11:23:21.949    60799542  FFFFFFA3D3FFF  D16,D17,D19,D24,D25,D26,D28
11:23:21.950    60799544  FFFFFFABD3FFF  D16,D17,D19,D24,D26,D28
11:23:21.950    60799546  FFFFFFAFD3FFF  D16,D17,D19,D26,D28
11:23:23.213    60800813  FFFFFFABD3FFF  D16,D17,D19,D24,D26,D28
11:23:24.754    60802321  FFFFFFA3D3FFF  D16,D17,D19,D24,D25,D26,D28
11:23:24.754    60802325  FFFFFFA7D3FFF  D16,D17,D19,D25,D26,D28
11:23:27.575    60805137  FFFFFFA7D7FFF  D17,D19,D25,D26,D28
--- FW IODebug 1.2.2 2026-08-31 LIFT=5 11:23:32 ---
11:23:42.262    60819708  FFFFFFA7F7FFF  D17,D25,D26,D28
--- FW IODebug 1.2.2 2026-08-31 LIFT=5 11:24:02 ---
11:24:14.587    60851780  FFFFFFA7B7FFF  D17,D20,D25,D26,D28
11:24:15.494    60852692  FFFFFFA7B3FFF  D16,D17,D20,D25,D26,D28
11:24:18.854    60856027  FFFFFFA3B3FFF  D16,D17,D20,D24,D25,D26,D28
11:24:18.855    60856029  FFFFFFABB3FFF  D16,D17,D20,D24,D26,D28
11:24:20.382    60857539  FFFFFFAFB3FFF  D16,D17,D20,D26,D28
11:24:21.665    60858805  FFFFFFABB3FFF  D16,D17,D20,D24,D26,D28
11:24:21.665    60858807  FFFFFFA3B3FFF  D16,D17,D20,D24,D25,D26,D28
11:24:21.665    60858812  FFFFFFB3B3FFF  D16,D17,D20,D24,D25,D28
11:24:22.939    60860080  FFFFFFB7B3FFF  D16,D17,D20,D25,D28
11:24:24.174    60861305  FFFFFFB3B3FFF  D16,D17,D20,D24,D25,D28
11:24:24.174    60861307  FFFFFFBBB3FFF  D16,D17,D20,D24,D28
11:24:25.476    60862580  FFFFFFBFB3FFF  D16,D17,D20,D28
11:24:26.751    60863846  FFFFFFBBB3FFF  D16,D17,D20,D24,D28
11:24:26.751    60863848  FFFFFFC3B3FFF  D16,D17,D20,D24,D25,D26,D27
11:24:28.028    60865121  FFFFFFC7B3FFF  D16,D17,D20,D25,D26,D27
11:24:29.289    60866386  FFFFFFC3B3FFF  D16,D17,D20,D24,D25,D26,D27
11:24:29.289    60866388  FFFFFFCBB3FFF  D16,D17,D20,D24,D26,D27
11:24:30.587    60867661  FFFFFFCFB3FFF  D16,D17,D20,D26,D27
11:24:32.263    60869324  FFFFFFCBB3FFF  D16,D17,D20,D24,D26,D27
11:24:32.263    60869326  FFFFFFC3B3FFF  D16,D17,D20,D24,D25,D26,D27
11:24:32.263    60869330  FFFFFFD3B3FFF  D16,D17,D20,D24,D25,D27
--- FW IODebug 1.2.2 2026-08-31 LIFT=5 11:24:32 ---
11:24:34.220    60871273  FFFFFFD7B3FFF  D16,D17,D20,D25,D27
11:24:36.495    60873531  FFFFFFD3B3FFF  D16,D17,D20,D24,D25,D27
11:24:36.496    60873533  FFFFFFDBB3FFF  D16,D17,D20,D24,D27
11:24:38.552    60875559  FFFFFFDFB3FFF  D16,D17,D20,D27
11:24:39.900    60876905  FFFFFFDBB3FFF  D16,D17,D20,D24,D27
11:24:39.900    60876907  FFFFFFC3B3FFF  D16,D17,D20,D24,D25,D26,D27
11:24:39.900    60876909  FFFFFFE3B3FFF  D16,D17,D20,D24,D25,D26
11:24:41.335    60878339  FFFFFFE7B3FFF  D16,D17,D20,D25,D26
11:24:42.741    60879723  FFFFFFE3B3FFF  D16,D17,D20,D24,D25,D26
11:24:42.741    60879725  FFFFFFEBB3FFF  D16,D17,D20,D24,D26
11:24:44.435    60881395  FFFFFFEFB3FFF  D16,D17,D20,D26
11:24:46.426    60883376  FFFFFFEBB3FFF  D16,D17,D20,D24,D26
11:24:46.426    60883378  FFFFFFE3B3FFF  D16,D17,D20,D24,D25,D26
11:24:46.426    60883383  FFFFFFF3B3FFF  D16,D17,D20,D24,D25
11:24:48.711    60885642  FFFFFFF7B3FFF  D16,D17,D20,D25
11:24:52.331    60889169  FFFFFFF7B7FFF  D17,D20,D25
11:24:52.331    60889252  FFFFFFF7F7FFF  D17,D25
--- FW IODebug 1.2.2 2026-08-31 LIFT=5 11:25:03 ---
--- FW IODebug 1.2.2 2026-08-31 LIFT=5 11:25:33 ---
11:25:52.797    60949252  FFFFFFF7F7FFF  D17,D25
--- FW IODebug 1.2.2 2026-08-31 LIFT=5 11:26:03 ---
11:26:21.635    60977848  FFFFFFF7D7FFF  D17,D19,D25
11:26:22.531    60978760  FFFFFFF7D3FFF  D16,D17,D19,D25
11:26:26.625    60982809  FFFFFFF3D3FFF  D16,D17,D19,D24,D25
11:26:28.891    60985071  FFFFFFE3D3FFF  D16,D17,D19,D24,D25,D26
11:26:28.892    60985073  FFFFFFEBD3FFF  D16,D17,D19,D24,D26
11:26:28.892    60985076  FFFFFFEFD3FFF  D16,D17,D19,D26
11:26:30.974    60987136  FFFFFFEBD3FFF  D16,D17,D19,D24,D26
--- FW IODebug 1.2.2 2026-08-31 LIFT=5 11:26:34 ---
11:26:34.330    60990469  FFFFFFEBD7FFF  D17,D19,D24,D26
11:26:50.900    61006905  FFFFFFEBD3FFF  D16,D17,D19,D24,D26
11:26:54.285    61010278  FFFFFFE3D3FFF  D16,D17,D19,D24,D25,D26
11:26:54.286    61010281  FFFFFFE7D3FFF  D16,D17,D19,D25,D26
11:26:55.962    61011944  FFFFFFE3D3FFF  D16,D17,D19,D24,D25,D26
11:26:57.654    61013612  FFFFFFCBD3FFF  D16,D17,D19,D24,D26,D27
11:26:57.655    61013615  FFFFFFCFD3FFF  D16,D17,D19,D26,D27
11:26:57.655    61013618  FFFFFFDFD3FFF  D16,D17,D19,D27
11:27:00.528    61016468  FFFFFFDFD7FFF  D17,D19,D27
--- FW IODebug 1.2.2 2026-08-31 LIFT=5 11:27:04 ---
11:27:16.085    61031912  FFFFFFDFD3FFF  D16,D17,D19,D27
11:27:19.495    61035284  FFFFFFDBD3FFF  D16,D17,D19,D24,D27
11:27:21.726    61037508  FFFFFFD3D3FFF  D16,D17,D19,D24,D25,D27
11:27:21.726    61037511  FFFFFFD7D3FFF  D16,D17,D19,D25,D27
11:27:23.997    61039769  FFFFFFD3D3FFF  D16,D17,D19,D24,D25,D27
11:27:26.006    61041755  FFFFFFC3D3FFF  D16,D17,D19,D24,D25,D26,D27
11:27:26.007    61041756  FFFFFFCBD3FFF  D16,D17,D19,D24,D26,D27
11:27:26.007    61041759  FFFFFFCFD3FFF  D16,D17,D19,D26,D27
11:27:27.691    61043422  FFFFFFCBD3FFF  D16,D17,D19,D24,D26,D27
11:27:28.937    61044653  FFFFFFC3D3FFF  D16,D17,D19,D24,D25,D26,D27
11:27:28.938    61044657  FFFFFFC7D3FFF  D16,D17,D19,D25,D26,D27
11:27:30.207    61045922  FFFFFFC3D3FFF  D16,D17,D19,D24,D25,D26,D27
11:27:31.504    61047193  FFFFFF83D3FFF  D16,D17,D19,D24,D25,D26,D27,D28
11:27:31.505    61047195  FFFFFF8BD3FFF  D16,D17,D19,D24,D26,D27,D28
11:27:31.505    61047197  FFFFFFAFD3FFF  D16,D17,D19,D26,D28
11:27:31.505    61047199  FFFFFFBFD3FFF  D16,D17,D19,D28
11:27:32.769    61048463  FFFFFFBBD3FFF  D16,D17,D19,D24,D28
11:27:34.325    61049733  FFFFFFB3D3FFF  D16,D17,D19,D24,D25,D28
11:27:34.326    61049738  FFFFFFB7D3FFF  D16,D17,D19,D25,D28
--- FW IODebug 1.2.2 2026-08-31 LIFT=5 11:27:34 ---
11:27:35.333    61051003  FFFFFFB3D3FFF  D16,D17,D19,D24,D25,D28
11:27:36.612    61052274  FFFFFFA3D3FFF  D16,D17,D19,D24,D25,D26,D28
11:27:36.612    61052276  FFFFFFABD3FFF  D16,D17,D19,D24,D26,D28
11:27:36.613    61052277  FFFFFFAFD3FFF  D16,D17,D19,D26,D28
11:27:37.892    61053544  FFFFFFABD3FFF  D16,D17,D19,D24,D26,D28
11:27:39.162    61054815  FFFFFFA3D3FFF  D16,D17,D19,D24,D25,D26,D28
11:27:39.162    61054818  FFFFFFA7D3FFF  D16,D17,D19,D25,D26,D28
11:27:40.442    61056084  FFFFFFA3D3FFF  D16,D17,D19,D24,D25,D26,D28
11:27:41.749    61057355  FFFFFF8BD3FFF  D16,D17,D19,D24,D26,D27,D28
11:27:41.749    61057358  FFFFFF8FD3FFF  D16,D17,D19,D26,D27,D28
11:27:41.749    61057361  FFFFFF9FD3FFF  D16,D17,D19,D27,D28
11:27:43.010    61058624  FFFFFF9BD3FFF  D16,D17,D19,D24,D27,D28
11:27:44.287    61059895  FFFFFF93D3FFF  D16,D17,D19,D24,D25,D27,D28
11:27:44.287    61059899  FFFFFF97D3FFF  D16,D17,D19,D25,D27,D28
11:27:45.567    61061165  FFFFFF93D3FFF  D16,D17,D19,D24,D25,D27,D28
11:27:46.854    61062435  FFFFFF83D3FFF  D16,D17,D19,D24,D25,D26,D27,D28
11:27:46.854    61062437  FFFFFF8BD3FFF  D16,D17,D19,D24,D26,D27,D28
11:27:46.854    61062439  FFFFFF8FD3FFF  D16,D17,D19,D26,D27,D28
11:27:48.136    61063705  FFFFFF8BD3FFF  D16,D17,D19,D24,D26,D27,D28
11:27:49.425    61064976  FFFFFF83D3FFF  D16,D17,D19,D24,D25,D26,D27,D28
11:27:49.427    61064980  FFFFFF87D3FFF  D16,D17,D19,D25,D26,D27,D28
11:27:50.687    61066245  FFFFFF83D3FFF  D16,D17,D19,D24,D25,D26,D27,D28
11:27:51.990    61067516  FFFFFF0BD3FFF  D16,D17,D19,D24,D26,D27,D28,D29
11:27:51.991    61067518  FFFFFF4BD3FFF  D16,D17,D19,D24,D26,D27,D29
11:27:51.991    61067521  FFFFFF6FD3FFF  D16,D17,D19,D26,D29
11:27:51.991    61067523  FFFFFF7FD3FFF  D16,D17,D19,D29
11:27:53.242    61068785  FFFFFF7BD3FFF  D16,D17,D19,D24,D29
11:27:54.542    61070057  FFFFFF73D3FFF  D16,D17,D19,D24,D25,D29
11:27:54.543    61070060  FFFFFF77D3FFF  D16,D17,D19,D25,D29
11:27:55.821    61071326  FFFFFF73D3FFF  D16,D17,D19,D24,D25,D29
11:27:57.088    61072596  FFFFFF63D3FFF  D16,D17,D19,D24,D25,D26,D29
11:27:57.088    61072599  FFFFFF6BD3FFF  D16,D17,D19,D24,D26,D29
11:27:57.088    61072601  FFFFFF6FD3FFF  D16,D17,D19,D26,D29
11:27:58.367    61073866  FFFFFF6BD3FFF  D16,D17,D19,D24,D26,D29
11:27:59.603    61075098  FFFFFF63D3FFF  D16,D17,D19,D24,D25,D26,D29
11:27:59.603    61075101  FFFFFF67D3FFF  D16,D17,D19,D25,D26,D29
11:28:00.880    61076368  FFFFFF63D3FFF  D16,D17,D19,D24,D25,D26,D29
11:28:02.169    61077639  FFFFFF43D3FFF  D16,D17,D19,D24,D25,D26,D27,D29
11:28:02.169    61077640  FFFFFF4BD3FFF  D16,D17,D19,D24,D26,D27,D29
11:28:02.171    61077642  FFFFFF4FD3FFF  D16,D17,D19,D26,D27,D29
11:28:02.171    61077645  FFFFFF5FD3FFF  D16,D17,D19,D27,D29
11:28:03.528    61078987  FFFFFF5BD3FFF  D16,D17,D19,D24,D27,D29
--- FW IODebug 1.2.2 2026-08-31 LIFT=5 11:28:04 ---
11:28:04.895    61080337  FFFFFF53D3FFF  D16,D17,D19,D24,D25,D27,D29
11:28:04.895    61080341  FFFFFF57D3FFF  D16,D17,D19,D25,D27,D29
11:28:06.740    61081885  FFFFFF53D3FFF  D16,D17,D19,D24,D25,D27,D29
11:28:06.740    61082005  FFFFFF5393FFF  D16,D17,D19,D20,D24,D25,D27,D29
11:28:06.741    61082165  FFFFFF53B3FFF  D16,D17,D20,D24,D25,D27,D29
11:28:09.368    61084781  FFFFFF53B7FFF  D17,D20,D24,D25,D27,D29
11:28:25.890    61101177  FFFFFF53B3FFF  D16,D17,D20,D24,D25,D27,D29
11:28:29.321    61104593  FFFFFF57B3FFF  D16,D17,D20,D25,D27,D29
11:28:30.845    61106099  FFFFFF53B3FFF  D16,D17,D20,D24,D25,D27,D29
11:28:30.846    61106101  FFFFFF5BB3FFF  D16,D17,D20,D24,D27,D29
11:28:32.219    61107451  FFFFFF5FB3FFF  D16,D17,D20,D27,D29
11:28:33.578    61108797  FFFFFF5BB3FFF  D16,D17,D20,D24,D27,D29
11:28:33.579    61108799  FFFFFF43B3FFF  D16,D17,D20,D24,D25,D26,D27,D29
11:28:33.579    61108801  FFFFFF63B3FFF  D16,D17,D20,D24,D25,D26,D29
--- FW IODebug 1.2.2 2026-08-31 LIFT=5 11:28:34 ---
11:28:34.865    61110072  FFFFFF67B3FFF  D16,D17,D20,D25,D26,D29
11:28:36.126    61111337  FFFFFF63B3FFF  D16,D17,D20,D24,D25,D26,D29
11:28:36.127    61111340  FFFFFF6BB3FFF  D16,D17,D20,D24,D26,D29
11:28:37.409    61112612  FFFFFF6FB3FFF  D16,D17,D20,D26,D29
11:28:38.659    61113839  FFFFFF6BB3FFF  D16,D17,D20,D24,D26,D29
11:28:38.659    61113840  FFFFFF63B3FFF  D16,D17,D20,D24,D25,D26,D29
11:28:38.659    61113845  FFFFFF73B3FFF  D16,D17,D20,D24,D25,D29
11:28:39.941    61115113  FFFFFF77B3FFF  D16,D17,D20,D25,D29
11:28:41.208    61116379  FFFFFF73B3FFF  D16,D17,D20,D24,D25,D29
11:28:41.208    61116381  FFFFFF7BB3FFF  D16,D17,D20,D24,D29
11:28:42.490    61117654  FFFFFF7FB3FFF  D16,D17,D20,D29
11:28:43.754    61118919  FFFFFF6BB3FFF  D16,D17,D20,D24,D26,D29
11:28:43.754    61118921  FFFFFF83B3FFF  D16,D17,D20,D24,D25,D26,D27,D28
11:28:45.040    61120193  FFFFFF87B3FFF  D16,D17,D20,D25,D26,D27,D28
11:28:46.332    61121460  FFFFFF83B3FFF  D16,D17,D20,D24,D25,D26,D27,D28
11:28:46.334    61121462  FFFFFF8BB3FFF  D16,D17,D20,D24,D26,D27,D28
11:28:47.629    61122734  FFFFFF8FB3FFF  D16,D17,D20,D26,D27,D28
11:28:48.887    61124000  FFFFFF8BB3FFF  D16,D17,D20,D24,D26,D27,D28
11:28:48.887    61124002  FFFFFF83B3FFF  D16,D17,D20,D24,D25,D26,D27,D28
11:28:48.887    61124007  FFFFFF93B3FFF  D16,D17,D20,D24,D25,D27,D28
11:28:50.160    61125274  FFFFFF97B3FFF  D16,D17,D20,D25,D27,D28
11:28:51.444    61126541  FFFFFF93B3FFF  D16,D17,D20,D24,D25,D27,D28
11:28:51.445    61126543  FFFFFF9BB3FFF  D16,D17,D20,D24,D27,D28
11:28:52.716    61127815  FFFFFF9FB3FFF  D16,D17,D20,D27,D28
11:28:54.005    61129081  FFFFFF83B3FFF  D16,D17,D20,D24,D25,D26,D27,D28
11:28:54.005    61129084  FFFFFFA3B3FFF  D16,D17,D20,D24,D25,D26,D28
11:28:55.297    61130355  FFFFFFA7B3FFF  D16,D17,D20,D25,D26,D28
11:28:56.564    61131621  FFFFFFA3B3FFF  D16,D17,D20,D24,D25,D26,D28
11:28:56.564    61131623  FFFFFFABB3FFF  D16,D17,D20,D24,D26,D28
11:28:57.847    61132896  FFFFFFAFB3FFF  D16,D17,D20,D26,D28
11:28:59.129    61134162  FFFFFFA3B3FFF  D16,D17,D20,D24,D25,D26,D28
11:28:59.129    61134170  FFFFFFB3B3FFF  D16,D17,D20,D24,D25,D28
11:29:00.422    61135436  FFFFFFB7B3FFF  D16,D17,D20,D25,D28
11:29:01.689    61136702  FFFFFFB3B3FFF  D16,D17,D20,D24,D25,D28
11:29:01.689    61136704  FFFFFFBBB3FFF  D16,D17,D20,D24,D28
11:29:02.974    61137977  FFFFFFBFB3FFF  D16,D17,D20,D28
11:29:04.248    61139243  FFFFFFA3B3FFF  D16,D17,D20,D24,D25,D26,D28
11:29:04.249    61139245  FFFFFFC3B3FFF  D16,D17,D20,D24,D25,D26,D27
--- FW IODebug 1.2.2 2026-08-31 LIFT=5 11:29:05 ---
11:29:05.531    61140516  FFFFFFC7B3FFF  D16,D17,D20,D25,D26,D27
11:29:06.797    61141783  FFFFFFC3B3FFF  D16,D17,D20,D24,D25,D26,D27
11:29:06.797    61141785  FFFFFFCBB3FFF  D16,D17,D20,D24,D26,D27
11:29:08.043    61143018  FFFFFFCFB3FFF  D16,D17,D20,D26,D27
11:29:09.721    61144681  FFFFFFCBB3FFF  D16,D17,D20,D24,D26,D27
11:29:09.721    61144682  FFFFFFC3B3FFF  D16,D17,D20,D24,D25,D26,D27
11:29:09.721    61144688  FFFFFFD3B3FFF  D16,D17,D20,D24,D25,D27
11:29:11.804    61146748  FFFFFFD7B3FFF  D16,D17,D20,D25,D27
11:29:15.032    61149959  FFFFFFD7B7FFF  D17,D20,D25,D27
11:29:30.604    61165402  FFFFFFD7B3FFF  D16,D17,D20,D25,D27
11:29:35.239    61169648  FFFFFFD3B3FFF  D16,D17,D20,D24,D25,D27
11:29:35.240    61169650  FFFFFFDBB3FFF  D16,D17,D20,D24,D27
--- FW IODebug 1.2.2 2026-08-31 LIFT=5 11:29:35 ---
11:29:37.450    61172034  FFFFFFDFB3FFF  D16,D17,D20,D27
11:29:37.450    61172189  FFFFFFDF93FFF  D16,D17,D19,D20,D27
11:29:37.452    61172191  FFFFFFDFD3FFF  D16,D17,D19,D27
11:29:40.117    61174847  FFFFFFDFD7FFF  D17,D19,D27
11:29:54.868    61189495  FFFFFFDFD3FFF  D16,D17,D19,D27
11:29:58.283    61192868  FFFFFFDBD3FFF  D16,D17,D19,D24,D27
11:30:00.526    61195092  FFFFFFD3D3FFF  D16,D17,D19,D24,D25,D27
11:30:00.526    61195097  FFFFFFD7D3FFF  D16,D17,D19,D25,D27
11:30:02.803    61197355  FFFFFFD3D3FFF  D16,D17,D19,D24,D25,D27
11:30:04.804    61199339  FFFFFFC3D3FFF  D16,D17,D19,D24,D25,D26,D27
11:30:04.804    61199341  FFFFFFCBD3FFF  D16,D17,D19,D24,D26,D27
11:30:04.805    61199343  FFFFFFCFD3FFF  D16,D17,D19,D26,D27
--- FW IODebug 1.2.2 2026-08-31 LIFT=5 11:30:05 ---
11:30:06.477    61201006  FFFFFFCBD3FFF  D16,D17,D19,D24,D26,D27
11:30:07.724    61202237  FFFFFFC3D3FFF  D16,D17,D19,D24,D25,D26,D27
11:30:07.724    61202241  FFFFFFC7D3FFF  D16,D17,D19,D25,D26,D27
11:30:09.008    61203507  FFFFFFC3D3FFF  D16,D17,D19,D24,D25,D26,D27
11:30:10.289    61204777  FFFFFF83D3FFF  D16,D17,D19,D24,D25,D26,D27,D28
11:30:10.289    61204780  FFFFFFABD3FFF  D16,D17,D19,D24,D26,D28
11:30:10.290    61204782  FFFFFFAFD3FFF  D16,D17,D19,D26,D28
11:30:10.290    61204784  FFFFFFBFD3FFF  D16,D17,D19,D28
11:30:11.564    61206047  FFFFFFBBD3FFF  D16,D17,D19,D24,D28
11:30:12.854    61207318  FFFFFFB3D3FFF  D16,D17,D19,D24,D25,D28
11:30:12.855    61207322  FFFFFFB7D3FFF  D16,D17,D19,D25,D28
11:30:14.121    61208588  FFFFFFB3D3FFF  D16,D17,D19,D24,D25,D28
11:30:15.401    61209859  FFFFFFA3D3FFF  D16,D17,D19,D24,D25,D26,D28
11:30:15.402    61209861  FFFFFFABD3FFF  D16,D17,D19,D24,D26,D28
11:30:15.402    61209863  FFFFFFAFD3FFF  D16,D17,D19,D26,D28
11:30:16.672    61211128  FFFFFFABD3FFF  D16,D17,D19,D24,D26,D28
11:30:18.215    61212638  FFFFFFA3D3FFF  D16,D17,D19,D24,D25,D26,D28
11:30:18.215    61212641  FFFFFFA7D3FFF  D16,D17,D19,D25,D26,D28
11:30:21.079    61215494  FFFFFFA7D7FFF  D17,D19,D25,D26,D28
11:30:35.694    61229985  FFFFFFA7F7FFF  D17,D25,D26,D28
--- FW IODebug 1.2.2 2026-08-31 LIFT=5 11:30:35 ---
--- FW IODebug 1.2.2 2026-08-31 LIFT=5 11:31:05 ---
11:31:08.317    61262374  FFFFFFA7B7FFF  D17,D20,D25,D26,D28
11:31:09.238    61263287  FFFFFFA7B3FFF  D16,D17,D20,D25,D26,D28
11:31:12.601    61266621  FFFFFFA3B3FFF  D16,D17,D20,D24,D25,D26,D28
11:31:12.601    61266622  FFFFFFABB3FFF  D16,D17,D20,D24,D26,D28
11:31:14.122    61268133  FFFFFFAFB3FFF  D16,D17,D20,D26,D28
11:31:15.409    61269399  FFFFFFABB3FFF  D16,D17,D20,D24,D26,D28
11:31:15.409    61269400  FFFFFFA3B3FFF  D16,D17,D20,D24,D25,D26,D28
11:31:15.409    61269406  FFFFFFB3B3FFF  D16,D17,D20,D24,D25,D28
11:31:16.677    61270674  FFFFFFB7B3FFF  D16,D17,D20,D25,D28
11:31:17.918    61271900  FFFFFFB3B3FFF  D16,D17,D20,D24,D25,D28
11:31:17.918    61271902  FFFFFFBBB3FFF  D16,D17,D20,D24,D28
11:31:19.205    61273174  FFFFFFBFB3FFF  D16,D17,D20,D28
11:31:20.481    61274439  FFFFFFBBB3FFF  D16,D17,D20,D24,D28
11:31:20.481    61274441  FFFFFFC3B3FFF  D16,D17,D20,D24,D25,D26,D27
11:31:21.771    61275714  FFFFFFC7B3FFF  D16,D17,D20,D25,D26,D27
11:31:23.037    61276980  FFFFFFC3B3FFF  D16,D17,D20,D24,D25,D26,D27
11:31:23.038    61276982  FFFFFFCBB3FFF  D16,D17,D20,D24,D26,D27
11:31:24.323    61278255  FFFFFFCFB3FFF  D16,D17,D20,D26,D27
11:31:25.993    61279918  FFFFFFCBB3FFF  D16,D17,D20,D24,D26,D27
11:31:25.993    61279920  FFFFFFC3B3FFF  D16,D17,D20,D24,D25,D26,D27
11:31:25.993    61279925  FFFFFFD3B3FFF  D16,D17,D20,D24,D25,D27
11:31:27.963    61281867  FFFFFFD7B3FFF  D16,D17,D20,D25,D27
11:31:30.251    61284125  FFFFFFD3B3FFF  D16,D17,D20,D24,D25,D27
11:31:30.251    61284127  FFFFFFDBB3FFF  D16,D17,D20,D24,D27
11:31:32.277    61286154  FFFFFFDFB3FFF  D16,D17,D20,D27
11:31:33.626    61287499  FFFFFFC3B3FFF  D16,D17,D20,D24,D25,D26,D27
11:31:33.626    61287502  FFFFFFE3B3FFF  D16,D17,D20,D24,D25,D26
11:31:35.091    61288933  FFFFFFE7B3FFF  D16,D17,D20,D25,D26
--- FW IODebug 1.2.2 2026-08-31 LIFT=5 11:31:36 ---
11:31:36.479    61290317  FFFFFFE3B3FFF  D16,D17,D20,D24,D25,D26
11:31:36.479    61290319  FFFFFFEBB3FFF  D16,D17,D20,D24,D26
11:31:38.160    61291988  FFFFFFEFB3FFF  D16,D17,D20,D26
11:31:40.162    61293969  FFFFFFEBB3FFF  D16,D17,D20,D24,D26
11:31:40.162    61293971  FFFFFFE3B3FFF  D16,D17,D20,D24,D25,D26
11:31:40.162    61293977  FFFFFFF3B3FFF  D16,D17,D20,D24,D25
11:31:42.452    61296236  FFFFFFF7B3FFF  D16,D17,D20,D25
11:31:46.082    61299804  FFFFFFF7B7FFF  D17,D20,D25
11:31:46.082    61299846  FFFFFFF7F7FFF  D17,D25
--- FW IODebug 1.2.2 2026-08-31 LIFT=5 11:32:06 ---
--- FW IODebug 1.2.2 2026-08-31 LIFT=5 11:32:36 ---
11:32:46.526    61359846  FFFFFFF7F7FFF  D17,D25
--- FW IODebug 1.2.2 2026-08-31 LIFT=5 11:33:06 ---
--- FW IODebug 1.2.2 2026-08-31 LIFT=5 11:33:37 ---
11:33:46.991    61419846  FFFFFFF7F7FFF  D17,D25
--- FW IODebug 1.2.2 2026-08-31 LIFT=5 11:34:07 ---
--- FW IODebug 1.2.2 2026-08-31 LIFT=5 11:34:37 ---
11:34:46.750    61479140  FFFFFFF7FFFFF  D25
11:34:47.449    61479817  FFFFFFF7F7FFF  D17,D25
--- FW IODebug 1.2.2 2026-08-31 LIFT=5 11:35:07 ---
11:35:09.584    61501806  FFFFFFF7D7FFF  D17,D19,D25
11:35:10.509    61502720  FFFFFFF7D3FFF  D16,D17,D19,D25
11:35:14.588    61506768  FFFFFFF3D3FFF  D16,D17,D19,D24,D25
11:35:16.872    61509031  FFFFFFE3D3FFF  D16,D17,D19,D24,D25,D26
11:35:16.872    61509033  FFFFFFEBD3FFF  D16,D17,D19,D24,D26
11:35:16.872    61509036  FFFFFFEFD3FFF  D16,D17,D19,D26
11:35:18.858    61511016  FFFFFFEBD3FFF  D16,D17,D19,D24,D26
11:35:20.545    61512684  FFFFFFE3D3FFF  D16,D17,D19,D24,D25,D26
11:35:20.545    61512687  FFFFFFE7D3FFF  D16,D17,D19,D25,D26
11:35:21.934    61514072  FFFFFFE3D3FFF  D16,D17,D19,D24,D25,D26
11:35:23.410    61515501  FFFFFFC3D3FFF  D16,D17,D19,D24,D25,D26,D27
11:35:23.410    61515503  FFFFFFCBD3FFF  D16,D17,D19,D24,D26,D27
11:35:23.410    61515505  FFFFFFCFD3FFF  D16,D17,D19,D26,D27
11:35:23.410    61515508  FFFFFFDFD3FFF  D16,D17,D19,D27
11:35:24.748    61516851  FFFFFFDBD3FFF  D16,D17,D19,D24,D27
11:35:26.795    61518876  FFFFFFD3D3FFF  D16,D17,D19,D24,D25,D27
11:35:26.795    61518879  FFFFFFD7D3FFF  D16,D17,D19,D25,D27
11:35:29.055    61521137  FFFFFFD3D3FFF  D16,D17,D19,D24,D25,D27
11:35:31.015    61523083  FFFFFFC3D3FFF  D16,D17,D19,D24,D25,D26,D27
11:35:31.015    61523085  FFFFFFCBD3FFF  D16,D17,D19,D24,D26,D27
11:35:31.017    61523087  FFFFFFCFD3FFF  D16,D17,D19,D26,D27
11:35:32.693    61524750  FFFFFFCBD3FFF  D16,D17,D19,D24,D26,D27
11:35:33.997    61526021  FFFFFFC3D3FFF  D16,D17,D19,D24,D25,D26,D27
11:35:33.997    61526025  FFFFFFC7D3FFF  D16,D17,D19,D25,D26,D27
11:35:35.264    61527289  FFFFFFC3D3FFF  D16,D17,D19,D24,D25,D26,D27
11:35:36.795    61528799  FFFFFF8BD3FFF  D16,D17,D19,D24,D26,D27,D28
11:35:36.795    61528802  FFFFFFABD3FFF  D16,D17,D19,D24,D26,D28
11:35:36.796    61528804  FFFFFFAFD3FFF  D16,D17,D19,D26,D28
11:35:36.796    61528806  FFFFFFBFD3FFF  D16,D17,D19,D28
--- FW IODebug 1.2.2 2026-08-31 LIFT=5 11:35:38 ---
11:35:39.635    61531616  FFFFFFBFD7FFF  D17,D19,D28
11:35:56.185    61548051  FFFFFFBFD3FFF  D16,D17,D19,D28
11:35:59.505    61551344  FFFFFFBBD3FFF  D16,D17,D19,D24,D28
11:36:01.023    61552854  FFFFFFB3D3FFF  D16,D17,D19,D24,D25,D28
11:36:01.024    61552858  FFFFFFB7D3FFF  D16,D17,D19,D25,D28
11:36:02.295    61554123  FFFFFFB3D3FFF  D16,D17,D19,D24,D25,D28
11:36:03.594    61555394  FFFFFFA3D3FFF  D16,D17,D19,D24,D25,D26,D28
11:36:03.594    61555396  FFFFFFABD3FFF  D16,D17,D19,D24,D26,D28
11:36:03.595    61555398  FFFFFFAFD3FFF  D16,D17,D19,D26,D28
11:36:04.874    61556664  FFFFFFABD3FFF  D16,D17,D19,D24,D26,D28
11:36:06.377    61558172  FFFFFFA3D3FFF  D16,D17,D19,D24,D25,D26,D28
11:36:06.377    61558176  FFFFFFA7D3FFF  D16,D17,D19,D25,D26,D28
--- FW IODebug 1.2.2 2026-08-31 LIFT=5 11:36:08 ---
11:36:09.268    61561028  FFFFFFA7D7FFF  D17,D19,D25,D26,D28
11:36:23.978    61575640  FFFFFFA7F7FFF  D17,D25,D26,D28
11:36:31.193    61582784  FFFFFFA7B7FFF  D17,D20,D25,D26,D28
11:36:32.109    61583696  FFFFFFA7B3FFF  D16,D17,D20,D25,D26,D28
11:36:35.455    61587030  FFFFFFA3B3FFF  D16,D17,D20,D24,D25,D26,D28
11:36:35.455    61587031  FFFFFFABB3FFF  D16,D17,D20,D24,D26,D28
11:36:36.973    61588542  FFFFFFAFB3FFF  D16,D17,D20,D26,D28
11:36:38.447    61589808  FFFFFFABB3FFF  D16,D17,D20,D24,D26,D28
11:36:38.447    61589810  FFFFFFA3B3FFF  D16,D17,D20,D24,D25,D26,D28
11:36:38.447    61589815  FFFFFFB3B3FFF  D16,D17,D20,D24,D25,D28
--- FW IODebug 1.2.2 2026-08-31 LIFT=5 11:36:38 ---
11:36:39.535    61591083  FFFFFFB7B3FFF  D16,D17,D20,D25,D28
11:36:40.819    61592348  FFFFFFB3B3FFF  D16,D17,D20,D24,D25,D28
11:36:40.820    61592350  FFFFFFBBB3FFF  D16,D17,D20,D24,D28
11:36:42.108    61593623  FFFFFFBFB3FFF  D16,D17,D20,D28
11:36:43.384    61594889  FFFFFF9BB3FFF  D16,D17,D20,D24,D27,D28
11:36:43.384    61594891  FFFFFFC3B3FFF  D16,D17,D20,D24,D25,D26,D27
11:36:44.677    61596164  FFFFFFC7B3FFF  D16,D17,D20,D25,D26,D27
11:36:45.940    61597429  FFFFFFC3B3FFF  D16,D17,D20,D24,D25,D26,D27
11:36:45.940    61597431  FFFFFFCBB3FFF  D16,D17,D20,D24,D26,D27
11:36:47.194    61598664  FFFFFFCFB3FFF  D16,D17,D20,D26,D27
11:36:48.857    61600327  FFFFFFCBB3FFF  D16,D17,D20,D24,D26,D27
11:36:48.857    61600329  FFFFFFC3B3FFF  D16,D17,D20,D24,D25,D26,D27
11:36:48.857    61600334  FFFFFFD3B3FFF  D16,D17,D20,D24,D25,D27
11:36:50.987    61602435  FFFFFFD7B3FFF  D16,D17,D20,D25,D27
11:36:54.183    61605605  FFFFFFD7B7FFF  D17,D20,D25,D27
--- FW IODebug 1.2.2 2026-08-31 LIFT=5 11:37:08 ---
11:37:10.064    61621208  FFFFFFD7F7FFF  D17,D25,D27
11:37:10.064    61621365  FFFFFFD7D7FFF  D17,D19,D25,D27
11:37:29.299    61640459  FFFFFFD7D3FFF  D16,D17,D19,D25,D27
11:37:33.060    61644188  FFFFFFD3D3FFF  D16,D17,D19,D24,D25,D27
11:37:35.145    61646253  FFFFFFC3D3FFF  D16,D17,D19,D24,D25,D26,D27
11:37:35.145    61646255  FFFFFFCBD3FFF  D16,D17,D19,D24,D26,D27
11:37:35.145    61646257  FFFFFFCFD3FFF  D16,D17,D19,D26,D27
11:37:36.836    61647920  FFFFFFCBD3FFF  D16,D17,D19,D24,D26,D27
11:37:38.099    61649190  FFFFFFC3D3FFF  D16,D17,D19,D24,D25,D26,D27
11:37:38.099    61649195  FFFFFFC7D3FFF  D16,D17,D19,D25,D26,D27
--- FW IODebug 1.2.2 2026-08-31 LIFT=5 11:37:39 ---
11:37:39.380    61650460  FFFFFFC3D3FFF  D16,D17,D19,D24,D25,D26,D27
11:37:40.667    61651731  FFFFFF83D3FFF  D16,D17,D19,D24,D25,D26,D27,D28
11:37:40.667    61651733  FFFFFFABD3FFF  D16,D17,D19,D24,D26,D28
11:37:40.667    61651735  FFFFFFAFD3FFF  D16,D17,D19,D26,D28
11:37:40.667    61651737  FFFFFFBFD3FFF  D16,D17,D19,D28
11:37:41.948    61653001  FFFFFFBBD3FFF  D16,D17,D19,D24,D28
11:37:43.176    61654232  FFFFFFB3D3FFF  D16,D17,D19,D24,D25,D28
11:37:43.176    61654236  FFFFFFB7D3FFF  D16,D17,D19,D25,D28
11:37:44.458    61655501  FFFFFFB3D3FFF  D16,D17,D19,D24,D25,D28
11:37:45.744    61656772  FFFFFFA3D3FFF  D16,D17,D19,D24,D25,D26,D28
11:37:45.744    61656774  FFFFFFABD3FFF  D16,D17,D19,D24,D26,D28
11:37:45.744    61656776  FFFFFFAFD3FFF  D16,D17,D19,D26,D28
11:37:47.013    61658042  FFFFFFABD3FFF  D16,D17,D19,D24,D26,D28
11:37:48.583    61659591  FFFFFFA3D3FFF  D16,D17,D19,D24,D25,D26,D28
11:37:48.583    61659594  FFFFFFA7D3FFF  D16,D17,D19,D25,D26,D28
11:37:51.414    61662407  FFFFFFA7D7FFF  D17,D19,D25,D26,D28
11:38:06.068    61676939  FFFFFFA7F7FFF  D17,D25,D26,D28
--- FW IODebug 1.2.2 2026-08-31 LIFT=5 11:38:09 ---
11:38:38.545    61709169  FFFFFFA7B7FFF  D17,D20,D25,D26,D28
--- FW IODebug 1.2.2 2026-08-31 LIFT=5 11:38:39 ---
11:38:39.443    61710082  FFFFFFA7B3FFF  D16,D17,D20,D25,D26,D28
11:38:42.818    61713415  FFFFFFA3B3FFF  D16,D17,D20,D24,D25,D26,D28
11:38:42.818    61713417  FFFFFFABB3FFF  D16,D17,D20,D24,D26,D28
11:38:44.355    61714927  FFFFFFAFB3FFF  D16,D17,D20,D26,D28
11:38:45.632    61716194  FFFFFFABB3FFF  D16,D17,D20,D24,D26,D28
11:38:45.632    61716196  FFFFFFA3B3FFF  D16,D17,D20,D24,D25,D26,D28
11:38:45.632    61716200  FFFFFFB3B3FFF  D16,D17,D20,D24,D25,D28
11:38:46.897    61717468  FFFFFFB7B3FFF  D16,D17,D20,D25,D28
11:38:48.181    61718733  FFFFFFB3B3FFF  D16,D17,D20,D24,D25,D28
11:38:48.181    61718735  FFFFFFBBB3FFF  D16,D17,D20,D24,D28
11:38:49.425    61719968  FFFFFFBFB3FFF  D16,D17,D20,D28
11:38:50.699    61721235  FFFFFFABB3FFF  D16,D17,D20,D24,D26,D28
11:38:50.699    61721236  FFFFFFC3B3FFF  D16,D17,D20,D24,D25,D26,D27
11:38:51.974    61722509  FFFFFFC7B3FFF  D16,D17,D20,D25,D26,D27
11:38:53.268    61723776  FFFFFFC3B3FFF  D16,D17,D20,D24,D25,D26,D27
11:38:53.268    61723778  FFFFFFCBB3FFF  D16,D17,D20,D24,D26,D27
11:38:54.547    61725049  FFFFFFCFB3FFF  D16,D17,D20,D26,D27
11:38:56.225    61726712  FFFFFFCBB3FFF  D16,D17,D20,D24,D26,D27
11:38:56.225    61726713  FFFFFFC3B3FFF  D16,D17,D20,D24,D25,D26,D27
11:38:56.225    61726720  FFFFFFD3B3FFF  D16,D17,D20,D24,D25,D27
11:38:58.177    61728662  FFFFFFD7B3FFF  D16,D17,D20,D25,D27
11:39:00.444    61730920  FFFFFFD3B3FFF  D16,D17,D20,D24,D25,D27
11:39:00.444    61730922  FFFFFFDBB3FFF  D16,D17,D20,D24,D27
11:39:02.509    61732948  FFFFFFDFB3FFF  D16,D17,D20,D27
11:39:03.858    61734294  FFFFFFDBB3FFF  D16,D17,D20,D24,D27
11:39:03.858    61734295  FFFFFFC3B3FFF  D16,D17,D20,D24,D25,D26,D27
11:39:03.860    61734297  FFFFFFE3B3FFF  D16,D17,D20,D24,D25,D26
11:39:05.310    61735727  FFFFFFE7B3FFF  D16,D17,D20,D25,D26
11:39:06.701    61737112  FFFFFFE3B3FFF  D16,D17,D20,D24,D25,D26
11:39:06.701    61737114  FFFFFFEBB3FFF  D16,D17,D20,D24,D26
11:39:08.375    61738783  FFFFFFEFB3FFF  D16,D17,D20,D26
--- FW IODebug 1.2.2 2026-08-31 LIFT=5 11:39:09 ---
11:39:10.418    61740804  FFFFFFEBB3FFF  D16,D17,D20,D24,D26
11:39:10.419    61740806  FFFFFFE3B3FFF  D16,D17,D20,D24,D25,D26
11:39:10.419    61740811  FFFFFFF3B3FFF  D16,D17,D20,D24,D25
11:39:12.648    61743031  FFFFFFF7B3FFF  D16,D17,D20,D25
11:39:16.299    61746557  FFFFFFF7B7FFF  D17,D20,D25
11:39:16.299    61746640  FFFFFFF7F7FFF  D17,D25
--- FW IODebug 1.2.2 2026-08-31 LIFT=5 11:39:39 ---
--- FW IODebug 1.2.2 2026-08-31 LIFT=5 11:40:10 ---
11:40:16.757    61806640  FFFFFFF7F7FFF  D17,D25
--- FW IODebug 1.2.2 2026-08-31 LIFT=5 11:40:40 ---
--- FW IODebug 1.2.2 2026-08-31 LIFT=5 11:41:10 ---
11:41:17.223    61866640  FFFFFFF7F7FFF  D17,D25
--- FW IODebug 1.2.2 2026-08-31 LIFT=5 11:41:40 ---
--- FW IODebug 1.2.2 2026-08-31 LIFT=5 11:42:10 ---
11:42:16.955    61925935  FFFFFFF7FFFFF  D25
11:42:17.651    61926611  FFFFFFF7F7FFF  D17,D25
--- FW IODebug 1.2.2 2026-08-31 LIFT=5 11:42:41 ---
--- FW IODebug 1.2.2 2026-08-31 LIFT=5 11:43:11 ---
11:43:18.121    61986611  FFFFFFF7F7FFF  D17,D25
--- FW IODebug 1.2.2 2026-08-31 LIFT=5 11:43:41 ---
--- FW IODebug 1.2.2 2026-08-31 LIFT=5 11:44:11 ---
11:44:18.569    62046611  FFFFFFF7F7FFF  D17,D25
--- FW IODebug 1.2.2 2026-08-31 LIFT=5 11:44:42 ---
--- FW IODebug 1.2.2 2026-08-31 LIFT=5 11:45:12 ---
11:45:19.030    62106611  FFFFFFF7F7FFF  D17,D25
--- FW IODebug 1.2.2 2026-08-31 LIFT=5 11:45:42 ---
--- FW IODebug 1.2.2 2026-08-31 LIFT=5 11:46:12 ---
11:46:19.485    62166611  FFFFFFF7F7FFF  D17,D25
--- FW IODebug 1.2.2 2026-08-31 LIFT=5 11:46:43 ---
--- FW IODebug 1.2.2 2026-08-31 LIFT=5 11:47:13 ---
11:47:19.951    62226611  FFFFFFF7F7FFF  D17,D25
--- FW IODebug 1.2.2 2026-08-31 LIFT=5 11:47:43 ---
--- FW IODebug 1.2.2 2026-08-31 LIFT=5 11:48:13 ---
11:48:20.417    62286611  FFFFFFF7F7FFF  D17,D25
--- FW IODebug 1.2.2 2026-08-31 LIFT=5 11:48:43 ---
--- FW IODebug 1.2.2 2026-08-31 LIFT=5 11:49:14 ---
11:49:20.876    62346611  FFFFFFF7F7FFF  D17,D25
--- FW IODebug 1.2.2 2026-08-31 LIFT=5 11:49:44 ---
--- FW IODebug 1.2.2 2026-08-31 LIFT=5 11:50:14 ---
11:50:21.335    62406611  FFFFFFF7F7FFF  D17,D25
--- FW IODebug 1.2.2 2026-08-31 LIFT=5 11:50:44 ---
--- FW IODebug 1.2.2 2026-08-31 LIFT=5 11:51:15 ---
11:51:21.790    62466611  FFFFFFF7F7FFF  D17,D25
--- FW IODebug 1.2.2 2026-08-31 LIFT=5 11:51:45 ---
--- FW IODebug 1.2.2 2026-08-31 LIFT=5 11:52:15 ---
11:52:22.257    62526611  FFFFFFF7F7FFF  D17,D25
--- FW IODebug 1.2.2 2026-08-31 LIFT=5 11:52:45 ---
--- FW IODebug 1.2.2 2026-08-31 LIFT=5 11:53:16 ---
11:53:22.703    62586611  FFFFFFF7F7FFF  D17,D25
--- FW IODebug 1.2.2 2026-08-31 LIFT=5 11:53:46 ---
--- FW IODebug 1.2.2 2026-08-31 LIFT=5 11:54:16 ---
11:54:23.161    62646611  FFFFFFF7F7FFF  D17,D25
--- FW IODebug 1.2.2 2026-08-31 LIFT=5 11:54:46 ---
--- FW IODebug 1.2.2 2026-08-31 LIFT=5 11:55:16 ---
11:55:23.620    62706611  FFFFFFF7F7FFF  D17,D25
--- FW IODebug 1.2.2 2026-08-31 LIFT=5 11:55:47 ---
--- FW IODebug 1.2.2 2026-08-31 LIFT=5 11:56:17 ---
11:56:24.078    62766611  FFFFFFF7F7FFF  D17,D25
--- FW IODebug 1.2.2 2026-08-31 LIFT=5 11:56:47 ---
--- FW IODebug 1.2.2 2026-08-31 LIFT=5 11:57:17 ---
11:57:24.543    62826611  FFFFFFF7F7FFF  D17,D25
--- FW IODebug 1.2.2 2026-08-31 LIFT=5 11:57:48 ---
--- FW IODebug 1.2.2 2026-08-31 LIFT=5 11:58:18 ---
11:58:24.999    62886611  FFFFFFF7F7FFF  D17,D25
--- FW IODebug 1.2.2 2026-08-31 LIFT=5 11:58:48 ---
--- FW IODebug 1.2.2 2026-08-31 LIFT=5 11:59:18 ---
11:59:25.466    62946611  FFFFFFF7F7FFF  D17,D25
--- FW IODebug 1.2.2 2026-08-31 LIFT=5 11:59:49 ---
--- FW IODebug 1.2.2 2026-08-31 LIFT=5 12:00:19 ---
12:00:25.923    63006611  FFFFFFF7F7FFF  D17,D25
--- FW IODebug 1.2.2 2026-08-31 LIFT=5 12:00:49 ---
--- FW IODebug 1.2.2 2026-08-31 LIFT=5 12:01:19 ---
12:01:26.391    63066611  FFFFFFF7F7FFF  D17,D25
--- FW IODebug 1.2.2 2026-08-31 LIFT=5 12:01:49 ---
--- FW IODebug 1.2.2 2026-08-31 LIFT=5 12:02:20 ---
12:02:26.833    63126611  FFFFFFF7F7FFF  D17,D25
--- FW IODebug 1.2.2 2026-08-31 LIFT=5 12:02:50 ---
--- FW IODebug 1.2.2 2026-08-31 LIFT=5 12:03:20 ---
12:03:27.305    63186611  FFFFFFF7F7FFF  D17,D25
--- FW IODebug 1.2.2 2026-08-31 LIFT=5 12:03:50 ---
--- FW IODebug 1.2.2 2026-08-31 LIFT=5 12:04:21 ---
12:04:27.759    63246611  FFFFFFF7F7FFF  D17,D25
--- FW IODebug 1.2.2 2026-08-31 LIFT=5 12:04:51 ---
--- FW IODebug 1.2.2 2026-08-31 LIFT=5 12:05:21 ---
12:05:28.216    63306611  FFFFFFF7F7FFF  D17,D25
--- FW IODebug 1.2.2 2026-08-31 LIFT=5 12:05:51 ---
--- FW IODebug 1.2.2 2026-08-31 LIFT=5 12:06:22 ---
12:06:28.669    63366611  FFFFFFF7F7FFF  D17,D25
--- FW IODebug 1.2.2 2026-08-31 LIFT=5 12:06:52 ---
12:07:20.533    63418066  FFFFFFF7E7FFF  D17,D18,D25
12:07:20.533    63418068  FFFFFFF7F7FFF  D17,D25
--- FW IODebug 1.2.2 2026-08-31 LIFT=5 12:07:22 ---
--- FW IODebug 1.2.2 2026-08-31 LIFT=5 12:07:52 ---
12:07:55.413    63452689  FFFFFFF7D7FFF  D17,D19,D25
12:07:56.439    63453721  FFFFFFF7D3FFF  D16,D17,D19,D25
12:08:00.523    63457769  FFFFFFF3D3FFF  D16,D17,D19,D24,D25
12:08:02.805    63460032  FFFFFFE3D3FFF  D16,D17,D19,D24,D25,D26
12:08:02.806    63460034  FFFFFFEBD3FFF  D16,D17,D19,D24,D26
12:08:02.806    63460036  FFFFFFEFD3FFF  D16,D17,D19,D26
12:08:04.815    63462017  FFFFFFEBD3FFF  D16,D17,D19,D24,D26
12:08:06.501    63463685  FFFFFFE3D3FFF  D16,D17,D19,D24,D25,D26
12:08:06.501    63463689  FFFFFFE7D3FFF  D16,D17,D19,D25,D26
12:08:07.882    63465073  FFFFFFE3D3FFF  D16,D17,D19,D24,D25,D26
12:08:09.335    63466503  FFFFFFC3D3FFF  D16,D17,D19,D24,D25,D26,D27
12:08:09.335    63466505  FFFFFFCBD3FFF  D16,D17,D19,D24,D26,D27
12:08:09.335    63466506  FFFFFFCFD3FFF  D16,D17,D19,D26,D27
12:08:09.335    63466510  FFFFFFDFD3FFF  D16,D17,D19,D27
12:08:10.685    63467852  FFFFFFDBD3FFF  D16,D17,D19,D24,D27
12:08:13.017    63469917  FFFFFFD3D3FFF  D16,D17,D19,D24,D25,D27
12:08:13.020    63469921  FFFFFFD7D3FFF  D16,D17,D19,D25,D27
12:08:13.020    63469997  FFFFFFD793FFF  D16,D17,D19,D20,D25,D27
12:08:13.020    63470156  FFFFFFD7B3FFF  D16,D17,D20,D25,D27
12:08:16.490    63473606  FFFFFFD7B7FFF  D17,D20,D25,D27
--- FW IODebug 1.2.2 2026-08-31 LIFT=5 12:08:22 ---
12:08:32.204    63489209  FFFFFFD7F7FFF  D17,D25,D27
--- FW IODebug 1.2.2 2026-08-31 LIFT=5 12:08:53 ---
12:09:04.373    63521123  FFFFFFD7B7FFF  D17,D20,D25,D27
12:09:05.292    63522035  FFFFFFD7B3FFF  D16,D17,D20,D25,D27
12:09:09.568    63526282  FFFFFFD3B3FFF  D16,D17,D20,D24,D25,D27
12:09:09.568    63526283  FFFFFFDBB3FFF  D16,D17,D20,D24,D27
12:09:11.611    63528310  FFFFFFDFB3FFF  D16,D17,D20,D27
12:09:12.983    63529655  FFFFFFCBB3FFF  D16,D17,D20,D24,D26,D27
12:09:12.983    63529657  FFFFFFC3B3FFF  D16,D17,D20,D24,D25,D26,D27
12:09:12.983    63529659  FFFFFFE3B3FFF  D16,D17,D20,D24,D25,D26
12:09:14.409    63531089  FFFFFFE7B3FFF  D16,D17,D20,D25,D26
12:09:15.800    63532474  FFFFFFE3B3FFF  D16,D17,D20,D24,D25,D26
12:09:15.800    63532476  FFFFFFEBB3FFF  D16,D17,D20,D24,D26
12:09:17.483    63534145  FFFFFFEFB3FFF  D16,D17,D20,D26
12:09:19.535    63536164  FFFFFFEBB3FFF  D16,D17,D20,D24,D26
12:09:19.536    63536166  FFFFFFE3B3FFF  D16,D17,D20,D24,D25,D26
12:09:19.536    63536173  FFFFFFF3B3FFF  D16,D17,D20,D24,D25
12:09:21.761    63538393  FFFFFFF7B3FFF  D16,D17,D20,D25
--- FW IODebug 1.2.2 2026-08-31 LIFT=5 12:09:23 ---
12:09:25.484    63541920  FFFFFFF7B7FFF  D17,D20,D25
12:09:25.485    63542082  FFFFFFF7F7FFF  D17,D25
12:09:29.328    63545890  FFFFFFF7D7FFF  D17,D19,D25
12:09:30.249    63546804  FFFFFFF7D3FFF  D16,D17,D19,D25
12:09:34.338    63550852  FFFFFFF3D3FFF  D16,D17,D19,D24,D25
12:09:36.613    63553115  FFFFFFE3D3FFF  D16,D17,D19,D24,D25,D26
12:09:36.613    63553117  FFFFFFEBD3FFF  D16,D17,D19,D24,D26
12:09:36.615    63553119  FFFFFFEFD3FFF  D16,D17,D19,D26
12:09:38.601    63555099  FFFFFFEBD3FFF  D16,D17,D19,D24,D26
12:09:40.291    63556767  FFFFFFE3D3FFF  D16,D17,D19,D24,D25,D26
12:09:40.291    63556770  FFFFFFE7D3FFF  D16,D17,D19,D25,D26
12:09:41.696    63558156  FFFFFFE3D3FFF  D16,D17,D19,D24,D25,D26
12:09:43.139    63559585  FFFFFFC3D3FFF  D16,D17,D19,D24,D25,D26,D27
12:09:43.140    63559587  FFFFFFCBD3FFF  D16,D17,D19,D24,D26,D27
12:09:43.140    63559589  FFFFFFCFD3FFF  D16,D17,D19,D26,D27
12:09:43.140    63559591  FFFFFFDFD3FFF  D16,D17,D19,D27
12:09:44.487    63560934  FFFFFFDBD3FFF  D16,D17,D19,D24,D27
12:09:46.771    63562999  FFFFFFD3D3FFF  D16,D17,D19,D24,D25,D27
12:09:46.771    63563002  FFFFFFD7D3FFF  D16,D17,D19,D25,D27
12:09:46.771    63563039  FFFFFFD793FFF  D16,D17,D19,D20,D25,D27
12:09:46.771    63563199  FFFFFFD7B3FFF  D16,D17,D20,D25,D27
12:09:50.292    63566689  FFFFFFD7B7FFF  D17,D20,D25,D27
--- FW IODebug 1.2.2 2026-08-31 LIFT=5 12:09:53 ---
12:10:07.211    63583482  FFFFFFD7B3FFF  D16,D17,D20,D25,D27
12:10:11.483    63587728  FFFFFFD3B3FFF  D16,D17,D20,D24,D25,D27
12:10:11.483    63587730  FFFFFFDBB3FFF  D16,D17,D20,D24,D27
12:10:13.584    63589796  FFFFFFDFB3FFF  D16,D17,D20,D27
12:10:14.931    63591142  FFFFFFCBB3FFF  D16,D17,D20,D24,D26,D27
12:10:14.931    63591144  FFFFFFC3B3FFF  D16,D17,D20,D24,D25,D26,D27
12:10:14.931    63591146  FFFFFFE3B3FFF  D16,D17,D20,D24,D25,D26
12:10:16.346    63592536  FFFFFFE7B3FFF  D16,D17,D20,D25,D26
12:10:17.718    63593921  FFFFFFE3B3FFF  D16,D17,D20,D24,D25,D26
12:10:17.719    63593922  FFFFFFEBB3FFF  D16,D17,D20,D24,D26
12:10:19.419    63595592  FFFFFFEFB3FFF  D16,D17,D20,D26
12:10:21.448    63597612  FFFFFFEBB3FFF  D16,D17,D20,D24,D26
12:10:21.448    63597614  FFFFFFE3B3FFF  D16,D17,D20,D24,D25,D26
12:10:21.448    63597620  FFFFFFF3B3FFF  D16,D17,D20,D24,D25
12:10:23.850    63599839  FFFFFFF7B3FFF  D16,D17,D20,D25
--- FW IODebug 1.2.2 2026-08-31 LIFT=5 12:10:23 ---
12:10:27.288    63603406  FFFFFFF7B7FFF  D17,D20,D25
12:10:41.966    63617977  FFFFFFF7F7FFF  D17,D25
--- FW IODebug 1.2.2 2026-08-31 LIFT=5 12:10:54 ---
--- FW IODebug 1.2.2 2026-08-31 LIFT=5 12:11:24 ---
12:11:42.417    63677977  FFFFFFF7F7FFF  D17,D25
--- FW IODebug 1.2.2 2026-08-31 LIFT=5 12:11:54 ---
--- FW IODebug 1.2.2 2026-08-31 LIFT=5 12:12:24 ---
12:12:42.892    63737977  FFFFFFF7F7FFF  D17,D25
--- FW IODebug 1.2.2 2026-08-31 LIFT=5 12:12:55 ---
--- FW IODebug 1.2.2 2026-08-31 LIFT=5 12:13:25 ---
12:13:42.039    63796676  FFFFFFF7FFFFF  D25
12:13:42.731    63797354  FFFFFFF7F7FFF  D17,D25
--- FW IODebug 1.2.2 2026-08-31 LIFT=5 12:13:55 ---
--- FW IODebug 1.2.2 2026-08-31 LIFT=5 12:14:25 ---
12:14:43.177    63857354  FFFFFFF7F7FFF  D17,D25
--- FW IODebug 1.2.2 2026-08-31 LIFT=5 12:14:55 ---
--- FW IODebug 1.2.2 2026-08-31 LIFT=5 12:15:26 ---
12:15:43.634    63917355  FFFFFFF7F7FFF  D17,D25
--- FW IODebug 1.2.2 2026-08-31 LIFT=5 12:15:56 ---
--- FW IODebug 1.2.2 2026-08-31 LIFT=5 12:16:26 ---
12:16:44.093    63977355  FFFFFFF7F7FFF  D17,D25
--- FW IODebug 1.2.2 2026-08-31 LIFT=5 12:16:56 ---
--- FW IODebug 1.2.2 2026-08-31 LIFT=5 12:17:27 ---
12:17:41.145    64033971  FFFFFFF7D7FFF  D17,D19,D25
--- FW IODebug 1.2.2 2026-08-31 LIFT=5 12:17:57 ---
12:17:58.394    64051080  FFFFFFF7D3FFF  D16,D17,D19,D25
12:18:02.469    64055127  FFFFFFF3D3FFF  D16,D17,D19,D24,D25
12:18:04.746    64057391  FFFFFFE3D3FFF  D16,D17,D19,D24,D25,D26
12:18:04.746    64057392  FFFFFFEBD3FFF  D16,D17,D19,D24,D26
12:18:04.747    64057394  FFFFFFEFD3FFF  D16,D17,D19,D26
12:18:06.746    64059375  FFFFFFEBD3FFF  D16,D17,D19,D24,D26
12:18:08.432    64061042  FFFFFFE3D3FFF  D16,D17,D19,D24,D25,D26
12:18:08.432    64061046  FFFFFFE7D3FFF  D16,D17,D19,D25,D26
12:18:09.828    64062431  FFFFFFE3D3FFF  D16,D17,D19,D24,D25,D26
12:18:11.275    64063860  FFFFFFC3D3FFF  D16,D17,D19,D24,D25,D26,D27
12:18:11.275    64063862  FFFFFFCBD3FFF  D16,D17,D19,D24,D26,D27
12:18:11.275    64063864  FFFFFFCFD3FFF  D16,D17,D19,D26,D27
12:18:11.276    64063867  FFFFFFDFD3FFF  D16,D17,D19,D27
12:18:12.619    64065209  FFFFFFDBD3FFF  D16,D17,D19,D24,D27
12:18:14.707    64067274  FFFFFFD3D3FFF  D16,D17,D19,D24,D25,D27
12:18:14.707    64067278  FFFFFFD7D3FFF  D16,D17,D19,D25,D27
12:18:18.427    64070964  FFFFFFD7D7FFF  D17,D19,D25,D27
--- FW IODebug 1.2.2 2026-08-31 LIFT=5 12:18:27 ---
12:18:33.138    64085575  FFFFFFD7F7FFF  D17,D25,D27
--- FW IODebug 1.2.2 2026-08-31 LIFT=5 12:18:57 ---
12:19:05.306    64117488  FFFFFFD7B7FFF  D17,D20,D25,D27
12:19:06.229    64118401  FFFFFFD7B3FFF  D16,D17,D20,D25,D27
12:19:10.499    64122647  FFFFFFD3B3FFF  D16,D17,D20,D24,D25,D27
12:19:10.499    64122649  FFFFFFDBB3FFF  D16,D17,D20,D24,D27
12:19:12.537    64124676  FFFFFFDFB3FFF  D16,D17,D20,D27
12:19:13.910    64126020  FFFFFFDBB3FFF  D16,D17,D20,D24,D27
12:19:13.910    64126022  FFFFFFC3B3FFF  D16,D17,D20,D24,D25,D26,D27
12:19:13.910    64126024  FFFFFFE3B3FFF  D16,D17,D20,D24,D25,D26
12:19:15.328    64127455  FFFFFFE7B3FFF  D16,D17,D20,D25,D26
12:19:16.748    64128839  FFFFFFE3B3FFF  D16,D17,D20,D24,D25,D26
12:19:16.748    64128841  FFFFFFEBB3FFF  D16,D17,D20,D24,D26
12:19:18.430    64130511  FFFFFFEFB3FFF  D16,D17,D20,D26
12:19:20.455    64132531  FFFFFFEBB3FFF  D16,D17,D20,D24,D26
12:19:20.455    64132533  FFFFFFE3B3FFF  D16,D17,D20,D24,D25,D26
12:19:20.455    64132539  FFFFFFF3B3FFF  D16,D17,D20,D24,D25
12:19:22.696    64134758  FFFFFFF7B3FFF  D16,D17,D20,D25
12:19:26.410    64138286  FFFFFFF7B7FFF  D17,D20,D25
12:19:26.410    64138447  FFFFFFF7F7FFF  D17,D25
--- FW IODebug 1.2.2 2026-08-31 LIFT=5 12:19:27 ---
12:19:34.263    64146225  FFFFFFF7D7FFF  D17,D19,D25
12:19:35.178    64147139  FFFFFFF7D3FFF  D16,D17,D19,D25
12:19:39.263    64151187  FFFFFFF3D3FFF  D16,D17,D19,D24,D25
12:19:41.549    64153450  FFFFFFE3D3FFF  D16,D17,D19,D24,D25,D26
12:19:41.549    64153452  FFFFFFEBD3FFF  D16,D17,D19,D24,D26
12:19:41.549    64153454  FFFFFFEFD3FFF  D16,D17,D19,D26
12:19:43.541    64155435  FFFFFFEBD3FFF  D16,D17,D19,D24,D26
12:19:45.235    64157102  FFFFFFE3D3FFF  D16,D17,D19,D24,D25,D26
12:19:45.235    64157106  FFFFFFE7D3FFF  D16,D17,D19,D25,D26
12:19:46.637    64158491  FFFFFFE3D3FFF  D16,D17,D19,D24,D25,D26
12:19:48.068    64159921  FFFFFFC3D3FFF  D16,D17,D19,D24,D25,D26,D27
12:19:48.068    64159923  FFFFFFCBD3FFF  D16,D17,D19,D24,D26,D27
12:19:48.068    64159925  FFFFFFCFD3FFF  D16,D17,D19,D26,D27
12:19:48.068    64159927  FFFFFFDFD3FFF  D16,D17,D19,D27
12:19:49.417    64161269  FFFFFFDBD3FFF  D16,D17,D19,D24,D27
12:19:51.512    64163335  FFFFFFD3D3FFF  D16,D17,D19,D24,D25,D27
12:19:51.512    64163338  FFFFFFD7D3FFF  D16,D17,D19,D25,D27
12:19:55.260    64167064  FFFFFFD7D7FFF  D17,D19,D25,D27
--- FW IODebug 1.2.2 2026-08-31 LIFT=5 12:19:58 ---
--- FW IODebug 1.2.2 2026-08-31 LIFT=5 12:20:28 ---
12:20:39.695    64211166  FFFFFFD7D3FFF  D16,D17,D19,D25,D27
12:20:43.425    64214856  FFFFFFD3D3FFF  D16,D17,D19,D24,D25,D27
12:20:45.712    64217119  FFFFFFC3D3FFF  D16,D17,D19,D24,D25,D26,D27
12:20:45.712    64217121  FFFFFFCBD3FFF  D16,D17,D19,D24,D26,D27
12:20:45.712    64217123  FFFFFFCFD3FFF  D16,D17,D19,D26,D27
12:20:49.098    64220492  FFFFFFCFD7FFF  D17,D19,D26,D27
--- FW IODebug 1.2.2 2026-08-31 LIFT=5 12:20:58 ---
12:21:03.853    64235143  FFFFFFCFF7FFF  D17,D26,D27
--- FW IODebug 1.2.2 2026-08-31 LIFT=5 12:21:28 ---
12:21:36.029    64267056  FFFFFFCFB7FFF  D17,D20,D26,D27
12:21:36.933    64267968  FFFFFFCFB3FFF  D16,D17,D20,D26,D27
12:21:40.873    64271857  FFFFFFCBB3FFF  D16,D17,D20,D24,D26,D27
12:21:40.873    64271859  FFFFFFC3B3FFF  D16,D17,D20,D24,D25,D26,D27
12:21:40.873    64271864  FFFFFFD3B3FFF  D16,D17,D20,D24,D25,D27
12:21:42.886    64273887  FFFFFFD7B3FFF  D16,D17,D20,D25,D27
12:21:45.174    64276145  FFFFFFD3B3FFF  D16,D17,D20,D24,D25,D27
12:21:45.174    64276147  FFFFFFDBB3FFF  D16,D17,D20,D24,D27
12:21:47.223    64278173  FFFFFFDFB3FFF  D16,D17,D20,D27
12:21:48.566    64279518  FFFFFFDBB3FFF  D16,D17,D20,D24,D27
12:21:48.566    64279520  FFFFFFC3B3FFF  D16,D17,D20,D24,D25,D26,D27
12:21:48.566    64279522  FFFFFFE3B3FFF  D16,D17,D20,D24,D25,D26
12:21:50.029    64280952  FFFFFFE7B3FFF  D16,D17,D20,D25,D26
12:21:51.413    64282337  FFFFFFE3B3FFF  D16,D17,D20,D24,D25,D26
12:21:51.413    64282339  FFFFFFEBB3FFF  D16,D17,D20,D24,D26
12:21:53.112    64284009  FFFFFFEFB3FFF  D16,D17,D20,D26
12:21:55.098    64285988  FFFFFFEBB3FFF  D16,D17,D20,D24,D26
12:21:55.098    64285990  FFFFFFE3B3FFF  D16,D17,D20,D24,D25,D26
12:21:55.100    64285996  FFFFFFF3B3FFF  D16,D17,D20,D24,D25
12:21:57.372    64288256  FFFFFFF7B3FFF  D16,D17,D20,D25
--- FW IODebug 1.2.2 2026-08-31 LIFT=5 12:21:59 ---
12:22:00.968    64291783  FFFFFFF7B7FFF  D17,D20,D25
12:22:00.968    64291826  FFFFFFF7F7FFF  D17,D25
--- FW IODebug 1.2.2 2026-08-31 LIFT=5 12:22:29 ---
12:22:42.571    64333107  FFFFFFF7D7FFF  D17,D19,D25
12:22:43.488    64334019  FFFFFFF7D3FFF  D16,D17,D19,D25
12:22:47.578    64338068  FFFFFFF3D3FFF  D16,D17,D19,D24,D25
12:22:49.869    64340330  FFFFFFE3D3FFF  D16,D17,D19,D24,D25,D26
12:22:49.869    64340332  FFFFFFEBD3FFF  D16,D17,D19,D24,D26
12:22:49.869    64340334  FFFFFFEFD3FFF  D16,D17,D19,D26
12:22:51.855    64342315  FFFFFFEBD3FFF  D16,D17,D19,D24,D26
12:22:53.524    64343983  FFFFFFE3D3FFF  D16,D17,D19,D24,D25,D26
12:22:53.524    64343987  FFFFFFE7D3FFF  D16,D17,D19,D25,D26
12:22:54.973    64345411  FFFFFFE3D3FFF  D16,D17,D19,D24,D25,D26
12:22:56.390    64346801  FFFFFFC3D3FFF  D16,D17,D19,D24,D25,D26,D27
12:22:56.391    64346803  FFFFFFCBD3FFF  D16,D17,D19,D24,D26,D27
12:22:56.391    64346805  FFFFFFCFD3FFF  D16,D17,D19,D26,D27
12:22:56.391    64346808  FFFFFFDFD3FFF  D16,D17,D19,D27
12:22:57.732    64348150  FFFFFFDBD3FFF  D16,D17,D19,D24,D27
--- FW IODebug 1.2.2 2026-08-31 LIFT=5 12:22:59 ---
12:22:59.784    64350175  FFFFFFD3D3FFF  D16,D17,D19,D24,D25,D27
12:22:59.784    64350179  FFFFFFD7D3FFF  D16,D17,D19,D25,D27
12:23:02.051    64352437  FFFFFFD3D3FFF  D16,D17,D19,D24,D25,D27
12:23:04.014    64354382  FFFFFFC3D3FFF  D16,D17,D19,D24,D25,D26,D27
12:23:04.015    64354384  FFFFFFCBD3FFF  D16,D17,D19,D24,D26,D27
12:23:04.015    64354386  FFFFFFCFD3FFF  D16,D17,D19,D26,D27
12:23:05.688    64356048  FFFFFFCBD3FFF  D16,D17,D19,D24,D26,D27
12:23:06.981    64357320  FFFFFFC3D3FFF  D16,D17,D19,D24,D25,D26,D27
12:23:06.981    64357323  FFFFFFC7D3FFF  D16,D17,D19,D25,D26,D27
12:23:08.237    64358589  FFFFFFC3D3FFF  D16,D17,D19,D24,D25,D26,D27
12:23:09.538    64359860  FFFFFF83D3FFF  D16,D17,D19,D24,D25,D26,D27,D28
12:23:09.539    64359862  FFFFFF8BD3FFF  D16,D17,D19,D24,D26,D27,D28
12:23:09.539    64359864  FFFFFFAFD3FFF  D16,D17,D19,D26,D28
12:23:09.539    64359867  FFFFFFBFD3FFF  D16,D17,D19,D28
12:23:10.820    64361131  FFFFFFBBD3FFF  D16,D17,D19,D24,D28
12:23:12.104    64362400  FFFFFFB3D3FFF  D16,D17,D19,D24,D25,D28
12:23:12.104    64362404  FFFFFFB7D3FFF  D16,D17,D19,D25,D28
12:23:13.359    64363670  FFFFFFB3D3FFF  D16,D17,D19,D24,D25,D28
12:23:14.639    64364941  FFFFFFA3D3FFF  D16,D17,D19,D24,D25,D26,D28
12:23:14.639    64364942  FFFFFFABD3FFF  D16,D17,D19,D24,D26,D28
12:23:14.639    64364945  FFFFFFAFD3FFF  D16,D17,D19,D26,D28
12:23:15.939    64366211  FFFFFFABD3FFF  D16,D17,D19,D24,D26,D28
12:23:17.206    64367481  FFFFFFA3D3FFF  D16,D17,D19,D24,D25,D26,D28
12:23:17.206    64367485  FFFFFFA7D3FFF  D16,D17,D19,D25,D26,D28
12:23:19.063    64368990  FFFFFFA3D3FFF  D16,D17,D19,D24,D25,D26,D28
12:23:19.064    64369149  FFFFFFA393FFF  D16,D17,D19,D20,D24,D25,D26,D28
12:23:19.064    64369309  FFFFFFA3B3FFF  D16,D17,D20,D24,D25,D26,D28
12:23:21.558    64371807  FFFFFFA3B7FFF  D17,D20,D24,D25,D26,D28
--- FW IODebug 1.2.2 2026-08-31 LIFT=5 12:23:29 ---
12:23:34.606    64384749  FFFFFFA3B3FFF  D16,D17,D20,D24,D25,D26,D28
12:23:37.942    64388046  FFFFFFA7B3FFF  D16,D17,D20,D25,D26,D28
12:23:39.448    64389551  FFFFFFA3B3FFF  D16,D17,D20,D24,D25,D26,D28
12:23:39.448    64389553  FFFFFFABB3FFF  D16,D17,D20,D24,D26,D28
12:23:40.729    64390825  FFFFFFAFB3FFF  D16,D17,D20,D26,D28
12:23:42.026    64392091  FFFFFFABB3FFF  D16,D17,D20,D24,D26,D28
12:23:42.027    64392093  FFFFFFA3B3FFF  D16,D17,D20,D24,D25,D26,D28
12:23:42.027    64392098  FFFFFFB3B3FFF  D16,D17,D20,D24,D25,D28
12:23:43.301    64393366  FFFFFFB7B3FFF  D16,D17,D20,D25,D28
12:23:44.574    64394632  FFFFFFB3B3FFF  D16,D17,D20,D24,D25,D28
12:23:44.574    64394634  FFFFFFBBB3FFF  D16,D17,D20,D24,D28
12:23:45.851    64395907  FFFFFFBFB3FFF  D16,D17,D20,D28
12:23:47.119    64397172  FFFFFFABB3FFF  D16,D17,D20,D24,D26,D28
12:23:47.119    64397174  FFFFFFC3B3FFF  D16,D17,D20,D24,D25,D26,D27
12:23:48.405    64398447  FFFFFFC7B3FFF  D16,D17,D20,D25,D26,D27
12:23:49.691    64399713  FFFFFFC3B3FFF  D16,D17,D20,D24,D25,D26,D27
12:23:49.691    64399715  FFFFFFCBB3FFF  D16,D17,D20,D24,D26,D27
12:23:50.967    64400988  FFFFFFCFB3FFF  D16,D17,D20,D26,D27
12:23:52.654    64402650  FFFFFFCBB3FFF  D16,D17,D20,D24,D26,D27
12:23:52.655    64402652  FFFFFFC3B3FFF  D16,D17,D20,D24,D25,D26,D27
12:23:52.655    64402657  FFFFFFD3B3FFF  D16,D17,D20,D24,D25,D27
12:23:54.612    64404599  FFFFFFD7B3FFF  D16,D17,D20,D25,D27
12:23:56.884    64406857  FFFFFFD3B3FFF  D16,D17,D20,D24,D25,D27
12:23:56.884    64406859  FFFFFFDBB3FFF  D16,D17,D20,D24,D27
12:23:58.921    64408887  FFFFFFDFB3FFF  D16,D17,D20,D27
--- FW IODebug 1.2.2 2026-08-31 LIFT=5 12:24:00 ---
12:24:00.527    64410470  FFFFFFCBB3FFF  D16,D17,D20,D24,D26,D27
12:24:00.528    64410472  FFFFFFC3B3FFF  D16,D17,D20,D24,D25,D26,D27
12:24:00.528    64410474  FFFFFFE3B3FFF  D16,D17,D20,D24,D25,D26
12:24:03.396    64413327  FFFFFFE3B7FFF  D17,D20,D24,D25,D26
12:24:18.082    64427897  FFFFFFE3F7FFF  D17,D24,D25,D26
--- FW IODebug 1.2.2 2026-08-31 LIFT=5 12:24:30 ---
12:24:50.887    64460446  FFFFFFE3B7FFF  D17,D20,D24,D25,D26
12:24:51.806    64461360  FFFFFFE3B3FFF  D16,D17,D20,D24,D25,D26
12:24:55.281    64464816  FFFFFFE7B3FFF  D16,D17,D20,D25,D26
12:24:56.894    64466399  FFFFFFE3B3FFF  D16,D17,D20,D24,D25,D26
12:24:56.894    64466401  FFFFFFEBB3FFF  D16,D17,D20,D24,D26
12:24:58.576    64468070  FFFFFFEFB3FFF  D16,D17,D20,D26
--- FW IODebug 1.2.2 2026-08-31 LIFT=5 12:25:00 ---
12:25:00.621    64470090  FFFFFFEBB3FFF  D16,D17,D20,D24,D26
12:25:00.621    64470092  FFFFFFE3B3FFF  D16,D17,D20,D24,D25,D26
12:25:00.621    64470097  FFFFFFF3B3FFF  D16,D17,D20,D24,D25
12:25:02.835    64472317  FFFFFFF7B3FFF  D16,D17,D20,D25
12:25:06.576    64475845  FFFFFFF7B7FFF  D17,D20,D25
12:25:06.576    64476007  FFFFFFF7F7FFF  D17,D25
--- FW IODebug 1.2.2 2026-08-31 LIFT=5 12:25:30 ---
--- FW IODebug 1.2.2 2026-08-31 LIFT=5 12:26:00 ---
12:26:07.028    64536007  FFFFFFF7F7FFF  D17,D25
--- FW IODebug 1.2.2 2026-08-31 LIFT=5 12:26:31 ---
--- FW IODebug 1.2.2 2026-08-31 LIFT=5 12:27:01 ---
12:27:07.824    64596007  FFFFFFF7F7FFF  D17,D25
12:27:07.824    64596358  FFFFFFF7D7FFF  D17,D19,D25
12:27:08.747    64597271  FFFFFFF7D3FFF  D16,D17,D19,D25
12:27:12.844    64601319  FFFFFFF3D3FFF  D16,D17,D19,D24,D25
12:27:15.126    64603582  FFFFFFE3D3FFF  D16,D17,D19,D24,D25,D26
12:27:15.126    64603584  FFFFFFEBD3FFF  D16,D17,D19,D24,D26
12:27:15.127    64603586  FFFFFFEFD3FFF  D16,D17,D19,D26
12:27:17.129    64605566  FFFFFFEBD3FFF  D16,D17,D19,D24,D26
12:27:18.798    64607235  FFFFFFE3D3FFF  D16,D17,D19,D24,D25,D26
12:27:18.799    64607239  FFFFFFE7D3FFF  D16,D17,D19,D25,D26
12:27:20.391    64608822  FFFFFFE3D3FFF  D16,D17,D19,D24,D25,D26
12:27:23.356    64611758  FFFFFFE3D7FFF  D17,D19,D24,D25,D26
--- FW IODebug 1.2.2 2026-08-31 LIFT=5 12:27:31 ---
12:27:39.929    64628194  FFFFFFE3D3FFF  D16,D17,D19,D24,D25,D26
12:27:43.326    64631567  FFFFFFC3D3FFF  D16,D17,D19,D24,D25,D26,D27
12:27:43.326    64631569  FFFFFFCBD3FFF  D16,D17,D19,D24,D26,D27
12:27:43.327    64631571  FFFFFFCFD3FFF  D16,D17,D19,D26,D27
12:27:43.327    64631573  FFFFFFDFD3FFF  D16,D17,D19,D27
12:27:44.915    64633154  FFFFFFDBD3FFF  D16,D17,D19,D24,D27
12:27:46.957    64635179  FFFFFFD3D3FFF  D16,D17,D19,D24,D25,D27
12:27:46.957    64635183  FFFFFFD7D3FFF  D16,D17,D19,D25,D27
12:27:49.223    64637441  FFFFFFD3D3FFF  D16,D17,D19,D24,D25,D27
12:27:51.205    64639386  FFFFFFC3D3FFF  D16,D17,D19,D24,D25,D26,D27
12:27:51.205    64639388  FFFFFFCBD3FFF  D16,D17,D19,D24,D26,D27
12:27:51.205    64639390  FFFFFFCFD3FFF  D16,D17,D19,D26,D27
12:27:52.873    64641053  FFFFFFCBD3FFF  D16,D17,D19,D24,D26,D27
12:27:54.162    64642324  FFFFFFC3D3FFF  D16,D17,D19,D24,D25,D26,D27
12:27:54.162    64642328  FFFFFFC7D3FFF  D16,D17,D19,D25,D26,D27
12:27:55.444    64643594  FFFFFFC3D3FFF  D16,D17,D19,D24,D25,D26,D27
12:27:56.729    64644865  FFFFFF83D3FFF  D16,D17,D19,D24,D25,D26,D27,D28
12:27:56.731    64644867  FFFFFF8BD3FFF  D16,D17,D19,D24,D26,D27,D28
12:27:56.731    64644869  FFFFFFAFD3FFF  D16,D17,D19,D26,D28
12:27:56.731    64644871  FFFFFFBFD3FFF  D16,D17,D19,D28
12:27:58.000    64646134  FFFFFFBBD3FFF  D16,D17,D19,D24,D28
12:27:59.247    64647365  FFFFFFB3D3FFF  D16,D17,D19,D24,D25,D28
12:27:59.247    64647368  FFFFFFB7D3FFF  D16,D17,D19,D25,D28
12:28:00.522    64648635  FFFFFFB3D3FFF  D16,D17,D19,D24,D25,D28
12:28:01.898    64649906  FFFFFFA3D3FFF  D16,D17,D19,D24,D25,D26,D28
12:28:01.898    64649907  FFFFFFABD3FFF  D16,D17,D19,D24,D26,D28
12:28:01.898    64649909  FFFFFFAFD3FFF  D16,D17,D19,D26,D28
--- FW IODebug 1.2.2 2026-08-31 LIFT=5 12:28:01 ---
12:28:03.074    64651175  FFFFFFABD3FFF  D16,D17,D19,D24,D26,D28
12:28:04.367    64652446  FFFFFFA3D3FFF  D16,D17,D19,D24,D25,D26,D28
12:28:04.367    64652449  FFFFFFA7D3FFF  D16,D17,D19,D25,D26,D28
12:28:05.916    64653993  FFFFFFA3D3FFF  D16,D17,D19,D24,D25,D26,D28
12:28:08.713    64656771  FFFFFFA3D7FFF  D17,D19,D24,D25,D26,D28
12:28:23.510    64671461  FFFFFFA397FFF  D17,D19,D20,D24,D25,D26,D28
12:28:23.510    64671463  FFFFFFA3B7FFF  D17,D20,D24,D25,D26,D28
12:28:24.487    64672412  FFFFFFA3B3FFF  D16,D17,D20,D24,D25,D26,D28
12:28:27.792    64675710  FFFFFFA7B3FFF  D16,D17,D20,D25,D26,D28
12:28:29.313    64677215  FFFFFFA3B3FFF  D16,D17,D20,D24,D25,D26,D28
12:28:29.313    64677217  FFFFFFABB3FFF  D16,D17,D20,D24,D26,D28
12:28:30.601    64678489  FFFFFFAFB3FFF  D16,D17,D20,D26,D28
12:28:32.119    64679755  FFFFFFA3B3FFF  D16,D17,D20,D24,D25,D26,D28
12:28:32.119    64679761  FFFFFFB3B3FFF  D16,D17,D20,D24,D25,D28
--- FW IODebug 1.2.2 2026-08-31 LIFT=5 12:28:32 ---
12:28:33.157    64681029  FFFFFFB7B3FFF  D16,D17,D20,D25,D28
12:28:34.431    64682295  FFFFFFB3B3FFF  D16,D17,D20,D24,D25,D28
12:28:34.431    64682297  FFFFFFBBB3FFF  D16,D17,D20,D24,D28
12:28:35.715    64683570  FFFFFFBFB3FFF  D16,D17,D20,D28
12:28:36.990    64684835  FFFFFFBBB3FFF  D16,D17,D20,D24,D28
12:28:36.990    64684837  FFFFFFC3B3FFF  D16,D17,D20,D24,D25,D26,D27
12:28:38.266    64686110  FFFFFFC7B3FFF  D16,D17,D20,D25,D26,D27
12:28:39.548    64687377  FFFFFFC3B3FFF  D16,D17,D20,D24,D25,D26,D27
12:28:39.548    64687379  FFFFFFCBB3FFF  D16,D17,D20,D24,D26,D27
12:28:41.088    64688888  FFFFFFCFB3FFF  D16,D17,D20,D26,D27
12:28:43.914    64691702  FFFFFFCFB7FFF  D17,D20,D26,D27
12:29:00.473    64708137  FFFFFFCFB3FFF  D16,D17,D20,D26,D27
--- FW IODebug 1.2.2 2026-08-31 LIFT=5 12:29:02 ---
12:29:04.391    64712027  FFFFFFCBB3FFF  D16,D17,D20,D24,D26,D27
12:29:04.392    64712029  FFFFFFC3B3FFF  D16,D17,D20,D24,D25,D26,D27
12:29:04.392    64712034  FFFFFFD3B3FFF  D16,D17,D20,D24,D25,D27
12:29:06.435    64714055  FFFFFFD7B3FFF  D16,D17,D20,D25,D27
12:29:08.716    64716313  FFFFFFD3B3FFF  D16,D17,D20,D24,D25,D27
12:29:08.717    64716315  FFFFFFDBB3FFF  D16,D17,D20,D24,D27
12:29:10.756    64718342  FFFFFFDFB3FFF  D16,D17,D20,D27
12:29:12.110    64719687  FFFFFFC3B3FFF  D16,D17,D20,D24,D25,D26,D27
12:29:12.110    64719690  FFFFFFE3B3FFF  D16,D17,D20,D24,D25,D26
12:29:13.557    64721121  FFFFFFE7B3FFF  D16,D17,D20,D25,D26
12:29:14.943    64722506  FFFFFFE3B3FFF  D16,D17,D20,D24,D25,D26
12:29:14.945    64722508  FFFFFFEBB3FFF  D16,D17,D20,D24,D26
12:29:16.638    64724177  FFFFFFEFB3FFF  D16,D17,D20,D26
12:29:18.658    64726157  FFFFFFEBB3FFF  D16,D17,D20,D24,D26
12:29:18.658    64726159  FFFFFFE3B3FFF  D16,D17,D20,D24,D25,D26
12:29:18.658    64726165  FFFFFFF3B3FFF  D16,D17,D20,D24,D25
12:29:20.840    64728345  FFFFFFF7B3FFF  D16,D17,D20,D25
12:29:23.032    64730484  FFFFFFF3B3FFF  D16,D17,D20,D24,D25
12:29:23.032    64730485  FFFFFFFBB3FFF  D16,D17,D20,D24
12:29:23.032    64730524  FFFFFFFB93FFF  D16,D17,D19,D20,D24
12:29:23.032    64730526  FFFFFFFBD3FFF  D16,D17,D19,D24
12:29:25.942    64733420  FFFFFFFBD7FFF  D17,D19,D24
--- FW IODebug 1.2.2 2026-08-31 LIFT=5 12:29:32 ---
12:29:42.384    64749739  FFFFFFFBF7FFF  D17,D24
--- FW IODebug 1.2.2 2026-08-31 LIFT=5 12:30:02 ---
12:30:14.394    64781491  FFFFFFFBD7FFF  D17,D19,D24
12:30:15.308    64782405  FFFFFFFBD3FFF  D16,D17,D19,D24
12:30:18.948    64786017  FFFFFFF3D3FFF  D16,D17,D19,D24,D25
12:30:18.948    64786021  FFFFFFF7D3FFF  D16,D17,D19,D25
12:30:22.076    64789032  FFFFFFF7D7FFF  D17,D19,D25
12:30:22.076    64789115  FFFFFFF7F7FFF  D17,D25
--- FW IODebug 1.2.2 2026-08-31 LIFT=5 12:30:33 ---
--- FW IODebug 1.2.2 2026-08-31 LIFT=5 12:31:03 ---
12:31:22.528    64849115  FFFFFFF7F7FFF  D17,D25
--- FW IODebug 1.2.2 2026-08-31 LIFT=5 12:31:33 ---
--- FW IODebug 1.2.2 2026-08-31 LIFT=5 12:32:03 ---
12:32:22.981    64909115  FFFFFFF7F7FFF  D17,D25
--- FW IODebug 1.2.2 2026-08-31 LIFT=5 12:32:33 ---
--- FW IODebug 1.2.2 2026-08-31 LIFT=5 12:33:04 ---
12:33:22.730    64968410  FFFFFFF7FFFFF  D25
12:33:23.430    64969085  FFFFFFF7F7FFF  D17,D25
--- FW IODebug 1.2.2 2026-08-31 LIFT=5 12:33:34 ---
--- FW IODebug 1.2.2 2026-08-31 LIFT=5 12:34:04 ---
12:34:23.881    65029085  FFFFFFF7F7FFF  D17,D25
--- FW IODebug 1.2.2 2026-08-31 LIFT=5 12:34:34 ---
--- FW IODebug 1.2.2 2026-08-31 LIFT=5 12:35:05 ---
12:35:24.345    65089085  FFFFFFF7F7FFF  D17,D25
--- FW IODebug 1.2.2 2026-08-31 LIFT=5 12:35:35 ---
--- FW IODebug 1.2.2 2026-08-31 LIFT=5 12:36:05 ---
12:36:24.803    65149085  FFFFFFF7F7FFF  D17,D25
--- FW IODebug 1.2.2 2026-08-31 LIFT=5 12:36:35 ---
--- FW IODebug 1.2.2 2026-08-31 LIFT=5 12:37:06 ---
12:37:25.252    65209085  FFFFFFF7F7FFF  D17,D25
--- FW IODebug 1.2.2 2026-08-31 LIFT=5 12:37:36 ---
--- FW IODebug 1.2.2 2026-08-31 LIFT=5 12:38:06 ---
12:38:25.724    65269085  FFFFFFF7F7FFF  D17,D25
--- FW IODebug 1.2.2 2026-08-31 LIFT=5 12:38:36 ---
--- FW IODebug 1.2.2 2026-08-31 LIFT=5 12:39:06 ---
12:39:26.177    65329085  FFFFFFF7F7FFF  D17,D25
--- FW IODebug 1.2.2 2026-08-31 LIFT=5 12:39:37 ---
--- FW IODebug 1.2.2 2026-08-31 LIFT=5 12:40:07 ---
12:40:26.626    65389085  FFFFFFF7F7FFF  D17,D25
12:40:31.479    65393894  FFFFFFF7D7FFF  D17,D19,D25
12:40:32.478    65394886  FFFFFFF7D3FFF  D16,D17,D19,D25
12:40:36.572    65398934  FFFFFFF3D3FFF  D16,D17,D19,D24,D25
--- FW IODebug 1.2.2 2026-08-31 LIFT=5 12:40:37 ---
12:40:38.841    65401197  FFFFFFE3D3FFF  D16,D17,D19,D24,D25,D26
12:40:38.842    65401199  FFFFFFEBD3FFF  D16,D17,D19,D24,D26
12:40:38.842    65401201  FFFFFFEFD3FFF  D16,D17,D19,D26
12:40:40.839    65403182  FFFFFFEBD3FFF  D16,D17,D19,D24,D26
12:40:42.516    65404850  FFFFFFE3D3FFF  D16,D17,D19,D24,D25,D26
12:40:42.516    65404853  FFFFFFE7D3FFF  D16,D17,D19,D25,D26
12:40:43.913    65406238  FFFFFFE3D3FFF  D16,D17,D19,D24,D25,D26
12:40:45.377    65407668  FFFFFFC3D3FFF  D16,D17,D19,D24,D25,D26,D27
12:40:45.377    65407670  FFFFFFCBD3FFF  D16,D17,D19,D24,D26,D27
12:40:45.377    65407672  FFFFFFCFD3FFF  D16,D17,D19,D26,D27
12:40:45.377    65407674  FFFFFFDFD3FFF  D16,D17,D19,D27
12:40:46.720    65409016  FFFFFFDBD3FFF  D16,D17,D19,D24,D27
12:40:48.769    65411042  FFFFFFD3D3FFF  D16,D17,D19,D24,D25,D27
12:40:48.770    65411046  FFFFFFD7D3FFF  D16,D17,D19,D25,D27
12:40:51.026    65413304  FFFFFFD3D3FFF  D16,D17,D19,D24,D25,D27
12:40:53.402    65415328  FFFFFFC3D3FFF  D16,D17,D19,D24,D25,D26,D27
12:40:53.402    65415330  FFFFFFCBD3FFF  D16,D17,D19,D24,D26,D27
12:40:53.402    65415332  FFFFFFCFD3FFF  D16,D17,D19,D26,D27
12:40:53.403    65415488  FFFFFFCF93FFF  D16,D17,D19,D20,D26,D27
12:40:53.403    65415648  FFFFFFCFB3FFF  D16,D17,D20,D26,D27
12:40:56.466    65418701  FFFFFFCFB7FFF  D17,D20,D26,D27
--- FW IODebug 1.2.2 2026-08-31 LIFT=5 12:41:07 ---
12:41:13.030    65435137  FFFFFFCFB3FFF  D16,D17,D20,D26,D27
12:41:16.978    65439026  FFFFFFCBB3FFF  D16,D17,D20,D24,D26,D27
12:41:16.978    65439028  FFFFFFC3B3FFF  D16,D17,D20,D24,D25,D26,D27
12:41:16.978    65439033  FFFFFFD3B3FFF  D16,D17,D20,D24,D25,D27
12:41:19.226    65441293  FFFFFFD7B3FFF  D16,D17,D20,D25,D27
12:41:22.426    65444462  FFFFFFD7B7FFF  D17,D20,D25,D27
12:41:37.228    65459152  FFFFFFD7F7FFF  D17,D25,D27
--- FW IODebug 1.2.2 2026-08-31 LIFT=5 12:41:38 ---
--- FW IODebug 1.2.2 2026-08-31 LIFT=5 12:42:08 ---
12:42:09.559    65491225  FFFFFFD7B7FFF  D17,D20,D25,D27
12:42:10.461    65492136  FFFFFFD7B3FFF  D16,D17,D20,D25,D27
12:42:14.749    65496383  FFFFFFD3B3FFF  D16,D17,D20,D24,D25,D27
12:42:14.749    65496385  FFFFFFDBB3FFF  D16,D17,D20,D24,D27
12:42:16.833    65498452  FFFFFFDFB3FFF  D16,D17,D20,D27
12:42:18.211    65499797  FFFFFFDBB3FFF  D16,D17,D20,D24,D27
12:42:18.212    65499799  FFFFFFC3B3FFF  D16,D17,D20,D24,D25,D26,D27
12:42:18.212    65499801  FFFFFFE3B3FFF  D16,D17,D20,D24,D25,D26
12:42:19.588    65501191  FFFFFFE7B3FFF  D16,D17,D20,D25,D26
12:42:21.010    65502576  FFFFFFE3B3FFF  D16,D17,D20,D24,D25,D26
12:42:21.010    65502578  FFFFFFEBB3FFF  D16,D17,D20,D24,D26
12:42:22.677    65504247  FFFFFFEFB3FFF  D16,D17,D20,D26
12:42:24.720    65506268  FFFFFFEBB3FFF  D16,D17,D20,D24,D26
12:42:24.720    65506269  FFFFFFE3B3FFF  D16,D17,D20,D24,D25,D26
12:42:24.720    65506275  FFFFFFF3B3FFF  D16,D17,D20,D24,D25
12:42:26.964    65508495  FFFFFFF7B3FFF  D16,D17,D20,D25
12:42:30.667    65512062  FFFFFFF7B7FFF  D17,D20,D25
12:42:30.667    65512184  FFFFFFF7F7FFF  D17,D25
--- FW IODebug 1.2.2 2026-08-31 LIFT=5 12:42:38 ---
--- FW IODebug 1.2.2 2026-08-31 LIFT=5 12:43:08 ---
12:43:31.130    65572184  FFFFFFF7F7FFF  D17,D25
--- FW IODebug 1.2.2 2026-08-31 LIFT=5 12:43:39 ---
--- FW IODebug 1.2.2 2026-08-31 LIFT=5 12:44:09 ---
12:44:31.588    65632184  FFFFFFF7F7FFF  D17,D25
--- FW IODebug 1.2.2 2026-08-31 LIFT=5 12:44:39 ---
--- FW IODebug 1.2.2 2026-08-31 LIFT=5 12:45:09 ---
12:45:31.335    65691480  FFFFFFF7FFFFF  D25
12:45:32.009    65692156  FFFFFFF7F7FFF  D17,D25
--- FW IODebug 1.2.2 2026-08-31 LIFT=5 12:45:39 ---
--- FW IODebug 1.2.2 2026-08-31 LIFT=5 12:46:10 ---
12:46:32.498    65752156  FFFFFFF7F7FFF  D17,D25
--- FW IODebug 1.2.2 2026-08-31 LIFT=5 12:46:40 ---
--- FW IODebug 1.2.2 2026-08-31 LIFT=5 12:47:10 ---
12:47:32.931    65812156  FFFFFFF7F7FFF  D17,D25
--- FW IODebug 1.2.2 2026-08-31 LIFT=5 12:47:40 ---
--- FW IODebug 1.2.2 2026-08-31 LIFT=5 12:48:11 ---
12:48:33.398    65872156  FFFFFFF7F7FFF  D17,D25
--- FW IODebug 1.2.2 2026-08-31 LIFT=5 12:48:41 ---
--- FW IODebug 1.2.2 2026-08-31 LIFT=5 12:49:11 ---
12:49:33.855    65932156  FFFFFFF7F7FFF  D17,D25
--- FW IODebug 1.2.2 2026-08-31 LIFT=5 12:49:41 ---
--- FW IODebug 1.2.2 2026-08-31 LIFT=5 12:50:11 ---
12:50:34.331    65992156  FFFFFFF7F7FFF  D17,D25
--- FW IODebug 1.2.2 2026-08-31 LIFT=5 12:50:42 ---
--- FW IODebug 1.2.2 2026-08-31 LIFT=5 12:51:12 ---
12:51:34.790    66052156  FFFFFFF7F7FFF  D17,D25
--- FW IODebug 1.2.2 2026-08-31 LIFT=5 12:51:42 ---
--- FW IODebug 1.2.2 2026-08-31 LIFT=5 12:52:12 ---
12:52:35.244    66112156  FFFFFFF7F7FFF  D17,D25
--- FW IODebug 1.2.2 2026-08-31 LIFT=5 12:52:43 ---
--- FW IODebug 1.2.2 2026-08-31 LIFT=5 12:53:13 ---
12:53:24.724    66161262  FFFFFFF7D7FFF  D17,D19,D25
12:53:42.002    66178411  FFFFFFF7D3FFF  D16,D17,D19,D25
--- FW IODebug 1.2.2 2026-08-31 LIFT=5 12:53:43 ---
12:53:46.079    66182459  FFFFFFF3D3FFF  D16,D17,D19,D24,D25
12:53:48.360    66184722  FFFFFFE3D3FFF  D16,D17,D19,D24,D25,D26
12:53:48.360    66184724  FFFFFFEBD3FFF  D16,D17,D19,D24,D26
12:53:48.360    66184727  FFFFFFEFD3FFF  D16,D17,D19,D26
12:53:50.363    66186706  FFFFFFEBD3FFF  D16,D17,D19,D24,D26
12:53:52.056    66188375  FFFFFFE3D3FFF  D16,D17,D19,D24,D25,D26
12:53:52.056    66188378  FFFFFFE7D3FFF  D16,D17,D19,D25,D26
12:53:53.445    66189763  FFFFFFE3D3FFF  D16,D17,D19,D24,D25,D26
12:53:54.891    66191193  FFFFFFC3D3FFF  D16,D17,D19,D24,D25,D26,D27
12:53:54.891    66191194  FFFFFFCBD3FFF  D16,D17,D19,D24,D26,D27
12:53:54.891    66191197  FFFFFFCFD3FFF  D16,D17,D19,D26,D27
12:53:54.892    66191199  FFFFFFDFD3FFF  D16,D17,D19,D27
12:53:56.241    66192542  FFFFFFDBD3FFF  D16,D17,D19,D24,D27
12:53:58.285    66194567  FFFFFFD3D3FFF  D16,D17,D19,D24,D25,D27
12:53:58.285    66194570  FFFFFFD7D3FFF  D16,D17,D19,D25,D27
12:54:00.573    66196829  FFFFFFD3D3FFF  D16,D17,D19,D24,D25,D27
12:54:02.519    66198773  FFFFFFC3D3FFF  D16,D17,D19,D24,D25,D26,D27
12:54:02.520    66198775  FFFFFFCBD3FFF  D16,D17,D19,D24,D26,D27
12:54:02.520    66198778  FFFFFFCFD3FFF  D16,D17,D19,D26,D27
12:54:04.194    66200440  FFFFFFCBD3FFF  D16,D17,D19,D24,D26,D27
12:54:05.485    66201711  FFFFFFC3D3FFF  D16,D17,D19,D24,D25,D26,D27
12:54:05.485    66201715  FFFFFFC7D3FFF  D16,D17,D19,D25,D26,D27
12:54:06.769    66202981  FFFFFFC3D3FFF  D16,D17,D19,D24,D25,D26,D27
12:54:08.034    66204252  FFFFFF8BD3FFF  D16,D17,D19,D24,D26,D27,D28
12:54:08.034    66204256  FFFFFFAFD3FFF  D16,D17,D19,D26,D28
12:54:08.034    66204259  FFFFFFBFD3FFF  D16,D17,D19,D28
12:54:09.325    66205521  FFFFFFBBD3FFF  D16,D17,D19,D24,D28
12:54:10.607    66206792  FFFFFFB3D3FFF  D16,D17,D19,D24,D25,D28
12:54:10.607    66206796  FFFFFFB7D3FFF  D16,D17,D19,D25,D28
12:54:11.891    66208062  FFFFFFB3D3FFF  D16,D17,D19,D24,D25,D28
12:54:13.156    66209333  FFFFFFA3D3FFF  D16,D17,D19,D24,D25,D26,D28
12:54:13.156    66209334  FFFFFFABD3FFF  D16,D17,D19,D24,D26,D28
12:54:13.156    66209337  FFFFFFAFD3FFF  D16,D17,D19,D26,D28
--- FW IODebug 1.2.2 2026-08-31 LIFT=5 12:54:13 ---
12:54:14.443    66210603  FFFFFFABD3FFF  D16,D17,D19,D24,D26,D28
12:54:15.715    66211873  FFFFFFA3D3FFF  D16,D17,D19,D24,D25,D26,D28
12:54:15.715    66211877  FFFFFFA7D3FFF  D16,D17,D19,D25,D26,D28
12:54:16.952    66213103  FFFFFFA3D3FFF  D16,D17,D19,D24,D25,D26,D28
12:54:18.231    66214373  FFFFFF83D3FFF  D16,D17,D19,D24,D25,D26,D27,D28
12:54:18.231    66214375  FFFFFF8BD3FFF  D16,D17,D19,D24,D26,D27,D28
12:54:18.231    66214378  FFFFFF8FD3FFF  D16,D17,D19,D26,D27,D28
12:54:18.231    66214380  FFFFFF9FD3FFF  D16,D17,D19,D27,D28
12:54:19.572    66215683  FFFFFF9BD3FFF  D16,D17,D19,D24,D27,D28
12:54:20.816    66216914  FFFFFF93D3FFF  D16,D17,D19,D24,D25,D27,D28
12:54:20.816    66216918  FFFFFF97D3FFF  D16,D17,D19,D25,D27,D28
12:54:22.084    66218184  FFFFFF93D3FFF  D16,D17,D19,D24,D25,D27,D28
12:54:23.366    66219454  FFFFFF83D3FFF  D16,D17,D19,D24,D25,D26,D27,D28
12:54:23.366    66219456  FFFFFF8BD3FFF  D16,D17,D19,D24,D26,D27,D28
12:54:23.366    66219459  FFFFFF8FD3FFF  D16,D17,D19,D26,D27,D28
12:54:24.671    66220764  FFFFFF8BD3FFF  D16,D17,D19,D24,D26,D27,D28
12:54:25.962    66222034  FFFFFF83D3FFF  D16,D17,D19,D24,D25,D26,D27,D28
12:54:25.962    66222039  FFFFFF87D3FFF  D16,D17,D19,D25,D26,D27,D28
12:54:27.192    66223265  FFFFFF83D3FFF  D16,D17,D19,D24,D25,D26,D27,D28
12:54:28.482    66224536  FFFFFF0BD3FFF  D16,D17,D19,D24,D26,D27,D28,D29
12:54:28.483    66224538  FFFFFF4BD3FFF  D16,D17,D19,D24,D26,D27,D29
12:54:28.483    66224539  FFFFFF6FD3FFF  D16,D17,D19,D26,D29
12:54:28.483    66224542  FFFFFF7FD3FFF  D16,D17,D19,D29
12:54:29.765    66225806  FFFFFF7BD3FFF  D16,D17,D19,D24,D29
12:54:31.038    66227077  FFFFFF73D3FFF  D16,D17,D19,D24,D25,D29
12:54:31.038    66227080  FFFFFF77D3FFF  D16,D17,D19,D25,D29
12:54:32.316    66228346  FFFFFF73D3FFF  D16,D17,D19,D24,D25,D29
12:54:33.610    66229616  FFFFFF63D3FFF  D16,D17,D19,D24,D25,D26,D29
12:54:33.610    66229618  FFFFFF6BD3FFF  D16,D17,D19,D24,D26,D29
12:54:33.610    66229620  FFFFFF6FD3FFF  D16,D17,D19,D26,D29
12:54:34.869    66230886  FFFFFF6BD3FFF  D16,D17,D19,D24,D26,D29
12:54:36.403    66232395  FFFFFF63D3FFF  D16,D17,D19,D24,D25,D26,D29
12:54:36.403    66232399  FFFFFF67D3FFF  D16,D17,D19,D25,D26,D29
12:54:39.241    66235211  FFFFFF67D7FFF  D17,D19,D25,D26,D29
--- FW IODebug 1.2.2 2026-08-31 LIFT=5 12:54:44 ---
12:54:53.995    66249863  FFFFFF67F7FFF  D17,D25,D26,D29
--- FW IODebug 1.2.2 2026-08-31 LIFT=5 12:55:14 ---
12:55:26.318    66281935  FFFFFF67B7FFF  D17,D20,D25,D26,D29
12:55:27.223    66282846  FFFFFF67B3FFF  D16,D17,D20,D25,D26,D29
12:55:30.605    66286180  FFFFFF63B3FFF  D16,D17,D20,D24,D25,D26,D29
12:55:30.605    66286182  FFFFFF6BB3FFF  D16,D17,D20,D24,D26,D29
12:55:32.128    66287693  FFFFFF6FB3FFF  D16,D17,D20,D26,D29
12:55:33.425    66288959  FFFFFF6BB3FFF  D16,D17,D20,D24,D26,D29
12:55:33.425    66288961  FFFFFF63B3FFF  D16,D17,D20,D24,D25,D26,D29
12:55:33.425    66288966  FFFFFF73B3FFF  D16,D17,D20,D24,D25,D29
12:55:34.641    66290194  FFFFFF77B3FFF  D16,D17,D20,D25,D29
12:55:35.922    66291460  FFFFFF73B3FFF  D16,D17,D20,D24,D25,D29
12:55:35.923    66291462  FFFFFF7BB3FFF  D16,D17,D20,D24,D29
12:55:37.197    66292734  FFFFFF7FB3FFF  D16,D17,D20,D29
12:55:38.478    66294000  FFFFFF7BB3FFF  D16,D17,D20,D24,D29
12:55:38.478    66294002  FFFFFF83B3FFF  D16,D17,D20,D24,D25,D26,D27,D28
12:55:39.761    66295275  FFFFFF87B3FFF  D16,D17,D20,D25,D26,D27,D28
12:55:41.037    66296541  FFFFFF83B3FFF  D16,D17,D20,D24,D25,D26,D27,D28
12:55:41.037    66296543  FFFFFF8BB3FFF  D16,D17,D20,D24,D26,D27,D28
12:55:42.325    66297816  FFFFFF8FB3FFF  D16,D17,D20,D26,D27,D28
12:55:43.614    66299081  FFFFFF8BB3FFF  D16,D17,D20,D24,D26,D27,D28
12:55:43.615    66299082  FFFFFF83B3FFF  D16,D17,D20,D24,D25,D26,D27,D28
12:55:43.615    66299087  FFFFFF93B3FFF  D16,D17,D20,D24,D25,D27,D28
--- FW IODebug 1.2.2 2026-08-31 LIFT=5 12:55:44 ---
12:55:44.879    66300355  FFFFFF97B3FFF  D16,D17,D20,D25,D27,D28
12:55:46.164    66301622  FFFFFF93B3FFF  D16,D17,D20,D24,D25,D27,D28
12:55:46.166    66301623  FFFFFF9BB3FFF  D16,D17,D20,D24,D27,D28
12:55:47.447    66302896  FFFFFF9FB3FFF  D16,D17,D20,D27,D28
12:55:48.719    66304161  FFFFFF8BB3FFF  D16,D17,D20,D24,D26,D27,D28
12:55:48.720    66304163  FFFFFF83B3FFF  D16,D17,D20,D24,D25,D26,D27,D28
12:55:48.720    66304165  FFFFFFA3B3FFF  D16,D17,D20,D24,D25,D26,D28
12:55:50.017    66305436  FFFFFFA7B3FFF  D16,D17,D20,D25,D26,D28
12:55:51.275    66306702  FFFFFFA3B3FFF  D16,D17,D20,D24,D25,D26,D28
12:55:51.275    66306704  FFFFFFABB3FFF  D16,D17,D20,D24,D26,D28
12:55:52.554    66307977  FFFFFFAFB3FFF  D16,D17,D20,D26,D28
12:55:53.841    66309242  FFFFFFABB3FFF  D16,D17,D20,D24,D26,D28
12:55:53.841    66309244  FFFFFFA3B3FFF  D16,D17,D20,D24,D25,D26,D28
12:55:53.842    66309250  FFFFFFB3B3FFF  D16,D17,D20,D24,D25,D28
12:55:55.118    66310517  FFFFFFB7B3FFF  D16,D17,D20,D25,D28
12:55:56.407    66311783  FFFFFFB3B3FFF  D16,D17,D20,D24,D25,D28
12:55:56.407    66311785  FFFFFFBBB3FFF  D16,D17,D20,D24,D28
12:55:57.689    66313058  FFFFFFBFB3FFF  D16,D17,D20,D28
12:55:58.956    66314323  FFFFFFA3B3FFF  D16,D17,D20,D24,D25,D26,D28
12:55:58.957    66314326  FFFFFFC3B3FFF  D16,D17,D20,D24,D25,D26,D27
12:56:00.224    66315598  FFFFFFC7B3FFF  D16,D17,D20,D25,D26,D27
12:56:01.529    66316864  FFFFFFC3B3FFF  D16,D17,D20,D24,D25,D26,D27
12:56:01.530    66316866  FFFFFFCBB3FFF  D16,D17,D20,D24,D26,D27
12:56:02.766    66318099  FFFFFFCFB3FFF  D16,D17,D20,D26,D27
12:56:04.453    66319762  FFFFFFCBB3FFF  D16,D17,D20,D24,D26,D27
12:56:04.453    66319764  FFFFFFC3B3FFF  D16,D17,D20,D24,D25,D26,D27
12:56:04.453    66319769  FFFFFFD3B3FFF  D16,D17,D20,D24,D25,D27
12:56:06.434    66321751  FFFFFFD7B3FFF  D16,D17,D20,D25,D27
12:56:08.704    66324008  FFFFFFD3B3FFF  D16,D17,D20,D24,D25,D27
12:56:08.704    66324011  FFFFFFDBB3FFF  D16,D17,D20,D24,D27
12:56:10.747    66326037  FFFFFFDFB3FFF  D16,D17,D20,D27
12:56:12.111    66327383  FFFFFFCBB3FFF  D16,D17,D20,D24,D26,D27
12:56:12.111    66327385  FFFFFFC3B3FFF  D16,D17,D20,D24,D25,D26,D27
12:56:12.112    66327387  FFFFFFE3B3FFF  D16,D17,D20,D24,D25,D26
12:56:13.515    66328776  FFFFFFE7B3FFF  D16,D17,D20,D25,D26
--- FW IODebug 1.2.2 2026-08-31 LIFT=5 12:56:14 ---
12:56:14.929    66330162  FFFFFFE3B3FFF  D16,D17,D20,D24,D25,D26
12:56:14.929    66330164  FFFFFFEBB3FFF  D16,D17,D20,D24,D26
12:56:16.593    66331833  FFFFFFEFB3FFF  D16,D17,D20,D26
12:56:18.627    66333853  FFFFFFEBB3FFF  D16,D17,D20,D24,D26
12:56:18.627    66333855  FFFFFFE3B3FFF  D16,D17,D20,D24,D25,D26
12:56:18.627    66333860  FFFFFFF3B3FFF  D16,D17,D20,D24,D25
12:56:20.891    66336080  FFFFFFF7B3FFF  D16,D17,D20,D25
12:56:24.569    66339647  FFFFFFF7B7FFF  D17,D20,D25
12:56:24.570    66339730  FFFFFFF7F7FFF  D17,D25
--- FW IODebug 1.2.2 2026-08-31 LIFT=5 12:56:44 ---
--- FW IODebug 1.2.2 2026-08-31 LIFT=5 12:57:15 ---
12:57:25.001    66399730  FFFFFFF7F7FFF  D17,D25
--- FW IODebug 1.2.2 2026-08-31 LIFT=5 12:57:45 ---
--- FW IODebug 1.2.2 2026-08-31 LIFT=5 12:58:15 ---
12:58:25.472    66459730  FFFFFFF7F7FFF  D17,D25
--- FW IODebug 1.2.2 2026-08-31 LIFT=5 12:58:45 ---
--- FW IODebug 1.2.2 2026-08-31 LIFT=5 12:59:16 ---
12:59:25.214    66519025  FFFFFFF7FFFFF  D25
12:59:25.906    66519702  FFFFFFF7F7FFF  D17,D25
--- FW IODebug 1.2.2 2026-08-31 LIFT=5 12:59:46 ---
--- FW IODebug 1.2.2 2026-08-31 LIFT=5 13:00:16 ---
13:00:26.366    66579702  FFFFFFF7F7FFF  D17,D25
--- FW IODebug 1.2.2 2026-08-31 LIFT=5 13:00:46 ---
--- FW IODebug 1.2.2 2026-08-31 LIFT=5 13:01:17 ---
13:01:26.821    66639702  FFFFFFF7F7FFF  D17,D25
--- FW IODebug 1.2.2 2026-08-31 LIFT=5 13:01:47 ---
--- FW IODebug 1.2.2 2026-08-31 LIFT=5 13:02:17 ---
13:02:27.278    66699702  FFFFFFF7F7FFF  D17,D25
13:02:33.795    66706155  FFFFFFF7E7FFF  D17,D18,D25
13:02:33.795    66706157  FFFFFFF7F7FFF  D17,D25
--- FW IODebug 1.2.2 2026-08-31 LIFT=5 13:02:47 ---
--- FW IODebug 1.2.2 2026-08-31 LIFT=5 13:03:17 ---
13:03:34.256    66766157  FFFFFFF7F7FFF  D17,D25
--- FW IODebug 1.2.2 2026-08-31 LIFT=5 13:03:48 ---
--- FW IODebug 1.2.2 2026-08-31 LIFT=5 13:04:18 ---
13:04:34.692    66826157  FFFFFFF7F7FFF  D17,D25
--- FW IODebug 1.2.2 2026-08-31 LIFT=5 13:04:48 ---
13:04:49.807    66841146  FFFFFFF7D7FFF  D17,D19,D25
13:04:50.851    66842179  FFFFFFF7D3FFF  D16,D17,D19,D25
13:04:54.927    66846227  FFFFFFF3D3FFF  D16,D17,D19,D24,D25
13:04:57.212    66848490  FFFFFFE3D3FFF  D16,D17,D19,D24,D25,D26
13:04:57.212    66848491  FFFFFFEBD3FFF  D16,D17,D19,D24,D26
13:04:57.212    66848494  FFFFFFEFD3FFF  D16,D17,D19,D26
13:04:59.215    66850475  FFFFFFEBD3FFF  D16,D17,D19,D24,D26
13:05:00.892    66852142  FFFFFFE3D3FFF  D16,D17,D19,D24,D25,D26
13:05:00.892    66852146  FFFFFFE7D3FFF  D16,D17,D19,D25,D26
13:05:02.284    66853530  FFFFFFE3D3FFF  D16,D17,D19,D24,D25,D26
13:05:03.748    66854960  FFFFFFC3D3FFF  D16,D17,D19,D24,D25,D26,D27
13:05:03.748    66854962  FFFFFFCBD3FFF  D16,D17,D19,D24,D26,D27
13:05:03.748    66854964  FFFFFFCFD3FFF  D16,D17,D19,D26,D27
13:05:03.748    66854967  FFFFFFDFD3FFF  D16,D17,D19,D27
13:05:05.076    66856309  FFFFFFDBD3FFF  D16,D17,D19,D24,D27
13:05:07.156    66858334  FFFFFFD3D3FFF  D16,D17,D19,D24,D25,D27
13:05:07.156    66858338  FFFFFFD7D3FFF  D16,D17,D19,D25,D27
13:05:09.411    66860597  FFFFFFD3D3FFF  D16,D17,D19,D24,D25,D27
13:05:11.375    66862541  FFFFFFC3D3FFF  D16,D17,D19,D24,D25,D26,D27
13:05:11.376    66862543  FFFFFFCBD3FFF  D16,D17,D19,D24,D26,D27
13:05:11.376    66862545  FFFFFFCFD3FFF  D16,D17,D19,D26,D27
13:05:13.047    66864208  FFFFFFCBD3FFF  D16,D17,D19,D24,D26,D27
13:05:14.340    66865479  FFFFFFC3D3FFF  D16,D17,D19,D24,D25,D26,D27
13:05:14.340    66865482  FFFFFFC7D3FFF  D16,D17,D19,D25,D26,D27
13:05:15.601    66866749  FFFFFFC3D3FFF  D16,D17,D19,D24,D25,D26,D27
13:05:16.890    66868020  FFFFFF83D3FFF  D16,D17,D19,D24,D25,D26,D27,D28
13:05:16.891    66868022  FFFFFF8BD3FFF  D16,D17,D19,D24,D26,D27,D28
13:05:16.891    66868023  FFFFFFAFD3FFF  D16,D17,D19,D26,D28
13:05:16.891    66868026  FFFFFFBFD3FFF  D16,D17,D19,D28
13:05:18.158    66869289  FFFFFFBBD3FFF  D16,D17,D19,D24,D28
--- FW IODebug 1.2.2 2026-08-31 LIFT=5 13:05:18 ---
13:05:19.444    66870559  FFFFFFB3D3FFF  D16,D17,D19,D24,D25,D28
13:05:19.444    66870563  FFFFFFB7D3FFF  D16,D17,D19,D25,D28
13:05:20.739    66871829  FFFFFFB3D3FFF  D16,D17,D19,D24,D25,D28
13:05:22.019    66873100  FFFFFFA3D3FFF  D16,D17,D19,D24,D25,D26,D28
13:05:22.019    66873102  FFFFFFABD3FFF  D16,D17,D19,D24,D26,D28
13:05:22.020    66873104  FFFFFFAFD3FFF  D16,D17,D19,D26,D28
13:05:23.279    66874370  FFFFFFABD3FFF  D16,D17,D19,D24,D26,D28
13:05:24.997    66875879  FFFFFFA3D3FFF  D16,D17,D19,D24,D25,D26,D28
13:05:24.997    66875883  FFFFFFA7D3FFF  D16,D17,D19,D25,D26,D28
13:05:24.997    66875919  FFFFFFA793FFF  D16,D17,D19,D20,D25,D26,D28
13:05:24.997    66876080  FFFFFFA7B3FFF  D16,D17,D20,D25,D26,D28
13:05:27.692    66878736  FFFFFFA7B7FFF  D17,D20,D25,D26,D28
13:05:44.214    66895131  FFFFFFA7B3FFF  D16,D17,D20,D25,D26,D28
13:05:47.566    66898464  FFFFFFA3B3FFF  D16,D17,D20,D24,D25,D26,D28
13:05:47.567    66898466  FFFFFFABB3FFF  D16,D17,D20,D24,D26,D28
13:05:49.114    66899977  FFFFFFAFB3FFF  D16,D17,D20,D26,D28
--- FW IODebug 1.2.2 2026-08-31 LIFT=5 13:05:49 ---
13:05:50.374    66901242  FFFFFFABB3FFF  D16,D17,D20,D24,D26,D28
13:05:50.376    66901244  FFFFFFA3B3FFF  D16,D17,D20,D24,D25,D26,D28
13:05:50.376    66901250  FFFFFFB3B3FFF  D16,D17,D20,D24,D25,D28
13:05:51.662    66902517  FFFFFFB7B3FFF  D16,D17,D20,D25,D28
13:05:52.927    66903784  FFFFFFB3B3FFF  D16,D17,D20,D24,D25,D28
13:05:52.928    66903785  FFFFFFBBB3FFF  D16,D17,D20,D24,D28
13:05:54.165    66905018  FFFFFFBFB3FFF  D16,D17,D20,D28
13:05:55.444    66906285  FFFFFF8BB3FFF  D16,D17,D20,D24,D26,D27,D28
13:05:55.445    66906286  FFFFFFC3B3FFF  D16,D17,D20,D24,D25,D26,D27
13:05:56.739    66907558  FFFFFFC7B3FFF  D16,D17,D20,D25,D26,D27
13:05:58.014    66908824  FFFFFFC3B3FFF  D16,D17,D20,D24,D25,D26,D27
13:05:58.014    66908826  FFFFFFCBB3FFF  D16,D17,D20,D24,D26,D27
13:05:59.291    66910099  FFFFFFCFB3FFF  D16,D17,D20,D26,D27
13:06:00.971    66911762  FFFFFFCBB3FFF  D16,D17,D20,D24,D26,D27
13:06:00.971    66911764  FFFFFFC3B3FFF  D16,D17,D20,D24,D25,D26,D27
13:06:00.972    66911769  FFFFFFD3B3FFF  D16,D17,D20,D24,D25,D27
13:06:03.064    66913830  FFFFFFD7B3FFF  D16,D17,D20,D25,D27
13:06:06.284    66917041  FFFFFFD7B7FFF  D17,D20,D25,D27
--- FW IODebug 1.2.2 2026-08-31 LIFT=5 13:06:19 ---
13:06:21.379    66932007  FFFFFFD7B3FFF  D16,D17,D20,D25,D27
13:06:25.641    66936253  FFFFFFD3B3FFF  D16,D17,D20,D24,D25,D27
13:06:25.641    66936255  FFFFFFDBB3FFF  D16,D17,D20,D24,D27
13:06:27.691    66938283  FFFFFFDFB3FFF  D16,D17,D20,D27
13:06:29.055    66939627  FFFFFFDBB3FFF  D16,D17,D20,D24,D27
13:06:29.055    66939629  FFFFFFC3B3FFF  D16,D17,D20,D24,D25,D26,D27
13:06:29.055    66939631  FFFFFFE3B3FFF  D16,D17,D20,D24,D25,D26
13:06:30.486    66941061  FFFFFFE7B3FFF  D16,D17,D20,D25,D26
13:06:31.886    66942445  FFFFFFE3B3FFF  D16,D17,D20,D24,D25,D26
13:06:31.887    66942447  FFFFFFEBB3FFF  D16,D17,D20,D24,D26
13:06:33.559    66944117  FFFFFFEFB3FFF  D16,D17,D20,D26
13:06:35.609    66946138  FFFFFFEBB3FFF  D16,D17,D20,D24,D26
13:06:35.609    66946139  FFFFFFE3B3FFF  D16,D17,D20,D24,D25,D26
13:06:35.609    66946145  FFFFFFF3B3FFF  D16,D17,D20,D24,D25
13:06:37.852    66948365  FFFFFFF7B3FFF  D16,D17,D20,D25
13:06:41.406    66951891  FFFFFFF7B7FFF  D17,D20,D25
--- FW IODebug 1.2.2 2026-08-31 LIFT=5 13:06:49 ---
13:06:56.366    66966582  FFFFFFF7F7FFF  D17,D25
13:06:56.366    66966739  FFFFFFF7D7FFF  D17,D19,D25
13:06:57.166    66967533  FFFFFFF7D3FFF  D16,D17,D19,D25
13:07:01.230    66971581  FFFFFFF3D3FFF  D16,D17,D19,D24,D25
13:07:03.526    66973844  FFFFFFE3D3FFF  D16,D17,D19,D24,D25,D26
13:07:03.526    66973846  FFFFFFEBD3FFF  D16,D17,D19,D24,D26
13:07:03.526    66973848  FFFFFFEFD3FFF  D16,D17,D19,D26
13:07:05.528    66975828  FFFFFFEBD3FFF  D16,D17,D19,D24,D26
13:07:07.207    66977497  FFFFFFE3D3FFF  D16,D17,D19,D24,D25,D26
13:07:07.208    66977501  FFFFFFE7D3FFF  D16,D17,D19,D25,D26
13:07:08.597    66978884  FFFFFFE3D3FFF  D16,D17,D19,D24,D25,D26
13:07:10.039    66980314  FFFFFFC3D3FFF  D16,D17,D19,D24,D25,D26,D27
13:07:10.039    66980316  FFFFFFCBD3FFF  D16,D17,D19,D24,D26,D27
13:07:10.039    66980319  FFFFFFCFD3FFF  D16,D17,D19,D26,D27
13:07:10.040    66980321  FFFFFFDFD3FFF  D16,D17,D19,D27
13:07:11.393    66981663  FFFFFFDBD3FFF  D16,D17,D19,D24,D27
13:07:13.449    66983688  FFFFFFD3D3FFF  D16,D17,D19,D24,D25,D27
13:07:13.449    66983693  FFFFFFD7D3FFF  D16,D17,D19,D25,D27
13:07:15.723    66985951  FFFFFFD3D3FFF  D16,D17,D19,D24,D25,D27
13:07:17.672    66987895  FFFFFFC3D3FFF  D16,D17,D19,D24,D25,D26,D27
13:07:17.672    66987897  FFFFFFCBD3FFF  D16,D17,D19,D24,D26,D27
13:07:17.672    66987900  FFFFFFCFD3FFF  D16,D17,D19,D26,D27
13:07:19.800    66989562  FFFFFFCBD3FFF  D16,D17,D19,D24,D26,D27
--- FW IODebug 1.2.2 2026-08-31 LIFT=5 13:07:19 ---
13:07:20.657    66990834  FFFFFFC3D3FFF  D16,D17,D19,D24,D25,D26,D27
13:07:20.659    66990837  FFFFFFC7D3FFF  D16,D17,D19,D25,D26,D27
13:07:21.911    66992103  FFFFFFC3D3FFF  D16,D17,D19,D24,D25,D26,D27
13:07:23.216    66993374  FFFFFF8BD3FFF  D16,D17,D19,D24,D26,D27,D28
13:07:23.216    66993377  FFFFFFABD3FFF  D16,D17,D19,D24,D26,D28
13:07:23.216    66993379  FFFFFFAFD3FFF  D16,D17,D19,D26,D28
13:07:23.216    66993381  FFFFFFBFD3FFF  D16,D17,D19,D28
13:07:24.471    66994643  FFFFFFBBD3FFF  D16,D17,D19,D24,D28
13:07:25.762    66995914  FFFFFFB3D3FFF  D16,D17,D19,D24,D25,D28
13:07:25.763    66995918  FFFFFFB7D3FFF  D16,D17,D19,D25,D28
13:07:27.039    66997184  FFFFFFB3D3FFF  D16,D17,D19,D24,D25,D28
13:07:28.322    66998455  FFFFFFA3D3FFF  D16,D17,D19,D24,D25,D26,D28
13:07:28.322    66998456  FFFFFFABD3FFF  D16,D17,D19,D24,D26,D28
13:07:28.322    66998459  FFFFFFAFD3FFF  D16,D17,D19,D26,D28
13:07:29.596    66999725  FFFFFFABD3FFF  D16,D17,D19,D24,D26,D28
13:07:31.116    67001234  FFFFFFA3D3FFF  D16,D17,D19,D24,D25,D26,D28
13:07:31.116    67001237  FFFFFFA7D3FFF  D16,D17,D19,D25,D26,D28
13:07:33.957    67004050  FFFFFFA7D7FFF  D17,D19,D25,D26,D28
13:07:50.040    67019614  FFFFFFA7F7FFF  D17,D25,D26,D28
--- FW IODebug 1.2.2 2026-08-31 LIFT=5 13:07:50 ---
--- FW IODebug 1.2.2 2026-08-31 LIFT=5 13:08:20 ---
13:08:21.961    67051685  FFFFFFA7B7FFF  D17,D20,D25,D26,D28
13:08:22.873    67052598  FFFFFFA7B3FFF  D16,D17,D20,D25,D26,D28
13:08:26.245    67055931  FFFFFFA3B3FFF  D16,D17,D20,D24,D25,D26,D28
13:08:26.245    67055933  FFFFFFABB3FFF  D16,D17,D20,D24,D26,D28
13:08:27.757    67057444  FFFFFFAFB3FFF  D16,D17,D20,D26,D28
13:08:29.045    67058710  FFFFFFABB3FFF  D16,D17,D20,D24,D26,D28
13:08:29.045    67058712  FFFFFFA3B3FFF  D16,D17,D20,D24,D25,D26,D28
13:08:29.046    67058717  FFFFFFB3B3FFF  D16,D17,D20,D24,D25,D28
13:08:30.312    67059985  FFFFFFB7B3FFF  D16,D17,D20,D25,D28
13:08:31.554    67061211  FFFFFFB3B3FFF  D16,D17,D20,D24,D25,D28
13:08:31.554    67061213  FFFFFFBBB3FFF  D16,D17,D20,D24,D28
13:08:32.842    67062486  FFFFFFBFB3FFF  D16,D17,D20,D28
13:08:34.116    67063751  FFFFFF83B3FFF  D16,D17,D20,D24,D25,D26,D27,D28
13:08:34.117    67063753  FFFFFFC3B3FFF  D16,D17,D20,D24,D25,D26,D27
13:08:35.389    67065026  FFFFFFC7B3FFF  D16,D17,D20,D25,D26,D27
13:08:36.676    67066291  FFFFFFC3B3FFF  D16,D17,D20,D24,D25,D26,D27
13:08:36.676    67066293  FFFFFFCBB3FFF  D16,D17,D20,D24,D26,D27
13:08:37.960    67067567  FFFFFFCFB3FFF  D16,D17,D20,D26,D27
13:08:39.644    67069229  FFFFFFCBB3FFF  D16,D17,D20,D24,D26,D27
13:08:39.644    67069231  FFFFFFC3B3FFF  D16,D17,D20,D24,D25,D26,D27
13:08:39.644    67069237  FFFFFFD3B3FFF  D16,D17,D20,D24,D25,D27
13:08:41.599    67071178  FFFFFFD7B3FFF  D16,D17,D20,D25,D27
13:08:43.870    67073437  FFFFFFD3B3FFF  D16,D17,D20,D24,D25,D27
13:08:43.870    67073439  FFFFFFDBB3FFF  D16,D17,D20,D24,D27
13:08:45.934    67075466  FFFFFFDFB3FFF  D16,D17,D20,D27
13:08:47.287    67076810  FFFFFFCBB3FFF  D16,D17,D20,D24,D26,D27
13:08:47.287    67076812  FFFFFFC3B3FFF  D16,D17,D20,D24,D25,D26,D27
13:08:47.287    67076814  FFFFFFE3B3FFF  D16,D17,D20,D24,D25,D26
13:08:48.719    67078244  FFFFFFE7B3FFF  D16,D17,D20,D25,D26
13:08:50.499    67079629  FFFFFFE3B3FFF  D16,D17,D20,D24,D25,D26
13:08:50.499    67079630  FFFFFFEBB3FFF  D16,D17,D20,D24,D26
--- FW IODebug 1.2.2 2026-08-31 LIFT=5 13:08:50 ---
13:08:51.814    67081300  FFFFFFEFB3FFF  D16,D17,D20,D26
13:08:53.802    67083281  FFFFFFEBB3FFF  D16,D17,D20,D24,D26
13:08:53.802    67083283  FFFFFFE3B3FFF  D16,D17,D20,D24,D25,D26
13:08:53.802    67083288  FFFFFFF3B3FFF  D16,D17,D20,D24,D25
13:08:56.068    67085548  FFFFFFF7B3FFF  D16,D17,D20,D25
13:08:59.872    67089075  FFFFFFF7B7FFF  D17,D20,D25
13:08:59.872    67089158  FFFFFFF7F7FFF  D17,D25
13:08:59.872    67089315  FFFFFFF7D7FFF  D17,D19,D25
13:09:03.769    67093166  FFFFFFF7D3FFF  D16,D17,D19,D25
13:09:07.836    67097213  FFFFFFF3D3FFF  D16,D17,D19,D24,D25
13:09:10.135    67099476  FFFFFFE3D3FFF  D16,D17,D19,D24,D25,D26
13:09:10.136    67099479  FFFFFFEBD3FFF  D16,D17,D19,D24,D26
13:09:10.136    67099481  FFFFFFEFD3FFF  D16,D17,D19,D26
13:09:12.118    67101461  FFFFFFEBD3FFF  D16,D17,D19,D24,D26
13:09:13.798    67103128  FFFFFFE3D3FFF  D16,D17,D19,D24,D25,D26
13:09:13.799    67103132  FFFFFFE7D3FFF  D16,D17,D19,D25,D26
13:09:15.192    67104518  FFFFFFE3D3FFF  D16,D17,D19,D24,D25,D26
13:09:16.647    67105947  FFFFFFC3D3FFF  D16,D17,D19,D24,D25,D26,D27
13:09:16.647    67105949  FFFFFFCBD3FFF  D16,D17,D19,D24,D26,D27
13:09:16.647    67105950  FFFFFFCFD3FFF  D16,D17,D19,D26,D27
13:09:16.647    67105953  FFFFFFDFD3FFF  D16,D17,D19,D27
13:09:17.986    67107296  FFFFFFDBD3FFF  D16,D17,D19,D24,D27
13:09:20.032    67109321  FFFFFFD3D3FFF  D16,D17,D19,D24,D25,D27
13:09:20.033    67109325  FFFFFFD7D3FFF  D16,D17,D19,D25,D27
--- FW IODebug 1.2.2 2026-08-31 LIFT=5 13:09:20 ---
13:09:22.317    67111583  FFFFFFD3D3FFF  D16,D17,D19,D24,D25,D27
13:09:24.295    67113529  FFFFFFC3D3FFF  D16,D17,D19,D24,D25,D26,D27
13:09:24.295    67113531  FFFFFFCBD3FFF  D16,D17,D19,D24,D26,D27
13:09:24.295    67113533  FFFFFFCFD3FFF  D16,D17,D19,D26,D27
13:09:25.959    67115195  FFFFFFCBD3FFF  D16,D17,D19,D24,D26,D27
13:09:27.245    67116467  FFFFFFC3D3FFF  D16,D17,D19,D24,D25,D26,D27
13:09:27.245    67116470  FFFFFFC7D3FFF  D16,D17,D19,D25,D26,D27
13:09:28.521    67117735  FFFFFFC3D3FFF  D16,D17,D19,D24,D25,D26,D27
13:09:29.809    67119006  FFFFFF83D3FFF  D16,D17,D19,D24,D25,D26,D27,D28
13:09:29.809    67119008  FFFFFFABD3FFF  D16,D17,D19,D24,D26,D28
13:09:29.810    67119010  FFFFFFAFD3FFF  D16,D17,D19,D26,D28
13:09:29.810    67119012  FFFFFFBFD3FFF  D16,D17,D19,D28
13:09:31.077    67120276  FFFFFFBBD3FFF  D16,D17,D19,D24,D28
13:09:32.362    67121547  FFFFFFB3D3FFF  D16,D17,D19,D24,D25,D28
13:09:32.363    67121550  FFFFFFB7D3FFF  D16,D17,D19,D25,D28
13:09:33.637    67122817  FFFFFFB3D3FFF  D16,D17,D19,D24,D25,D28
13:09:34.931    67124087  FFFFFFA3D3FFF  D16,D17,D19,D24,D25,D26,D28
13:09:34.931    67124088  FFFFFFABD3FFF  D16,D17,D19,D24,D26,D28
13:09:34.931    67124091  FFFFFFAFD3FFF  D16,D17,D19,D26,D28
13:09:36.207    67125357  FFFFFFABD3FFF  D16,D17,D19,D24,D26,D28
13:09:37.951    67126865  FFFFFFA3D3FFF  D16,D17,D19,D24,D25,D26,D28
13:09:37.951    67126870  FFFFFFA7D3FFF  D16,D17,D19,D25,D26,D28
13:09:37.952    67126946  FFFFFFA793FFF  D16,D17,D19,D20,D25,D26,D28
13:09:37.952    67127106  FFFFFFA7B3FFF  D16,D17,D20,D25,D26,D28
13:09:40.552    67129682  FFFFFFA7B7FFF  D17,D20,D25,D26,D28
--- FW IODebug 1.2.2 2026-08-31 LIFT=5 13:09:50 ---
13:09:53.348    67142387  FFFFFFA7B3FFF  D16,D17,D20,D25,D26,D28
13:09:56.721    67145720  FFFFFFA3B3FFF  D16,D17,D20,D24,D25,D26,D28
13:09:56.721    67145721  FFFFFFABB3FFF  D16,D17,D20,D24,D26,D28
13:09:58.228    67147233  FFFFFFAFB3FFF  D16,D17,D20,D26,D28
13:09:59.512    67148498  FFFFFFA3B3FFF  D16,D17,D20,D24,D25,D26,D28
13:09:59.512    67148506  FFFFFFB3B3FFF  D16,D17,D20,D24,D25,D28
13:10:00.806    67149773  FFFFFFB7B3FFF  D16,D17,D20,D25,D28
13:10:02.065    67151039  FFFFFFB3B3FFF  D16,D17,D20,D24,D25,D28
13:10:02.065    67151041  FFFFFFBBB3FFF  D16,D17,D20,D24,D28
13:10:03.320    67152274  FFFFFFBFB3FFF  D16,D17,D20,D28
13:10:04.599    67153540  FFFFFFA3B3FFF  D16,D17,D20,D24,D25,D26,D28
13:10:04.600    67153542  FFFFFFC3B3FFF  D16,D17,D20,D24,D25,D26,D27
13:10:05.868    67154814  FFFFFFC7B3FFF  D16,D17,D20,D25,D26,D27
13:10:07.149    67156080  FFFFFFC3B3FFF  D16,D17,D20,D24,D25,D26,D27
13:10:07.149    67156082  FFFFFFCBB3FFF  D16,D17,D20,D24,D26,D27
13:10:08.451    67157355  FFFFFFCFB3FFF  D16,D17,D20,D26,D27
13:10:10.115    67159017  FFFFFFCBB3FFF  D16,D17,D20,D24,D26,D27
13:10:10.116    67159019  FFFFFFC3B3FFF  D16,D17,D20,D24,D25,D26,D27
13:10:10.116    67159024  FFFFFFD3B3FFF  D16,D17,D20,D24,D25,D27
13:10:12.080    67160967  FFFFFFD7B3FFF  D16,D17,D20,D25,D27
13:10:14.363    67163226  FFFFFFD3B3FFF  D16,D17,D20,D24,D25,D27
13:10:14.363    67163227  FFFFFFDBB3FFF  D16,D17,D20,D24,D27
13:10:16.404    67165253  FFFFFFDFB3FFF  D16,D17,D20,D27
13:10:17.750    67166599  FFFFFFD3B3FFF  D16,D17,D20,D24,D25,D27
13:10:17.750    67166601  FFFFFFC3B3FFF  D16,D17,D20,D24,D25,D26,D27
13:10:17.750    67166603  FFFFFFE3B3FFF  D16,D17,D20,D24,D25,D26
13:10:19.199    67168032  FFFFFFE7B3FFF  D16,D17,D20,D25,D26
13:10:20.601    67169418  FFFFFFE3B3FFF  D16,D17,D20,D24,D25,D26
13:10:20.602    67169420  FFFFFFEBB3FFF  D16,D17,D20,D24,D26
--- FW IODebug 1.2.2 2026-08-31 LIFT=5 13:10:21 ---
13:10:22.273    67171089  FFFFFFEFB3FFF  D16,D17,D20,D26
13:10:24.330    67173109  FFFFFFEBB3FFF  D16,D17,D20,D24,D26
13:10:24.330    67173111  FFFFFFE3B3FFF  D16,D17,D20,D24,D25,D26
13:10:24.330    67173116  FFFFFFF3B3FFF  D16,D17,D20,D24,D25
13:10:26.557    67175336  FFFFFFF7B3FFF  D16,D17,D20,D25
13:10:30.166    67178903  FFFFFFF7B7FFF  D17,D20,D25
13:10:48.839    67197285  FFFFFFF7F7FFF  D17,D25
13:10:48.839    67197442  FFFFFFF7D7FFF  D17,D19,D25
13:10:49.627    67198236  FFFFFFF7D3FFF  D16,D17,D19,D25
--- FW IODebug 1.2.2 2026-08-31 LIFT=5 13:10:51 ---
13:10:53.723    67202284  FFFFFFF3D3FFF  D16,D17,D19,D24,D25
13:10:55.996    67204547  FFFFFFE3D3FFF  D16,D17,D19,D24,D25,D26
13:10:55.996    67204549  FFFFFFEBD3FFF  D16,D17,D19,D24,D26
13:10:55.996    67204551  FFFFFFEFD3FFF  D16,D17,D19,D26
13:10:58.000    67206532  FFFFFFEBD3FFF  D16,D17,D19,D24,D26
13:10:59.670    67208200  FFFFFFE3D3FFF  D16,D17,D19,D24,D25,D26
13:10:59.670    67208203  FFFFFFE7D3FFF  D16,D17,D19,D25,D26
13:11:01.056    67209588  FFFFFFE3D3FFF  D16,D17,D19,D24,D25,D26
13:11:02.518    67211018  FFFFFFC3D3FFF  D16,D17,D19,D24,D25,D26,D27
13:11:02.518    67211020  FFFFFFCBD3FFF  D16,D17,D19,D24,D26,D27
13:11:02.518    67211022  FFFFFFCFD3FFF  D16,D17,D19,D26,D27
13:11:02.518    67211024  FFFFFFDFD3FFF  D16,D17,D19,D27
13:11:03.885    67212366  FFFFFFDBD3FFF  D16,D17,D19,D24,D27
13:11:05.928    67214392  FFFFFFD3D3FFF  D16,D17,D19,D24,D25,D27
13:11:05.929    67214395  FFFFFFD7D3FFF  D16,D17,D19,D25,D27
13:11:08.199    67216653  FFFFFFD3D3FFF  D16,D17,D19,D24,D25,D27
13:11:10.152    67218598  FFFFFFC3D3FFF  D16,D17,D19,D24,D25,D26,D27
13:11:10.152    67218600  FFFFFFCBD3FFF  D16,D17,D19,D24,D26,D27
13:11:10.152    67218603  FFFFFFCFD3FFF  D16,D17,D19,D26,D27
13:11:11.825    67220265  FFFFFFCBD3FFF  D16,D17,D19,D24,D26,D27
13:11:13.119    67221536  FFFFFFC3D3FFF  D16,D17,D19,D24,D25,D26,D27
13:11:13.119    67221540  FFFFFFC7D3FFF  D16,D17,D19,D25,D26,D27
13:11:14.379    67222806  FFFFFFC3D3FFF  D16,D17,D19,D24,D25,D26,D27
13:11:15.667    67224077  FFFFFF8BD3FFF  D16,D17,D19,D24,D26,D27,D28
13:11:15.668    67224080  FFFFFFABD3FFF  D16,D17,D19,D24,D26,D28
13:11:15.668    67224082  FFFFFFAFD3FFF  D16,D17,D19,D26,D28
13:11:15.668    67224084  FFFFFFBFD3FFF  D16,D17,D19,D28
13:11:16.953    67225347  FFFFFFBBD3FFF  D16,D17,D19,D24,D28
13:11:18.223    67226617  FFFFFFB3D3FFF  D16,D17,D19,D24,D25,D28
13:11:18.223    67226621  FFFFFFB7D3FFF  D16,D17,D19,D25,D28
13:11:19.505    67227887  FFFFFFB3D3FFF  D16,D17,D19,D24,D25,D28
13:11:20.799    67229158  FFFFFFA3D3FFF  D16,D17,D19,D24,D25,D26,D28
13:11:20.799    67229159  FFFFFFABD3FFF  D16,D17,D19,D24,D26,D28
13:11:20.799    67229161  FFFFFFAFD3FFF  D16,D17,D19,D26,D28
--- FW IODebug 1.2.2 2026-08-31 LIFT=5 13:11:22 ---
13:11:22.090    67230428  FFFFFFABD3FFF  D16,D17,D19,D24,D26,D28
13:11:23.867    67231936  FFFFFFA3D3FFF  D16,D17,D19,D24,D25,D26,D28
13:11:23.867    67231940  FFFFFFA7D3FFF  D16,D17,D19,D25,D26,D28
13:11:23.867    67232056  FFFFFFA793FFF  D16,D17,D19,D20,D25,D26,D28
13:11:23.867    67232217  FFFFFFA7B3FFF  D16,D17,D20,D25,D26,D28
13:11:26.474    67234792  FFFFFFA7B7FFF  D17,D20,D25,D26,D28
13:11:47.344    67255516  FFFFFFA7B3FFF  D16,D17,D20,D25,D26,D28
13:11:50.725    67258849  FFFFFFA3B3FFF  D16,D17,D20,D24,D25,D26,D28
13:11:50.725    67258851  FFFFFFABB3FFF  D16,D17,D20,D24,D26,D28
--- FW IODebug 1.2.2 2026-08-31 LIFT=5 13:11:52 ---
13:11:52.237    67260361  FFFFFFAFB3FFF  D16,D17,D20,D26,D28
13:11:53.523    67261627  FFFFFFA3B3FFF  D16,D17,D20,D24,D25,D26,D28
13:11:53.524    67261634  FFFFFFB3B3FFF  D16,D17,D20,D24,D25,D28
13:11:54.786    67262902  FFFFFFB7B3FFF  D16,D17,D20,D25,D28
13:11:56.064    67264167  FFFFFFB3B3FFF  D16,D17,D20,D24,D25,D28
13:11:56.065    67264169  FFFFFFBBB3FFF  D16,D17,D20,D24,D28
13:11:57.354    67265442  FFFFFFBFB3FFF  D16,D17,D20,D28
13:11:58.649    67266708  FFFFFF83B3FFF  D16,D17,D20,D24,D25,D26,D27,D28
13:11:58.649    67266710  FFFFFFC3B3FFF  D16,D17,D20,D24,D25,D26,D27
13:11:59.924    67267982  FFFFFFC7B3FFF  D16,D17,D20,D25,D26,D27
13:12:01.179    67269248  FFFFFFC3B3FFF  D16,D17,D20,D24,D25,D26,D27
13:12:01.179    67269250  FFFFFFCBB3FFF  D16,D17,D20,D24,D26,D27
13:12:02.419    67270483  FFFFFFCFB3FFF  D16,D17,D20,D26,D27
13:12:04.114    67272146  FFFFFFC3B3FFF  D16,D17,D20,D24,D25,D26,D27
13:12:04.114    67272154  FFFFFFD3B3FFF  D16,D17,D20,D24,D25,D27
13:12:06.070    67274095  FFFFFFD7B3FFF  D16,D17,D20,D25,D27
13:12:08.357    67276354  FFFFFFD3B3FFF  D16,D17,D20,D24,D25,D27
13:12:08.357    67276355  FFFFFFDBB3FFF  D16,D17,D20,D24,D27
13:12:10.401    67278382  FFFFFFDFB3FFF  D16,D17,D20,D27
13:12:11.746    67279727  FFFFFFDBB3FFF  D16,D17,D20,D24,D27
13:12:11.746    67279729  FFFFFFC3B3FFF  D16,D17,D20,D24,D25,D26,D27
13:12:11.746    67279731  FFFFFFE3B3FFF  D16,D17,D20,D24,D25,D26
13:12:13.193    67281161  FFFFFFE7B3FFF  D16,D17,D20,D25,D26
13:12:14.595    67282546  FFFFFFE3B3FFF  D16,D17,D20,D24,D25,D26
13:12:14.596    67282547  FFFFFFEBB3FFF  D16,D17,D20,D24,D26
13:12:16.283    67284217  FFFFFFEFB3FFF  D16,D17,D20,D26
13:12:18.321    67286237  FFFFFFEBB3FFF  D16,D17,D20,D24,D26
13:12:18.321    67286239  FFFFFFE3B3FFF  D16,D17,D20,D24,D25,D26
13:12:18.321    67286245  FFFFFFF3B3FFF  D16,D17,D20,D24,D25
13:12:20.554    67288465  FFFFFFF7B3FFF  D16,D17,D20,D25
--- FW IODebug 1.2.2 2026-08-31 LIFT=5 13:12:22 ---
13:12:24.094    67291992  FFFFFFF7B7FFF  D17,D20,D25
--- FW IODebug 1.2.2 2026-08-31 LIFT=5 13:12:52 ---
13:12:54.267    67321924  FFFFFFF7F7FFF  D17,D25
--- FW IODebug 1.2.2 2026-08-31 LIFT=5 13:13:22 ---
13:13:47.862    67375114  FFFFFFF7D7FFF  D17,D19,D25
--- FW IODebug 1.2.2 2026-08-31 LIFT=5 13:13:52 ---
13:14:02.853    67389999  FFFFFFF7D3FFF  D16,D17,D19,D25
13:14:06.941    67394048  FFFFFFF3D3FFF  D16,D17,D19,D24,D25
13:14:09.233    67396310  FFFFFFE3D3FFF  D16,D17,D19,D24,D25,D26
13:14:09.234    67396312  FFFFFFEBD3FFF  D16,D17,D19,D24,D26
13:14:09.234    67396314  FFFFFFEFD3FFF  D16,D17,D19,D26
13:14:11.222    67398294  FFFFFFEBD3FFF  D16,D17,D19,D24,D26
13:14:12.911    67399962  FFFFFFE3D3FFF  D16,D17,D19,D24,D25,D26
13:14:12.912    67399966  FFFFFFE7D3FFF  D16,D17,D19,D25,D26
13:14:14.296    67401351  FFFFFFE3D3FFF  D16,D17,D19,D24,D25,D26
13:14:15.745    67402780  FFFFFFC3D3FFF  D16,D17,D19,D24,D25,D26,D27
13:14:15.745    67402782  FFFFFFCBD3FFF  D16,D17,D19,D24,D26,D27
13:14:15.745    67402784  FFFFFFCFD3FFF  D16,D17,D19,D26,D27
13:14:15.746    67402787  FFFFFFDFD3FFF  D16,D17,D19,D27
13:14:17.086    67404130  FFFFFFDBD3FFF  D16,D17,D19,D24,D27
13:14:19.142    67406154  FFFFFFD3D3FFF  D16,D17,D19,D24,D25,D27
13:14:19.143    67406158  FFFFFFD7D3FFF  D16,D17,D19,D25,D27
13:14:21.415    67408416  FFFFFFD3D3FFF  D16,D17,D19,D24,D25,D27
--- FW IODebug 1.2.2 2026-08-31 LIFT=5 13:14:23 ---
13:14:23.397    67410362  FFFFFFC3D3FFF  D16,D17,D19,D24,D25,D26,D27
13:14:23.397    67410364  FFFFFFCBD3FFF  D16,D17,D19,D24,D26,D27
13:14:23.398    67410366  FFFFFFCFD3FFF  D16,D17,D19,D26,D27
13:14:25.063    67412028  FFFFFFCBD3FFF  D16,D17,D19,D24,D26,D27
13:14:26.333    67413300  FFFFFFC3D3FFF  D16,D17,D19,D24,D25,D26,D27
13:14:26.333    67413303  FFFFFFC7D3FFF  D16,D17,D19,D25,D26,D27
13:14:27.621    67414569  FFFFFFC3D3FFF  D16,D17,D19,D24,D25,D26,D27
13:14:28.900    67415839  FFFFFF83D3FFF  D16,D17,D19,D24,D25,D26,D27,D28
13:14:28.900    67415841  FFFFFFABD3FFF  D16,D17,D19,D24,D26,D28
13:14:28.900    67415843  FFFFFFAFD3FFF  D16,D17,D19,D26,D28
13:14:28.900    67415846  FFFFFFBFD3FFF  D16,D17,D19,D28
13:14:30.192    67417109  FFFFFFBBD3FFF  D16,D17,D19,D24,D28
13:14:31.464    67418380  FFFFFFB3D3FFF  D16,D17,D19,D24,D25,D28
13:14:31.464    67418384  FFFFFFB7D3FFF  D16,D17,D19,D25,D28
13:14:32.733    67419650  FFFFFFB3D3FFF  D16,D17,D19,D24,D25,D28
13:14:34.030    67420920  FFFFFFA3D3FFF  D16,D17,D19,D24,D25,D26,D28
13:14:34.030    67420921  FFFFFFABD3FFF  D16,D17,D19,D24,D26,D28
13:14:34.030    67420924  FFFFFFAFD3FFF  D16,D17,D19,D26,D28
13:14:35.305    67422190  FFFFFFABD3FFF  D16,D17,D19,D24,D26,D28
13:14:36.815    67423699  FFFFFFA3D3FFF  D16,D17,D19,D24,D25,D26,D28
13:14:36.815    67423703  FFFFFFA7D3FFF  D16,D17,D19,D25,D26,D28
13:14:39.649    67426515  FFFFFFA7D7FFF  D17,D19,D25,D26,D28
--- FW IODebug 1.2.2 2026-08-31 LIFT=5 13:14:53 ---
13:14:54.420    67441166  FFFFFFA7F7FFF  D17,D25,D26,D28
--- FW IODebug 1.2.2 2026-08-31 LIFT=5 13:15:23 ---
13:15:27.217    67473715  FFFFFFA7B7FFF  D17,D20,D25,D26,D28
13:15:28.133    67474627  FFFFFFA7B3FFF  D16,D17,D20,D25,D26,D28
13:15:31.500    67477960  FFFFFFA3B3FFF  D16,D17,D20,D24,D25,D26,D28
13:15:31.500    67477962  FFFFFFABB3FFF  D16,D17,D20,D24,D26,D28
13:15:33.010    67479473  FFFFFFAFB3FFF  D16,D17,D20,D26,D28
13:15:34.292    67480739  FFFFFFABB3FFF  D16,D17,D20,D24,D26,D28
13:15:34.292    67480740  FFFFFFA3B3FFF  D16,D17,D20,D24,D25,D26,D28
13:15:34.292    67480747  FFFFFFB3B3FFF  D16,D17,D20,D24,D25,D28
13:15:35.581    67482014  FFFFFFB7B3FFF  D16,D17,D20,D25,D28
13:15:36.853    67483279  FFFFFFB3B3FFF  D16,D17,D20,D24,D25,D28
13:15:36.853    67483281  FFFFFFBBB3FFF  D16,D17,D20,D24,D28
13:15:38.089    67484515  FFFFFFBFB3FFF  D16,D17,D20,D28
13:15:39.389    67485779  FFFFFFBBB3FFF  D16,D17,D20,D24,D28
13:15:39.389    67485782  FFFFFFC3B3FFF  D16,D17,D20,D24,D25,D26,D27
13:15:40.653    67487055  FFFFFFC7B3FFF  D16,D17,D20,D25,D26,D27
13:15:41.951    67488321  FFFFFFC3B3FFF  D16,D17,D20,D24,D25,D26,D27
13:15:41.951    67488322  FFFFFFCBB3FFF  D16,D17,D20,D24,D26,D27
13:15:43.217    67489595  FFFFFFCFB3FFF  D16,D17,D20,D26,D27
13:15:44.890    67491258  FFFFFFCBB3FFF  D16,D17,D20,D24,D26,D27
13:15:44.890    67491260  FFFFFFC3B3FFF  D16,D17,D20,D24,D25,D26,D27
13:15:44.890    67491265  FFFFFFD3B3FFF  D16,D17,D20,D24,D25,D27
13:15:46.853    67493208  FFFFFFD7B3FFF  D16,D17,D20,D25,D27
13:15:49.131    67495465  FFFFFFD3B3FFF  D16,D17,D20,D24,D25,D27
13:15:49.132    67495468  FFFFFFDBB3FFF  D16,D17,D20,D24,D27
13:15:51.190    67497494  FFFFFFDFB3FFF  D16,D17,D20,D27
13:15:52.527    67498839  FFFFFFDBB3FFF  D16,D17,D20,D24,D27
13:15:52.527    67498841  FFFFFFC3B3FFF  D16,D17,D20,D24,D25,D26,D27
13:15:52.527    67498843  FFFFFFE3B3FFF  D16,D17,D20,D24,D25,D26
--- FW IODebug 1.2.2 2026-08-31 LIFT=5 13:15:53 ---
13:15:53.986    67500273  FFFFFFE7B3FFF  D16,D17,D20,D25,D26
13:15:55.375    67501658  FFFFFFE3B3FFF  D16,D17,D20,D24,D25,D26
13:15:55.375    67501660  FFFFFFEBB3FFF  D16,D17,D20,D24,D26
13:15:57.063    67503329  FFFFFFEFB3FFF  D16,D17,D20,D26
13:15:59.090    67505349  FFFFFFEBB3FFF  D16,D17,D20,D24,D26
13:15:59.090    67505351  FFFFFFE3B3FFF  D16,D17,D20,D24,D25,D26
13:15:59.090    67505356  FFFFFFF3B3FFF  D16,D17,D20,D24,D25
13:16:01.332    67507576  FFFFFFF7B3FFF  D16,D17,D20,D25
13:16:04.970    67511104  FFFFFFF7B7FFF  D17,D20,D25
13:16:04.970    67511187  FFFFFFF7F7FFF  D17,D25
13:16:23.042    67529126  FFFFFFF7D7FFF  D17,D19,D25
--- FW IODebug 1.2.2 2026-08-31 LIFT=5 13:16:23 ---
13:16:37.055    67543020  FFFFFFF7D3FFF  D16,D17,D19,D25
13:16:41.119    67547068  FFFFFFF3D3FFF  D16,D17,D19,D24,D25
13:16:43.410    67549331  FFFFFFE3D3FFF  D16,D17,D19,D24,D25,D26
13:16:43.410    67549333  FFFFFFEBD3FFF  D16,D17,D19,D24,D26
13:16:43.410    67549335  FFFFFFEFD3FFF  D16,D17,D19,D26
13:16:45.426    67551314  FFFFFFEBD3FFF  D16,D17,D19,D24,D26
13:16:47.083    67552984  FFFFFFE3D3FFF  D16,D17,D19,D24,D25,D26
13:16:47.083    67552987  FFFFFFE7D3FFF  D16,D17,D19,D25,D26
13:16:48.500    67554372  FFFFFFE3D3FFF  D16,D17,D19,D24,D25,D26
13:16:49.937    67555801  FFFFFFC3D3FFF  D16,D17,D19,D24,D25,D26,D27
13:16:49.938    67555803  FFFFFFCBD3FFF  D16,D17,D19,D24,D26,D27
13:16:49.938    67555805  FFFFFFCFD3FFF  D16,D17,D19,D26,D27
13:16:49.938    67555808  FFFFFFDFD3FFF  D16,D17,D19,D27
13:16:51.295    67557150  FFFFFFDBD3FFF  D16,D17,D19,D24,D27
13:16:53.343    67559176  FFFFFFD3D3FFF  D16,D17,D19,D24,D25,D27
13:16:53.343    67559179  FFFFFFD7D3FFF  D16,D17,D19,D25,D27
--- FW IODebug 1.2.2 2026-08-31 LIFT=5 13:16:54 ---
13:16:55.603    67561438  FFFFFFD3D3FFF  D16,D17,D19,D24,D25,D27
13:16:57.577    67563383  FFFFFFC3D3FFF  D16,D17,D19,D24,D25,D26,D27
13:16:57.578    67563384  FFFFFFCBD3FFF  D16,D17,D19,D24,D26,D27
13:16:57.578    67563386  FFFFFFCFD3FFF  D16,D17,D19,D26,D27
13:16:59.241    67565049  FFFFFFCBD3FFF  D16,D17,D19,D24,D26,D27
13:17:00.540    67566320  FFFFFFC3D3FFF  D16,D17,D19,D24,D25,D26,D27
13:17:00.540    67566324  FFFFFFC7D3FFF  D16,D17,D19,D25,D26,D27
13:17:01.812    67567590  FFFFFFC3D3FFF  D16,D17,D19,D24,D25,D26,D27
13:17:03.100    67568861  FFFFFF83D3FFF  D16,D17,D19,D24,D25,D26,D27,D28
13:17:03.101    67568863  FFFFFF8BD3FFF  D16,D17,D19,D24,D26,D27,D28
13:17:03.101    67568865  FFFFFFAFD3FFF  D16,D17,D19,D26,D28
13:17:03.101    67568867  FFFFFFBFD3FFF  D16,D17,D19,D28
13:17:04.377    67570130  FFFFFFBBD3FFF  D16,D17,D19,D24,D28
13:17:05.656    67571401  FFFFFFB3D3FFF  D16,D17,D19,D24,D25,D28
13:17:05.656    67571405  FFFFFFB7D3FFF  D16,D17,D19,D25,D28
13:17:06.944    67572670  FFFFFFB3D3FFF  D16,D17,D19,D24,D25,D28
13:17:08.204    67573942  FFFFFFABD3FFF  D16,D17,D19,D24,D26,D28
13:17:08.205    67573945  FFFFFFAFD3FFF  D16,D17,D19,D26,D28
13:17:09.506    67575212  FFFFFFABD3FFF  D16,D17,D19,D24,D26,D28
13:17:10.774    67576482  FFFFFFA3D3FFF  D16,D17,D19,D24,D25,D26,D28
13:17:10.774    67576485  FFFFFFA7D3FFF  D16,D17,D19,D25,D26,D28
13:17:12.054    67577751  FFFFFFA3D3FFF  D16,D17,D19,D24,D25,D26,D28
13:17:13.303    67578982  FFFFFF83D3FFF  D16,D17,D19,D24,D25,D26,D27,D28
13:17:13.303    67578984  FFFFFF8BD3FFF  D16,D17,D19,D24,D26,D27,D28
13:17:13.303    67578987  FFFFFF8FD3FFF  D16,D17,D19,D26,D27,D28
13:17:13.304    67578989  FFFFFF9FD3FFF  D16,D17,D19,D27,D28
13:17:14.609    67580292  FFFFFF9BD3FFF  D16,D17,D19,D24,D27,D28
13:17:15.865    67581523  FFFFFF93D3FFF  D16,D17,D19,D24,D25,D27,D28
13:17:15.865    67581527  FFFFFF97D3FFF  D16,D17,D19,D25,D27,D28
13:17:17.172    67582833  FFFFFF93D3FFF  D16,D17,D19,D24,D25,D27,D28
13:17:18.461    67584103  FFFFFF83D3FFF  D16,D17,D19,D24,D25,D26,D27,D28
13:17:18.462    67584105  FFFFFF8BD3FFF  D16,D17,D19,D24,D26,D27,D28
13:17:18.462    67584107  FFFFFF8FD3FFF  D16,D17,D19,D26,D27,D28
13:17:19.740    67585373  FFFFFF8BD3FFF  D16,D17,D19,D24,D26,D27,D28
13:17:21.023    67586643  FFFFFF83D3FFF  D16,D17,D19,D24,D25,D26,D27,D28
13:17:21.023    67586648  FFFFFF87D3FFF  D16,D17,D19,D25,D26,D27,D28
13:17:22.247    67587873  FFFFFF83D3FFF  D16,D17,D19,D24,D25,D26,D27,D28
13:17:23.531    67589144  FFFFFF03D3FFF  D16,D17,D19,D24,D25,D26,D27,D28,D29
13:17:23.531    67589146  FFFFFF4BD3FFF  D16,D17,D19,D24,D26,D27,D29
13:17:23.531    67589148  FFFFFF6BD3FFF  D16,D17,D19,D24,D26,D29
13:17:23.531    67589149  FFFFFF6FD3FFF  D16,D17,D19,D26,D29
13:17:23.531    67589151  FFFFFF7FD3FFF  D16,D17,D19,D29
--- FW IODebug 1.2.2 2026-08-31 LIFT=5 13:17:24 ---
13:17:24.820    67590414  FFFFFF7BD3FFF  D16,D17,D19,D24,D29
13:17:26.108    67591685  FFFFFF73D3FFF  D16,D17,D19,D24,D25,D29
13:17:26.108    67591689  FFFFFF77D3FFF  D16,D17,D19,D25,D29
13:17:27.382    67592954  FFFFFF73D3FFF  D16,D17,D19,D24,D25,D29
13:17:28.660    67594225  FFFFFF63D3FFF  D16,D17,D19,D24,D25,D26,D29
13:17:28.661    67594227  FFFFFF6BD3FFF  D16,D17,D19,D24,D26,D29
13:17:28.661    67594229  FFFFFF6FD3FFF  D16,D17,D19,D26,D29
13:17:29.947    67595495  FFFFFF6BD3FFF  D16,D17,D19,D24,D26,D29
13:17:31.216    67596766  FFFFFF63D3FFF  D16,D17,D19,D24,D25,D26,D29
13:17:31.216    67596769  FFFFFF67D3FFF  D16,D17,D19,D25,D26,D29
13:17:32.489    67598035  FFFFFF63D3FFF  D16,D17,D19,D24,D25,D26,D29
13:17:33.778    67599306  FFFFFF43D3FFF  D16,D17,D19,D24,D25,D26,D27,D29
13:17:33.778    67599308  FFFFFF4BD3FFF  D16,D17,D19,D24,D26,D27,D29
13:17:33.778    67599309  FFFFFF4FD3FFF  D16,D17,D19,D26,D27,D29
13:17:33.779    67599312  FFFFFF5FD3FFF  D16,D17,D19,D27,D29
13:17:35.130    67600656  FFFFFF5BD3FFF  D16,D17,D19,D24,D27,D29
13:17:36.463    67601966  FFFFFF53D3FFF  D16,D17,D19,D24,D25,D27,D29
13:17:36.463    67601970  FFFFFF57D3FFF  D16,D17,D19,D25,D27,D29
13:17:37.811    67603314  FFFFFF53D3FFF  D16,D17,D19,D24,D25,D27,D29
13:17:39.132    67604625  FFFFFF43D3FFF  D16,D17,D19,D24,D25,D26,D27,D29
13:17:39.132    67604627  FFFFFF4BD3FFF  D16,D17,D19,D24,D26,D27,D29
13:17:39.132    67604629  FFFFFF4FD3FFF  D16,D17,D19,D26,D27,D29
13:17:40.456    67605935  FFFFFF4BD3FFF  D16,D17,D19,D24,D26,D27,D29
13:17:41.927    67607404  FFFFFF43D3FFF  D16,D17,D19,D24,D25,D26,D27,D29
13:17:41.927    67607407  FFFFFF47D3FFF  D16,D17,D19,D25,D26,D27,D29
13:17:44.014    67609229  FFFFFF43D3FFF  D16,D17,D19,D24,D25,D26,D27,D29
13:17:44.015    67609310  FFFFFF4393FFF  D16,D17,D19,D20,D24,D25,D26,D27,D29
13:17:44.015    67609469  FFFFFF43B3FFF  D16,D17,D20,D24,D25,D26,D27,D29
13:17:47.120    67612562  FFFFFF43B7FFF  D17,D20,D24,D25,D26,D27,D29
--- FW IODebug 1.2.2 2026-08-31 LIFT=5 13:17:54 ---
13:18:01.775    67627094  FFFFFF43F7FFF  D17,D24,D25,D26,D27,D29
--- FW IODebug 1.2.2 2026-08-31 LIFT=5 13:18:24 ---
13:18:34.405    67659484  FFFFFF43B7FFF  D17,D20,D24,D25,D26,D27,D29
13:18:35.325    67660396  FFFFFF43B3FFF  D16,D17,D20,D24,D25,D26,D27,D29
13:18:39.181    67664209  FFFFFF47B3FFF  D16,D17,D20,D25,D26,D27,D29
13:18:41.039    67666071  FFFFFF43B3FFF  D16,D17,D20,D24,D25,D26,D27,D29
13:18:41.039    67666073  FFFFFF4BB3FFF  D16,D17,D20,D24,D26,D27,D29
13:18:42.501    67667505  FFFFFF4FB3FFF  D16,D17,D20,D26,D27,D29
13:18:43.825    67668810  FFFFFF43B3FFF  D16,D17,D20,D24,D25,D26,D27,D29
13:18:43.826    67668816  FFFFFF53B3FFF  D16,D17,D20,D24,D25,D27,D29
13:18:45.168    67670164  FFFFFF57B3FFF  D16,D17,D20,D25,D27,D29
13:18:46.490    67671470  FFFFFF53B3FFF  D16,D17,D20,D24,D25,D27,D29
13:18:46.490    67671472  FFFFFF5BB3FFF  D16,D17,D20,D24,D27,D29
13:18:47.859    67672823  FFFFFF5FB3FFF  D16,D17,D20,D27,D29
13:18:49.168    67674129  FFFFFF5BB3FFF  D16,D17,D20,D24,D27,D29
13:18:49.169    67674130  FFFFFF43B3FFF  D16,D17,D20,D24,D25,D26,D27,D29
13:18:49.169    67674132  FFFFFF63B3FFF  D16,D17,D20,D24,D25,D26,D29
13:18:50.435    67675403  FFFFFF67B3FFF  D16,D17,D20,D25,D26,D29
13:18:51.738    67676669  FFFFFF63B3FFF  D16,D17,D20,D24,D25,D26,D29
13:18:51.738    67676672  FFFFFF6BB3FFF  D16,D17,D20,D24,D26,D29
13:18:53.000    67677943  FFFFFF6FB3FFF  D16,D17,D20,D26,D29
13:18:54.302    67679210  FFFFFF6BB3FFF  D16,D17,D20,D24,D26,D29
13:18:54.302    67679212  FFFFFF63B3FFF  D16,D17,D20,D24,D25,D26,D29
13:18:54.303    67679217  FFFFFF73B3FFF  D16,D17,D20,D24,D25,D29
--- FW IODebug 1.2.2 2026-08-31 LIFT=5 13:18:55 ---
13:18:55.557    67680484  FFFFFF77B3FFF  D16,D17,D20,D25,D29
13:18:56.858    67681751  FFFFFF73B3FFF  D16,D17,D20,D24,D25,D29
13:18:56.858    67681752  FFFFFF7BB3FFF  D16,D17,D20,D24,D29
13:18:58.122    67683024  FFFFFF7FB3FFF  D16,D17,D20,D29
13:18:59.420    67684291  FFFFFF6BB3FFF  D16,D17,D20,D24,D26,D29
13:18:59.420    67684292  FFFFFF83B3FFF  D16,D17,D20,D24,D25,D26,D27,D28
13:19:00.680    67685565  FFFFFF87B3FFF  D16,D17,D20,D25,D26,D27,D28
13:19:01.957    67686831  FFFFFF83B3FFF  D16,D17,D20,D24,D25,D26,D27,D28
13:19:01.957    67686833  FFFFFF8BB3FFF  D16,D17,D20,D24,D26,D27,D28
13:19:03.255    67688105  FFFFFF8FB3FFF  D16,D17,D20,D26,D27,D28
13:19:04.531    67689371  FFFFFF8BB3FFF  D16,D17,D20,D24,D26,D27,D28
13:19:04.531    67689373  FFFFFF83B3FFF  D16,D17,D20,D24,D25,D26,D27,D28
13:19:04.531    67689378  FFFFFF93B3FFF  D16,D17,D20,D24,D25,D27,D28
13:19:05.806    67690646  FFFFFF97B3FFF  D16,D17,D20,D25,D27,D28
13:19:07.089    67691912  FFFFFF93B3FFF  D16,D17,D20,D24,D25,D27,D28
13:19:07.089    67691914  FFFFFF9BB3FFF  D16,D17,D20,D24,D27,D28
13:19:08.370    67693187  FFFFFF9FB3FFF  D16,D17,D20,D27,D28
13:19:09.654    67694452  FFFFFF8BB3FFF  D16,D17,D20,D24,D26,D27,D28
13:19:09.654    67694454  FFFFFF83B3FFF  D16,D17,D20,D24,D25,D26,D27,D28
13:19:09.654    67694456  FFFFFFA3B3FFF  D16,D17,D20,D24,D25,D26,D28
13:19:10.923    67695727  FFFFFFA7B3FFF  D16,D17,D20,D25,D26,D28
13:19:12.168    67696953  FFFFFFA3B3FFF  D16,D17,D20,D24,D25,D26,D28
13:19:12.168    67696955  FFFFFFABB3FFF  D16,D17,D20,D24,D26,D28
13:19:13.438    67698227  FFFFFFAFB3FFF  D16,D17,D20,D26,D28
13:19:14.723    67699493  FFFFFFABB3FFF  D16,D17,D20,D24,D26,D28
13:19:14.724    67699495  FFFFFFA3B3FFF  D16,D17,D20,D24,D25,D26,D28
13:19:14.724    67699501  FFFFFFB3B3FFF  D16,D17,D20,D24,D25,D28
13:19:16.014    67700768  FFFFFFB7B3FFF  D16,D17,D20,D25,D28
13:19:17.300    67702034  FFFFFFB3B3FFF  D16,D17,D20,D24,D25,D28
13:19:17.301    67702036  FFFFFFBBB3FFF  D16,D17,D20,D24,D28
13:19:18.582    67703309  FFFFFFBFB3FFF  D16,D17,D20,D28
13:19:19.850    67704574  FFFFFFABB3FFF  D16,D17,D20,D24,D26,D28
13:19:19.850    67704577  FFFFFFC3B3FFF  D16,D17,D20,D24,D25,D26,D27
13:19:21.116    67705848  FFFFFFC7B3FFF  D16,D17,D20,D25,D26,D27
13:19:22.402    67707115  FFFFFFC3B3FFF  D16,D17,D20,D24,D25,D26,D27
13:19:22.402    67707117  FFFFFFCBB3FFF  D16,D17,D20,D24,D26,D27
13:19:23.691    67708389  FFFFFFCFB3FFF  D16,D17,D20,D26,D27
--- FW IODebug 1.2.2 2026-08-31 LIFT=5 13:19:25 ---
13:19:25.359    67710052  FFFFFFCBB3FFF  D16,D17,D20,D24,D26,D27
13:19:25.359    67710054  FFFFFFC3B3FFF  D16,D17,D20,D24,D25,D26,D27
13:19:25.359    67710059  FFFFFFD3B3FFF  D16,D17,D20,D24,D25,D27
13:19:27.321    67712002  FFFFFFD7B3FFF  D16,D17,D20,D25,D27
13:19:29.606    67714259  FFFFFFD3B3FFF  D16,D17,D20,D24,D25,D27
13:19:29.606    67714262  FFFFFFDBB3FFF  D16,D17,D20,D24,D27
13:19:31.651    67716288  FFFFFFDFB3FFF  D16,D17,D20,D27
13:19:33.016    67717634  FFFFFFDBB3FFF  D16,D17,D20,D24,D27
13:19:33.016    67717636  FFFFFFC3B3FFF  D16,D17,D20,D24,D25,D26,D27
13:19:33.016    67717638  FFFFFFE3B3FFF  D16,D17,D20,D24,D25,D26
13:19:34.444    67719066  FFFFFFE7B3FFF  D16,D17,D20,D25,D26
13:19:35.848    67720452  FFFFFFE3B3FFF  D16,D17,D20,D24,D25,D26
13:19:35.848    67720454  FFFFFFEBB3FFF  D16,D17,D20,D24,D26
13:19:37.531    67722124  FFFFFFEFB3FFF  D16,D17,D20,D26
13:19:39.528    67724104  FFFFFFEBB3FFF  D16,D17,D20,D24,D26
13:19:39.528    67724105  FFFFFFE3B3FFF  D16,D17,D20,D24,D25,D26
13:19:39.529    67724110  FFFFFFF3B3FFF  D16,D17,D20,D24,D25
13:19:41.816    67726370  FFFFFFF7B3FFF  D16,D17,D20,D25
13:19:45.446    67729898  FFFFFFF7B7FFF  D17,D20,D25
13:19:45.446    67729981  FFFFFFF7F7FFF  D17,D25
--- FW IODebug 1.2.2 2026-08-31 LIFT=5 13:19:55 ---
--- FW IODebug 1.2.2 2026-08-31 LIFT=5 13:20:25 ---
13:20:45.906    67789981  FFFFFFF7F7FFF  D17,D25
--- FW IODebug 1.2.2 2026-08-31 LIFT=5 13:20:56 ---
13:20:58.082    67802064  FFFFFFF7B7FFF  D17,D20,D25
13:21:12.528    67816393  FFFFFFF7B3FFF  D16,D17,D20,D25
13:21:16.320    67820045  FFFFFFF3B3FFF  D16,D17,D20,D24,D25
13:21:16.320    67820046  FFFFFFFBB3FFF  D16,D17,D20,D24
13:21:16.320    67820164  FFFFFFFB93FFF  D16,D17,D19,D20,D24
13:21:16.320    67820166  FFFFFFFBD3FFF  D16,D17,D19,D24
13:21:19.202    67823021  FFFFFFFBD7FFF  D17,D19,D24
--- FW IODebug 1.2.2 2026-08-31 LIFT=5 13:21:26 ---
13:21:34.835    67838542  FFFFFFFBD3FFF  D16,D17,D19,D24
13:21:38.284    67841956  FFFFFFF3D3FFF  D16,D17,D19,D24,D25
13:21:38.284    67841960  FFFFFFF7D3FFF  D16,D17,D19,D25
13:21:40.389    67844060  FFFFFFF3D3FFF  D16,D17,D19,D24,D25
13:21:42.597    67846243  FFFFFFE3D3FFF  D16,D17,D19,D24,D25,D26
13:21:42.599    67846245  FFFFFFEBD3FFF  D16,D17,D19,D24,D26
13:21:42.599    67846247  FFFFFFEFD3FFF  D16,D17,D19,D26
13:21:44.641    67848267  FFFFFFEBD3FFF  D16,D17,D19,D24,D26
13:21:46.312    67849935  FFFFFFE3D3FFF  D16,D17,D19,D24,D25,D26
13:21:46.312    67849938  FFFFFFE7D3FFF  D16,D17,D19,D25,D26
13:21:47.719    67851324  FFFFFFE3D3FFF  D16,D17,D19,D24,D25,D26
13:21:49.165    67852753  FFFFFFCBD3FFF  D16,D17,D19,D24,D26,D27
13:21:49.165    67852756  FFFFFFCFD3FFF  D16,D17,D19,D26,D27
13:21:49.165    67852760  FFFFFFDFD3FFF  D16,D17,D19,D27
13:21:50.526    67854102  FFFFFFDBD3FFF  D16,D17,D19,D24,D27
13:21:52.559    67856126  FFFFFFD3D3FFF  D16,D17,D19,D24,D25,D27
13:21:52.560    67856131  FFFFFFD7D3FFF  D16,D17,D19,D25,D27
13:21:54.837    67858390  FFFFFFD3D3FFF  D16,D17,D19,D24,D25,D27
--- FW IODebug 1.2.2 2026-08-31 LIFT=5 13:21:56 ---
13:21:56.805    67860334  FFFFFFC3D3FFF  D16,D17,D19,D24,D25,D26,D27
13:21:56.805    67860336  FFFFFFCBD3FFF  D16,D17,D19,D24,D26,D27
13:21:56.805    67860338  FFFFFFCFD3FFF  D16,D17,D19,D26,D27
13:21:58.479    67862001  FFFFFFCBD3FFF  D16,D17,D19,D24,D26,D27
13:21:59.749    67863272  FFFFFFC3D3FFF  D16,D17,D19,D24,D25,D26,D27
13:21:59.749    67863276  FFFFFFC7D3FFF  D16,D17,D19,D25,D26,D27
13:22:01.035    67864542  FFFFFFC3D3FFF  D16,D17,D19,D24,D25,D26,D27
13:22:02.323    67865812  FFFFFF8BD3FFF  D16,D17,D19,D24,D26,D27,D28
13:22:02.323    67865816  FFFFFFABD3FFF  D16,D17,D19,D24,D26,D28
13:22:02.324    67865818  FFFFFFAFD3FFF  D16,D17,D19,D26,D28
13:22:02.324    67865820  FFFFFFBFD3FFF  D16,D17,D19,D28
13:22:03.594    67867082  FFFFFFBBD3FFF  D16,D17,D19,D24,D28
13:22:04.843    67868313  FFFFFFB3D3FFF  D16,D17,D19,D24,D25,D28
13:22:04.844    67868316  FFFFFFB7D3FFF  D16,D17,D19,D25,D28
13:22:06.126    67869582  FFFFFFB3D3FFF  D16,D17,D19,D24,D25,D28
13:22:07.386    67870855  FFFFFFABD3FFF  D16,D17,D19,D24,D26,D28
13:22:07.386    67870858  FFFFFFAFD3FFF  D16,D17,D19,D26,D28
13:22:08.678    67872123  FFFFFFABD3FFF  D16,D17,D19,D24,D26,D28
13:22:10.554    67873672  FFFFFFA3D3FFF  D16,D17,D19,D24,D25,D26,D28
13:22:10.554    67873676  FFFFFFA7D3FFF  D16,D17,D19,D25,D26,D28
13:22:10.554    67873831  FFFFFFA793FFF  D16,D17,D19,D20,D25,D26,D28
13:22:10.554    67873991  FFFFFFA7B3FFF  D16,D17,D20,D25,D26,D28
13:22:13.037    67876449  FFFFFFA7B7FFF  D17,D20,D25,D26,D28
--- FW IODebug 1.2.2 2026-08-31 LIFT=5 13:22:26 ---
13:22:29.612    67892884  FFFFFFA7B3FFF  D16,D17,D20,D25,D26,D28
13:22:32.914    67896178  FFFFFFA3B3FFF  D16,D17,D20,D24,D25,D26,D28
13:22:32.914    67896179  FFFFFFABB3FFF  D16,D17,D20,D24,D26,D28
13:22:34.454    67897691  FFFFFFAFB3FFF  D16,D17,D20,D26,D28
13:22:35.722    67898956  FFFFFFABB3FFF  D16,D17,D20,D24,D26,D28
13:22:35.722    67898958  FFFFFFA3B3FFF  D16,D17,D20,D24,D25,D26,D28
13:22:35.722    67898963  FFFFFFB3B3FFF  D16,D17,D20,D24,D25,D28
13:22:37.001    67900231  FFFFFFB7B3FFF  D16,D17,D20,D25,D28
13:22:38.287    67901497  FFFFFFB3B3FFF  D16,D17,D20,D24,D25,D28
13:22:38.287    67901499  FFFFFFBBB3FFF  D16,D17,D20,D24,D28
13:22:39.560    67902772  FFFFFFBFB3FFF  D16,D17,D20,D28
13:22:40.845    67904037  FFFFFFBBB3FFF  D16,D17,D20,D24,D28
13:22:40.845    67904039  FFFFFFC3B3FFF  D16,D17,D20,D24,D25,D26,D27
13:22:42.115    67905312  FFFFFFC7B3FFF  D16,D17,D20,D25,D26,D27
13:22:43.399    67906578  FFFFFFC3B3FFF  D16,D17,D20,D24,D25,D26,D27
13:22:43.399    67906580  FFFFFFCBB3FFF  D16,D17,D20,D24,D26,D27
13:22:44.628    67907812  FFFFFFCFB3FFF  D16,D17,D20,D26,D27
13:22:46.313    67909476  FFFFFFCBB3FFF  D16,D17,D20,D24,D26,D27
13:22:46.313    67909478  FFFFFFC3B3FFF  D16,D17,D20,D24,D25,D26,D27
13:22:46.313    67909482  FFFFFFD3B3FFF  D16,D17,D20,D24,D25,D27
13:22:48.326    67911464  FFFFFFD7B3FFF  D16,D17,D20,D25,D27
13:22:50.590    67913723  FFFFFFD3B3FFF  D16,D17,D20,D24,D25,D27
13:22:50.590    67913724  FFFFFFDBB3FFF  D16,D17,D20,D24,D27
13:22:52.592    67915711  FFFFFFDFB3FFF  D16,D17,D20,D27
13:22:54.001    67917096  FFFFFFDBB3FFF  D16,D17,D20,D24,D27
13:22:54.001    67917099  FFFFFFC3B3FFF  D16,D17,D20,D24,D25,D26,D27
13:22:54.001    67917100  FFFFFFE3B3FFF  D16,D17,D20,D24,D25,D26
13:22:55.393    67918490  FFFFFFE7B3FFF  D16,D17,D20,D25,D26
13:22:56.923    67919876  FFFFFFE3B3FFF  D16,D17,D20,D24,D25,D26
13:22:56.923    67919878  FFFFFFEBB3FFF  D16,D17,D20,D24,D26
--- FW IODebug 1.2.2 2026-08-31 LIFT=5 13:22:56 ---
13:22:58.481    67921547  FFFFFFEFB3FFF  D16,D17,D20,D26
13:23:00.517    67923567  FFFFFFEBB3FFF  D16,D17,D20,D24,D26
13:23:00.517    67923569  FFFFFFE3B3FFF  D16,D17,D20,D24,D25,D26
13:23:00.517    67923573  FFFFFFF3B3FFF  D16,D17,D20,D24,D25
13:23:02.768    67925794  FFFFFFF7B3FFF  D16,D17,D20,D25
13:23:06.306    67929321  FFFFFFF7B7FFF  D17,D20,D25
13:23:21.111    67944011  FFFFFFF7F7FFF  D17,D25
--- FW IODebug 1.2.2 2026-08-31 LIFT=5 13:23:27 ---
--- FW IODebug 1.2.2 2026-08-31 LIFT=5 13:23:57 ---
13:24:21.566    68004011  FFFFFFF7F7FFF  D17,D25
--- FW IODebug 1.2.2 2026-08-31 LIFT=5 13:24:27 ---
--- FW IODebug 1.2.2 2026-08-31 LIFT=5 13:24:57 ---
13:25:22.036    68064011  FFFFFFF7F7FFF  D17,D25
--- FW IODebug 1.2.2 2026-08-31 LIFT=5 13:25:28 ---
13:25:43.664    68085479  FFFFFFF7D7FFF  D17,D19,D25
--- FW IODebug 1.2.2 2026-08-31 LIFT=5 13:25:58 ---
13:26:00.540    68102231  FFFFFFF7D3FFF  D16,D17,D19,D25
13:26:04.637    68106278  FFFFFFF3D3FFF  D16,D17,D19,D24,D25
13:26:06.921    68108541  FFFFFFE3D3FFF  D16,D17,D19,D24,D25,D26
13:26:06.921    68108544  FFFFFFEBD3FFF  D16,D17,D19,D24,D26
13:26:06.921    68108546  FFFFFFEFD3FFF  D16,D17,D19,D26
13:26:08.899    68110526  FFFFFFEBD3FFF  D16,D17,D19,D24,D26
13:26:10.585    68112194  FFFFFFE3D3FFF  D16,D17,D19,D24,D25,D26
13:26:10.585    68112197  FFFFFFE7D3FFF  D16,D17,D19,D25,D26
13:26:11.987    68113583  FFFFFFE3D3FFF  D16,D17,D19,D24,D25,D26
13:26:13.432    68115012  FFFFFFCBD3FFF  D16,D17,D19,D24,D26,D27
13:26:13.432    68115016  FFFFFFCFD3FFF  D16,D17,D19,D26,D27
13:26:13.432    68115018  FFFFFFDFD3FFF  D16,D17,D19,D27
13:26:14.791    68116361  FFFFFFDBD3FFF  D16,D17,D19,D24,D27
13:26:16.833    68118386  FFFFFFD3D3FFF  D16,D17,D19,D24,D25,D27
13:26:16.833    68118389  FFFFFFD7D3FFF  D16,D17,D19,D25,D27
13:26:19.100    68120647  FFFFFFD3D3FFF  D16,D17,D19,D24,D25,D27
13:26:21.074    68122593  FFFFFFC3D3FFF  D16,D17,D19,D24,D25,D26,D27
13:26:21.075    68122595  FFFFFFCBD3FFF  D16,D17,D19,D24,D26,D27
13:26:21.075    68122597  FFFFFFCFD3FFF  D16,D17,D19,D26,D27
13:26:22.743    68124260  FFFFFFCBD3FFF  D16,D17,D19,D24,D26,D27
13:26:24.029    68125531  FFFFFFC3D3FFF  D16,D17,D19,D24,D25,D26,D27
13:26:24.029    68125535  FFFFFFC7D3FFF  D16,D17,D19,D25,D26,D27
13:26:25.314    68126800  FFFFFFC3D3FFF  D16,D17,D19,D24,D25,D26,D27
13:26:26.589    68128071  FFFFFF8BD3FFF  D16,D17,D19,D24,D26,D27,D28
13:26:26.590    68128074  FFFFFFABD3FFF  D16,D17,D19,D24,D26,D28
13:26:26.590    68128076  FFFFFFAFD3FFF  D16,D17,D19,D26,D28
13:26:26.590    68128077  FFFFFFBFD3FFF  D16,D17,D19,D28
13:26:27.856    68129341  FFFFFFBBD3FFF  D16,D17,D19,D24,D28
--- FW IODebug 1.2.2 2026-08-31 LIFT=5 13:26:28 ---
13:26:29.141    68130612  FFFFFFB3D3FFF  D16,D17,D19,D24,D25,D28
13:26:29.142    68130616  FFFFFFB7D3FFF  D16,D17,D19,D25,D28
13:26:30.433    68131881  FFFFFFB3D3FFF  D16,D17,D19,D24,D25,D28
13:26:31.720    68133151  FFFFFFA3D3FFF  D16,D17,D19,D24,D25,D26,D28
13:26:31.720    68133153  FFFFFFABD3FFF  D16,D17,D19,D24,D26,D28
13:26:31.720    68133156  FFFFFFAFD3FFF  D16,D17,D19,D26,D28
13:26:32.973    68134422  FFFFFFABD3FFF  D16,D17,D19,D24,D26,D28
13:26:34.512    68135931  FFFFFFA3D3FFF  D16,D17,D19,D24,D25,D26,D28
13:26:34.512    68135934  FFFFFFA7D3FFF  D16,D17,D19,D25,D26,D28
13:26:37.330    68138747  FFFFFFA7D7FFF  D17,D19,D25,D26,D28
13:26:52.133    68153437  FFFFFFA797FFF  D17,D19,D20,D25,D26,D28
13:26:52.134    68153439  FFFFFFA7B7FFF  D17,D20,D25,D26,D28
13:26:53.109    68154389  FFFFFFA7B3FFF  D16,D17,D20,D25,D26,D28
13:26:56.463    68157722  FFFFFFA3B3FFF  D16,D17,D20,D24,D25,D26,D28
13:26:56.463    68157724  FFFFFFABB3FFF  D16,D17,D20,D24,D26,D28
13:26:57.997    68159235  FFFFFFAFB3FFF  D16,D17,D20,D26,D28
--- FW IODebug 1.2.2 2026-08-31 LIFT=5 13:26:58 ---
13:26:59.261    68160501  FFFFFFABB3FFF  D16,D17,D20,D24,D26,D28
13:26:59.261    68160502  FFFFFFA3B3FFF  D16,D17,D20,D24,D25,D26,D28
13:26:59.261    68160507  FFFFFFB3B3FFF  D16,D17,D20,D24,D25,D28
13:27:00.544    68161775  FFFFFFB7B3FFF  D16,D17,D20,D25,D28
13:27:01.776    68163001  FFFFFFB3B3FFF  D16,D17,D20,D24,D25,D28
13:27:01.776    68163003  FFFFFFBBB3FFF  D16,D17,D20,D24,D28
13:27:03.079    68164276  FFFFFFBFB3FFF  D16,D17,D20,D28
13:27:04.346    68165541  FFFFFFB3B3FFF  D16,D17,D20,D24,D25,D28
13:27:04.346    68165543  FFFFFFC3B3FFF  D16,D17,D20,D24,D25,D26,D27
13:27:05.629    68166816  FFFFFFC7B3FFF  D16,D17,D20,D25,D26,D27
13:27:06.917    68168083  FFFFFFC3B3FFF  D16,D17,D20,D24,D25,D26,D27
13:27:06.917    68168085  FFFFFFCBB3FFF  D16,D17,D20,D24,D26,D27
13:27:08.181    68169357  FFFFFFCFB3FFF  D16,D17,D20,D26,D27
13:27:09.868    68171020  FFFFFFCBB3FFF  D16,D17,D20,D24,D26,D27
13:27:09.868    68171021  FFFFFFC3B3FFF  D16,D17,D20,D24,D25,D26,D27
13:27:09.868    68171027  FFFFFFD3B3FFF  D16,D17,D20,D24,D25,D27
13:27:11.821    68172969  FFFFFFD7B3FFF  D16,D17,D20,D25,D27
13:27:14.099    68175227  FFFFFFD3B3FFF  D16,D17,D20,D24,D25,D27
13:27:14.100    68175229  FFFFFFDBB3FFF  D16,D17,D20,D24,D27
13:27:16.142    68177256  FFFFFFDFB3FFF  D16,D17,D20,D27
13:27:17.847    68178601  FFFFFFDBB3FFF  D16,D17,D20,D24,D27
13:27:17.847    68178603  FFFFFFC3B3FFF  D16,D17,D20,D24,D25,D26,D27
13:27:17.847    68178605  FFFFFFE3B3FFF  D16,D17,D20,D24,D25,D26
13:27:17.847    68178953  FFFFFFE3A3FFF  D16,D17,D18,D20,D24,D25,D26
13:27:17.847    68178955  FFFFFFE3B3FFF  D16,D17,D20,D24,D25,D26
13:27:18.946    68180034  FFFFFFE7B3FFF  D16,D17,D20,D25,D26
13:27:20.345    68181420  FFFFFFE3B3FFF  D16,D17,D20,D24,D25,D26
13:27:20.345    68181422  FFFFFFEBB3FFF  D16,D17,D20,D24,D26
13:27:22.042    68183091  FFFFFFEFB3FFF  D16,D17,D20,D26
13:27:24.067    68185111  FFFFFFEBB3FFF  D16,D17,D20,D24,D26
13:27:24.067    68185113  FFFFFFE3B3FFF  D16,D17,D20,D24,D25,D26
13:27:24.067    68185118  FFFFFFF3B3FFF  D16,D17,D20,D24,D25
13:27:26.313    68187338  FFFFFFF7B3FFF  D16,D17,D20,D25
--- FW IODebug 1.2.2 2026-08-31 LIFT=5 13:27:28 ---
13:27:29.905    68190905  FFFFFFF7B7FFF  D17,D20,D25
13:27:45.749    68206469  FFFFFFF7F7FFF  D17,D25
13:27:45.749    68206625  FFFFFFF7D7FFF  D17,D19,D25
13:27:46.632    68207500  FFFFFFF7D3FFF  D16,D17,D19,D25
13:27:50.693    68211548  FFFFFFF3D3FFF  D16,D17,D19,D24,D25
13:27:52.980    68213810  FFFFFFE3D3FFF  D16,D17,D19,D24,D25,D26
13:27:52.982    68213812  FFFFFFEBD3FFF  D16,D17,D19,D24,D26
13:27:52.982    68213814  FFFFFFEFD3FFF  D16,D17,D19,D26
13:27:54.984    68215794  FFFFFFEBD3FFF  D16,D17,D19,D24,D26
13:27:56.672    68217462  FFFFFFE3D3FFF  D16,D17,D19,D24,D25,D26
13:27:56.672    68217466  FFFFFFE7D3FFF  D16,D17,D19,D25,D26
13:27:58.073    68218851  FFFFFFE3D3FFF  D16,D17,D19,D24,D25,D26
--- FW IODebug 1.2.2 2026-08-31 LIFT=5 13:27:59 ---
13:27:59.522    68220280  FFFFFFC3D3FFF  D16,D17,D19,D24,D25,D26,D27
13:27:59.522    68220282  FFFFFFCBD3FFF  D16,D17,D19,D24,D26,D27
13:27:59.523    68220284  FFFFFFCFD3FFF  D16,D17,D19,D26,D27
13:27:59.523    68220286  FFFFFFDFD3FFF  D16,D17,D19,D27
13:28:00.862    68221630  FFFFFFDBD3FFF  D16,D17,D19,D24,D27
13:28:02.911    68223654  FFFFFFD3D3FFF  D16,D17,D19,D24,D25,D27
13:28:02.911    68223659  FFFFFFD7D3FFF  D16,D17,D19,D25,D27
13:28:05.183    68225916  FFFFFFD3D3FFF  D16,D17,D19,D24,D25,D27
13:28:07.144    68227862  FFFFFFC3D3FFF  D16,D17,D19,D24,D25,D26,D27
13:28:07.145    68227864  FFFFFFCBD3FFF  D16,D17,D19,D24,D26,D27
13:28:07.145    68227866  FFFFFFCFD3FFF  D16,D17,D19,D26,D27
13:28:08.817    68229528  FFFFFFCBD3FFF  D16,D17,D19,D24,D26,D27
13:28:10.106    68230800  FFFFFFC3D3FFF  D16,D17,D19,D24,D25,D26,D27
13:28:10.107    68230803  FFFFFFC7D3FFF  D16,D17,D19,D25,D26,D27
13:28:11.384    68232070  FFFFFFC3D3FFF  D16,D17,D19,D24,D25,D26,D27
13:28:12.674    68233340  FFFFFF8BD3FFF  D16,D17,D19,D24,D26,D27,D28
13:28:12.674    68233342  FFFFFFABD3FFF  D16,D17,D19,D24,D26,D28
13:28:12.674    68233345  FFFFFFAFD3FFF  D16,D17,D19,D26,D28
13:28:12.675    68233347  FFFFFFBFD3FFF  D16,D17,D19,D28
13:28:13.943    68234610  FFFFFFBBD3FFF  D16,D17,D19,D24,D28
13:28:15.215    68235881  FFFFFFB3D3FFF  D16,D17,D19,D24,D25,D28
13:28:15.215    68235884  FFFFFFB7D3FFF  D16,D17,D19,D25,D28
13:28:16.511    68237150  FFFFFFB3D3FFF  D16,D17,D19,D24,D25,D28
13:28:17.780    68238420  FFFFFFA3D3FFF  D16,D17,D19,D24,D25,D26,D28
13:28:17.780    68238423  FFFFFFABD3FFF  D16,D17,D19,D24,D26,D28
13:28:17.780    68238425  FFFFFFAFD3FFF  D16,D17,D19,D26,D28
13:28:19.060    68239690  FFFFFFABD3FFF  D16,D17,D19,D24,D26,D28
13:28:20.335    68240961  FFFFFFA3D3FFF  D16,D17,D19,D24,D25,D26,D28
13:28:20.335    68240965  FFFFFFA7D3FFF  D16,D17,D19,D25,D26,D28
13:28:21.608    68242231  FFFFFFA3D3FFF  D16,D17,D19,D24,D25,D26,D28
13:28:22.867    68243462  FFFFFF83D3FFF  D16,D17,D19,D24,D25,D26,D27,D28
13:28:22.867    68243464  FFFFFF8BD3FFF  D16,D17,D19,D24,D26,D27,D28
13:28:22.867    68243466  FFFFFF8FD3FFF  D16,D17,D19,D26,D27,D28
13:28:22.867    68243468  FFFFFF9FD3FFF  D16,D17,D19,D27,D28
13:28:24.180    68244771  FFFFFF9BD3FFF  D16,D17,D19,D24,D27,D28
13:28:25.460    68246042  FFFFFF93D3FFF  D16,D17,D19,D24,D25,D27,D28
13:28:25.461    68246045  FFFFFF97D3FFF  D16,D17,D19,D25,D27,D28
13:28:26.975    68247549  FFFFFF93D3FFF  D16,D17,D19,D24,D25,D27,D28
--- FW IODebug 1.2.2 2026-08-31 LIFT=5 13:28:29 ---
13:28:29.825    68250366  FFFFFF93D7FFF  D17,D19,D24,D25,D27,D28
13:28:46.545    68266962  FFFFFF93F7FFF  D17,D24,D25,D27,D28
--- FW IODebug 1.2.2 2026-08-31 LIFT=5 13:28:59 ---
13:29:18.537    68298717  FFFFFF93B7FFF  D17,D20,D24,D25,D27,D28
13:29:19.447    68299629  FFFFFF93B3FFF  D16,D17,D20,D24,D25,D27,D28
13:29:22.822    68302966  FFFFFF97B3FFF  D16,D17,D20,D25,D27,D28
13:29:24.340    68304472  FFFFFF93B3FFF  D16,D17,D20,D24,D25,D27,D28
13:29:24.340    68304474  FFFFFF9BB3FFF  D16,D17,D20,D24,D27,D28
13:29:25.629    68305745  FFFFFF9FB3FFF  D16,D17,D20,D27,D28
13:29:26.913    68307012  FFFFFF8BB3FFF  D16,D17,D20,D24,D26,D27,D28
13:29:26.913    68307013  FFFFFF83B3FFF  D16,D17,D20,D24,D25,D26,D27,D28
13:29:26.913    68307015  FFFFFFA3B3FFF  D16,D17,D20,D24,D25,D26,D28
13:29:28.179    68308286  FFFFFFA7B3FFF  D16,D17,D20,D25,D26,D28
13:29:29.904    68309513  FFFFFFA3B3FFF  D16,D17,D20,D24,D25,D26,D28
13:29:29.905    68309515  FFFFFFABB3FFF  D16,D17,D20,D24,D26,D28
--- FW IODebug 1.2.2 2026-08-31 LIFT=5 13:29:29 ---
13:29:30.744    68310825  FFFFFFAFB3FFF  D16,D17,D20,D26,D28
13:29:31.980    68312053  FFFFFFABB3FFF  D16,D17,D20,D24,D26,D28
13:29:31.981    68312055  FFFFFFA3B3FFF  D16,D17,D20,D24,D25,D26,D28
13:29:31.981    68312059  FFFFFFB3B3FFF  D16,D17,D20,D24,D25,D28
13:29:33.263    68313327  FFFFFFB7B3FFF  D16,D17,D20,D25,D28
13:29:34.539    68314593  FFFFFFB3B3FFF  D16,D17,D20,D24,D25,D28
13:29:34.539    68314595  FFFFFFBBB3FFF  D16,D17,D20,D24,D28
13:29:35.806    68315868  FFFFFFBFB3FFF  D16,D17,D20,D28
13:29:37.103    68317133  FFFFFF83B3FFF  D16,D17,D20,D24,D25,D26,D27,D28
13:29:37.103    68317135  FFFFFFC3B3FFF  D16,D17,D20,D24,D25,D26,D27
13:29:38.377    68318408  FFFFFFC7B3FFF  D16,D17,D20,D25,D26,D27
13:29:39.654    68319674  FFFFFFC3B3FFF  D16,D17,D20,D24,D25,D26,D27
13:29:39.654    68319676  FFFFFFCBB3FFF  D16,D17,D20,D24,D26,D27
13:29:40.933    68320949  FFFFFFCFB3FFF  D16,D17,D20,D26,D27
13:29:42.631    68322612  FFFFFFCBB3FFF  D16,D17,D20,D24,D26,D27
13:29:42.631    68322613  FFFFFFC3B3FFF  D16,D17,D20,D24,D25,D26,D27
13:29:42.631    68322619  FFFFFFD3B3FFF  D16,D17,D20,D24,D25,D27
13:29:44.583    68324560  FFFFFFD7B3FFF  D16,D17,D20,D25,D27
13:29:46.853    68326819  FFFFFFD3B3FFF  D16,D17,D20,D24,D25,D27
13:29:46.853    68326821  FFFFFFDBB3FFF  D16,D17,D20,D24,D27
13:29:48.897    68328848  FFFFFFDFB3FFF  D16,D17,D20,D27
13:29:50.258    68330192  FFFFFFCFB3FFF  D16,D17,D20,D26,D27
13:29:50.258    68330194  FFFFFFC3B3FFF  D16,D17,D20,D24,D25,D26,D27
13:29:50.260    68330196  FFFFFFE3B3FFF  D16,D17,D20,D24,D25,D26
13:29:51.701    68331626  FFFFFFE7B3FFF  D16,D17,D20,D25,D26
13:29:53.107    68333011  FFFFFFE3B3FFF  D16,D17,D20,D24,D25,D26
13:29:53.107    68333014  FFFFFFEBB3FFF  D16,D17,D20,D24,D26
13:29:54.773    68334682  FFFFFFEFB3FFF  D16,D17,D20,D26
13:29:56.771    68336663  FFFFFFEBB3FFF  D16,D17,D20,D24,D26
13:29:56.771    68336665  FFFFFFE3B3FFF  D16,D17,D20,D24,D25,D26
13:29:56.771    68336670  FFFFFFF3B3FFF  D16,D17,D20,D24,D25
13:29:59.052    68338929  FFFFFFF7B3FFF  D16,D17,D20,D25
--- FW IODebug 1.2.2 2026-08-31 LIFT=5 13:30:00 ---
13:30:02.690    68342457  FFFFFFF7B7FFF  D17,D20,D25
13:30:02.691    68342540  FFFFFFF7F7FFF  D17,D25
--- FW IODebug 1.2.2 2026-08-31 LIFT=5 13:30:30 ---
--- FW IODebug 1.2.2 2026-08-31 LIFT=5 13:31:00 ---
13:31:03.170    68402540  FFFFFFF7F7FFF  D17,D25
13:31:04.947    68404301  FFFFFFF7D7FFF  D17,D19,D25
13:31:21.810    68421054  FFFFFFF7D3FFF  D16,D17,D19,D25
13:31:25.891    68425101  FFFFFFF3D3FFF  D16,D17,D19,D24,D25
13:31:28.174    68427364  FFFFFFE3D3FFF  D16,D17,D19,D24,D25,D26
13:31:28.174    68427366  FFFFFFEBD3FFF  D16,D17,D19,D24,D26
13:31:28.175    68427368  FFFFFFEFD3FFF  D16,D17,D19,D26
13:31:30.172    68429348  FFFFFFEBD3FFF  D16,D17,D19,D24,D26
--- FW IODebug 1.2.2 2026-08-31 LIFT=5 13:31:30 ---
13:31:31.844    68431016  FFFFFFE3D3FFF  D16,D17,D19,D24,D25,D26
13:31:31.844    68431021  FFFFFFE7D3FFF  D16,D17,D19,D25,D26
13:31:33.261    68432405  FFFFFFE3D3FFF  D16,D17,D19,D24,D25,D26
13:31:34.690    68433835  FFFFFFCBD3FFF  D16,D17,D19,D24,D26,D27
13:31:34.690    68433839  FFFFFFCFD3FFF  D16,D17,D19,D26,D27
13:31:34.692    68433841  FFFFFFDFD3FFF  D16,D17,D19,D27
13:31:36.062    68435184  FFFFFFDBD3FFF  D16,D17,D19,D24,D27
13:31:38.086    68437209  FFFFFFD3D3FFF  D16,D17,D19,D24,D25,D27
13:31:38.086    68437213  FFFFFFD7D3FFF  D16,D17,D19,D25,D27
13:31:40.370    68439471  FFFFFFD3D3FFF  D16,D17,D19,D24,D25,D27
13:31:42.334    68441415  FFFFFFC3D3FFF  D16,D17,D19,D24,D25,D26,D27
13:31:42.334    68441417  FFFFFFCBD3FFF  D16,D17,D19,D24,D26,D27
13:31:42.334    68441420  FFFFFFCFD3FFF  D16,D17,D19,D26,D27
13:31:44.023    68443082  FFFFFFCBD3FFF  D16,D17,D19,D24,D26,D27
13:31:45.307    68444354  FFFFFFC3D3FFF  D16,D17,D19,D24,D25,D26,D27
13:31:45.307    68444357  FFFFFFC7D3FFF  D16,D17,D19,D25,D26,D27
13:31:46.571    68445624  FFFFFFC3D3FFF  D16,D17,D19,D24,D25,D26,D27
13:31:47.855    68446895  FFFFFF8BD3FFF  D16,D17,D19,D24,D26,D27,D28
13:31:47.855    68446897  FFFFFFABD3FFF  D16,D17,D19,D24,D26,D28
13:31:47.855    68446899  FFFFFFAFD3FFF  D16,D17,D19,D26,D28
13:31:47.855    68446901  FFFFFFBFD3FFF  D16,D17,D19,D28
13:31:49.126    68448163  FFFFFFBBD3FFF  D16,D17,D19,D24,D28
13:31:50.413    68449435  FFFFFFB3D3FFF  D16,D17,D19,D24,D25,D28
13:31:50.413    68449438  FFFFFFB7D3FFF  D16,D17,D19,D25,D28
13:31:51.688    68450704  FFFFFFB3D3FFF  D16,D17,D19,D24,D25,D28
13:31:52.962    68451975  FFFFFFA3D3FFF  D16,D17,D19,D24,D25,D26,D28
13:31:52.962    68451977  FFFFFFABD3FFF  D16,D17,D19,D24,D26,D28
13:31:52.962    68451979  FFFFFFAFD3FFF  D16,D17,D19,D26,D28
13:31:54.251    68453244  FFFFFFABD3FFF  D16,D17,D19,D24,D26,D28
13:31:55.771    68454754  FFFFFFA3D3FFF  D16,D17,D19,D24,D25,D26,D28
13:31:55.771    68454757  FFFFFFA7D3FFF  D16,D17,D19,D25,D26,D28
13:31:58.608    68457570  FFFFFFA7D7FFF  D17,D19,D25,D26,D28
--- FW IODebug 1.2.2 2026-08-31 LIFT=5 13:32:01 ---
13:32:14.167    68473013  FFFFFFA7D3FFF  D16,D17,D19,D25,D26,D28
13:32:17.475    68476306  FFFFFFA3D3FFF  D16,D17,D19,D24,D25,D26,D28
13:32:19.022    68477815  FFFFFF83D3FFF  D16,D17,D19,D24,D25,D26,D27,D28
13:32:19.022    68477817  FFFFFF8BD3FFF  D16,D17,D19,D24,D26,D27,D28
13:32:19.022    68477819  FFFFFF8FD3FFF  D16,D17,D19,D26,D27,D28
13:32:19.022    68477822  FFFFFF9FD3FFF  D16,D17,D19,D27,D28
13:32:20.290    68479085  FFFFFF9BD3FFF  D16,D17,D19,D24,D27,D28
13:32:21.574    68480357  FFFFFF93D3FFF  D16,D17,D19,D24,D25,D27,D28
13:32:21.574    68480360  FFFFFF97D3FFF  D16,D17,D19,D25,D27,D28
13:32:23.094    68481864  FFFFFF93D3FFF  D16,D17,D19,D24,D25,D27,D28
13:32:25.921    68484681  FFFFFF93D7FFF  D17,D19,D24,D25,D27,D28
--- FW IODebug 1.2.2 2026-08-31 LIFT=5 13:32:31 ---
13:32:42.477    68501116  FFFFFF93D3FFF  D16,D17,D19,D24,D25,D27,D28
13:32:45.815    68504410  FFFFFF83D3FFF  D16,D17,D19,D24,D25,D26,D27,D28
13:32:45.815    68504412  FFFFFF8BD3FFF  D16,D17,D19,D24,D26,D27,D28
13:32:45.815    68504415  FFFFFF8FD3FFF  D16,D17,D19,D26,D27,D28
13:32:47.323    68505918  FFFFFF8BD3FFF  D16,D17,D19,D24,D26,D27,D28
13:32:48.624    68507190  FFFFFF83D3FFF  D16,D17,D19,D24,D25,D26,D27,D28
13:32:48.625    68507193  FFFFFF87D3FFF  D16,D17,D19,D25,D26,D27,D28
13:32:50.154    68508737  FFFFFF83D3FFF  D16,D17,D19,D24,D25,D26,D27,D28
13:32:52.962    68511514  FFFFFF83D7FFF  D17,D19,D24,D25,D26,D27,D28
--- FW IODebug 1.2.2 2026-08-31 LIFT=5 13:33:01 ---
13:33:07.657    68526086  FFFFFF83F7FFF  D17,D24,D25,D26,D27,D28
--- FW IODebug 1.2.2 2026-08-31 LIFT=5 13:33:31 ---
13:33:39.650    68557840  FFFFFF83B7FFF  D17,D20,D24,D25,D26,D27,D28
13:33:40.563    68558752  FFFFFF83B3FFF  D16,D17,D20,D24,D25,D26,D27,D28
13:33:43.927    68562089  FFFFFF87B3FFF  D16,D17,D20,D25,D26,D27,D28
13:33:45.436    68563594  FFFFFF83B3FFF  D16,D17,D20,D24,D25,D26,D27,D28
13:33:45.436    68563596  FFFFFF8BB3FFF  D16,D17,D20,D24,D26,D27,D28
13:33:46.719    68564869  FFFFFF8FB3FFF  D16,D17,D20,D26,D27,D28
13:33:48.006    68566134  FFFFFF83B3FFF  D16,D17,D20,D24,D25,D26,D27,D28
13:33:48.007    68566141  FFFFFF93B3FFF  D16,D17,D20,D24,D25,D27,D28
13:33:49.290    68567408  FFFFFF97B3FFF  D16,D17,D20,D25,D27,D28
13:33:50.562    68568675  FFFFFF93B3FFF  D16,D17,D20,D24,D25,D27,D28
13:33:50.562    68568677  FFFFFF9BB3FFF  D16,D17,D20,D24,D27,D28
13:33:51.850    68569949  FFFFFF9FB3FFF  D16,D17,D20,D27,D28
13:33:53.115    68571215  FFFFFF9BB3FFF  D16,D17,D20,D24,D27,D28
13:33:53.115    68571216  FFFFFF83B3FFF  D16,D17,D20,D24,D25,D26,D27,D28
13:33:53.115    68571218  FFFFFFA3B3FFF  D16,D17,D20,D24,D25,D26,D28
13:33:54.401    68572489  FFFFFFA7B3FFF  D16,D17,D20,D25,D26,D28
13:33:55.640    68573716  FFFFFFA3B3FFF  D16,D17,D20,D24,D25,D26,D28
13:33:55.640    68573718  FFFFFFABB3FFF  D16,D17,D20,D24,D26,D28
13:33:56.915    68574990  FFFFFFAFB3FFF  D16,D17,D20,D26,D28
13:33:58.214    68576257  FFFFFFABB3FFF  D16,D17,D20,D24,D26,D28
13:33:58.214    68576259  FFFFFFA3B3FFF  D16,D17,D20,D24,D25,D26,D28
13:33:58.214    68576263  FFFFFFB3B3FFF  D16,D17,D20,D24,D25,D28
13:33:59.485    68577530  FFFFFFB7B3FFF  D16,D17,D20,D25,D28
13:34:00.760    68578797  FFFFFFB3B3FFF  D16,D17,D20,D24,D25,D28
13:34:00.760    68578799  FFFFFFBBB3FFF  D16,D17,D20,D24,D28
--- FW IODebug 1.2.2 2026-08-31 LIFT=5 13:34:02 ---
13:34:02.044    68580071  FFFFFFBFB3FFF  D16,D17,D20,D28
13:34:03.312    68581337  FFFFFFA3B3FFF  D16,D17,D20,D24,D25,D26,D28
13:34:03.312    68581339  FFFFFFC3B3FFF  D16,D17,D20,D24,D25,D26,D27
13:34:04.599    68582611  FFFFFFC7B3FFF  D16,D17,D20,D25,D26,D27
13:34:05.899    68583878  FFFFFFC3B3FFF  D16,D17,D20,D24,D25,D26,D27
13:34:05.899    68583880  FFFFFFCBB3FFF  D16,D17,D20,D24,D26,D27
13:34:07.162    68585152  FFFFFFCFB3FFF  D16,D17,D20,D26,D27
13:34:08.844    68586815  FFFFFFCBB3FFF  D16,D17,D20,D24,D26,D27
13:34:08.845    68586817  FFFFFFC3B3FFF  D16,D17,D20,D24,D25,D26,D27
13:34:08.845    68586822  FFFFFFD3B3FFF  D16,D17,D20,D24,D25,D27
13:34:10.796    68588764  FFFFFFD7B3FFF  D16,D17,D20,D25,D27
13:34:13.082    68591023  FFFFFFD3B3FFF  D16,D17,D20,D24,D25,D27
13:34:13.082    68591025  FFFFFFDBB3FFF  D16,D17,D20,D24,D27
13:34:15.124    68593051  FFFFFFDFB3FFF  D16,D17,D20,D27
13:34:16.479    68594397  FFFFFFDBB3FFF  D16,D17,D20,D24,D27
13:34:16.479    68594398  FFFFFFC3B3FFF  D16,D17,D20,D24,D25,D26,D27
13:34:16.479    68594400  FFFFFFE3B3FFF  D16,D17,D20,D24,D25,D26
13:34:17.928    68595829  FFFFFFE7B3FFF  D16,D17,D20,D25,D26
13:34:19.324    68597215  FFFFFFE3B3FFF  D16,D17,D20,D24,D25,D26
13:34:19.324    68597217  FFFFFFEBB3FFF  D16,D17,D20,D24,D26
13:34:21.012    68598886  FFFFFFEFB3FFF  D16,D17,D20,D26
13:34:23.019    68600866  FFFFFFEBB3FFF  D16,D17,D20,D24,D26
13:34:23.020    68600868  FFFFFFE3B3FFF  D16,D17,D20,D24,D25,D26
13:34:23.020    68600873  FFFFFFF3B3FFF  D16,D17,D20,D24,D25
13:34:25.286    68603133  FFFFFFF7B3FFF  D16,D17,D20,D25
13:34:28.927    68606661  FFFFFFF7B7FFF  D17,D20,D25
13:34:28.927    68606744  FFFFFFF7F7FFF  D17,D25
--- FW IODebug 1.2.2 2026-08-31 LIFT=5 13:34:32 ---
--- FW IODebug 1.2.2 2026-08-31 LIFT=5 13:35:02 ---
13:35:29.375    68666744  FFFFFFF7F7FFF  D17,D25
--- FW IODebug 1.2.2 2026-08-31 LIFT=5 13:35:32 ---
--- FW IODebug 1.2.2 2026-08-31 LIFT=5 13:36:02 ---
13:36:18.998    68715979  FFFFFFF7D7FFF  D17,D19,D25
13:36:19.910    68716893  FFFFFFF7D3FFF  D16,D17,D19,D25
13:36:24.003    68720941  FFFFFFF3D3FFF  D16,D17,D19,D24,D25
13:36:26.290    68723204  FFFFFFE3D3FFF  D16,D17,D19,D24,D25,D26
13:36:26.291    68723206  FFFFFFEBD3FFF  D16,D17,D19,D24,D26
13:36:26.291    68723208  FFFFFFEFD3FFF  D16,D17,D19,D26
13:36:28.272    68725188  FFFFFFEBD3FFF  D16,D17,D19,D24,D26
13:36:29.961    68726856  FFFFFFE3D3FFF  D16,D17,D19,D24,D25,D26
13:36:29.961    68726859  FFFFFFE7D3FFF  D16,D17,D19,D25,D26
13:36:31.361    68728245  FFFFFFE3D3FFF  D16,D17,D19,D24,D25,D26
13:36:33.123    68729674  FFFFFFC3D3FFF  D16,D17,D19,D24,D25,D26,D27
13:36:33.123    68729676  FFFFFFCBD3FFF  D16,D17,D19,D24,D26,D27
13:36:33.123    68729678  FFFFFFCFD3FFF  D16,D17,D19,D26,D27
13:36:33.123    68729680  FFFFFFDFD3FFF  D16,D17,D19,D27
--- FW IODebug 1.2.2 2026-08-31 LIFT=5 13:36:33 ---
13:36:34.146    68731023  FFFFFFDBD3FFF  D16,D17,D19,D24,D27
13:36:36.197    68733048  FFFFFFD3D3FFF  D16,D17,D19,D24,D25,D27
13:36:36.197    68733051  FFFFFFD7D3FFF  D16,D17,D19,D25,D27
13:36:38.470    68735310  FFFFFFD3D3FFF  D16,D17,D19,D24,D25,D27
13:36:40.434    68737255  FFFFFFC3D3FFF  D16,D17,D19,D24,D25,D26,D27
13:36:40.434    68737257  FFFFFFCBD3FFF  D16,D17,D19,D24,D26,D27
13:36:40.434    68737259  FFFFFFCFD3FFF  D16,D17,D19,D26,D27
13:36:42.102    68738923  FFFFFFCBD3FFF  D16,D17,D19,D24,D26,D27
13:36:43.404    68740193  FFFFFFC3D3FFF  D16,D17,D19,D24,D25,D26,D27
13:36:43.404    68740197  FFFFFFC7D3FFF  D16,D17,D19,D25,D26,D27
13:36:44.669    68741464  FFFFFFC3D3FFF  D16,D17,D19,D24,D25,D26,D27
13:36:45.950    68742734  FFFFFF8BD3FFF  D16,D17,D19,D24,D26,D27,D28
13:36:45.950    68742735  FFFFFFABD3FFF  D16,D17,D19,D24,D26,D28
13:36:45.950    68742737  FFFFFFAFD3FFF  D16,D17,D19,D26,D28
13:36:45.951    68742739  FFFFFFBFD3FFF  D16,D17,D19,D28
13:36:47.235    68744003  FFFFFFBBD3FFF  D16,D17,D19,D24,D28
13:36:48.522    68745274  FFFFFFB3D3FFF  D16,D17,D19,D24,D25,D28
13:36:48.522    68745278  FFFFFFB7D3FFF  D16,D17,D19,D25,D28
13:36:49.793    68746544  FFFFFFB3D3FFF  D16,D17,D19,D24,D25,D28
13:36:51.094    68747814  FFFFFFA3D3FFF  D16,D17,D19,D24,D25,D26,D28
13:36:51.094    68747816  FFFFFFABD3FFF  D16,D17,D19,D24,D26,D28
13:36:51.094    68747817  FFFFFFAFD3FFF  D16,D17,D19,D26,D28
13:36:52.351    68749084  FFFFFFABD3FFF  D16,D17,D19,D24,D26,D28
13:36:54.196    68750593  FFFFFFA3D3FFF  D16,D17,D19,D24,D25,D26,D28
13:36:54.197    68750597  FFFFFFA7D3FFF  D16,D17,D19,D25,D26,D28
13:36:54.197    68750753  FFFFFFA793FFF  D16,D17,D19,D20,D25,D26,D28
13:36:54.197    68750912  FFFFFFA7B3FFF  D16,D17,D20,D25,D26,D28
13:36:56.706    68753410  FFFFFFA7B7FFF  D17,D20,D25,D26,D28
--- FW IODebug 1.2.2 2026-08-31 LIFT=5 13:37:03 ---
13:37:11.047    68767622  FFFFFFA7B3FFF  D16,D17,D20,D25,D26,D28
13:37:14.385    68770955  FFFFFFA3B3FFF  D16,D17,D20,D24,D25,D26,D28
13:37:14.385    68770957  FFFFFFABB3FFF  D16,D17,D20,D24,D26,D28
13:37:15.925    68772468  FFFFFFAFB3FFF  D16,D17,D20,D26,D28
13:37:17.195    68773733  FFFFFFABB3FFF  D16,D17,D20,D24,D26,D28
13:37:17.196    68773735  FFFFFFA3B3FFF  D16,D17,D20,D24,D25,D26,D28
13:37:17.196    68773741  FFFFFFB3B3FFF  D16,D17,D20,D24,D25,D28
13:37:18.470    68775008  FFFFFFB7B3FFF  D16,D17,D20,D25,D28
13:37:19.721    68776235  FFFFFFB3B3FFF  D16,D17,D20,D24,D25,D28
13:37:19.721    68776237  FFFFFFBBB3FFF  D16,D17,D20,D24,D28
13:37:20.999    68777509  FFFFFFBFB3FFF  D16,D17,D20,D28
13:37:22.283    68778775  FFFFFFABB3FFF  D16,D17,D20,D24,D26,D28
13:37:22.283    68778777  FFFFFFC3B3FFF  D16,D17,D20,D24,D25,D26,D27
13:37:23.550    68780050  FFFFFFC7B3FFF  D16,D17,D20,D25,D26,D27
13:37:24.839    68781316  FFFFFFC3B3FFF  D16,D17,D20,D24,D25,D26,D27
13:37:24.839    68781318  FFFFFFCBB3FFF  D16,D17,D20,D24,D26,D27
13:37:26.103    68782590  FFFFFFCFB3FFF  D16,D17,D20,D26,D27
13:37:27.784    68784253  FFFFFFCBB3FFF  D16,D17,D20,D24,D26,D27
13:37:27.785    68784254  FFFFFFC3B3FFF  D16,D17,D20,D24,D25,D26,D27
13:37:27.785    68784260  FFFFFFD3B3FFF  D16,D17,D20,D24,D25,D27
13:37:29.771    68786202  FFFFFFD7B3FFF  D16,D17,D20,D25,D27
13:37:32.021    68788460  FFFFFFD3B3FFF  D16,D17,D20,D24,D25,D27
13:37:32.021    68788462  FFFFFFDBB3FFF  D16,D17,D20,D24,D27
--- FW IODebug 1.2.2 2026-08-31 LIFT=5 13:37:33 ---
13:37:34.324    68790727  FFFFFFDFB3FFF  D16,D17,D20,D27
13:37:37.185    68793579  FFFFFFDFB7FFF  D17,D20,D27
--- FW IODebug 1.2.2 2026-08-31 LIFT=5 13:38:03 ---
13:38:07.797    68823790  FFFFFFDFF7FFF  D17,D27
13:38:07.797    68823947  FFFFFFDFD7FFF  D17,D19,D27
13:38:08.720    68824861  FFFFFFDFD3FFF  D16,D17,D19,D27
13:38:12.108    68828233  FFFFFFDBD3FFF  D16,D17,D19,D24,D27
13:38:14.468    68830576  FFFFFFD3D3FFF  D16,D17,D19,D24,D25,D27
13:38:14.468    68830580  FFFFFFD7D3FFF  D16,D17,D19,D25,D27
13:38:18.230    68834306  FFFFFFD7D7FFF  D17,D19,D25,D27
13:38:32.910    68848877  FFFFFFD7F7FFF  D17,D25,D27
--- FW IODebug 1.2.2 2026-08-31 LIFT=5 13:38:34 ---
13:38:48.751    68864593  FFFFFFD7D7FFF  D17,D19,D25,D27
--- FW IODebug 1.2.2 2026-08-31 LIFT=5 13:39:04 ---
13:39:05.631    68881345  FFFFFFD7D3FFF  D16,D17,D19,D25,D27
13:39:09.384    68885075  FFFFFFD3D3FFF  D16,D17,D19,D24,D25,D27
13:39:11.474    68887139  FFFFFFC3D3FFF  D16,D17,D19,D24,D25,D26,D27
13:39:11.474    68887141  FFFFFFCBD3FFF  D16,D17,D19,D24,D26,D27
13:39:11.474    68887144  FFFFFFCFD3FFF  D16,D17,D19,D26,D27
13:39:13.140    68888807  FFFFFFCBD3FFF  D16,D17,D19,D24,D26,D27
13:39:14.391    68890038  FFFFFFC3D3FFF  D16,D17,D19,D24,D25,D26,D27
13:39:14.391    68890042  FFFFFFC7D3FFF  D16,D17,D19,D25,D26,D27
13:39:15.668    68891308  FFFFFFC3D3FFF  D16,D17,D19,D24,D25,D26,D27
13:39:16.955    68892578  FFFFFF8BD3FFF  D16,D17,D19,D24,D26,D27,D28
13:39:16.956    68892580  FFFFFFABD3FFF  D16,D17,D19,D24,D26,D28
13:39:16.956    68892582  FFFFFFAFD3FFF  D16,D17,D19,D26,D28
13:39:16.956    68892584  FFFFFFBFD3FFF  D16,D17,D19,D28
13:39:18.234    68893848  FFFFFFBBD3FFF  D16,D17,D19,D24,D28
13:39:19.516    68895119  FFFFFFB3D3FFF  D16,D17,D19,D24,D25,D28
13:39:19.517    68895122  FFFFFFB7D3FFF  D16,D17,D19,D25,D28
13:39:20.787    68896389  FFFFFFB3D3FFF  D16,D17,D19,D24,D25,D28
13:39:22.075    68897659  FFFFFFA3D3FFF  D16,D17,D19,D24,D25,D26,D28
13:39:22.076    68897660  FFFFFFABD3FFF  D16,D17,D19,D24,D26,D28
13:39:22.076    68897662  FFFFFFAFD3FFF  D16,D17,D19,D26,D28
13:39:23.339    68898929  FFFFFFABD3FFF  D16,D17,D19,D24,D26,D28
13:39:24.627    68900200  FFFFFFA3D3FFF  D16,D17,D19,D24,D25,D26,D28
13:39:24.627    68900203  FFFFFFA7D3FFF  D16,D17,D19,D25,D26,D28
13:39:25.903    68901469  FFFFFFA3D3FFF  D16,D17,D19,D24,D25,D26,D28
13:39:27.205    68902740  FFFFFF83D3FFF  D16,D17,D19,D24,D25,D26,D27,D28
13:39:27.205    68902742  FFFFFF8BD3FFF  D16,D17,D19,D24,D26,D27,D28
13:39:27.205    68902744  FFFFFF8FD3FFF  D16,D17,D19,D26,D27,D28
13:39:27.205    68902747  FFFFFF9FD3FFF  D16,D17,D19,D27,D28
13:39:28.475    68904010  FFFFFF9BD3FFF  D16,D17,D19,D24,D27,D28
13:39:29.753    68905280  FFFFFF93D3FFF  D16,D17,D19,D24,D25,D27,D28
13:39:29.754    68905284  FFFFFF97D3FFF  D16,D17,D19,D25,D27,D28
13:39:31.042    68906550  FFFFFF93D3FFF  D16,D17,D19,D24,D25,D27,D28
13:39:32.301    68907821  FFFFFF83D3FFF  D16,D17,D19,D24,D25,D26,D27,D28
13:39:32.301    68907823  FFFFFF8BD3FFF  D16,D17,D19,D24,D26,D27,D28
13:39:32.301    68907825  FFFFFF8FD3FFF  D16,D17,D19,D26,D27,D28
13:39:33.597    68909090  FFFFFF8BD3FFF  D16,D17,D19,D24,D26,D27,D28
--- FW IODebug 1.2.2 2026-08-31 LIFT=5 13:39:34 ---
13:39:34.887    68910361  FFFFFF83D3FFF  D16,D17,D19,D24,D25,D26,D27,D28
13:39:34.887    68910365  FFFFFF87D3FFF  D16,D17,D19,D25,D26,D27,D28
13:39:36.399    68911868  FFFFFF83D3FFF  D16,D17,D19,D24,D25,D26,D27,D28
13:39:39.214    68914685  FFFFFF83D7FFF  D17,D19,D24,D25,D26,D27,D28
13:39:54.031    68929377  FFFFFF83F7FFF  D17,D24,D25,D26,D27,D28
--- FW IODebug 1.2.2 2026-08-31 LIFT=5 13:40:04 ---
13:40:26.668    68961766  FFFFFF83B7FFF  D17,D20,D24,D25,D26,D27,D28
13:40:27.571    68962678  FFFFFF83B3FFF  D16,D17,D20,D24,D25,D26,D27,D28
13:40:30.942    68966016  FFFFFF87B3FFF  D16,D17,D20,D25,D26,D27,D28
13:40:32.428    68967481  FFFFFF83B3FFF  D16,D17,D20,D24,D25,D26,D27,D28
13:40:32.429    68967483  FFFFFF8BB3FFF  D16,D17,D20,D24,D26,D27,D28
13:40:33.701    68968755  FFFFFF8FB3FFF  D16,D17,D20,D26,D27,D28
--- FW IODebug 1.2.2 2026-08-31 LIFT=5 13:40:35 ---
13:40:35.005    68970020  FFFFFF8BB3FFF  D16,D17,D20,D24,D26,D27,D28
13:40:35.005    68970022  FFFFFF83B3FFF  D16,D17,D20,D24,D25,D26,D27,D28
13:40:35.005    68970028  FFFFFF93B3FFF  D16,D17,D20,D24,D25,D27,D28
13:40:36.253    68971295  FFFFFF97B3FFF  D16,D17,D20,D25,D27,D28
13:40:37.544    68972561  FFFFFF93B3FFF  D16,D17,D20,D24,D25,D27,D28
13:40:37.544    68972563  FFFFFF9BB3FFF  D16,D17,D20,D24,D27,D28
13:40:38.821    68973835  FFFFFF9FB3FFF  D16,D17,D20,D27,D28
13:40:40.106    68975101  FFFFFF9BB3FFF  D16,D17,D20,D24,D27,D28
13:40:40.107    68975104  FFFFFF83B3FFF  D16,D17,D20,D24,D25,D26,D27,D28
13:40:40.107    68975106  FFFFFFA3B3FFF  D16,D17,D20,D24,D25,D26,D28
13:40:41.377    68976376  FFFFFFA7B3FFF  D16,D17,D20,D25,D26,D28
13:40:42.654    68977642  FFFFFFA3B3FFF  D16,D17,D20,D24,D25,D26,D28
13:40:42.654    68977644  FFFFFFABB3FFF  D16,D17,D20,D24,D26,D28
13:40:43.959    68978916  FFFFFFAFB3FFF  D16,D17,D20,D26,D28
13:40:45.230    68980183  FFFFFFABB3FFF  D16,D17,D20,D24,D26,D28
13:40:45.231    68980184  FFFFFFA3B3FFF  D16,D17,D20,D24,D25,D26,D28
13:40:45.231    68980190  FFFFFFB3B3FFF  D16,D17,D20,D24,D25,D28
13:40:46.498    68981456  FFFFFFB7B3FFF  D16,D17,D20,D25,D28
13:40:47.784    68982723  FFFFFFB3B3FFF  D16,D17,D20,D24,D25,D28
13:40:47.784    68982725  FFFFFFBBB3FFF  D16,D17,D20,D24,D28
13:40:49.062    68983997  FFFFFFBFB3FFF  D16,D17,D20,D28
13:40:50.338    68985263  FFFFFFABB3FFF  D16,D17,D20,D24,D26,D28
13:40:50.338    68985265  FFFFFFC3B3FFF  D16,D17,D20,D24,D25,D26,D27
13:40:51.620    68986537  FFFFFFC7B3FFF  D16,D17,D20,D25,D26,D27
13:40:52.907    68987804  FFFFFFC3B3FFF  D16,D17,D20,D24,D25,D26,D27
13:40:52.908    68987805  FFFFFFCBB3FFF  D16,D17,D20,D24,D26,D27
13:40:54.185    68989078  FFFFFFCFB3FFF  D16,D17,D20,D26,D27
13:40:55.819    68990701  FFFFFFCBB3FFF  D16,D17,D20,D24,D26,D27
13:40:55.819    68990703  FFFFFFC3B3FFF  D16,D17,D20,D24,D25,D26,D27
13:40:55.819    68990708  FFFFFFD3B3FFF  D16,D17,D20,D24,D25,D27
13:40:57.830    68992690  FFFFFFD7B3FFF  D16,D17,D20,D25,D27
13:41:00.105    68994949  FFFFFFD3B3FFF  D16,D17,D20,D24,D25,D27
13:41:00.105    68994951  FFFFFFDBB3FFF  D16,D17,D20,D24,D27
13:41:02.150    68996977  FFFFFFDFB3FFF  D16,D17,D20,D27
13:41:03.496    68998323  FFFFFFCBB3FFF  D16,D17,D20,D24,D26,D27
13:41:03.496    68998325  FFFFFFC3B3FFF  D16,D17,D20,D24,D25,D26,D27
13:41:03.496    68998327  FFFFFFE3B3FFF  D16,D17,D20,D24,D25,D26
13:41:05.181    68999716  FFFFFFE7B3FFF  D16,D17,D20,D25,D26
--- FW IODebug 1.2.2 2026-08-31 LIFT=5 13:41:05 ---
13:41:06.364    69001141  FFFFFFE3B3FFF  D16,D17,D20,D24,D25,D26
13:41:06.365    69001143  FFFFFFEBB3FFF  D16,D17,D20,D24,D26
13:41:08.029    69002812  FFFFFFEFB3FFF  D16,D17,D20,D26
13:41:10.029    69004792  FFFFFFEBB3FFF  D16,D17,D20,D24,D26
13:41:10.029    69004794  FFFFFFE3B3FFF  D16,D17,D20,D24,D25,D26
13:41:10.029    69004800  FFFFFFF3B3FFF  D16,D17,D20,D24,D25
13:41:12.301    69007058  FFFFFFF7B3FFF  D16,D17,D20,D25
13:41:15.933    69010586  FFFFFFF7B7FFF  D17,D20,D25
13:41:15.933    69010669  FFFFFFF7F7FFF  D17,D25
--- FW IODebug 1.2.2 2026-08-31 LIFT=5 13:41:35 ---
--- FW IODebug 1.2.2 2026-08-31 LIFT=5 13:42:05 ---
13:42:16.401    69070669  FFFFFFF7F7FFF  D17,D25
--- FW IODebug 1.2.2 2026-08-31 LIFT=5 13:42:35 ---
--- FW IODebug 1.2.2 2026-08-31 LIFT=5 13:43:06 ---
13:43:16.857    69130669  FFFFFFF7F7FFF  D17,D25
--- FW IODebug 1.2.2 2026-08-31 LIFT=5 13:43:36 ---
--- FW IODebug 1.2.2 2026-08-31 LIFT=5 13:44:06 ---
13:44:08.096    69181510  FFFFFFF7D7FFF  D17,D19,D25
13:44:24.980    69198262  FFFFFFF7D3FFF  D16,D17,D19,D25
13:44:29.063    69202310  FFFFFFF3D3FFF  D16,D17,D19,D24,D25
13:44:31.335    69204574  FFFFFFEBD3FFF  D16,D17,D19,D24,D26
13:44:31.335    69204577  FFFFFFEFD3FFF  D16,D17,D19,D26
13:44:33.331    69206557  FFFFFFEBD3FFF  D16,D17,D19,D24,D26
13:44:35.023    69208225  FFFFFFE3D3FFF  D16,D17,D19,D24,D25,D26
13:44:35.023    69208228  FFFFFFE7D3FFF  D16,D17,D19,D25,D26
13:44:36.800    69209613  FFFFFFE3D3FFF  D16,D17,D19,D24,D25,D26
--- FW IODebug 1.2.2 2026-08-31 LIFT=5 13:44:36 ---
13:44:37.863    69211043  FFFFFFCBD3FFF  D16,D17,D19,D24,D26,D27
13:44:37.864    69211047  FFFFFFCFD3FFF  D16,D17,D19,D26,D27
13:44:37.864    69211049  FFFFFFDFD3FFF  D16,D17,D19,D27
13:44:39.213    69212392  FFFFFFDBD3FFF  D16,D17,D19,D24,D27
13:44:41.252    69214417  FFFFFFD3D3FFF  D16,D17,D19,D24,D25,D27
13:44:41.252    69214420  FFFFFFD7D3FFF  D16,D17,D19,D25,D27
13:44:43.538    69216679  FFFFFFD3D3FFF  D16,D17,D19,D24,D25,D27
13:44:45.509    69218624  FFFFFFC3D3FFF  D16,D17,D19,D24,D25,D26,D27
13:44:45.509    69218626  FFFFFFCBD3FFF  D16,D17,D19,D24,D26,D27
13:44:45.509    69218629  FFFFFFCFD3FFF  D16,D17,D19,D26,D27
13:44:47.170    69220291  FFFFFFCBD3FFF  D16,D17,D19,D24,D26,D27
13:44:48.448    69221562  FFFFFFC3D3FFF  D16,D17,D19,D24,D25,D26,D27
13:44:48.448    69221566  FFFFFFC7D3FFF  D16,D17,D19,D25,D26,D27
13:44:49.729    69222832  FFFFFFC3D3FFF  D16,D17,D19,D24,D25,D26,D27
13:44:51.029    69224102  FFFFFF8BD3FFF  D16,D17,D19,D24,D26,D27,D28
13:44:51.029    69224105  FFFFFFABD3FFF  D16,D17,D19,D24,D26,D28
13:44:51.029    69224108  FFFFFFAFD3FFF  D16,D17,D19,D26,D28
13:44:51.029    69224110  FFFFFFBFD3FFF  D16,D17,D19,D28
13:44:52.292    69225372  FFFFFFBBD3FFF  D16,D17,D19,D24,D28
13:44:53.574    69226643  FFFFFFB3D3FFF  D16,D17,D19,D24,D25,D28
13:44:53.574    69226646  FFFFFFB7D3FFF  D16,D17,D19,D25,D28
13:44:54.854    69227913  FFFFFFB3D3FFF  D16,D17,D19,D24,D25,D28
13:44:56.142    69229182  FFFFFFA3D3FFF  D16,D17,D19,D24,D25,D26,D28
13:44:56.142    69229185  FFFFFFABD3FFF  D16,D17,D19,D24,D26,D28
13:44:56.142    69229188  FFFFFFAFD3FFF  D16,D17,D19,D26,D28
13:44:57.411    69230452  FFFFFFABD3FFF  D16,D17,D19,D24,D26,D28
13:44:58.940    69231963  FFFFFFA3D3FFF  D16,D17,D19,D24,D25,D26,D28
13:44:58.940    69231966  FFFFFFA7D3FFF  D16,D17,D19,D25,D26,D28
13:45:01.783    69234778  FFFFFFA7D7FFF  D17,D19,D25,D26,D28
--- FW IODebug 1.2.2 2026-08-31 LIFT=5 13:45:07 ---
13:45:16.410    69249310  FFFFFFA7F7FFF  D17,D25,D26,D28
--- FW IODebug 1.2.2 2026-08-31 LIFT=5 13:45:37 ---
13:45:49.207    69281858  FFFFFFA7B7FFF  D17,D20,D25,D26,D28
13:45:50.123    69282770  FFFFFFA7B3FFF  D16,D17,D20,D25,D26,D28
13:45:53.492    69286104  FFFFFFA3B3FFF  D16,D17,D20,D24,D25,D26,D28
13:45:53.492    69286106  FFFFFFABB3FFF  D16,D17,D20,D24,D26,D28
13:45:55.012    69287617  FFFFFFAFB3FFF  D16,D17,D20,D26,D28
13:45:56.286    69288882  FFFFFFABB3FFF  D16,D17,D20,D24,D26,D28
13:45:56.286    69288884  FFFFFFA3B3FFF  D16,D17,D20,D24,D25,D26,D28
13:45:56.286    69288886  FFFFFFB3B3FFF  D16,D17,D20,D24,D25,D28
13:45:57.576    69290157  FFFFFFB7B3FFF  D16,D17,D20,D25,D28
13:45:58.810    69291383  FFFFFFB3B3FFF  D16,D17,D20,D24,D25,D28
13:45:58.810    69291385  FFFFFFBBB3FFF  D16,D17,D20,D24,D28
13:46:00.098    69292657  FFFFFFBFB3FFF  D16,D17,D20,D28
13:46:01.380    69293923  FFFFFFBBB3FFF  D16,D17,D20,D24,D28
13:46:01.381    69293925  FFFFFFC3B3FFF  D16,D17,D20,D24,D25,D26,D27
13:46:02.660    69295198  FFFFFFC7B3FFF  D16,D17,D20,D25,D26,D27
13:46:03.929    69296464  FFFFFFC3B3FFF  D16,D17,D20,D24,D25,D26,D27
13:46:03.929    69296465  FFFFFFCBB3FFF  D16,D17,D20,D24,D26,D27
13:46:05.198    69297738  FFFFFFCFB3FFF  D16,D17,D20,D26,D27
13:46:06.901    69299401  FFFFFFC3B3FFF  D16,D17,D20,D24,D25,D26,D27
13:46:06.901    69299408  FFFFFFD3B3FFF  D16,D17,D20,D24,D25,D27
--- FW IODebug 1.2.2 2026-08-31 LIFT=5 13:46:07 ---
13:46:08.857    69301351  FFFFFFD7B3FFF  D16,D17,D20,D25,D27
13:46:11.129    69303609  FFFFFFD3B3FFF  D16,D17,D20,D24,D25,D27
13:46:11.129    69303611  FFFFFFDBB3FFF  D16,D17,D20,D24,D27
13:46:13.176    69305637  FFFFFFDFB3FFF  D16,D17,D20,D27
13:46:14.538    69306983  FFFFFFCBB3FFF  D16,D17,D20,D24,D26,D27
13:46:14.538    69306985  FFFFFFC3B3FFF  D16,D17,D20,D24,D25,D26,D27
13:46:14.539    69306986  FFFFFFE3B3FFF  D16,D17,D20,D24,D25,D26
13:46:15.979    69308417  FFFFFFE7B3FFF  D16,D17,D20,D25,D26
13:46:17.384    69309801  FFFFFFE3B3FFF  D16,D17,D20,D24,D25,D26
13:46:17.385    69309803  FFFFFFEBB3FFF  D16,D17,D20,D24,D26
13:46:19.052    69311472  FFFFFFEFB3FFF  D16,D17,D20,D26
13:46:21.085    69313492  FFFFFFEBB3FFF  D16,D17,D20,D24,D26
13:46:21.085    69313495  FFFFFFE3B3FFF  D16,D17,D20,D24,D25,D26
13:46:21.085    69313500  FFFFFFF3B3FFF  D16,D17,D20,D24,D25
13:46:23.331    69315720  FFFFFFF7B3FFF  D16,D17,D20,D25
13:46:26.976    69319246  FFFFFFF7B7FFF  D17,D20,D25
13:46:26.977    69319329  FFFFFFF7F7FFF  D17,D25
--- FW IODebug 1.2.2 2026-08-31 LIFT=5 13:46:37 ---
--- FW IODebug 1.2.2 2026-08-31 LIFT=5 13:47:07 ---
13:47:27.413    69379329  FFFFFFF7F7FFF  D17,D25
--- FW IODebug 1.2.2 2026-08-31 LIFT=5 13:47:38 ---
13:48:07.762    69419357  FFFFFFF7D7FFF  D17,D19,D25
--- FW IODebug 1.2.2 2026-08-31 LIFT=5 13:48:08 ---
13:48:08.686    69420270  FFFFFFF7D3FFF  D16,D17,D19,D25
13:48:12.767    69424318  FFFFFFF3D3FFF  D16,D17,D19,D24,D25
13:48:15.052    69426581  FFFFFFE3D3FFF  D16,D17,D19,D24,D25,D26
13:48:15.052    69426582  FFFFFFEBD3FFF  D16,D17,D19,D24,D26
13:48:15.053    69426585  FFFFFFEFD3FFF  D16,D17,D19,D26
13:48:17.053    69428566  FFFFFFEBD3FFF  D16,D17,D19,D24,D26
13:48:18.720    69430233  FFFFFFE3D3FFF  D16,D17,D19,D24,D25,D26
13:48:18.720    69430237  FFFFFFE7D3FFF  D16,D17,D19,D25,D26
13:48:20.114    69431622  FFFFFFE3D3FFF  D16,D17,D19,D24,D25,D26
13:48:21.570    69433052  FFFFFFC3D3FFF  D16,D17,D19,D24,D25,D26,D27
13:48:21.570    69433053  FFFFFFCBD3FFF  D16,D17,D19,D24,D26,D27
13:48:21.570    69433055  FFFFFFCFD3FFF  D16,D17,D19,D26,D27
13:48:21.570    69433058  FFFFFFDFD3FFF  D16,D17,D19,D27
13:48:22.909    69434400  FFFFFFDBD3FFF  D16,D17,D19,D24,D27
13:48:24.966    69436425  FFFFFFD3D3FFF  D16,D17,D19,D24,D25,D27
13:48:24.966    69436429  FFFFFFD7D3FFF  D16,D17,D19,D25,D27
13:48:27.244    69438688  FFFFFFD3D3FFF  D16,D17,D19,D24,D25,D27
13:48:29.206    69440632  FFFFFFC3D3FFF  D16,D17,D19,D24,D25,D26,D27
13:48:29.206    69440634  FFFFFFCBD3FFF  D16,D17,D19,D24,D26,D27
13:48:29.206    69440636  FFFFFFCFD3FFF  D16,D17,D19,D26,D27
13:48:30.868    69442299  FFFFFFCBD3FFF  D16,D17,D19,D24,D26,D27
13:48:32.174    69443570  FFFFFFC3D3FFF  D16,D17,D19,D24,D25,D26,D27
13:48:32.174    69443573  FFFFFFC7D3FFF  D16,D17,D19,D25,D26,D27
13:48:33.444    69444840  FFFFFFC3D3FFF  D16,D17,D19,D24,D25,D26,D27
13:48:34.743    69446111  FFFFFF83D3FFF  D16,D17,D19,D24,D25,D26,D27,D28
13:48:34.743    69446113  FFFFFF8BD3FFF  D16,D17,D19,D24,D26,D27,D28
13:48:34.743    69446115  FFFFFFAFD3FFF  D16,D17,D19,D26,D28
13:48:34.743    69446117  FFFFFFBFD3FFF  D16,D17,D19,D28
13:48:36.006    69447380  FFFFFFBBD3FFF  D16,D17,D19,D24,D28
13:48:37.272    69448650  FFFFFFB3D3FFF  D16,D17,D19,D24,D25,D28
13:48:37.272    69448654  FFFFFFB7D3FFF  D16,D17,D19,D25,D28
13:48:38.652    69449920  FFFFFFB3D3FFF  D16,D17,D19,D24,D25,D28
--- FW IODebug 1.2.2 2026-08-31 LIFT=5 13:48:38 ---
13:48:39.846    69451191  FFFFFFA3D3FFF  D16,D17,D19,D24,D25,D26,D28
13:48:39.846    69451193  FFFFFFABD3FFF  D16,D17,D19,D24,D26,D28
13:48:39.846    69451195  FFFFFFAFD3FFF  D16,D17,D19,D26,D28
13:48:41.112    69452462  FFFFFFABD3FFF  D16,D17,D19,D24,D26,D28
13:48:42.969    69453970  FFFFFFA3D3FFF  D16,D17,D19,D24,D25,D26,D28
13:48:42.969    69453974  FFFFFFA7D3FFF  D16,D17,D19,D25,D26,D28
13:48:42.969    69454129  FFFFFFA793FFF  D16,D17,D19,D20,D25,D26,D28
13:48:42.969    69454289  FFFFFFA7B3FFF  D16,D17,D20,D25,D26,D28
13:48:45.520    69456826  FFFFFFA7B7FFF  D17,D20,D25,D26,D28
13:49:01.996    69473182  FFFFFFA7B3FFF  D16,D17,D20,D25,D26,D28
13:49:05.357    69476515  FFFFFFA3B3FFF  D16,D17,D20,D24,D25,D26,D28
13:49:05.357    69476517  FFFFFFABB3FFF  D16,D17,D20,D24,D26,D28
13:49:06.889    69478029  FFFFFFAFB3FFF  D16,D17,D20,D26,D28
13:49:08.160    69479293  FFFFFFABB3FFF  D16,D17,D20,D24,D26,D28
13:49:08.160    69479296  FFFFFFA3B3FFF  D16,D17,D20,D24,D25,D26,D28
13:49:08.160    69479302  FFFFFFB3B3FFF  D16,D17,D20,D24,D25,D28
--- FW IODebug 1.2.2 2026-08-31 LIFT=5 13:49:08 ---
13:49:09.452    69480568  FFFFFFB7B3FFF  D16,D17,D20,D25,D28
13:49:10.687    69481795  FFFFFFB3B3FFF  D16,D17,D20,D24,D25,D28
13:49:10.687    69481797  FFFFFFBBB3FFF  D16,D17,D20,D24,D28
13:49:11.963    69483070  FFFFFFBFB3FFF  D16,D17,D20,D28
13:49:13.248    69484335  FFFFFFBBB3FFF  D16,D17,D20,D24,D28
13:49:13.248    69484337  FFFFFFC3B3FFF  D16,D17,D20,D24,D25,D26,D27
13:49:14.536    69485609  FFFFFFC7B3FFF  D16,D17,D20,D25,D26,D27
13:49:15.793    69486875  FFFFFFC3B3FFF  D16,D17,D20,D24,D25,D26,D27
13:49:15.793    69486877  FFFFFFCBB3FFF  D16,D17,D20,D24,D26,D27
13:49:17.071    69488150  FFFFFFCFB3FFF  D16,D17,D20,D26,D27
13:49:18.767    69489813  FFFFFFCBB3FFF  D16,D17,D20,D24,D26,D27
13:49:18.767    69489815  FFFFFFC3B3FFF  D16,D17,D20,D24,D25,D26,D27
13:49:18.767    69489820  FFFFFFD3B3FFF  D16,D17,D20,D24,D25,D27
13:49:20.841    69491881  FFFFFFD7B3FFF  D16,D17,D20,D25,D27
13:49:24.078    69495091  FFFFFFD7B7FFF  D17,D20,D25,D27
--- FW IODebug 1.2.2 2026-08-31 LIFT=5 13:49:39 ---
13:49:39.650    69510534  FFFFFFD7B3FFF  D16,D17,D20,D25,D27
13:49:43.915    69514780  FFFFFFD3B3FFF  D16,D17,D20,D24,D25,D27
13:49:43.915    69514782  FFFFFFDBB3FFF  D16,D17,D20,D24,D27
13:49:45.959    69516810  FFFFFFDFB3FFF  D16,D17,D20,D27
13:49:47.316    69518154  FFFFFFDBB3FFF  D16,D17,D20,D24,D27
13:49:47.316    69518156  FFFFFFC3B3FFF  D16,D17,D20,D24,D25,D26,D27
13:49:47.316    69518158  FFFFFFE3B3FFF  D16,D17,D20,D24,D25,D26
13:49:48.769    69519588  FFFFFFE7B3FFF  D16,D17,D20,D25,D26
13:49:50.153    69520972  FFFFFFE3B3FFF  D16,D17,D20,D24,D25,D26
13:49:50.153    69520974  FFFFFFEBB3FFF  D16,D17,D20,D24,D26
13:49:51.841    69522643  FFFFFFEFB3FFF  D16,D17,D20,D26
13:49:53.900    69524665  FFFFFFE3B3FFF  D16,D17,D20,D24,D25,D26
13:49:53.901    69524671  FFFFFFF3B3FFF  D16,D17,D20,D24,D25
13:49:56.120    69526892  FFFFFFF7B3FFF  D16,D17,D20,D25
13:49:59.711    69530459  FFFFFFF7B7FFF  D17,D20,D25
--- FW IODebug 1.2.2 2026-08-31 LIFT=5 13:50:09 ---
13:50:14.488    69545109  FFFFFFF7F7FFF  D17,D25
--- FW IODebug 1.2.2 2026-08-31 LIFT=5 13:50:39 ---
--- FW IODebug 1.2.2 2026-08-31 LIFT=5 13:51:09 ---
13:51:14.951    69605109  FFFFFFF7F7FFF  D17,D25
--- FW IODebug 1.2.2 2026-08-31 LIFT=5 13:51:40 ---
--- FW IODebug 1.2.2 2026-08-31 LIFT=5 13:52:10 ---
13:52:15.389    69665110  FFFFFFF7F7FFF  D17,D25
--- FW IODebug 1.2.2 2026-08-31 LIFT=5 13:52:40 ---
--- FW IODebug 1.2.2 2026-08-31 LIFT=5 13:53:10 ---
13:53:15.159    69724403  FFFFFFF7FFFFF  D25
13:53:15.824    69725079  FFFFFFF7F7FFF  D17,D25
--- FW IODebug 1.2.2 2026-08-31 LIFT=5 13:53:40 ---
--- FW IODebug 1.2.2 2026-08-31 LIFT=5 13:54:11 ---
13:54:16.291    69785079  FFFFFFF7F7FFF  D17,D25
--- FW IODebug 1.2.2 2026-08-31 LIFT=5 13:54:41 ---
--- FW IODebug 1.2.2 2026-08-31 LIFT=5 13:55:11 ---
13:55:16.752    69845079  FFFFFFF7F7FFF  D17,D25
--- FW IODebug 1.2.2 2026-08-31 LIFT=5 13:55:41 ---
--- FW IODebug 1.2.2 2026-08-31 LIFT=5 13:56:12 ---
13:56:17.215    69905079  FFFFFFF7F7FFF  D17,D25
13:56:37.985    69925693  FFFFFFF7D7FFF  D17,D19,D25
--- FW IODebug 1.2.2 2026-08-31 LIFT=5 13:56:42 ---
13:56:51.454    69939069  FFFFFFF7D3FFF  D16,D17,D19,D25
13:56:55.541    69943117  FFFFFFF3D3FFF  D16,D17,D19,D24,D25
13:56:57.818    69945380  FFFFFFE3D3FFF  D16,D17,D19,D24,D25,D26
13:56:57.818    69945382  FFFFFFEBD3FFF  D16,D17,D19,D24,D26
13:56:57.819    69945385  FFFFFFEFD3FFF  D16,D17,D19,D26
13:56:59.829    69947365  FFFFFFEBD3FFF  D16,D17,D19,D24,D26
13:57:01.499    69949034  FFFFFFE3D3FFF  D16,D17,D19,D24,D25,D26
13:57:01.500    69949037  FFFFFFE7D3FFF  D16,D17,D19,D25,D26
13:57:02.890    69950422  FFFFFFE3D3FFF  D16,D17,D19,D24,D25,D26
13:57:04.341    69951851  FFFFFFC3D3FFF  D16,D17,D19,D24,D25,D26,D27
13:57:04.341    69951853  FFFFFFCBD3FFF  D16,D17,D19,D24,D26,D27
13:57:04.341    69951855  FFFFFFCFD3FFF  D16,D17,D19,D26,D27
13:57:04.341    69951857  FFFFFFDFD3FFF  D16,D17,D19,D27
13:57:05.701    69953201  FFFFFFDBD3FFF  D16,D17,D19,D24,D27
13:57:07.777    69955265  FFFFFFD3D3FFF  D16,D17,D19,D24,D25,D27
13:57:07.777    69955269  FFFFFFD7D3FFF  D16,D17,D19,D25,D27
13:57:11.493    69958955  FFFFFFD7D7FFF  D17,D19,D25,D27
--- FW IODebug 1.2.2 2026-08-31 LIFT=5 13:57:12 ---
13:57:26.301    69973646  FFFFFFD7F7FFF  D17,D25,D27
--- FW IODebug 1.2.2 2026-08-31 LIFT=5 13:57:42 ---
13:57:58.781    70005875  FFFFFFD7B7FFF  D17,D20,D25,D27
13:57:59.705    70006788  FFFFFFD7B3FFF  D16,D17,D20,D25,D27
13:58:03.967    70011034  FFFFFFD3B3FFF  D16,D17,D20,D24,D25,D27
13:58:03.967    70011036  FFFFFFDBB3FFF  D16,D17,D20,D24,D27
13:58:06.020    70013063  FFFFFFDFB3FFF  D16,D17,D20,D27
13:58:07.424    70014448  FFFFFFCBB3FFF  D16,D17,D20,D24,D26,D27
13:58:07.424    70014449  FFFFFFC3B3FFF  D16,D17,D20,D24,D25,D26,D27
13:58:07.425    70014451  FFFFFFE3B3FFF  D16,D17,D20,D24,D25,D26
13:58:08.812    70015842  FFFFFFE7B3FFF  D16,D17,D20,D25,D26
13:58:10.218    70017226  FFFFFFE3B3FFF  D16,D17,D20,D24,D25,D26
13:58:10.219    70017228  FFFFFFEBB3FFF  D16,D17,D20,D24,D26
13:58:11.884    70018898  FFFFFFEFB3FFF  D16,D17,D20,D26
--- FW IODebug 1.2.2 2026-08-31 LIFT=5 13:58:13 ---
13:58:13.939    70020919  FFFFFFEBB3FFF  D16,D17,D20,D24,D26
13:58:13.939    70020920  FFFFFFE3B3FFF  D16,D17,D20,D24,D25,D26
13:58:13.939    70020925  FFFFFFF3B3FFF  D16,D17,D20,D24,D25
13:58:16.166    70023146  FFFFFFF7B3FFF  D16,D17,D20,D25
13:58:19.880    70026712  FFFFFFF7B7FFF  D17,D20,D25
13:58:19.880    70026834  FFFFFFF7F7FFF  D17,D25
--- FW IODebug 1.2.2 2026-08-31 LIFT=5 13:58:43 ---
--- FW IODebug 1.2.2 2026-08-31 LIFT=5 13:59:13 ---
13:59:20.354    70086834  FFFFFFF7F7FFF  D17,D25
--- FW IODebug 1.2.2 2026-08-31 LIFT=5 13:59:43 ---
--- FW IODebug 1.2.2 2026-08-31 LIFT=5 14:00:13 ---
14:00:20.819    70146834  FFFFFFF7F7FFF  D17,D25
14:00:44.640    70169573  FFFFFFF7D7FFF  D17,D19,D25
--- FW IODebug 1.2.2 2026-08-31 LIFT=5 14:00:44 ---
14:00:44.640    70170486  FFFFFFF7D3FFF  D16,D17,D19,D25
14:00:48.732    70174534  FFFFFFF3D3FFF  D16,D17,D19,D24,D25
14:00:51.016    70176796  FFFFFFE3D3FFF  D16,D17,D19,D24,D25,D26
14:00:51.017    70176798  FFFFFFEBD3FFF  D16,D17,D19,D24,D26
14:00:51.017    70176801  FFFFFFEFD3FFF  D16,D17,D19,D26
14:00:53.003    70178781  FFFFFFEBD3FFF  D16,D17,D19,D24,D26
14:00:54.700    70180449  FFFFFFE3D3FFF  D16,D17,D19,D24,D25,D26
14:00:54.700    70180453  FFFFFFE7D3FFF  D16,D17,D19,D25,D26
14:00:56.073    70181837  FFFFFFE3D3FFF  D16,D17,D19,D24,D25,D26
14:00:57.541    70183267  FFFFFFCBD3FFF  D16,D17,D19,D24,D26,D27
14:00:57.541    70183271  FFFFFFCFD3FFF  D16,D17,D19,D26,D27
14:00:57.541    70183274  FFFFFFDFD3FFF  D16,D17,D19,D27
14:00:58.872    70184616  FFFFFFDBD3FFF  D16,D17,D19,D24,D27
14:01:01.154    70186641  FFFFFFD3D3FFF  D16,D17,D19,D24,D25,D27
14:01:01.155    70186645  FFFFFFD7D3FFF  D16,D17,D19,D25,D27
14:01:01.155    70186721  FFFFFFD793FFF  D16,D17,D19,D20,D25,D27
14:01:01.155    70186882  FFFFFFD7B3FFF  D16,D17,D20,D25,D27
14:01:04.727    70190410  FFFFFFD7B7FFF  D17,D20,D25,D27
--- FW IODebug 1.2.2 2026-08-31 LIFT=5 14:01:14 ---
14:01:21.235    70206806  FFFFFFD7B3FFF  D16,D17,D20,D25,D27
14:01:25.528    70211052  FFFFFFD3B3FFF  D16,D17,D20,D24,D25,D27
14:01:25.529    70211054  FFFFFFDBB3FFF  D16,D17,D20,D24,D27
14:01:27.578    70213082  FFFFFFDFB3FFF  D16,D17,D20,D27
14:01:28.925    70214426  FFFFFFCBB3FFF  D16,D17,D20,D24,D26,D27
14:01:28.925    70214428  FFFFFFC3B3FFF  D16,D17,D20,D24,D25,D26,D27
14:01:28.925    70214430  FFFFFFE3B3FFF  D16,D17,D20,D24,D25,D26
14:01:30.371    70215860  FFFFFFE7B3FFF  D16,D17,D20,D25,D26
14:01:31.768    70217244  FFFFFFE3B3FFF  D16,D17,D20,D24,D25,D26
14:01:31.768    70217246  FFFFFFEBB3FFF  D16,D17,D20,D24,D26
14:01:33.445    70218916  FFFFFFEFB3FFF  D16,D17,D20,D26
14:01:35.494    70220937  FFFFFFEBB3FFF  D16,D17,D20,D24,D26
14:01:35.494    70220938  FFFFFFE3B3FFF  D16,D17,D20,D24,D25,D26
14:01:35.494    70220943  FFFFFFF3B3FFF  D16,D17,D20,D24,D25
14:01:37.733    70223163  FFFFFFF7B3FFF  D16,D17,D20,D25
14:01:41.338    70226731  FFFFFFF7B7FFF  D17,D20,D25
--- FW IODebug 1.2.2 2026-08-31 LIFT=5 14:01:44 ---
14:01:56.030    70241341  FFFFFFF7F7FFF  D17,D25
--- FW IODebug 1.2.2 2026-08-31 LIFT=5 14:02:14 ---
--- FW IODebug 1.2.2 2026-08-31 LIFT=5 14:02:45 ---
14:02:56.503    70301341  FFFFFFF7F7FFF  D17,D25
--- FW IODebug 1.2.2 2026-08-31 LIFT=5 14:03:15 ---
--- FW IODebug 1.2.2 2026-08-31 LIFT=5 14:03:45 ---
14:03:56.963    70361341  FFFFFFF7F7FFF  D17,D25
--- FW IODebug 1.2.2 2026-08-31 LIFT=5 14:04:15 ---
--- FW IODebug 1.2.2 2026-08-31 LIFT=5 14:04:45 ---
14:04:56.125    70420040  FFFFFFF7FFFFF  D25
14:04:56.807    70420717  FFFFFFF7F7FFF  D17,D25
--- FW IODebug 1.2.2 2026-08-31 LIFT=5 14:05:16 ---
--- FW IODebug 1.2.2 2026-08-31 LIFT=5 14:05:46 ---
14:05:57.262    70480717  FFFFFFF7F7FFF  D17,D25
14:05:58.588    70482043  FFFFFFF7D7FFF  D17,D19,D25
14:05:59.548    70482997  FFFFFFF7D3FFF  D16,D17,D19,D25
14:06:03.635    70487045  FFFFFFF3D3FFF  D16,D17,D19,D24,D25
14:06:05.931    70489308  FFFFFFE3D3FFF  D16,D17,D19,D24,D25,D26
14:06:05.931    70489309  FFFFFFEBD3FFF  D16,D17,D19,D24,D26
14:06:05.931    70489312  FFFFFFEFD3FFF  D16,D17,D19,D26
14:06:07.912    70491292  FFFFFFEBD3FFF  D16,D17,D19,D24,D26
14:06:09.595    70492960  FFFFFFE3D3FFF  D16,D17,D19,D24,D25,D26
14:06:09.595    70492964  FFFFFFE7D3FFF  D16,D17,D19,D25,D26
14:06:10.982    70494349  FFFFFFE3D3FFF  D16,D17,D19,D24,D25,D26
14:06:12.438    70495778  FFFFFFC3D3FFF  D16,D17,D19,D24,D25,D26,D27
14:06:12.438    70495780  FFFFFFCBD3FFF  D16,D17,D19,D24,D26,D27
14:06:12.438    70495781  FFFFFFCFD3FFF  D16,D17,D19,D26,D27
14:06:12.438    70495784  FFFFFFDFD3FFF  D16,D17,D19,D27
14:06:13.788    70497127  FFFFFFDBD3FFF  D16,D17,D19,D24,D27
14:06:15.831    70499152  FFFFFFD3D3FFF  D16,D17,D19,D24,D25,D27
14:06:15.831    70499156  FFFFFFD7D3FFF  D16,D17,D19,D25,D27
--- FW IODebug 1.2.2 2026-08-31 LIFT=5 14:06:16 ---
14:06:18.115    70501414  FFFFFFD3D3FFF  D16,D17,D19,D24,D25,D27
14:06:20.068    70503359  FFFFFFC3D3FFF  D16,D17,D19,D24,D25,D26,D27
14:06:20.068    70503360  FFFFFFCBD3FFF  D16,D17,D19,D24,D26,D27
14:06:20.069    70503363  FFFFFFCFD3FFF  D16,D17,D19,D26,D27
14:06:21.751    70505026  FFFFFFCBD3FFF  D16,D17,D19,D24,D26,D27
14:06:23.035    70506297  FFFFFFC3D3FFF  D16,D17,D19,D24,D25,D26,D27
14:06:23.036    70506301  FFFFFFC7D3FFF  D16,D17,D19,D25,D26,D27
14:06:24.309    70507567  FFFFFFC3D3FFF  D16,D17,D19,D24,D25,D26,D27
14:06:25.587    70508837  FFFFFF8BD3FFF  D16,D17,D19,D24,D26,D27,D28
14:06:25.587    70508840  FFFFFFABD3FFF  D16,D17,D19,D24,D26,D28
14:06:25.587    70508843  FFFFFFAFD3FFF  D16,D17,D19,D26,D28
14:06:25.587    70508845  FFFFFFBFD3FFF  D16,D17,D19,D28
14:06:26.875    70510107  FFFFFFBBD3FFF  D16,D17,D19,D24,D28
14:06:28.149    70511378  FFFFFFB3D3FFF  D16,D17,D19,D24,D25,D28
14:06:28.149    70511382  FFFFFFB7D3FFF  D16,D17,D19,D25,D28
14:06:29.432    70512648  FFFFFFB3D3FFF  D16,D17,D19,D24,D25,D28
14:06:30.702    70513917  FFFFFFA3D3FFF  D16,D17,D19,D24,D25,D26,D28
14:06:30.702    70513920  FFFFFFABD3FFF  D16,D17,D19,D24,D26,D28
14:06:30.702    70513923  FFFFFFAFD3FFF  D16,D17,D19,D26,D28
14:06:31.993    70515187  FFFFFFABD3FFF  D16,D17,D19,D24,D26,D28
14:06:33.260    70516459  FFFFFFA3D3FFF  D16,D17,D19,D24,D25,D26,D28
14:06:33.260    70516462  FFFFFFA7D3FFF  D16,D17,D19,D25,D26,D28
14:06:34.800    70517966  FFFFFFA3D3FFF  D16,D17,D19,D24,D25,D26,D28
14:06:37.616    70520783  FFFFFFA3D7FFF  D17,D19,D24,D25,D26,D28
--- FW IODebug 1.2.2 2026-08-31 LIFT=5 14:06:46 ---
14:06:54.147    70537179  FFFFFFA3D3FFF  D16,D17,D19,D24,D25,D26,D28
14:06:57.516    70540513  FFFFFF83D3FFF  D16,D17,D19,D24,D25,D26,D27,D28
14:06:57.516    70540515  FFFFFF8BD3FFF  D16,D17,D19,D24,D26,D27,D28
14:06:57.516    70540517  FFFFFF8FD3FFF  D16,D17,D19,D26,D27,D28
14:06:57.516    70540520  FFFFFF9FD3FFF  D16,D17,D19,D27,D28
14:06:59.019    70542021  FFFFFF9BD3FFF  D16,D17,D19,D24,D27,D28
14:07:00.272    70543252  FFFFFF93D3FFF  D16,D17,D19,D24,D25,D27,D28
14:07:00.272    70543255  FFFFFF97D3FFF  D16,D17,D19,D25,D27,D28
14:07:01.556    70544522  FFFFFF93D3FFF  D16,D17,D19,D24,D25,D27,D28
14:07:02.865    70545832  FFFFFF83D3FFF  D16,D17,D19,D24,D25,D26,D27,D28
14:07:02.865    70545833  FFFFFF8BD3FFF  D16,D17,D19,D24,D26,D27,D28
14:07:02.866    70545836  FFFFFF8FD3FFF  D16,D17,D19,D26,D27,D28
14:07:04.159    70547102  FFFFFF8BD3FFF  D16,D17,D19,D24,D26,D27,D28
14:07:05.430    70548373  FFFFFF83D3FFF  D16,D17,D19,D24,D25,D26,D27,D28
14:07:05.431    70548376  FFFFFF87D3FFF  D16,D17,D19,D25,D26,D27,D28
14:07:06.668    70549603  FFFFFF83D3FFF  D16,D17,D19,D24,D25,D26,D27,D28
14:07:07.947    70550874  FFFFFF03D3FFF  D16,D17,D19,D24,D25,D26,D27,D28,D29
14:07:07.947    70550875  FFFFFF4BD3FFF  D16,D17,D19,D24,D26,D27,D29
14:07:07.947    70550877  FFFFFF6FD3FFF  D16,D17,D19,D26,D29
14:07:07.947    70550880  FFFFFF7FD3FFF  D16,D17,D19,D29
14:07:09.227    70552143  FFFFFF7BD3FFF  D16,D17,D19,D24,D29
14:07:10.511    70553414  FFFFFF73D3FFF  D16,D17,D19,D24,D25,D29
14:07:10.511    70553417  FFFFFF77D3FFF  D16,D17,D19,D25,D29
14:07:11.778    70554683  FFFFFF73D3FFF  D16,D17,D19,D24,D25,D29
14:07:13.067    70555954  FFFFFF63D3FFF  D16,D17,D19,D24,D25,D26,D29
14:07:13.067    70555956  FFFFFF6BD3FFF  D16,D17,D19,D24,D26,D29
14:07:13.067    70555958  FFFFFF6FD3FFF  D16,D17,D19,D26,D29
14:07:14.351    70557223  FFFFFF6BD3FFF  D16,D17,D19,D24,D26,D29
14:07:15.625    70558494  FFFFFF63D3FFF  D16,D17,D19,D24,D25,D26,D29
14:07:15.625    70558498  FFFFFF67D3FFF  D16,D17,D19,D25,D26,D29
14:07:17.146    70559765  FFFFFF63D3FFF  D16,D17,D19,D24,D25,D26,D29
--- FW IODebug 1.2.2 2026-08-31 LIFT=5 14:07:17 ---
14:07:18.445    70561273  FFFFFF43D3FFF  D16,D17,D19,D24,D25,D26,D27,D29
14:07:18.445    70561275  FFFFFF4BD3FFF  D16,D17,D19,D24,D26,D27,D29
14:07:18.445    70561276  FFFFFF4FD3FFF  D16,D17,D19,D26,D27,D29
14:07:18.445    70561280  FFFFFF5FD3FFF  D16,D17,D19,D27,D29
14:07:21.313    70564129  FFFFFF5FD7FFF  D17,D19,D27,D29
14:07:37.946    70580645  FFFFFF5FF7FFF  D17,D27,D29
--- FW IODebug 1.2.2 2026-08-31 LIFT=5 14:07:47 ---
14:08:10.257    70612717  FFFFFF5FB7FFF  D17,D20,D27,D29
14:08:11.178    70613629  FFFFFF5FB3FFF  D16,D17,D20,D27,D29
14:08:14.549    70616964  FFFFFF43B3FFF  D16,D17,D20,D24,D25,D26,D27,D29
14:08:14.549    70616967  FFFFFF63B3FFF  D16,D17,D20,D24,D25,D26,D29
14:08:16.056    70618476  FFFFFF67B3FFF  D16,D17,D20,D25,D26,D29
14:08:17.598    70619742  FFFFFF63B3FFF  D16,D17,D20,D24,D25,D26,D29
14:08:17.598    70619744  FFFFFF6BB3FFF  D16,D17,D20,D24,D26,D29
--- FW IODebug 1.2.2 2026-08-31 LIFT=5 14:08:17 ---
14:08:18.632    70621017  FFFFFF6FB3FFF  D16,D17,D20,D26,D29
14:08:19.870    70622242  FFFFFF63B3FFF  D16,D17,D20,D24,D25,D26,D29
14:08:19.870    70622249  FFFFFF73B3FFF  D16,D17,D20,D24,D25,D29
14:08:21.136    70623517  FFFFFF77B3FFF  D16,D17,D20,D25,D29
14:08:22.429    70624783  FFFFFF73B3FFF  D16,D17,D20,D24,D25,D29
14:08:22.429    70624785  FFFFFF7BB3FFF  D16,D17,D20,D24,D29
14:08:23.712    70626058  FFFFFF7FB3FFF  D16,D17,D20,D29
14:08:24.996    70627323  FFFFFF6BB3FFF  D16,D17,D20,D24,D26,D29
14:08:24.997    70627325  FFFFFF83B3FFF  D16,D17,D20,D24,D25,D26,D27,D28
14:08:26.280    70628598  FFFFFF87B3FFF  D16,D17,D20,D25,D26,D27,D28
14:08:27.549    70629864  FFFFFF83B3FFF  D16,D17,D20,D24,D25,D26,D27,D28
14:08:27.549    70629866  FFFFFF8BB3FFF  D16,D17,D20,D24,D26,D27,D28
14:08:28.818    70631139  FFFFFF8FB3FFF  D16,D17,D20,D26,D27,D28
14:08:30.113    70632403  FFFFFF8BB3FFF  D16,D17,D20,D24,D26,D27,D28
14:08:30.113    70632406  FFFFFF83B3FFF  D16,D17,D20,D24,D25,D26,D27,D28
14:08:30.113    70632412  FFFFFF93B3FFF  D16,D17,D20,D24,D25,D27,D28
14:08:31.382    70633679  FFFFFF97B3FFF  D16,D17,D20,D25,D27,D28
14:08:32.663    70634944  FFFFFF93B3FFF  D16,D17,D20,D24,D25,D27,D28
14:08:32.663    70634946  FFFFFF9BB3FFF  D16,D17,D20,D24,D27,D28
14:08:33.959    70636219  FFFFFF9FB3FFF  D16,D17,D20,D27,D28
14:08:35.235    70637485  FFFFFF9BB3FFF  D16,D17,D20,D24,D27,D28
14:08:35.235    70637487  FFFFFF83B3FFF  D16,D17,D20,D24,D25,D26,D27,D28
14:08:35.235    70637489  FFFFFFA3B3FFF  D16,D17,D20,D24,D25,D26,D28
14:08:36.506    70638759  FFFFFFA7B3FFF  D16,D17,D20,D25,D26,D28
14:08:37.781    70640026  FFFFFFA3B3FFF  D16,D17,D20,D24,D25,D26,D28
14:08:37.781    70640027  FFFFFFABB3FFF  D16,D17,D20,D24,D26,D28
14:08:39.071    70641300  FFFFFFAFB3FFF  D16,D17,D20,D26,D28
14:08:40.364    70642567  FFFFFFA3B3FFF  D16,D17,D20,D24,D25,D26,D28
14:08:40.365    70642573  FFFFFFB3B3FFF  D16,D17,D20,D24,D25,D28
14:08:41.622    70643841  FFFFFFB7B3FFF  D16,D17,D20,D25,D28
14:08:42.908    70645106  FFFFFFB3B3FFF  D16,D17,D20,D24,D25,D28
14:08:42.908    70645108  FFFFFFBBB3FFF  D16,D17,D20,D24,D28
14:08:44.200    70646381  FFFFFFBFB3FFF  D16,D17,D20,D28
14:08:45.459    70647646  FFFFFFBBB3FFF  D16,D17,D20,D24,D28
14:08:45.459    70647648  FFFFFFC3B3FFF  D16,D17,D20,D24,D25,D26,D27
14:08:46.747    70648922  FFFFFFC7B3FFF  D16,D17,D20,D25,D26,D27
--- FW IODebug 1.2.2 2026-08-31 LIFT=5 14:08:48 ---
14:08:48.013    70650187  FFFFFFC3B3FFF  D16,D17,D20,D24,D25,D26,D27
14:08:48.013    70650189  FFFFFFCBB3FFF  D16,D17,D20,D24,D26,D27
14:08:49.293    70651422  FFFFFFCFB3FFF  D16,D17,D20,D26,D27
14:08:50.942    70653085  FFFFFFC3B3FFF  D16,D17,D20,D24,D25,D26,D27
14:08:50.942    70653092  FFFFFFD3B3FFF  D16,D17,D20,D24,D25,D27
14:08:52.908    70655034  FFFFFFD7B3FFF  D16,D17,D20,D25,D27
14:08:55.227    70657332  FFFFFFD3B3FFF  D16,D17,D20,D24,D25,D27
14:08:55.227    70657334  FFFFFFDBB3FFF  D16,D17,D20,D24,D27
14:08:57.237    70659321  FFFFFFDFB3FFF  D16,D17,D20,D27
14:08:58.625    70660706  FFFFFFDBB3FFF  D16,D17,D20,D24,D27
14:08:58.625    70660708  FFFFFFC3B3FFF  D16,D17,D20,D24,D25,D26,D27
14:08:58.625    70660710  FFFFFFE3B3FFF  D16,D17,D20,D24,D25,D26
14:09:00.017    70662099  FFFFFFE7B3FFF  D16,D17,D20,D25,D26
14:09:01.433    70663485  FFFFFFE3B3FFF  D16,D17,D20,D24,D25,D26
14:09:01.434    70663487  FFFFFFEBB3FFF  D16,D17,D20,D24,D26
14:09:03.106    70665156  FFFFFFEFB3FFF  D16,D17,D20,D26
14:09:05.153    70667176  FFFFFFE3B3FFF  D16,D17,D20,D24,D25,D26
14:09:05.153    70667184  FFFFFFF3B3FFF  D16,D17,D20,D24,D25
14:09:07.398    70669404  FFFFFFF7B3FFF  D16,D17,D20,D25
14:09:11.063    70672970  FFFFFFF7B7FFF  D17,D20,D25
14:09:11.063    70673053  FFFFFFF7F7FFF  D17,D25
--- FW IODebug 1.2.2 2026-08-31 LIFT=5 14:09:18 ---
--- FW IODebug 1.2.2 2026-08-31 LIFT=5 14:09:48 ---
14:10:11.519    70733053  FFFFFFF7F7FFF  D17,D25
14:10:14.495    70736008  FFFFFFF7E7FFF  D17,D18,D25
14:10:14.495    70736010  FFFFFFF7F7FFF  D17,D25
--- FW IODebug 1.2.2 2026-08-31 LIFT=5 14:10:18 ---
--- FW IODebug 1.2.2 2026-08-31 LIFT=5 14:10:48 ---
14:11:14.969    70796010  FFFFFFF7F7FFF  D17,D25
--- FW IODebug 1.2.2 2026-08-31 LIFT=5 14:11:18 ---
--- FW IODebug 1.2.2 2026-08-31 LIFT=5 14:11:49 ---
14:12:11.731    70852347  FFFFFFF7FFFFF  D25
14:12:12.412    70853024  FFFFFFF7F7FFF  D17,D25
--- FW IODebug 1.2.2 2026-08-31 LIFT=5 14:12:19 ---
--- FW IODebug 1.2.2 2026-08-31 LIFT=5 14:12:49 ---
14:13:12.872    70913024  FFFFFFF7F7FFF  D17,D25
--- FW IODebug 1.2.2 2026-08-31 LIFT=5 14:13:19 ---
--- FW IODebug 1.2.2 2026-08-31 LIFT=5 14:13:50 ---
14:14:13.320    70973024  FFFFFFF7F7FFF  D17,D25
--- FW IODebug 1.2.2 2026-08-31 LIFT=5 14:14:20 ---
--- FW IODebug 1.2.2 2026-08-31 LIFT=5 14:14:50 ---
14:15:13.794    71033024  FFFFFFF7F7FFF  D17,D25
--- FW IODebug 1.2.2 2026-08-31 LIFT=5 14:15:20 ---
--- FW IODebug 1.2.2 2026-08-31 LIFT=5 14:15:51 ---
14:16:14.261    71093024  FFFFFFF7F7FFF  D17,D25
--- FW IODebug 1.2.2 2026-08-31 LIFT=5 14:16:21 ---
--- FW IODebug 1.2.2 2026-08-31 LIFT=5 14:16:51 ---
14:17:14.724    71153024  FFFFFFF7F7FFF  D17,D25
--- FW IODebug 1.2.2 2026-08-31 LIFT=5 14:17:21 ---
--- FW IODebug 1.2.2 2026-08-31 LIFT=5 14:17:51 ---
14:18:15.164    71213024  FFFFFFF7F7FFF  D17,D25
--- FW IODebug 1.2.2 2026-08-31 LIFT=5 14:18:22 ---
--- FW IODebug 1.2.2 2026-08-31 LIFT=5 14:18:52 ---
14:19:15.627    71273024  FFFFFFF7F7FFF  D17,D25
--- FW IODebug 1.2.2 2026-08-31 LIFT=5 14:19:22 ---
14:19:32.627    71289897  FFFFFFF7B7FFF  D17,D20,D25
14:19:33.640    71290890  FFFFFFF7B3FFF  D16,D17,D20,D25
14:19:37.426    71294501  FFFFFFF3B3FFF  D16,D17,D20,D24,D25
14:19:37.426    71294502  FFFFFFFBB3FFF  D16,D17,D20,D24
14:19:37.426    71294660  FFFFFFFB93FFF  D16,D17,D19,D20,D24
14:19:37.426    71294662  FFFFFFFBD3FFF  D16,D17,D19,D24
14:19:40.309    71297516  FFFFFFFBD7FFF  D17,D19,D24
--- FW IODebug 1.2.2 2026-08-31 LIFT=5 14:19:52 ---
14:19:53.836    71310935  FFFFFFFBD3FFF  D16,D17,D19,D24
14:19:57.490    71314546  FFFFFFF3D3FFF  D16,D17,D19,D24,D25
14:19:57.490    71314550  FFFFFFF7D3FFF  D16,D17,D19,D25
14:20:00.516    71317562  FFFFFFF7D7FFF  D17,D19,D25
14:20:15.188    71332133  FFFFFFF7F7FFF  D17,D25
--- FW IODebug 1.2.2 2026-08-31 LIFT=5 14:20:23 ---
--- FW IODebug 1.2.2 2026-08-31 LIFT=5 14:20:53 ---
14:21:15.646    71392133  FFFFFFF7F7FFF  D17,D25
--- FW IODebug 1.2.2 2026-08-31 LIFT=5 14:21:23 ---
14:21:28.296    71404692  FFFFFFF7D7FFF  D17,D19,D25
14:21:29.234    71405605  FFFFFFF7D3FFF  D16,D17,D19,D25
14:21:33.306    71409653  FFFFFFF3D3FFF  D16,D17,D19,D24,D25
14:21:35.594    71411916  FFFFFFE3D3FFF  D16,D17,D19,D24,D25,D26
14:21:35.595    71411917  FFFFFFEBD3FFF  D16,D17,D19,D24,D26
14:21:35.595    71411920  FFFFFFEFD3FFF  D16,D17,D19,D26
14:21:37.584    71413901  FFFFFFEBD3FFF  D16,D17,D19,D24,D26
14:21:39.257    71415568  FFFFFFE3D3FFF  D16,D17,D19,D24,D25,D26
14:21:39.258    71415572  FFFFFFE7D3FFF  D16,D17,D19,D25,D26
14:21:40.667    71416957  FFFFFFE3D3FFF  D16,D17,D19,D24,D25,D26
14:21:42.113    71418386  FFFFFFC3D3FFF  D16,D17,D19,D24,D25,D26,D27
14:21:42.114    71418388  FFFFFFCBD3FFF  D16,D17,D19,D24,D26,D27
14:21:42.114    71418391  FFFFFFCFD3FFF  D16,D17,D19,D26,D27
14:21:42.114    71418393  FFFFFFDFD3FFF  D16,D17,D19,D27
14:21:43.466    71419735  FFFFFFDBD3FFF  D16,D17,D19,D24,D27
14:21:45.504    71421760  FFFFFFD3D3FFF  D16,D17,D19,D24,D25,D27
14:21:45.505    71421764  FFFFFFD7D3FFF  D16,D17,D19,D25,D27
14:21:47.789    71424023  FFFFFFD3D3FFF  D16,D17,D19,D24,D25,D27
14:21:49.742    71425968  FFFFFFC3D3FFF  D16,D17,D19,D24,D25,D26,D27
14:21:49.742    71425970  FFFFFFCBD3FFF  D16,D17,D19,D24,D26,D27
14:21:49.742    71425972  FFFFFFCFD3FFF  D16,D17,D19,D26,D27
14:21:51.438    71427635  FFFFFFCBD3FFF  D16,D17,D19,D24,D26,D27
14:21:52.708    71428905  FFFFFFC3D3FFF  D16,D17,D19,D24,D25,D26,D27
14:21:52.708    71428909  FFFFFFC7D3FFF  D16,D17,D19,D25,D26,D27
--- FW IODebug 1.2.2 2026-08-31 LIFT=5 14:21:53 ---
14:21:53.987    71430175  FFFFFFC3D3FFF  D16,D17,D19,D24,D25,D26,D27
14:21:55.275    71431446  FFFFFF8BD3FFF  D16,D17,D19,D24,D26,D27,D28
14:21:55.275    71431448  FFFFFFABD3FFF  D16,D17,D19,D24,D26,D28
14:21:55.275    71431450  FFFFFFAFD3FFF  D16,D17,D19,D26,D28
14:21:55.275    71431452  FFFFFFBFD3FFF  D16,D17,D19,D28
14:21:56.551    71432716  FFFFFFBBD3FFF  D16,D17,D19,D24,D28
14:21:57.833    71433986  FFFFFFB3D3FFF  D16,D17,D19,D24,D25,D28
14:21:57.835    71433990  FFFFFFB7D3FFF  D16,D17,D19,D25,D28
14:21:59.099    71435255  FFFFFFB3D3FFF  D16,D17,D19,D24,D25,D28
14:22:00.386    71436526  FFFFFFA3D3FFF  D16,D17,D19,D24,D25,D26,D28
14:22:00.387    71436528  FFFFFFABD3FFF  D16,D17,D19,D24,D26,D28
14:22:00.387    71436530  FFFFFFAFD3FFF  D16,D17,D19,D26,D28
14:22:01.670    71437797  FFFFFFABD3FFF  D16,D17,D19,D24,D26,D28
14:22:03.506    71439305  FFFFFFA3D3FFF  D16,D17,D19,D24,D25,D26,D28
14:22:03.506    71439309  FFFFFFA7D3FFF  D16,D17,D19,D25,D26,D28
14:22:03.506    71439465  FFFFFFA793FFF  D16,D17,D19,D20,D25,D26,D28
14:22:03.506    71439625  FFFFFFA7B3FFF  D16,D17,D20,D25,D26,D28
14:22:06.023    71442122  FFFFFFA7B7FFF  D17,D20,D25,D26,D28
14:22:22.538    71458518  FFFFFFA7B3FFF  D16,D17,D20,D25,D26,D28
--- FW IODebug 1.2.2 2026-08-31 LIFT=5 14:22:24 ---
14:22:25.913    71461851  FFFFFFA3B3FFF  D16,D17,D20,D24,D25,D26,D28
14:22:25.913    71461853  FFFFFFABB3FFF  D16,D17,D20,D24,D26,D28
14:22:27.419    71463364  FFFFFFAFB3FFF  D16,D17,D20,D26,D28
14:22:28.713    71464630  FFFFFFABB3FFF  D16,D17,D20,D24,D26,D28
14:22:28.713    71464632  FFFFFFA3B3FFF  D16,D17,D20,D24,D25,D26,D28
14:22:28.713    71464637  FFFFFFB3B3FFF  D16,D17,D20,D24,D25,D28
14:22:29.997    71465904  FFFFFFB7B3FFF  D16,D17,D20,D25,D28
14:22:31.276    71467170  FFFFFFB3B3FFF  D16,D17,D20,D24,D25,D28
14:22:31.276    71467171  FFFFFFBBB3FFF  D16,D17,D20,D24,D28
14:22:32.508    71468404  FFFFFFBFB3FFF  D16,D17,D20,D28
14:22:33.787    71469671  FFFFFFABB3FFF  D16,D17,D20,D24,D26,D28
14:22:33.787    71469673  FFFFFFC3B3FFF  D16,D17,D20,D24,D25,D26,D27
14:22:35.053    71470945  FFFFFFC7B3FFF  D16,D17,D20,D25,D26,D27
14:22:36.330    71472210  FFFFFFC3B3FFF  D16,D17,D20,D24,D25,D26,D27
14:22:36.330    71472212  FFFFFFCBB3FFF  D16,D17,D20,D24,D26,D27
14:22:37.621    71473485  FFFFFFCFB3FFF  D16,D17,D20,D26,D27
14:22:39.297    71475148  FFFFFFC3B3FFF  D16,D17,D20,D24,D25,D26,D27
14:22:39.298    71475155  FFFFFFD3B3FFF  D16,D17,D20,D24,D25,D27
14:22:41.260    71477097  FFFFFFD7B3FFF  D16,D17,D20,D25,D27
14:22:43.545    71479356  FFFFFFD3B3FFF  D16,D17,D20,D24,D25,D27
14:22:43.546    71479358  FFFFFFDBB3FFF  D16,D17,D20,D24,D27
14:22:45.578    71481384  FFFFFFDFB3FFF  D16,D17,D20,D27
14:22:46.957    71482730  FFFFFFCBB3FFF  D16,D17,D20,D24,D26,D27
14:22:46.957    71482732  FFFFFFC3B3FFF  D16,D17,D20,D24,D25,D26,D27
14:22:46.957    71482734  FFFFFFE3B3FFF  D16,D17,D20,D24,D25,D26
14:22:48.376    71484164  FFFFFFE7B3FFF  D16,D17,D20,D25,D26
14:22:49.778    71485548  FFFFFFE3B3FFF  D16,D17,D20,D24,D25,D26
14:22:49.778    71485550  FFFFFFEBB3FFF  D16,D17,D20,D24,D26
14:22:51.464    71487219  FFFFFFEFB3FFF  D16,D17,D20,D26
14:22:53.601    71489318  FFFFFFEBB3FFF  D16,D17,D20,D24,D26
14:22:53.601    71489320  FFFFFFE3B3FFF  D16,D17,D20,D24,D25,D26
14:22:53.601    71489327  FFFFFFF3B3FFF  D16,D17,D20,D24,D25
--- FW IODebug 1.2.2 2026-08-31 LIFT=5 14:22:54 ---
14:22:56.896    71492613  FFFFFFF3B7FFF  D17,D20,D24,D25
14:23:11.672    71507263  FFFFFFF3F7FFF  D17,D24,D25
--- FW IODebug 1.2.2 2026-08-31 LIFT=5 14:23:24 ---
14:23:44.305    71539652  FFFFFFF3B7FFF  D17,D20,D24,D25
14:23:45.217    71540566  FFFFFFF3B3FFF  D16,D17,D20,D24,D25
14:23:49.464    71544776  FFFFFFF7B3FFF  D16,D17,D20,D25
14:23:53.248    71548383  FFFFFFF7B7FFF  D17,D20,D25
14:23:53.248    71548545  FFFFFFF7F7FFF  D17,D25
--- FW IODebug 1.2.2 2026-08-31 LIFT=5 14:23:54 ---
--- FW IODebug 1.2.2 2026-08-31 LIFT=5 14:24:24 ---
14:24:53.724    71608545  FFFFFFF7F7FFF  D17,D25
--- FW IODebug 1.2.2 2026-08-31 LIFT=5 14:24:55 ---
--- FW IODebug 1.2.2 2026-08-31 LIFT=5 14:25:25 ---
14:25:54.188    71668545  FFFFFFF7F7FFF  D17,D25
--- FW IODebug 1.2.2 2026-08-31 LIFT=5 14:25:55 ---
--- FW IODebug 1.2.2 2026-08-31 LIFT=5 14:26:25 ---
14:26:53.916    71727840  FFFFFFF7FFFFF  D25
14:26:54.605    71728517  FFFFFFF7F7FFF  D17,D25
--- FW IODebug 1.2.2 2026-08-31 LIFT=5 14:26:56 ---
--- FW IODebug 1.2.2 2026-08-31 LIFT=5 14:27:26 ---
14:27:55.073    71788517  FFFFFFF7F7FFF  D17,D25
--- FW IODebug 1.2.2 2026-08-31 LIFT=5 14:27:56 ---
--- FW IODebug 1.2.2 2026-08-31 LIFT=5 14:28:26 ---
14:28:55.529    71848517  FFFFFFF7F7FFF  D17,D25
--- FW IODebug 1.2.2 2026-08-31 LIFT=5 14:28:57 ---
--- FW IODebug 1.2.2 2026-08-31 LIFT=5 14:29:27 ---
14:29:36.435    71889118  FFFFFFF7D7FFF  D17,D19,D25
14:29:37.395    71890071  FFFFFFF7D3FFF  D16,D17,D19,D25
14:29:41.470    71894119  FFFFFFF3D3FFF  D16,D17,D19,D24,D25
14:29:43.778    71896382  FFFFFFE3D3FFF  D16,D17,D19,D24,D25,D26
14:29:43.778    71896384  FFFFFFEBD3FFF  D16,D17,D19,D24,D26
14:29:43.778    71896386  FFFFFFEFD3FFF  D16,D17,D19,D26
14:29:45.755    71898366  FFFFFFEBD3FFF  D16,D17,D19,D24,D26
14:29:47.444    71900035  FFFFFFE3D3FFF  D16,D17,D19,D24,D25,D26
14:29:47.444    71900038  FFFFFFE7D3FFF  D16,D17,D19,D25,D26
14:29:48.833    71901422  FFFFFFE3D3FFF  D16,D17,D19,D24,D25,D26
14:29:50.284    71902852  FFFFFFC3D3FFF  D16,D17,D19,D24,D25,D26,D27
14:29:50.284    71902854  FFFFFFCBD3FFF  D16,D17,D19,D24,D26,D27
14:29:50.284    71902857  FFFFFFCFD3FFF  D16,D17,D19,D26,D27
14:29:50.284    71902859  FFFFFFDFD3FFF  D16,D17,D19,D27
14:29:51.635    71904201  FFFFFFDBD3FFF  D16,D17,D19,D24,D27
14:29:53.685    71906227  FFFFFFD3D3FFF  D16,D17,D19,D24,D25,D27
14:29:53.685    71906231  FFFFFFD7D3FFF  D16,D17,D19,D25,D27
14:29:55.957    71908489  FFFFFFD3D3FFF  D16,D17,D19,D24,D25,D27
--- FW IODebug 1.2.2 2026-08-31 LIFT=5 14:29:57 ---
14:29:57.914    71910433  FFFFFFC3D3FFF  D16,D17,D19,D24,D25,D26,D27
14:29:57.914    71910435  FFFFFFCBD3FFF  D16,D17,D19,D24,D26,D27
14:29:57.914    71910437  FFFFFFCFD3FFF  D16,D17,D19,D26,D27
14:29:59.609    71912100  FFFFFFCBD3FFF  D16,D17,D19,D24,D26,D27
14:30:00.881    71913371  FFFFFFC3D3FFF  D16,D17,D19,D24,D25,D26,D27
14:30:00.881    71913375  FFFFFFC7D3FFF  D16,D17,D19,D25,D26,D27
14:30:02.159    71914641  FFFFFFC3D3FFF  D16,D17,D19,D24,D25,D26,D27
14:30:03.444    71915912  FFFFFF83D3FFF  D16,D17,D19,D24,D25,D26,D27,D28
14:30:03.444    71915914  FFFFFF8BD3FFF  D16,D17,D19,D24,D26,D27,D28
14:30:03.444    71915916  FFFFFFAFD3FFF  D16,D17,D19,D26,D28
14:30:03.444    71915918  FFFFFFBFD3FFF  D16,D17,D19,D28
14:30:04.729    71917181  FFFFFFBBD3FFF  D16,D17,D19,D24,D28
14:30:06.017    71918452  FFFFFFB3D3FFF  D16,D17,D19,D24,D25,D28
14:30:06.017    71918456  FFFFFFB7D3FFF  D16,D17,D19,D25,D28
14:30:07.281    71919722  FFFFFFB3D3FFF  D16,D17,D19,D24,D25,D28
14:30:08.565    71920993  FFFFFFA3D3FFF  D16,D17,D19,D24,D25,D26,D28
14:30:08.565    71920995  FFFFFFABD3FFF  D16,D17,D19,D24,D26,D28
14:30:08.566    71920997  FFFFFFAFD3FFF  D16,D17,D19,D26,D28
14:30:09.841    71922262  FFFFFFABD3FFF  D16,D17,D19,D24,D26,D28
14:30:11.119    71923533  FFFFFFA3D3FFF  D16,D17,D19,D24,D25,D26,D28
14:30:11.119    71923537  FFFFFFA7D3FFF  D16,D17,D19,D25,D26,D28
14:30:12.361    71924763  FFFFFFA3D3FFF  D16,D17,D19,D24,D25,D26,D28
14:30:13.649    71926034  FFFFFF83D3FFF  D16,D17,D19,D24,D25,D26,D27,D28
14:30:13.649    71926035  FFFFFF8BD3FFF  D16,D17,D19,D24,D26,D27,D28
14:30:13.649    71926037  FFFFFF8FD3FFF  D16,D17,D19,D26,D27,D28
14:30:13.651    71926040  FFFFFF9FD3FFF  D16,D17,D19,D27,D28
14:30:14.970    71927344  FFFFFF9BD3FFF  D16,D17,D19,D24,D27,D28
14:30:16.201    71928574  FFFFFF93D3FFF  D16,D17,D19,D24,D25,D27,D28
14:30:16.201    71928579  FFFFFF97D3FFF  D16,D17,D19,D25,D27,D28
14:30:17.467    71929844  FFFFFF93D3FFF  D16,D17,D19,D24,D25,D27,D28
14:30:18.757    71931114  FFFFFF83D3FFF  D16,D17,D19,D24,D25,D26,D27,D28
14:30:18.757    71931116  FFFFFF8BD3FFF  D16,D17,D19,D24,D26,D27,D28
14:30:18.757    71931118  FFFFFF8FD3FFF  D16,D17,D19,D26,D27,D28
14:30:20.078    71932424  FFFFFF8BD3FFF  D16,D17,D19,D24,D26,D27,D28
14:30:21.366    71933694  FFFFFF83D3FFF  D16,D17,D19,D24,D25,D26,D27,D28
14:30:21.366    71933699  FFFFFF87D3FFF  D16,D17,D19,D25,D26,D27,D28
14:30:23.164    71935203  FFFFFF83D3FFF  D16,D17,D19,D24,D25,D26,D27,D28
14:30:23.165    71935323  FFFFFF8393FFF  D16,D17,D19,D20,D24,D25,D26,D27,D28
14:30:23.165    71935482  FFFFFF83B3FFF  D16,D17,D20,D24,D25,D26,D27,D28
14:30:25.715    71938020  FFFFFF83B7FFF  D17,D20,D24,D25,D26,D27,D28
--- FW IODebug 1.2.2 2026-08-31 LIFT=5 14:30:27 ---
14:30:42.473    71954654  FFFFFF83B3FFF  D16,D17,D20,D24,D25,D26,D27,D28
14:30:45.798    71957951  FFFFFF87B3FFF  D16,D17,D20,D25,D26,D27,D28
14:30:47.312    71959455  FFFFFF83B3FFF  D16,D17,D20,D24,D25,D26,D27,D28
14:30:47.313    71959457  FFFFFF8BB3FFF  D16,D17,D20,D24,D26,D27,D28
14:30:48.592    71960730  FFFFFF8FB3FFF  D16,D17,D20,D26,D27,D28
14:30:50.172    71962274  FFFFFF8BB3FFF  D16,D17,D20,D24,D26,D27,D28
14:30:50.172    71962275  FFFFFF83B3FFF  D16,D17,D20,D24,D25,D26,D27,D28
14:30:50.172    71962280  FFFFFF93B3FFF  D16,D17,D20,D24,D25,D27,D28
14:30:52.949    71965051  FFFFFF93B7FFF  D17,D20,D24,D25,D27,D28
--- FW IODebug 1.2.2 2026-08-31 LIFT=5 14:30:57 ---
14:31:15.361    71987281  FFFFFF93B3FFF  D16,D17,D20,D24,D25,D27,D28
14:31:18.723    71990620  FFFFFF97B3FFF  D16,D17,D20,D25,D27,D28
14:31:20.236    71992124  FFFFFF93B3FFF  D16,D17,D20,D24,D25,D27,D28
14:31:20.236    71992126  FFFFFF9BB3FFF  D16,D17,D20,D24,D27,D28
14:31:21.521    71993399  FFFFFF9FB3FFF  D16,D17,D20,D27,D28
14:31:22.800    71994664  FFFFFF9BB3FFF  D16,D17,D20,D24,D27,D28
14:31:22.801    71994665  FFFFFF83B3FFF  D16,D17,D20,D24,D25,D26,D27,D28
14:31:22.802    71994668  FFFFFFA3B3FFF  D16,D17,D20,D24,D25,D26,D28
14:31:24.311    71996177  FFFFFFA7B3FFF  D16,D17,D20,D25,D26,D28
14:31:27.156    71998990  FFFFFFA7B7FFF  D17,D20,D25,D26,D28
--- FW IODebug 1.2.2 2026-08-31 LIFT=5 14:31:28 ---
14:31:52.194    72023840  FFFFFFA7B3FFF  D16,D17,D20,D25,D26,D28
14:31:55.567    72027173  FFFFFFA3B3FFF  D16,D17,D20,D24,D25,D26,D28
14:31:55.567    72027175  FFFFFFABB3FFF  D16,D17,D20,D24,D26,D28
14:31:57.095    72028686  FFFFFFAFB3FFF  D16,D17,D20,D26,D28
14:31:58.403    72029953  FFFFFFABB3FFF  D16,D17,D20,D24,D26,D28
14:31:58.403    72029955  FFFFFFA3B3FFF  D16,D17,D20,D24,D25,D26,D28
14:31:58.403    72029960  FFFFFFB3B3FFF  D16,D17,D20,D24,D25,D28
--- FW IODebug 1.2.2 2026-08-31 LIFT=5 14:31:58 ---
14:31:59.641    72031226  FFFFFFB7B3FFF  D16,D17,D20,D25,D28
14:32:00.871    72032453  FFFFFFB3B3FFF  D16,D17,D20,D24,D25,D28
14:32:00.871    72032455  FFFFFFBBB3FFF  D16,D17,D20,D24,D28
14:32:02.158    72033727  FFFFFFBFB3FFF  D16,D17,D20,D28
14:32:03.426    72034994  FFFFFFABB3FFF  D16,D17,D20,D24,D26,D28
14:32:03.426    72034995  FFFFFFC3B3FFF  D16,D17,D20,D24,D25,D26,D27
14:32:04.727    72036268  FFFFFFC7B3FFF  D16,D17,D20,D25,D26,D27
14:32:05.989    72037534  FFFFFFC3B3FFF  D16,D17,D20,D24,D25,D26,D27
14:32:05.989    72037536  FFFFFFCBB3FFF  D16,D17,D20,D24,D26,D27
14:32:07.272    72038808  FFFFFFCFB3FFF  D16,D17,D20,D26,D27
14:32:08.959    72040471  FFFFFFCBB3FFF  D16,D17,D20,D24,D26,D27
14:32:08.959    72040473  FFFFFFC3B3FFF  D16,D17,D20,D24,D25,D26,D27
14:32:08.959    72040478  FFFFFFD3B3FFF  D16,D17,D20,D24,D25,D27
14:32:10.915    72042421  FFFFFFD7B3FFF  D16,D17,D20,D25,D27
14:32:13.192    72044679  FFFFFFD3B3FFF  D16,D17,D20,D24,D25,D27
14:32:13.192    72044681  FFFFFFDBB3FFF  D16,D17,D20,D24,D27
14:32:15.478    72046946  FFFFFFDFB3FFF  D16,D17,D20,D27
14:32:18.402    72049838  FFFFFFDFB7FFF  D17,D20,D27
--- FW IODebug 1.2.2 2026-08-31 LIFT=5 14:32:28 ---
14:32:36.914    72068061  FFFFFFDFF7FFF  D17,D27
14:32:36.914    72068217  FFFFFFDFD7FFF  D17,D19,D27
14:32:37.764    72069052  FFFFFFDFD3FFF  D16,D17,D19,D27
14:32:41.158    72072425  FFFFFFDBD3FFF  D16,D17,D19,D24,D27
14:32:43.388    72074649  FFFFFFD3D3FFF  D16,D17,D19,D24,D25,D27
14:32:43.388    72074652  FFFFFFD7D3FFF  D16,D17,D19,D25,D27
14:32:45.668    72076910  FFFFFFD3D3FFF  D16,D17,D19,D24,D25,D27
14:32:47.673    72078896  FFFFFFC3D3FFF  D16,D17,D19,D24,D25,D26,D27
14:32:47.673    72078898  FFFFFFCBD3FFF  D16,D17,D19,D24,D26,D27
14:32:47.674    72078900  FFFFFFCFD3FFF  D16,D17,D19,D26,D27
14:32:49.350    72080563  FFFFFFCBD3FFF  D16,D17,D19,D24,D26,D27
14:32:50.606    72081794  FFFFFFC3D3FFF  D16,D17,D19,D24,D25,D26,D27
14:32:50.606    72081797  FFFFFFC7D3FFF  D16,D17,D19,D25,D26,D27
14:32:51.871    72083063  FFFFFFC3D3FFF  D16,D17,D19,D24,D25,D26,D27
14:32:53.160    72084334  FFFFFF8BD3FFF  D16,D17,D19,D24,D26,D27,D28
14:32:53.160    72084336  FFFFFFABD3FFF  D16,D17,D19,D24,D26,D28
14:32:53.160    72084338  FFFFFFAFD3FFF  D16,D17,D19,D26,D28
14:32:53.161    72084340  FFFFFFBFD3FFF  D16,D17,D19,D28
14:32:54.423    72085604  FFFFFFBBD3FFF  D16,D17,D19,D24,D28
14:32:55.714    72086875  FFFFFFB3D3FFF  D16,D17,D19,D24,D25,D28
14:32:55.714    72086878  FFFFFFB7D3FFF  D16,D17,D19,D25,D28
14:32:57.006    72088143  FFFFFFB3D3FFF  D16,D17,D19,D24,D25,D28
14:32:58.283    72089414  FFFFFFA3D3FFF  D16,D17,D19,D24,D25,D26,D28
14:32:58.284    72089416  FFFFFFABD3FFF  D16,D17,D19,D24,D26,D28
14:32:58.284    72089418  FFFFFFAFD3FFF  D16,D17,D19,D26,D28
--- FW IODebug 1.2.2 2026-08-31 LIFT=5 14:32:58 ---
14:32:59.553    72090685  FFFFFFABD3FFF  D16,D17,D19,D24,D26,D28
14:33:01.398    72092193  FFFFFFA3D3FFF  D16,D17,D19,D24,D25,D26,D28
14:33:01.398    72092196  FFFFFFA7D3FFF  D16,D17,D19,D25,D26,D28
14:33:01.398    72092353  FFFFFFA793FFF  D16,D17,D19,D20,D25,D26,D28
14:33:01.398    72092513  FFFFFFA7B3FFF  D16,D17,D20,D25,D26,D28
14:33:03.909    72095009  FFFFFFA7B7FFF  D17,D20,D25,D26,D28
--- FW IODebug 1.2.2 2026-08-31 LIFT=5 14:33:29 ---
14:33:37.672    72128514  FFFFFFA7B3FFF  D16,D17,D20,D25,D26,D28
14:33:41.030    72131847  FFFFFFA3B3FFF  D16,D17,D20,D24,D25,D26,D28
14:33:41.030    72131849  FFFFFFABB3FFF  D16,D17,D20,D24,D26,D28
14:33:42.553    72133359  FFFFFFAFB3FFF  D16,D17,D20,D26,D28
14:33:43.827    72134626  FFFFFFABB3FFF  D16,D17,D20,D24,D26,D28
14:33:43.827    72134627  FFFFFFA3B3FFF  D16,D17,D20,D24,D25,D26,D28
14:33:43.827    72134632  FFFFFFB3B3FFF  D16,D17,D20,D24,D25,D28
14:33:45.109    72135900  FFFFFFB7B3FFF  D16,D17,D20,D25,D28
14:33:46.392    72137165  FFFFFFB3B3FFF  D16,D17,D20,D24,D25,D28
14:33:46.392    72137167  FFFFFFBBB3FFF  D16,D17,D20,D24,D28
14:33:47.625    72138400  FFFFFFBFB3FFF  D16,D17,D20,D28
14:33:49.188    72139944  FFFFFFBBB3FFF  D16,D17,D20,D24,D28
14:33:49.189    72139947  FFFFFFC3B3FFF  D16,D17,D20,D24,D25,D26,D27
14:33:52.268    72142761  FFFFFFC3B7FFF  D17,D20,D24,D25,D26,D27
14:33:52.269    72142844  FFFFFFC3F7FFF  D17,D24,D25,D26,D27
14:33:52.269    72143001  FFFFFFC3D7FFF  D17,D19,D24,D25,D26,D27
14:33:56.135    72146852  FFFFFFC3D3FFF  D16,D17,D19,D24,D25,D26,D27
--- FW IODebug 1.2.2 2026-08-31 LIFT=5 14:33:59 ---
14:33:59.523    72150187  FFFFFF8BD3FFF  D16,D17,D19,D24,D26,D27,D28
14:33:59.524    72150189  FFFFFFABD3FFF  D16,D17,D19,D24,D26,D28
14:33:59.525    72150191  FFFFFFAFD3FFF  D16,D17,D19,D26,D28
14:33:59.525    72150193  FFFFFFBFD3FFF  D16,D17,D19,D28
14:34:00.993    72151654  FFFFFFBBD3FFF  D16,D17,D19,D24,D28
14:34:02.274    72152925  FFFFFFB3D3FFF  D16,D17,D19,D24,D25,D28
14:34:02.274    72152929  FFFFFFB7D3FFF  D16,D17,D19,D25,D28
14:34:03.538    72154195  FFFFFFB3D3FFF  D16,D17,D19,D24,D25,D28
14:34:04.834    72155464  FFFFFFA3D3FFF  D16,D17,D19,D24,D25,D26,D28
14:34:04.836    72155466  FFFFFFABD3FFF  D16,D17,D19,D24,D26,D28
14:34:04.836    72155469  FFFFFFAFD3FFF  D16,D17,D19,D26,D28
14:34:06.115    72156735  FFFFFFABD3FFF  D16,D17,D19,D24,D26,D28
14:34:07.666    72158283  FFFFFFA3D3FFF  D16,D17,D19,D24,D25,D26,D28
14:34:07.666    72158287  FFFFFFA7D3FFF  D16,D17,D19,D25,D26,D28
14:34:10.511    72161100  FFFFFFA7D7FFF  D17,D19,D25,D26,D28
14:34:23.641    72174123  FFFFFFA7D3FFF  D16,D17,D19,D25,D26,D28
14:34:27.139    72177614  FFFFFFA3D3FFF  D16,D17,D19,D24,D25,D26,D28
--- FW IODebug 1.2.2 2026-08-31 LIFT=5 14:34:29 ---
14:34:30.073    72180510  FFFFFFA3D7FFF  D17,D19,D24,D25,D26,D28
14:34:44.748    72195082  FFFFFFA3F7FFF  D17,D24,D25,D26,D28
--- FW IODebug 1.2.2 2026-08-31 LIFT=5 14:34:59 ---
14:35:17.379    72227471  FFFFFFA3B7FFF  D17,D20,D24,D25,D26,D28
14:35:18.297    72228383  FFFFFFA3B3FFF  D16,D17,D20,D24,D25,D26,D28
14:35:21.625    72231682  FFFFFFA7B3FFF  D16,D17,D20,D25,D26,D28
14:35:23.138    72233186  FFFFFFA3B3FFF  D16,D17,D20,D24,D25,D26,D28
14:35:23.138    72233188  FFFFFFABB3FFF  D16,D17,D20,D24,D26,D28
14:35:24.429    72234461  FFFFFFAFB3FFF  D16,D17,D20,D26,D28
14:35:25.718    72235726  FFFFFFABB3FFF  D16,D17,D20,D24,D26,D28
14:35:25.718    72235728  FFFFFFA3B3FFF  D16,D17,D20,D24,D25,D26,D28
14:35:25.719    72235734  FFFFFFB3B3FFF  D16,D17,D20,D24,D25,D28
14:35:26.999    72237000  FFFFFFB7B3FFF  D16,D17,D20,D25,D28
14:35:28.257    72238267  FFFFFFB3B3FFF  D16,D17,D20,D24,D25,D28
14:35:28.257    72238268  FFFFFFBBB3FFF  D16,D17,D20,D24,D28
14:35:30.006    72239541  FFFFFFBFB3FFF  D16,D17,D20,D28
--- FW IODebug 1.2.2 2026-08-31 LIFT=5 14:35:30 ---
14:35:30.821    72240807  FFFFFF8BB3FFF  D16,D17,D20,D24,D26,D27,D28
14:35:30.821    72240809  FFFFFFC3B3FFF  D16,D17,D20,D24,D25,D26,D27
14:35:32.100    72242081  FFFFFFC7B3FFF  D16,D17,D20,D25,D26,D27
14:35:33.389    72243348  FFFFFFC3B3FFF  D16,D17,D20,D24,D25,D26,D27
14:35:33.389    72243350  FFFFFFCBB3FFF  D16,D17,D20,D24,D26,D27
14:35:34.670    72244622  FFFFFFCFB3FFF  D16,D17,D20,D26,D27
14:35:36.354    72246285  FFFFFFCBB3FFF  D16,D17,D20,D24,D26,D27
14:35:36.354    72246287  FFFFFFC3B3FFF  D16,D17,D20,D24,D25,D26,D27
14:35:36.354    72246291  FFFFFFD3B3FFF  D16,D17,D20,D24,D25,D27
14:35:38.307    72248233  FFFFFFD7B3FFF  D16,D17,D20,D25,D27
14:35:40.587    72250492  FFFFFFD3B3FFF  D16,D17,D20,D24,D25,D27
14:35:40.587    72250494  FFFFFFDBB3FFF  D16,D17,D20,D24,D27
14:35:42.616    72252521  FFFFFFDFB3FFF  D16,D17,D20,D27
14:35:43.983    72253867  FFFFFFC3B3FFF  D16,D17,D20,D24,D25,D26,D27
14:35:43.983    72253870  FFFFFFE3B3FFF  D16,D17,D20,D24,D25,D26
14:35:45.393    72255260  FFFFFFE7B3FFF  D16,D17,D20,D25,D26
14:35:46.833    72256685  FFFFFFE3B3FFF  D16,D17,D20,D24,D25,D26
14:35:46.834    72256687  FFFFFFEBB3FFF  D16,D17,D20,D24,D26
14:35:48.518    72258356  FFFFFFEFB3FFF  D16,D17,D20,D26
14:35:50.513    72260336  FFFFFFEBB3FFF  D16,D17,D20,D24,D26
14:35:50.513    72260338  FFFFFFE3B3FFF  D16,D17,D20,D24,D25,D26
14:35:50.513    72260343  FFFFFFF3B3FFF  D16,D17,D20,D24,D25
14:35:52.794    72262603  FFFFFFF7B3FFF  D16,D17,D20,D25
14:35:56.426    72266130  FFFFFFF7B7FFF  D17,D20,D25
14:35:56.426    72266213  FFFFFFF7F7FFF  D17,D25
--- FW IODebug 1.2.2 2026-08-31 LIFT=5 14:36:00 ---
--- FW IODebug 1.2.2 2026-08-31 LIFT=5 14:36:30 ---
14:36:56.882    72326213  FFFFFFF7F7FFF  D17,D25
--- FW IODebug 1.2.2 2026-08-31 LIFT=5 14:37:00 ---
--- FW IODebug 1.2.2 2026-08-31 LIFT=5 14:37:30 ---
14:37:57.357    72386213  FFFFFFF7F7FFF  D17,D25
--- FW IODebug 1.2.2 2026-08-31 LIFT=5 14:38:01 ---
--- FW IODebug 1.2.2 2026-08-31 LIFT=5 14:38:31 ---
14:38:57.100    72445507  FFFFFFF7FFFFF  D25
14:38:57.781    72446185  FFFFFFF7F7FFF  D17,D25
--- FW IODebug 1.2.2 2026-08-31 LIFT=5 14:39:01 ---
--- FW IODebug 1.2.2 2026-08-31 LIFT=5 14:39:31 ---
14:39:58.227    72506185  FFFFFFF7F7FFF  D17,D25
--- FW IODebug 1.2.2 2026-08-31 LIFT=5 14:40:02 ---
--- FW IODebug 1.2.2 2026-08-31 LIFT=5 14:40:32 ---
14:40:44.897    72552484  FFFFFFF7D7FFF  D17,D19,D25
14:40:45.852    72553438  FFFFFFF7D3FFF  D16,D17,D19,D25
14:40:49.942    72557486  FFFFFFF3D3FFF  D16,D17,D19,D24,D25
14:40:52.206    72559749  FFFFFFE3D3FFF  D16,D17,D19,D24,D25,D26
14:40:52.206    72559751  FFFFFFEBD3FFF  D16,D17,D19,D24,D26
14:40:52.206    72559753  FFFFFFEFD3FFF  D16,D17,D19,D26
14:40:54.206    72561733  FFFFFFEBD3FFF  D16,D17,D19,D24,D26
14:40:55.884    72563401  FFFFFFE3D3FFF  D16,D17,D19,D24,D25,D26
14:40:55.884    72563405  FFFFFFE7D3FFF  D16,D17,D19,D25,D26
14:40:57.288    72564790  FFFFFFE3D3FFF  D16,D17,D19,D24,D25,D26
14:40:58.749    72566219  FFFFFFC3D3FFF  D16,D17,D19,D24,D25,D26,D27
14:40:58.749    72566221  FFFFFFCBD3FFF  D16,D17,D19,D24,D26,D27
14:40:58.750    72566223  FFFFFFCFD3FFF  D16,D17,D19,D26,D27
14:40:58.750    72566225  FFFFFFDFD3FFF  D16,D17,D19,D27
14:41:00.081    72567568  FFFFFFDBD3FFF  D16,D17,D19,D24,D27
14:41:02.525    72569593  FFFFFFD3D3FFF  D16,D17,D19,D24,D25,D27
14:41:02.525    72569597  FFFFFFD7D3FFF  D16,D17,D19,D25,D27
--- FW IODebug 1.2.2 2026-08-31 LIFT=5 14:41:02 ---
14:41:04.412    72571855  FFFFFFD3D3FFF  D16,D17,D19,D24,D25,D27
14:41:06.363    72573800  FFFFFFC3D3FFF  D16,D17,D19,D24,D25,D26,D27
14:41:06.364    72573802  FFFFFFCBD3FFF  D16,D17,D19,D24,D26,D27
14:41:06.364    72573805  FFFFFFCFD3FFF  D16,D17,D19,D26,D27
14:41:08.046    72575467  FFFFFFCBD3FFF  D16,D17,D19,D24,D26,D27
14:41:09.335    72576739  FFFFFFC3D3FFF  D16,D17,D19,D24,D25,D26,D27
14:41:09.335    72576742  FFFFFFC7D3FFF  D16,D17,D19,D25,D26,D27
14:41:10.603    72578008  FFFFFFC3D3FFF  D16,D17,D19,D24,D25,D26,D27
14:41:11.904    72579278  FFFFFF8BD3FFF  D16,D17,D19,D24,D26,D27,D28
14:41:11.905    72579281  FFFFFFABD3FFF  D16,D17,D19,D24,D26,D28
14:41:11.905    72579283  FFFFFFAFD3FFF  D16,D17,D19,D26,D28
14:41:11.905    72579286  FFFFFFBFD3FFF  D16,D17,D19,D28
14:41:13.163    72580548  FFFFFFBBD3FFF  D16,D17,D19,D24,D28
14:41:14.450    72581819  FFFFFFB3D3FFF  D16,D17,D19,D24,D25,D28
14:41:14.450    72581822  FFFFFFB7D3FFF  D16,D17,D19,D25,D28
14:41:15.719    72583089  FFFFFFB3D3FFF  D16,D17,D19,D24,D25,D28
14:41:17.014    72584359  FFFFFFA3D3FFF  D16,D17,D19,D24,D25,D26,D28
14:41:17.014    72584360  FFFFFFABD3FFF  D16,D17,D19,D24,D26,D28
14:41:17.014    72584364  FFFFFFAFD3FFF  D16,D17,D19,D26,D28
14:41:18.295    72585629  FFFFFFABD3FFF  D16,D17,D19,D24,D26,D28
14:41:19.579    72586900  FFFFFFA3D3FFF  D16,D17,D19,D24,D25,D26,D28
14:41:19.580    72586903  FFFFFFA7D3FFF  D16,D17,D19,D25,D26,D28
14:41:21.374    72588407  FFFFFFA3D3FFF  D16,D17,D19,D24,D25,D26,D28
14:41:21.374    72588528  FFFFFFA393FFF  D16,D17,D19,D20,D24,D25,D26,D28
14:41:21.375    72588688  FFFFFFA3B3FFF  D16,D17,D20,D24,D25,D26,D28
14:41:23.917    72591224  FFFFFFA3B7FFF  D17,D20,D24,D25,D26,D28
--- FW IODebug 1.2.2 2026-08-31 LIFT=5 14:41:32 ---
14:41:36.822    72604008  FFFFFFA3B3FFF  D16,D17,D20,D24,D25,D26,D28
14:41:40.136    72607306  FFFFFFA7B3FFF  D16,D17,D20,D25,D26,D28
14:41:41.650    72608811  FFFFFFA3B3FFF  D16,D17,D20,D24,D25,D26,D28
14:41:41.650    72608813  FFFFFFABB3FFF  D16,D17,D20,D24,D26,D28
14:41:42.947    72610084  FFFFFFAFB3FFF  D16,D17,D20,D26,D28
14:41:44.213    72611351  FFFFFFABB3FFF  D16,D17,D20,D24,D26,D28
14:41:44.213    72611353  FFFFFFA3B3FFF  D16,D17,D20,D24,D25,D26,D28
14:41:44.213    72611357  FFFFFFB3B3FFF  D16,D17,D20,D24,D25,D28
14:41:45.497    72612625  FFFFFFB7B3FFF  D16,D17,D20,D25,D28
14:41:46.754    72613891  FFFFFFB3B3FFF  D16,D17,D20,D24,D25,D28
14:41:46.754    72613893  FFFFFFBBB3FFF  D16,D17,D20,D24,D28
14:41:48.038    72615165  FFFFFFBFB3FFF  D16,D17,D20,D28
14:41:49.330    72616432  FFFFFF8BB3FFF  D16,D17,D20,D24,D26,D27,D28
14:41:49.331    72616433  FFFFFFC3B3FFF  D16,D17,D20,D24,D25,D26,D27
14:41:50.608    72617706  FFFFFFC7B3FFF  D16,D17,D20,D25,D26,D27
14:41:51.887    72618973  FFFFFFC3B3FFF  D16,D17,D20,D24,D25,D26,D27
14:41:51.888    72618975  FFFFFFCBB3FFF  D16,D17,D20,D24,D26,D27
14:41:53.409    72620484  FFFFFFCFB3FFF  D16,D17,D20,D26,D27
14:41:56.245    72623297  FFFFFFCFB7FFF  D17,D20,D26,D27
--- FW IODebug 1.2.2 2026-08-31 LIFT=5 14:42:02 ---
14:42:11.114    72637907  FFFFFFCFF7FFF  D17,D26,D27
14:42:11.114    72638065  FFFFFFCFD7FFF  D17,D19,D26,D27
14:42:11.974    72638899  FFFFFFCFD3FFF  D16,D17,D19,D26,D27
14:42:15.287    72642193  FFFFFFCBD3FFF  D16,D17,D19,D24,D26,D27
14:42:16.804    72643701  FFFFFFC3D3FFF  D16,D17,D19,D24,D25,D26,D27
14:42:16.804    72643705  FFFFFFC7D3FFF  D16,D17,D19,D25,D26,D27
14:42:18.098    72644971  FFFFFFC3D3FFF  D16,D17,D19,D24,D25,D26,D27
14:42:19.380    72646243  FFFFFF8BD3FFF  D16,D17,D19,D24,D26,D27,D28
14:42:19.381    72646245  FFFFFFABD3FFF  D16,D17,D19,D24,D26,D28
14:42:19.381    72646247  FFFFFFAFD3FFF  D16,D17,D19,D26,D28
14:42:19.381    72646249  FFFFFFBFD3FFF  D16,D17,D19,D28
14:42:20.643    72647512  FFFFFFBBD3FFF  D16,D17,D19,D24,D28
14:42:21.929    72648782  FFFFFFB3D3FFF  D16,D17,D19,D24,D25,D28
14:42:21.929    72648786  FFFFFFB7D3FFF  D16,D17,D19,D25,D28
14:42:23.214    72650052  FFFFFFB3D3FFF  D16,D17,D19,D24,D25,D28
14:42:24.495    72651323  FFFFFFA3D3FFF  D16,D17,D19,D24,D25,D26,D28
14:42:24.495    72651325  FFFFFFABD3FFF  D16,D17,D19,D24,D26,D28
14:42:24.495    72651327  FFFFFFAFD3FFF  D16,D17,D19,D26,D28
14:42:25.765    72652593  FFFFFFABD3FFF  D16,D17,D19,D24,D26,D28
14:42:27.048    72653863  FFFFFFA3D3FFF  D16,D17,D19,D24,D25,D26,D28
14:42:27.048    72653867  FFFFFFA7D3FFF  D16,D17,D19,D25,D26,D28
14:42:28.570    72655372  FFFFFFA3D3FFF  D16,D17,D19,D24,D25,D26,D28
14:42:31.402    72658189  FFFFFFA3D7FFF  D17,D19,D24,D25,D26,D28
--- FW IODebug 1.2.2 2026-08-31 LIFT=5 14:42:33 ---
14:42:48.121    72674782  FFFFFFA3D3FFF  D16,D17,D19,D24,D25,D26,D28
14:42:51.493    72678117  FFFFFF83D3FFF  D16,D17,D19,D24,D25,D26,D27,D28
14:42:51.493    72678118  FFFFFF8BD3FFF  D16,D17,D19,D24,D26,D27,D28
14:42:51.493    72678120  FFFFFF8FD3FFF  D16,D17,D19,D26,D27,D28
14:42:51.493    72678123  FFFFFF9FD3FFF  D16,D17,D19,D27,D28
14:42:53.006    72679624  FFFFFF9BD3FFF  D16,D17,D19,D24,D27,D28
14:42:54.285    72680895  FFFFFF93D3FFF  D16,D17,D19,D24,D25,D27,D28
14:42:54.285    72680898  FFFFFF97D3FFF  D16,D17,D19,D25,D27,D28
14:42:55.797    72682402  FFFFFF93D3FFF  D16,D17,D19,D24,D25,D27,D28
14:42:58.651    72685220  FFFFFF93D7FFF  D17,D19,D24,D25,D27,D28
--- FW IODebug 1.2.2 2026-08-31 LIFT=5 14:43:03 ---
14:43:13.359    72699831  FFFFFF93F7FFF  D17,D24,D25,D27,D28
--- FW IODebug 1.2.2 2026-08-31 LIFT=5 14:43:33 ---
14:43:46.160    72732379  FFFFFF93B7FFF  D17,D20,D24,D25,D27,D28
14:43:47.082    72733291  FFFFFF93B3FFF  D16,D17,D20,D24,D25,D27,D28
14:43:50.431    72736629  FFFFFF97B3FFF  D16,D17,D20,D25,D27,D28
14:43:51.964    72738134  FFFFFF93B3FFF  D16,D17,D20,D24,D25,D27,D28
14:43:51.964    72738135  FFFFFF9BB3FFF  D16,D17,D20,D24,D27,D28
14:43:53.245    72739407  FFFFFF9FB3FFF  D16,D17,D20,D27,D28
14:43:54.517    72740674  FFFFFF83B3FFF  D16,D17,D20,D24,D25,D26,D27,D28
14:43:54.517    72740677  FFFFFFA3B3FFF  D16,D17,D20,D24,D25,D26,D28
14:43:55.816    72741948  FFFFFFA7B3FFF  D16,D17,D20,D25,D26,D28
14:43:57.071    72743215  FFFFFFA3B3FFF  D16,D17,D20,D24,D25,D26,D28
14:43:57.071    72743217  FFFFFFABB3FFF  D16,D17,D20,D24,D26,D28
14:43:58.373    72744488  FFFFFFAFB3FFF  D16,D17,D20,D26,D28
14:43:59.598    72745715  FFFFFFABB3FFF  D16,D17,D20,D24,D26,D28
14:43:59.598    72745717  FFFFFFA3B3FFF  D16,D17,D20,D24,D25,D26,D28
14:43:59.598    72745721  FFFFFFB3B3FFF  D16,D17,D20,D24,D25,D28
14:44:00.882    72746989  FFFFFFB7B3FFF  D16,D17,D20,D25,D28
14:44:02.147    72748256  FFFFFFB3B3FFF  D16,D17,D20,D24,D25,D28
14:44:02.147    72748258  FFFFFFBBB3FFF  D16,D17,D20,D24,D28
14:44:03.922    72749530  FFFFFFBFB3FFF  D16,D17,D20,D28
--- FW IODebug 1.2.2 2026-08-31 LIFT=5 14:44:03 ---
14:44:04.728    72750795  FFFFFFABB3FFF  D16,D17,D20,D24,D26,D28
14:44:04.728    72750797  FFFFFFC3B3FFF  D16,D17,D20,D24,D25,D26,D27
14:44:06.011    72752070  FFFFFFC7B3FFF  D16,D17,D20,D25,D26,D27
14:44:07.281    72753336  FFFFFFC3B3FFF  D16,D17,D20,D24,D25,D26,D27
14:44:07.281    72753338  FFFFFFCBB3FFF  D16,D17,D20,D24,D26,D27
14:44:08.552    72754611  FFFFFFCFB3FFF  D16,D17,D20,D26,D27
14:44:10.254    72756274  FFFFFFCBB3FFF  D16,D17,D20,D24,D26,D27
14:44:10.255    72756275  FFFFFFC3B3FFF  D16,D17,D20,D24,D25,D26,D27
14:44:10.255    72756281  FFFFFFD3B3FFF  D16,D17,D20,D24,D25,D27
14:44:12.203    72758222  FFFFFFD7B3FFF  D16,D17,D20,D25,D27
14:44:14.485    72760481  FFFFFFD3B3FFF  D16,D17,D20,D24,D25,D27
14:44:14.486    72760483  FFFFFFDBB3FFF  D16,D17,D20,D24,D27
14:44:16.518    72762510  FFFFFFDFB3FFF  D16,D17,D20,D27
14:44:17.872    72763855  FFFFFFC3B3FFF  D16,D17,D20,D24,D25,D26,D27
14:44:17.872    72763857  FFFFFFE3B3FFF  D16,D17,D20,D24,D25,D26
14:44:19.336    72765288  FFFFFFE7B3FFF  D16,D17,D20,D25,D26
14:44:20.719    72766673  FFFFFFE3B3FFF  D16,D17,D20,D24,D25,D26
14:44:20.719    72766675  FFFFFFEBB3FFF  D16,D17,D20,D24,D26
14:44:22.403    72768345  FFFFFFEFB3FFF  D16,D17,D20,D26
14:44:24.415    72770325  FFFFFFEBB3FFF  D16,D17,D20,D24,D26
14:44:24.415    72770327  FFFFFFE3B3FFF  D16,D17,D20,D24,D25,D26
14:44:24.415    72770332  FFFFFFF3B3FFF  D16,D17,D20,D24,D25
14:44:26.683    72772591  FFFFFFF7B3FFF  D16,D17,D20,D25
14:44:30.486    72776119  FFFFFFF7B7FFF  D17,D20,D25
14:44:30.486    72776202  FFFFFFF7F7FFF  D17,D25
14:44:30.487    72776358  FFFFFFF7D7FFF  D17,D19,D25
--- FW IODebug 1.2.2 2026-08-31 LIFT=5 14:44:34 ---
14:44:34.361    72780210  FFFFFFF7D3FFF  D16,D17,D19,D25
14:44:38.454    72784258  FFFFFFF3D3FFF  D16,D17,D19,D24,D25
14:44:40.723    72786521  FFFFFFE3D3FFF  D16,D17,D19,D24,D25,D26
14:44:40.723    72786523  FFFFFFEBD3FFF  D16,D17,D19,D24,D26
14:44:40.723    72786525  FFFFFFEFD3FFF  D16,D17,D19,D26
14:44:42.712    72788505  FFFFFFEBD3FFF  D16,D17,D19,D24,D26
14:44:44.399    72790173  FFFFFFE3D3FFF  D16,D17,D19,D24,D25,D26
14:44:44.399    72790176  FFFFFFE7D3FFF  D16,D17,D19,D25,D26
14:44:45.793    72791562  FFFFFFE3D3FFF  D16,D17,D19,D24,D25,D26
14:44:47.245    72792991  FFFFFFCBD3FFF  D16,D17,D19,D24,D26,D27
14:44:47.245    72792994  FFFFFFCFD3FFF  D16,D17,D19,D26,D27
14:44:47.246    72792997  FFFFFFDFD3FFF  D16,D17,D19,D27
14:44:48.609    72794340  FFFFFFDBD3FFF  D16,D17,D19,D24,D27
14:44:50.642    72796364  FFFFFFD3D3FFF  D16,D17,D19,D24,D25,D27
14:44:50.642    72796368  FFFFFFD7D3FFF  D16,D17,D19,D25,D27
14:44:52.921    72798627  FFFFFFD3D3FFF  D16,D17,D19,D24,D25,D27
14:44:55.277    72800652  FFFFFFC3D3FFF  D16,D17,D19,D24,D25,D26,D27
14:44:55.277    72800654  FFFFFFCBD3FFF  D16,D17,D19,D24,D26,D27
14:44:55.278    72800656  FFFFFFCFD3FFF  D16,D17,D19,D26,D27
14:44:55.278    72800812  FFFFFFCF93FFF  D16,D17,D19,D20,D26,D27
14:44:55.278    72800971  FFFFFFCFB3FFF  D16,D17,D20,D26,D27
14:44:58.350    72804024  FFFFFFCFB7FFF  D17,D20,D26,D27
--- FW IODebug 1.2.2 2026-08-31 LIFT=5 14:45:04 ---
14:45:14.919    72820460  FFFFFFCFB3FFF  D16,D17,D20,D26,D27
14:45:18.854    72824348  FFFFFFCBB3FFF  D16,D17,D20,D24,D26,D27
14:45:18.854    72824350  FFFFFFC3B3FFF  D16,D17,D20,D24,D25,D26,D27
14:45:18.854    72824355  FFFFFFD3B3FFF  D16,D17,D20,D24,D25,D27
14:45:20.891    72826377  FFFFFFD7B3FFF  D16,D17,D20,D25,D27
14:45:23.162    72828636  FFFFFFD3B3FFF  D16,D17,D20,D24,D25,D27
14:45:23.163    72828638  FFFFFFDBB3FFF  D16,D17,D20,D24,D27
14:45:25.207    72830664  FFFFFFDFB3FFF  D16,D17,D20,D27
14:45:26.551    72832010  FFFFFFCBB3FFF  D16,D17,D20,D24,D26,D27
14:45:26.552    72832012  FFFFFFC3B3FFF  D16,D17,D20,D24,D25,D26,D27
14:45:26.552    72832014  FFFFFFE3B3FFF  D16,D17,D20,D24,D25,D26
14:45:27.997    72833442  FFFFFFE7B3FFF  D16,D17,D20,D25,D26
14:45:29.403    72834828  FFFFFFE3B3FFF  D16,D17,D20,D24,D25,D26
14:45:29.403    72834830  FFFFFFEBB3FFF  D16,D17,D20,D24,D26
14:45:31.070    72836499  FFFFFFEFB3FFF  D16,D17,D20,D26
14:45:33.136    72838519  FFFFFFEBB3FFF  D16,D17,D20,D24,D26
14:45:33.136    72838521  FFFFFFE3B3FFF  D16,D17,D20,D24,D25,D26
14:45:33.136    72838526  FFFFFFF3B3FFF  D16,D17,D20,D24,D25
--- FW IODebug 1.2.2 2026-08-31 LIFT=5 14:45:34 ---
14:45:35.365    72840747  FFFFFFF7B3FFF  D16,D17,D20,D25
14:45:38.916    72844273  FFFFFFF7B7FFF  D17,D20,D25
14:45:53.672    72858924  FFFFFFF7F7FFF  D17,D25
--- FW IODebug 1.2.2 2026-08-31 LIFT=5 14:46:04 ---
--- FW IODebug 1.2.2 2026-08-31 LIFT=5 14:46:35 ---
14:46:54.131    72918924  FFFFFFF7F7FFF  D17,D25
--- FW IODebug 1.2.2 2026-08-31 LIFT=5 14:47:05 ---
--- FW IODebug 1.2.2 2026-08-31 LIFT=5 14:47:35 ---
14:47:54.598    72978924  FFFFFFF7F7FFF  D17,D25
--- FW IODebug 1.2.2 2026-08-31 LIFT=5 14:48:05 ---
--- FW IODebug 1.2.2 2026-08-31 LIFT=5 14:48:35 ---
14:48:54.343    73038218  FFFFFFF7FFFFF  D25
14:48:55.020    73038896  FFFFFFF7F7FFF  D17,D25
--- FW IODebug 1.2.2 2026-08-31 LIFT=5 14:49:06 ---
--- FW IODebug 1.2.2 2026-08-31 LIFT=5 14:49:36 ---
14:49:55.491    73098896  FFFFFFF7F7FFF  D17,D25
--- FW IODebug 1.2.2 2026-08-31 LIFT=5 14:50:06 ---
--- FW IODebug 1.2.2 2026-08-31 LIFT=5 14:50:36 ---
14:50:55.943    73158896  FFFFFFF7F7FFF  D17,D25
--- FW IODebug 1.2.2 2026-08-31 LIFT=5 14:51:07 ---
--- FW IODebug 1.2.2 2026-08-31 LIFT=5 14:51:37 ---
14:51:56.405    73218896  FFFFFFF7F7FFF  D17,D25
--- FW IODebug 1.2.2 2026-08-31 LIFT=5 14:52:07 ---
--- FW IODebug 1.2.2 2026-08-31 LIFT=5 14:52:37 ---
14:52:45.806    73267929  FFFFFFF7D7FFF  D17,D19,D25
14:53:05.664    73287618  FFFFFFF7D3FFF  D16,D17,D19,D25
--- FW IODebug 1.2.2 2026-08-31 LIFT=5 14:53:08 ---
14:53:09.731    73291666  FFFFFFF3D3FFF  D16,D17,D19,D24,D25
14:53:12.019    73293928  FFFFFFE3D3FFF  D16,D17,D19,D24,D25,D26
14:53:12.019    73293930  FFFFFFEBD3FFF  D16,D17,D19,D24,D26
14:53:12.019    73293933  FFFFFFEFD3FFF  D16,D17,D19,D26
14:53:14.024    73295912  FFFFFFEBD3FFF  D16,D17,D19,D24,D26
14:53:15.697    73297581  FFFFFFE3D3FFF  D16,D17,D19,D24,D25,D26
14:53:15.697    73297585  FFFFFFE7D3FFF  D16,D17,D19,D25,D26
14:53:17.092    73298970  FFFFFFE3D3FFF  D16,D17,D19,D24,D25,D26
14:53:18.541    73300399  FFFFFFCBD3FFF  D16,D17,D19,D24,D26,D27
14:53:18.542    73300403  FFFFFFCFD3FFF  D16,D17,D19,D26,D27
14:53:18.542    73300406  FFFFFFDFD3FFF  D16,D17,D19,D27
14:53:19.902    73301748  FFFFFFDBD3FFF  D16,D17,D19,D24,D27
14:53:21.965    73303813  FFFFFFD3D3FFF  D16,D17,D19,D24,D25,D27
14:53:21.965    73303817  FFFFFFD7D3FFF  D16,D17,D19,D25,D27
14:53:25.729    73307542  FFFFFFD7D7FFF  D17,D19,D25,D27
--- FW IODebug 1.2.2 2026-08-31 LIFT=5 14:53:38 ---
14:54:04.264    73345769  FFFFFFD7D3FFF  D16,D17,D19,D25,D27
14:54:08.520    73349500  FFFFFFD3D3FFF  D16,D17,D19,D24,D25,D27
--- FW IODebug 1.2.2 2026-08-31 LIFT=5 14:54:08 ---
14:54:10.105    73351564  FFFFFFC3D3FFF  D16,D17,D19,D24,D25,D26,D27
14:54:10.105    73351566  FFFFFFCBD3FFF  D16,D17,D19,D24,D26,D27
14:54:10.105    73351569  FFFFFFCFD3FFF  D16,D17,D19,D26,D27
14:54:11.759    73353231  FFFFFFCBD3FFF  D16,D17,D19,D24,D26,D27
14:54:13.019    73354463  FFFFFFC3D3FFF  D16,D17,D19,D24,D25,D26,D27
14:54:13.020    73354466  FFFFFFC7D3FFF  D16,D17,D19,D25,D26,D27
14:54:14.281    73355731  FFFFFFC3D3FFF  D16,D17,D19,D24,D25,D26,D27
14:54:15.572    73357003  FFFFFF8BD3FFF  D16,D17,D19,D24,D26,D27,D28
14:54:15.572    73357005  FFFFFFABD3FFF  D16,D17,D19,D24,D26,D28
14:54:15.573    73357007  FFFFFFAFD3FFF  D16,D17,D19,D26,D28
14:54:15.573    73357009  FFFFFFBFD3FFF  D16,D17,D19,D28
14:54:16.859    73358272  FFFFFFBBD3FFF  D16,D17,D19,D24,D28
14:54:18.130    73359543  FFFFFFB3D3FFF  D16,D17,D19,D24,D25,D28
14:54:18.130    73359547  FFFFFFB7D3FFF  D16,D17,D19,D25,D28
14:54:19.403    73360813  FFFFFFB3D3FFF  D16,D17,D19,D24,D25,D28
14:54:20.701    73362083  FFFFFFA3D3FFF  D16,D17,D19,D24,D25,D26,D28
14:54:20.702    73362085  FFFFFFABD3FFF  D16,D17,D19,D24,D26,D28
14:54:20.702    73362087  FFFFFFAFD3FFF  D16,D17,D19,D26,D28
14:54:21.979    73363353  FFFFFFABD3FFF  D16,D17,D19,D24,D26,D28
14:54:23.535    73364902  FFFFFFA3D3FFF  D16,D17,D19,D24,D25,D26,D28
14:54:23.536    73364905  FFFFFFA7D3FFF  D16,D17,D19,D25,D26,D28
14:54:26.408    73367758  FFFFFFA7D7FFF  D17,D19,D25,D26,D28
--- FW IODebug 1.2.2 2026-08-31 LIFT=5 14:54:38 ---
14:54:41.010    73382250  FFFFFFA7F7FFF  D17,D25,D26,D28
--- FW IODebug 1.2.2 2026-08-31 LIFT=5 14:55:08 ---
14:55:13.488    73414479  FFFFFFA7B7FFF  D17,D20,D25,D26,D28
14:55:14.408    73415393  FFFFFFA7B3FFF  D16,D17,D20,D25,D26,D28
14:55:17.763    73418726  FFFFFFA3B3FFF  D16,D17,D20,D24,D25,D26,D28
14:55:17.763    73418728  FFFFFFABB3FFF  D16,D17,D20,D24,D26,D28
14:55:19.280    73420238  FFFFFFAFB3FFF  D16,D17,D20,D26,D28
14:55:20.585    73421505  FFFFFFABB3FFF  D16,D17,D20,D24,D26,D28
14:55:20.586    73421507  FFFFFFA3B3FFF  D16,D17,D20,D24,D25,D26,D28
14:55:20.586    73421511  FFFFFFB3B3FFF  D16,D17,D20,D24,D25,D28
14:55:21.841    73422779  FFFFFFB7B3FFF  D16,D17,D20,D25,D28
14:55:23.124    73424046  FFFFFFB3B3FFF  D16,D17,D20,D24,D25,D28
14:55:23.124    73424047  FFFFFFBBB3FFF  D16,D17,D20,D24,D28
14:55:24.362    73425280  FFFFFFBFB3FFF  D16,D17,D20,D28
14:55:25.649    73426546  FFFFFFBBB3FFF  D16,D17,D20,D24,D28
14:55:25.649    73426547  FFFFFFC3B3FFF  D16,D17,D20,D24,D25,D26,D27
14:55:26.940    73427820  FFFFFFC7B3FFF  D16,D17,D20,D25,D26,D27
14:55:28.209    73429087  FFFFFFC3B3FFF  D16,D17,D20,D24,D25,D26,D27
14:55:28.209    73429089  FFFFFFCBB3FFF  D16,D17,D20,D24,D26,D27
14:55:29.482    73430361  FFFFFFCFB3FFF  D16,D17,D20,D26,D27
14:55:31.172    73432024  FFFFFFCBB3FFF  D16,D17,D20,D24,D26,D27
14:55:31.172    73432026  FFFFFFC3B3FFF  D16,D17,D20,D24,D25,D26,D27
14:55:31.172    73432031  FFFFFFD3B3FFF  D16,D17,D20,D24,D25,D27
14:55:33.131    73433973  FFFFFFD7B3FFF  D16,D17,D20,D25,D27
14:55:35.402    73436231  FFFFFFD3B3FFF  D16,D17,D20,D24,D25,D27
14:55:35.403    73436233  FFFFFFDBB3FFF  D16,D17,D20,D24,D27
14:55:37.449    73438260  FFFFFFDFB3FFF  D16,D17,D20,D27
14:55:39.206    73439605  FFFFFFDBB3FFF  D16,D17,D20,D24,D27
14:55:39.206    73439607  FFFFFFC3B3FFF  D16,D17,D20,D24,D25,D26,D27
14:55:39.206    73439609  FFFFFFE3B3FFF  D16,D17,D20,D24,D25,D26
--- FW IODebug 1.2.2 2026-08-31 LIFT=5 14:55:39 ---
14:55:40.255    73441039  FFFFFFE7B3FFF  D16,D17,D20,D25,D26
14:55:41.657    73442423  FFFFFFE3B3FFF  D16,D17,D20,D24,D25,D26
14:55:41.657    73442425  FFFFFFEBB3FFF  D16,D17,D20,D24,D26
14:55:43.340    73444096  FFFFFFEFB3FFF  D16,D17,D20,D26
14:55:45.379    73446115  FFFFFFEBB3FFF  D16,D17,D20,D24,D26
14:55:45.379    73446117  FFFFFFE3B3FFF  D16,D17,D20,D24,D25,D26
14:55:45.379    73446122  FFFFFFF3B3FFF  D16,D17,D20,D24,D25
14:55:47.616    73448342  FFFFFFF7B3FFF  D16,D17,D20,D25
14:55:51.251    73451870  FFFFFFF7B7FFF  D17,D20,D25
14:55:51.251    73451952  FFFFFFF7F7FFF  D17,D25
--- FW IODebug 1.2.2 2026-08-31 LIFT=5 14:56:09 ---
--- FW IODebug 1.2.2 2026-08-31 LIFT=5 14:56:39 ---
14:56:51.713    73511952  FFFFFFF7F7FFF  D17,D25
--- FW IODebug 1.2.2 2026-08-31 LIFT=5 14:57:09 ---
--- FW IODebug 1.2.2 2026-08-31 LIFT=5 14:57:40 ---
14:57:52.158    73571952  FFFFFFF7F7FFF  D17,D25
--- FW IODebug 1.2.2 2026-08-31 LIFT=5 14:58:10 ---
--- FW IODebug 1.2.2 2026-08-31 LIFT=5 14:58:40 ---
14:58:51.921    73631246  FFFFFFF7FFFFF  D25
14:58:52.599    73631924  FFFFFFF7F7FFF  D17,D25
14:59:10.812    73649627  FFFFFFF7D7FFF  D17,D19,D25
--- FW IODebug 1.2.2 2026-08-31 LIFT=5 14:59:10 ---
14:59:29.035    73668085  FFFFFFF7D3FFF  D16,D17,D19,D25
14:59:33.115    73672132  FFFFFFF3D3FFF  D16,D17,D19,D24,D25
14:59:35.401    73674394  FFFFFFE3D3FFF  D16,D17,D19,D24,D25,D26
14:59:35.401    73674396  FFFFFFEBD3FFF  D16,D17,D19,D24,D26
14:59:35.401    73674399  FFFFFFEFD3FFF  D16,D17,D19,D26
14:59:37.402    73676380  FFFFFFEBD3FFF  D16,D17,D19,D24,D26
14:59:39.076    73678048  FFFFFFE3D3FFF  D16,D17,D19,D24,D25,D26
14:59:39.077    73678051  FFFFFFE7D3FFF  D16,D17,D19,D25,D26
14:59:40.465    73679436  FFFFFFE3D3FFF  D16,D17,D19,D24,D25,D26
--- FW IODebug 1.2.2 2026-08-31 LIFT=5 14:59:41 ---
14:59:41.929    73680866  FFFFFFC3D3FFF  D16,D17,D19,D24,D25,D26,D27
14:59:41.930    73680867  FFFFFFCBD3FFF  D16,D17,D19,D24,D26,D27
14:59:41.930    73680870  FFFFFFCFD3FFF  D16,D17,D19,D26,D27
14:59:41.930    73680872  FFFFFFDFD3FFF  D16,D17,D19,D27
14:59:43.272    73682214  FFFFFFDBD3FFF  D16,D17,D19,D24,D27
14:59:45.359    73684280  FFFFFFD3D3FFF  D16,D17,D19,D24,D25,D27
14:59:45.360    73684283  FFFFFFD7D3FFF  D16,D17,D19,D25,D27
14:59:49.070    73687969  FFFFFFD7D7FFF  D17,D19,D25,D27
15:00:04.627    73703412  FFFFFFD7D3FFF  D16,D17,D19,D25,D27
15:00:08.382    73707143  FFFFFFD3D3FFF  D16,D17,D19,D24,D25,D27
15:00:10.489    73709207  FFFFFFC3D3FFF  D16,D17,D19,D24,D25,D26,D27
15:00:10.489    73709209  FFFFFFCBD3FFF  D16,D17,D19,D24,D26,D27
15:00:10.489    73709211  FFFFFFCFD3FFF  D16,D17,D19,D26,D27
--- FW IODebug 1.2.2 2026-08-31 LIFT=5 15:00:11 ---
15:00:12.153    73710873  FFFFFFCBD3FFF  D16,D17,D19,D24,D26,D27
15:00:13.401    73712105  FFFFFFC3D3FFF  D16,D17,D19,D24,D25,D26,D27
15:00:13.402    73712108  FFFFFFC7D3FFF  D16,D17,D19,D25,D26,D27
15:00:14.670    73713375  FFFFFFC3D3FFF  D16,D17,D19,D24,D25,D26,D27
15:00:15.979    73714646  FFFFFF83D3FFF  D16,D17,D19,D24,D25,D26,D27,D28
15:00:15.979    73714647  FFFFFFABD3FFF  D16,D17,D19,D24,D26,D28
15:00:15.980    73714649  FFFFFFAFD3FFF  D16,D17,D19,D26,D28
15:00:15.980    73714652  FFFFFFBFD3FFF  D16,D17,D19,D28
15:00:17.225    73715914  FFFFFFBBD3FFF  D16,D17,D19,D24,D28
15:00:18.515    73717186  FFFFFFB3D3FFF  D16,D17,D19,D24,D25,D28
15:00:18.515    73717189  FFFFFFB7D3FFF  D16,D17,D19,D25,D28
15:00:19.783    73718455  FFFFFFB3D3FFF  D16,D17,D19,D24,D25,D28
15:00:21.081    73719726  FFFFFFA3D3FFF  D16,D17,D19,D24,D25,D26,D28
15:00:21.081    73719728  FFFFFFABD3FFF  D16,D17,D19,D24,D26,D28
15:00:21.081    73719730  FFFFFFAFD3FFF  D16,D17,D19,D26,D28
15:00:22.346    73720995  FFFFFFABD3FFF  D16,D17,D19,D24,D26,D28
15:00:23.911    73722545  FFFFFFA3D3FFF  D16,D17,D19,D24,D25,D26,D28
15:00:23.911    73722548  FFFFFFA7D3FFF  D16,D17,D19,D25,D26,D28
15:00:26.748    73725361  FFFFFFA7D7FFF  D17,D19,D25,D26,D28
--- FW IODebug 1.2.2 2026-08-31 LIFT=5 15:00:41 ---
15:00:42.283    73740764  FFFFFFA7D3FFF  D16,D17,D19,D25,D26,D28
15:00:45.791    73744257  FFFFFFA3D3FFF  D16,D17,D19,D24,D25,D26,D28
15:00:48.706    73747152  FFFFFFA3D7FFF  D17,D19,D24,D25,D26,D28
15:01:04.510    73762834  FFFFFFA397FFF  D17,D19,D20,D24,D25,D26,D28
15:01:04.510    73762836  FFFFFFA3B7FFF  D17,D20,D24,D25,D26,D28
15:01:05.472    73763786  FFFFFFA3B3FFF  D16,D17,D20,D24,D25,D26,D28
15:01:09.005    73767283  FFFFFFA7B3FFF  D16,D17,D20,D25,D26,D28
--- FW IODebug 1.2.2 2026-08-31 LIFT=5 15:01:11 ---
15:01:11.897    73770175  FFFFFFA7B7FFF  D17,D20,D25,D26,D28
15:01:28.521    73786650  FFFFFFA7B3FFF  D16,D17,D20,D25,D26,D28
15:01:31.831    73789944  FFFFFFA3B3FFF  D16,D17,D20,D24,D25,D26,D28
15:01:31.832    73789946  FFFFFFABB3FFF  D16,D17,D20,D24,D26,D28
15:01:33.347    73791457  FFFFFFAFB3FFF  D16,D17,D20,D26,D28
15:01:34.646    73792722  FFFFFFABB3FFF  D16,D17,D20,D24,D26,D28
15:01:34.646    73792724  FFFFFFA3B3FFF  D16,D17,D20,D24,D25,D26,D28
15:01:34.646    73792730  FFFFFFB3B3FFF  D16,D17,D20,D24,D25,D28
15:01:35.916    73793997  FFFFFFB7B3FFF  D16,D17,D20,D25,D28
15:01:37.182    73795263  FFFFFFB3B3FFF  D16,D17,D20,D24,D25,D28
15:01:37.183    73795265  FFFFFFBBB3FFF  D16,D17,D20,D24,D28
15:01:38.462    73796538  FFFFFFBFB3FFF  D16,D17,D20,D28
15:01:39.757    73797804  FFFFFFABB3FFF  D16,D17,D20,D24,D26,D28
15:01:39.757    73797806  FFFFFFC3B3FFF  D16,D17,D20,D24,D25,D26,D27
15:01:41.044    73799078  FFFFFFC7B3FFF  D16,D17,D20,D25,D26,D27
--- FW IODebug 1.2.2 2026-08-31 LIFT=5 15:01:42 ---
15:01:42.314    73800344  FFFFFFC3B3FFF  D16,D17,D20,D24,D25,D26,D27
15:01:42.315    73800346  FFFFFFCBB3FFF  D16,D17,D20,D24,D26,D27
15:01:43.556    73801578  FFFFFFCFB3FFF  D16,D17,D20,D26,D27
15:01:45.231    73803241  FFFFFFCBB3FFF  D16,D17,D20,D24,D26,D27
15:01:45.232    73803243  FFFFFFC3B3FFF  D16,D17,D20,D24,D25,D26,D27
15:01:45.232    73803248  FFFFFFD3B3FFF  D16,D17,D20,D24,D25,D27
15:01:47.392    73805309  FFFFFFD7B3FFF  D16,D17,D20,D25,D27
15:01:47.393    73805385  FFFFFFD793FFF  D16,D17,D19,D20,D25,D27
15:01:47.393    73805387  FFFFFFD7D3FFF  D16,D17,D19,D25,D27
15:01:50.537    73808520  FFFFFFD7D7FFF  D17,D19,D25,D27
--- FW IODebug 1.2.2 2026-08-31 LIFT=5 15:02:12 ---
15:02:22.458    73840197  FFFFFFD7D3FFF  D16,D17,D19,D25,D27
15:02:26.235    73843928  FFFFFFD3D3FFF  D16,D17,D19,D24,D25,D27
15:02:28.309    73845993  FFFFFFCBD3FFF  D16,D17,D19,D24,D26,D27
15:02:28.309    73845996  FFFFFFCFD3FFF  D16,D17,D19,D26,D27
15:02:29.973    73847659  FFFFFFCBD3FFF  D16,D17,D19,D24,D26,D27
15:02:31.260    73848930  FFFFFFC3D3FFF  D16,D17,D19,D24,D25,D26,D27
15:02:31.260    73848933  FFFFFFC7D3FFF  D16,D17,D19,D25,D26,D27
15:02:32.546    73850200  FFFFFFC3D3FFF  D16,D17,D19,D24,D25,D26,D27
15:02:33.831    73851470  FFFFFF8BD3FFF  D16,D17,D19,D24,D26,D27,D28
15:02:33.831    73851472  FFFFFFABD3FFF  D16,D17,D19,D24,D26,D28
15:02:33.831    73851474  FFFFFFAFD3FFF  D16,D17,D19,D26,D28
15:02:33.831    73851476  FFFFFFBFD3FFF  D16,D17,D19,D28
15:02:35.097    73852740  FFFFFFBBD3FFF  D16,D17,D19,D24,D28
15:02:36.344    73853971  FFFFFFB3D3FFF  D16,D17,D19,D24,D25,D28
15:02:36.344    73853974  FFFFFFB7D3FFF  D16,D17,D19,D25,D28
15:02:37.632    73855241  FFFFFFB3D3FFF  D16,D17,D19,D24,D25,D28
15:02:38.912    73856510  FFFFFFA3D3FFF  D16,D17,D19,D24,D25,D26,D28
15:02:38.912    73856513  FFFFFFABD3FFF  D16,D17,D19,D24,D26,D28
15:02:38.912    73856515  FFFFFFAFD3FFF  D16,D17,D19,D26,D28
15:02:40.194    73857781  FFFFFFABD3FFF  D16,D17,D19,D24,D26,D28
15:02:41.758    73859330  FFFFFFA3D3FFF  D16,D17,D19,D24,D25,D26,D28
15:02:41.759    73859334  FFFFFFA7D3FFF  D16,D17,D19,D25,D26,D28
--- FW IODebug 1.2.2 2026-08-31 LIFT=5 15:02:42 ---
15:02:44.584    73862147  FFFFFFA7D7FFF  D17,D19,D25,D26,D28
15:03:07.868    73885251  FFFFFFA797FFF  D17,D19,D20,D25,D26,D28
15:03:07.868    73885253  FFFFFFA7B7FFF  D17,D20,D25,D26,D28
15:03:08.822    73886202  FFFFFFA7B3FFF  D16,D17,D20,D25,D26,D28
15:03:12.638    73889496  FFFFFFA3B3FFF  D16,D17,D20,D24,D25,D26,D28
15:03:12.638    73889498  FFFFFFABB3FFF  D16,D17,D20,D24,D26,D28
--- FW IODebug 1.2.2 2026-08-31 LIFT=5 15:03:12 ---
15:03:13.662    73891009  FFFFFFAFB3FFF  D16,D17,D20,D26,D28
15:03:14.942    73892275  FFFFFFABB3FFF  D16,D17,D20,D24,D26,D28
15:03:14.942    73892277  FFFFFFA3B3FFF  D16,D17,D20,D24,D25,D26,D28
15:03:14.942    73892282  FFFFFFB3B3FFF  D16,D17,D20,D24,D25,D28
15:03:16.244    73893550  FFFFFFB7B3FFF  D16,D17,D20,D25,D28
15:03:17.505    73894815  FFFFFFB3B3FFF  D16,D17,D20,D24,D25,D28
15:03:17.506    73894817  FFFFFFBBB3FFF  D16,D17,D20,D24,D28
15:03:18.789    73896090  FFFFFFBFB3FFF  D16,D17,D20,D28
15:03:20.059    73897356  FFFFFFBBB3FFF  D16,D17,D20,D24,D28
15:03:20.059    73897357  FFFFFFC3B3FFF  D16,D17,D20,D24,D25,D26,D27
15:03:21.360    73898631  FFFFFFC7B3FFF  D16,D17,D20,D25,D26,D27
15:03:22.634    73899896  FFFFFFC3B3FFF  D16,D17,D20,D24,D25,D26,D27
15:03:22.634    73899898  FFFFFFCBB3FFF  D16,D17,D20,D24,D26,D27
15:03:23.888    73901131  FFFFFFCFB3FFF  D16,D17,D20,D26,D27
15:03:25.552    73902794  FFFFFFCBB3FFF  D16,D17,D20,D24,D26,D27
15:03:25.552    73902795  FFFFFFC3B3FFF  D16,D17,D20,D24,D25,D26,D27
15:03:25.552    73902800  FFFFFFD3B3FFF  D16,D17,D20,D24,D25,D27
15:03:27.617    73904862  FFFFFFD7B3FFF  D16,D17,D20,D25,D27
15:03:30.862    73908072  FFFFFFD7B7FFF  D17,D20,D25,D27
--- FW IODebug 1.2.2 2026-08-31 LIFT=5 15:03:42 ---
15:03:47.421    73924507  FFFFFFD7B3FFF  D16,D17,D20,D25,D27
15:03:51.705    73928754  FFFFFFD3B3FFF  D16,D17,D20,D24,D25,D27
15:03:51.705    73928756  FFFFFFDBB3FFF  D16,D17,D20,D24,D27
15:03:53.749    73930782  FFFFFFDFB3FFF  D16,D17,D20,D27
15:03:55.112    73932128  FFFFFFDBB3FFF  D16,D17,D20,D24,D27
15:03:55.112    73932130  FFFFFFC3B3FFF  D16,D17,D20,D24,D25,D26,D27
15:03:55.112    73932132  FFFFFFE3B3FFF  D16,D17,D20,D24,D25,D26
15:03:56.547    73933561  FFFFFFE7B3FFF  D16,D17,D20,D25,D26
15:03:57.958    73934946  FFFFFFE3B3FFF  D16,D17,D20,D24,D25,D26
15:03:57.958    73934948  FFFFFFEBB3FFF  D16,D17,D20,D24,D26
15:03:59.623    73936617  FFFFFFEFB3FFF  D16,D17,D20,D26
15:04:01.670    73938637  FFFFFFEBB3FFF  D16,D17,D20,D24,D26
15:04:01.670    73938639  FFFFFFE3B3FFF  D16,D17,D20,D24,D25,D26
15:04:01.671    73938644  FFFFFFF3B3FFF  D16,D17,D20,D24,D25
15:04:03.933    73940865  FFFFFFF7B3FFF  D16,D17,D20,D25
15:04:07.501    73944431  FFFFFFF7B7FFF  D17,D20,D25
--- FW IODebug 1.2.2 2026-08-31 LIFT=5 15:04:13 ---
15:04:22.427    73959081  FFFFFFF7F7FFF  D17,D25
15:04:22.427    73959239  FFFFFFF7D7FFF  D17,D19,D25
15:04:23.210    73960034  FFFFFFF7D3FFF  D16,D17,D19,D25
15:04:27.308    73964081  FFFFFFF3D3FFF  D16,D17,D19,D24,D25
15:04:29.578    73966345  FFFFFFE3D3FFF  D16,D17,D19,D24,D25,D26
15:04:29.578    73966346  FFFFFFEBD3FFF  D16,D17,D19,D24,D26
15:04:29.579    73966348  FFFFFFEFD3FFF  D16,D17,D19,D26
15:04:31.580    73968328  FFFFFFEBD3FFF  D16,D17,D19,D24,D26
15:04:33.259    73969996  FFFFFFE3D3FFF  D16,D17,D19,D24,D25,D26
15:04:33.259    73969999  FFFFFFE7D3FFF  D16,D17,D19,D25,D26
15:04:34.665    73971385  FFFFFFE3D3FFF  D16,D17,D19,D24,D25,D26
15:04:36.122    73972814  FFFFFFC3D3FFF  D16,D17,D19,D24,D25,D26,D27
15:04:36.123    73972815  FFFFFFCBD3FFF  D16,D17,D19,D24,D26,D27
15:04:36.123    73972818  FFFFFFCFD3FFF  D16,D17,D19,D26,D27
15:04:36.123    73972820  FFFFFFDFD3FFF  D16,D17,D19,D27
15:04:37.467    73974163  FFFFFFDBD3FFF  D16,D17,D19,D24,D27
15:04:39.496    73976188  FFFFFFD3D3FFF  D16,D17,D19,D24,D25,D27
15:04:39.496    73976192  FFFFFFD7D3FFF  D16,D17,D19,D25,D27
15:04:41.771    73978450  FFFFFFD3D3FFF  D16,D17,D19,D24,D25,D27
--- FW IODebug 1.2.2 2026-08-31 LIFT=5 15:04:43 ---
15:04:43.736    73980396  FFFFFFC3D3FFF  D16,D17,D19,D24,D25,D26,D27
15:04:43.736    73980397  FFFFFFCBD3FFF  D16,D17,D19,D24,D26,D27
15:04:43.737    73980400  FFFFFFCFD3FFF  D16,D17,D19,D26,D27
15:04:45.425    73982063  FFFFFFCBD3FFF  D16,D17,D19,D24,D26,D27
15:04:46.707    73983333  FFFFFFC3D3FFF  D16,D17,D19,D24,D25,D26,D27
15:04:46.708    73983337  FFFFFFC7D3FFF  D16,D17,D19,D25,D26,D27
15:04:47.974    73984603  FFFFFFC3D3FFF  D16,D17,D19,D24,D25,D26,D27
15:04:49.255    73985874  FFFFFF8BD3FFF  D16,D17,D19,D24,D26,D27,D28
15:04:49.256    73985876  FFFFFFABD3FFF  D16,D17,D19,D24,D26,D28
15:04:49.256    73985878  FFFFFFAFD3FFF  D16,D17,D19,D26,D28
15:04:49.256    73985880  FFFFFFBFD3FFF  D16,D17,D19,D28
15:04:50.549    73987143  FFFFFFBBD3FFF  D16,D17,D19,D24,D28
15:04:51.830    73988414  FFFFFFB3D3FFF  D16,D17,D19,D24,D25,D28
15:04:51.830    73988418  FFFFFFB7D3FFF  D16,D17,D19,D25,D28
15:04:53.099    73989684  FFFFFFB3D3FFF  D16,D17,D19,D24,D25,D28
15:04:54.380    73990955  FFFFFFA3D3FFF  D16,D17,D19,D24,D25,D26,D28
15:04:54.380    73990957  FFFFFFABD3FFF  D16,D17,D19,D24,D26,D28
15:04:54.380    73990959  FFFFFFAFD3FFF  D16,D17,D19,D26,D28
15:04:55.654    73992224  FFFFFFABD3FFF  D16,D17,D19,D24,D26,D28
15:04:56.937    73993495  FFFFFFA3D3FFF  D16,D17,D19,D24,D25,D26,D28
15:04:56.937    73993498  FFFFFFA7D3FFF  D16,D17,D19,D25,D26,D28
15:04:58.175    73994725  FFFFFFA3D3FFF  D16,D17,D19,D24,D25,D26,D28
15:04:59.477    73995996  FFFFFF8BD3FFF  D16,D17,D19,D24,D26,D27,D28
15:04:59.478    73996000  FFFFFF8FD3FFF  D16,D17,D19,D26,D27,D28
15:04:59.478    73996002  FFFFFF9FD3FFF  D16,D17,D19,D27,D28
15:05:00.787    73997304  FFFFFF9BD3FFF  D16,D17,D19,D24,D27,D28
15:05:02.026    73998536  FFFFFF93D3FFF  D16,D17,D19,D24,D25,D27,D28
15:05:02.026    73998539  FFFFFF97D3FFF  D16,D17,D19,D25,D27,D28
15:05:03.297    73999806  FFFFFF93D3FFF  D16,D17,D19,D24,D25,D27,D28
15:05:04.859    74001354  FFFFFF83D3FFF  D16,D17,D19,D24,D25,D26,D27,D28
15:05:04.859    74001356  FFFFFF8BD3FFF  D16,D17,D19,D24,D26,D27,D28
15:05:04.859    74001358  FFFFFF8FD3FFF  D16,D17,D19,D26,D27,D28
15:05:07.688    74004171  FFFFFF8FD7FFF  D17,D19,D26,D27,D28
--- FW IODebug 1.2.2 2026-08-31 LIFT=5 15:05:13 ---
15:05:24.225    74020567  FFFFFF8FD3FFF  D16,D17,D19,D26,D27,D28
15:05:27.578    74023900  FFFFFF8BD3FFF  D16,D17,D19,D24,D26,D27,D28
15:05:29.062    74025369  FFFFFF83D3FFF  D16,D17,D19,D24,D25,D26,D27,D28
15:05:29.063    74025373  FFFFFF87D3FFF  D16,D17,D19,D25,D26,D27,D28
15:05:30.332    74026639  FFFFFF83D3FFF  D16,D17,D19,D24,D25,D26,D27,D28
15:05:31.626    74027910  FFFFFF03D3FFF  D16,D17,D19,D24,D25,D26,D27,D28,D29
15:05:31.626    74027912  FFFFFF4BD3FFF  D16,D17,D19,D24,D26,D27,D29
15:05:31.626    74027913  FFFFFF6FD3FFF  D16,D17,D19,D26,D29
15:05:31.627    74027916  FFFFFF7FD3FFF  D16,D17,D19,D29
15:05:32.889    74029179  FFFFFF7BD3FFF  D16,D17,D19,D24,D29
15:05:34.170    74030450  FFFFFF73D3FFF  D16,D17,D19,D24,D25,D29
15:05:34.171    74030453  FFFFFF77D3FFF  D16,D17,D19,D25,D29
15:05:35.472    74031720  FFFFFF73D3FFF  D16,D17,D19,D24,D25,D29
15:05:36.739    74032990  FFFFFF63D3FFF  D16,D17,D19,D24,D25,D26,D29
15:05:36.739    74032992  FFFFFF6BD3FFF  D16,D17,D19,D24,D26,D29
15:05:36.739    74032995  FFFFFF6FD3FFF  D16,D17,D19,D26,D29
15:05:38.012    74034259  FFFFFF6BD3FFF  D16,D17,D19,D24,D26,D29
15:05:39.290    74035530  FFFFFF63D3FFF  D16,D17,D19,D24,D25,D26,D29
15:05:39.290    74035534  FFFFFF67D3FFF  D16,D17,D19,D25,D26,D29
15:05:40.830    74037039  FFFFFF63D3FFF  D16,D17,D19,D24,D25,D26,D29
15:05:43.800    74039896  FFFFFF63D7FFF  D17,D19,D24,D25,D26,D29
--- FW IODebug 1.2.2 2026-08-31 LIFT=5 15:05:43 ---
15:06:09.213    74065222  FFFFFF63D3FFF  D16,D17,D19,D24,D25,D26,D29
15:06:12.739    74068715  FFFFFF43D3FFF  D16,D17,D19,D24,D25,D26,D27,D29
15:06:12.740    74068716  FFFFFF4BD3FFF  D16,D17,D19,D24,D26,D27,D29
15:06:12.740    74068718  FFFFFF4FD3FFF  D16,D17,D19,D26,D27,D29
15:06:12.740    74068721  FFFFFF5FD3FFF  D16,D17,D19,D27,D29
--- FW IODebug 1.2.2 2026-08-31 LIFT=5 15:06:14 ---
15:06:15.705    74071651  FFFFFF5FD7FFF  D17,D19,D27,D29
15:06:35.060    74090865  FFFFFF5F97FFF  D17,D19,D20,D27,D29
15:06:35.060    74090867  FFFFFF5FB7FFF  D17,D20,D27,D29
15:06:36.099    74091896  FFFFFF5FB3FFF  D16,D17,D20,D27,D29
15:06:39.467    74095229  FFFFFF5BB3FFF  D16,D17,D20,D24,D27,D29
15:06:39.467    74095232  FFFFFF43B3FFF  D16,D17,D20,D24,D25,D26,D27,D29
15:06:39.467    74095234  FFFFFF63B3FFF  D16,D17,D20,D24,D25,D26,D29
15:06:40.978    74096742  FFFFFF67B3FFF  D16,D17,D20,D25,D26,D29
15:06:42.242    74098009  FFFFFF63B3FFF  D16,D17,D20,D24,D25,D26,D29
15:06:42.242    74098011  FFFFFF6BB3FFF  D16,D17,D20,D24,D26,D29
15:06:43.505    74099244  FFFFFF6FB3FFF  D16,D17,D20,D26,D29
--- FW IODebug 1.2.2 2026-08-31 LIFT=5 15:06:44 ---
15:06:44.787    74100509  FFFFFF6BB3FFF  D16,D17,D20,D24,D26,D29
15:06:44.788    74100511  FFFFFF63B3FFF  D16,D17,D20,D24,D25,D26,D29
15:06:44.788    74100516  FFFFFF73B3FFF  D16,D17,D20,D24,D25,D29
15:06:46.052    74101783  FFFFFF77B3FFF  D16,D17,D20,D25,D29
15:06:47.338    74103050  FFFFFF73B3FFF  D16,D17,D20,D24,D25,D29
15:06:47.338    74103052  FFFFFF7BB3FFF  D16,D17,D20,D24,D29
15:06:48.626    74104324  FFFFFF7FB3FFF  D16,D17,D20,D29
15:06:49.893    74105590  FFFFFF63B3FFF  D16,D17,D20,D24,D25,D26,D29
15:06:49.893    74105592  FFFFFF83B3FFF  D16,D17,D20,D24,D25,D26,D27,D28
15:06:51.186    74106864  FFFFFF87B3FFF  D16,D17,D20,D25,D26,D27,D28
15:06:52.699    74108368  FFFFFF83B3FFF  D16,D17,D20,D24,D25,D26,D27,D28
15:06:52.700    74108370  FFFFFF8BB3FFF  D16,D17,D20,D24,D26,D27,D28
15:06:55.532    74111185  FFFFFF8BB7FFF  D17,D20,D24,D26,D27,D28
--- FW IODebug 1.2.2 2026-08-31 LIFT=5 15:07:14 ---
15:07:16.094    74131591  FFFFFF8BB3FFF  D16,D17,D20,D24,D26,D27,D28
15:07:19.466    74134928  FFFFFF8FB3FFF  D16,D17,D20,D26,D27,D28
15:07:20.974    74136432  FFFFFF83B3FFF  D16,D17,D20,D24,D25,D26,D27,D28
15:07:20.974    74136439  FFFFFF93B3FFF  D16,D17,D20,D24,D25,D27,D28
15:07:22.257    74137706  FFFFFF97B3FFF  D16,D17,D20,D25,D27,D28
15:07:23.527    74138973  FFFFFF93B3FFF  D16,D17,D20,D24,D25,D27,D28
15:07:23.527    74138975  FFFFFF9BB3FFF  D16,D17,D20,D24,D27,D28
15:07:24.827    74140247  FFFFFF9FB3FFF  D16,D17,D20,D27,D28
15:07:26.106    74141513  FFFFFF83B3FFF  D16,D17,D20,D24,D25,D26,D27,D28
15:07:26.106    74141516  FFFFFFA3B3FFF  D16,D17,D20,D24,D25,D26,D28
15:07:27.618    74143026  FFFFFFA7B3FFF  D16,D17,D20,D25,D26,D28
15:07:30.449    74145838  FFFFFFA7B7FFF  D17,D20,D25,D26,D28
--- FW IODebug 1.2.2 2026-08-31 LIFT=5 15:07:44 ---
15:07:47.011    74162274  FFFFFFA7B3FFF  D16,D17,D20,D25,D26,D28
15:07:50.371    74165607  FFFFFFA3B3FFF  D16,D17,D20,D24,D25,D26,D28
15:07:50.372    74165609  FFFFFFABB3FFF  D16,D17,D20,D24,D26,D28
15:07:51.901    74167119  FFFFFFAFB3FFF  D16,D17,D20,D26,D28
15:07:53.169    74168385  FFFFFFABB3FFF  D16,D17,D20,D24,D26,D28
15:07:53.170    74168387  FFFFFFA3B3FFF  D16,D17,D20,D24,D25,D26,D28
15:07:53.170    74168389  FFFFFFB3B3FFF  D16,D17,D20,D24,D25,D28
15:07:54.452    74169660  FFFFFFB7B3FFF  D16,D17,D20,D25,D28
15:07:55.707    74170887  FFFFFFB3B3FFF  D16,D17,D20,D24,D25,D28
15:07:55.707    74170889  FFFFFFBBB3FFF  D16,D17,D20,D24,D28
15:07:56.975    74172161  FFFFFFBFB3FFF  D16,D17,D20,D28
15:07:58.259    74173426  FFFFFFBBB3FFF  D16,D17,D20,D24,D28
15:07:58.259    74173428  FFFFFFC3B3FFF  D16,D17,D20,D24,D25,D26,D27
15:07:59.537    74174701  FFFFFFC7B3FFF  D16,D17,D20,D25,D26,D27
15:08:00.820    74175967  FFFFFFC3B3FFF  D16,D17,D20,D24,D25,D26,D27
15:08:00.820    74175969  FFFFFFCBB3FFF  D16,D17,D20,D24,D26,D27
15:08:02.094    74177242  FFFFFFCFB3FFF  D16,D17,D20,D26,D27
15:08:03.776    74178905  FFFFFFCBB3FFF  D16,D17,D20,D24,D26,D27
15:08:03.776    74178907  FFFFFFC3B3FFF  D16,D17,D20,D24,D25,D26,D27
15:08:03.777    74178912  FFFFFFD3B3FFF  D16,D17,D20,D24,D25,D27
15:08:05.847    74180973  FFFFFFD7B3FFF  D16,D17,D20,D25,D27
15:08:09.077    74184182  FFFFFFD7B7FFF  D17,D20,D25,D27
--- FW IODebug 1.2.2 2026-08-31 LIFT=5 15:08:14 ---
15:08:24.650    74199625  FFFFFFD7B3FFF  D16,D17,D20,D25,D27
15:08:28.933    74203872  FFFFFFD3B3FFF  D16,D17,D20,D24,D25,D27
15:08:28.933    74203874  FFFFFFDBB3FFF  D16,D17,D20,D24,D27
15:08:30.969    74205900  FFFFFFDFB3FFF  D16,D17,D20,D27
15:08:32.325    74207246  FFFFFFCBB3FFF  D16,D17,D20,D24,D26,D27
15:08:32.325    74207248  FFFFFFC3B3FFF  D16,D17,D20,D24,D25,D26,D27
15:08:32.325    74207250  FFFFFFE3B3FFF  D16,D17,D20,D24,D25,D26
15:08:33.777    74208679  FFFFFFE7B3FFF  D16,D17,D20,D25,D26
15:08:35.181    74210064  FFFFFFE3B3FFF  D16,D17,D20,D24,D25,D26
15:08:35.181    74210066  FFFFFFEBB3FFF  D16,D17,D20,D24,D26
15:08:36.847    74211735  FFFFFFEFB3FFF  D16,D17,D20,D26
15:08:38.896    74213756  FFFFFFE3B3FFF  D16,D17,D20,D24,D25,D26
15:08:38.896    74213763  FFFFFFF3B3FFF  D16,D17,D20,D24,D25
15:08:41.148    74215983  FFFFFFF7B3FFF  D16,D17,D20,D25
15:08:45.189    74219550  FFFFFFF7B7FFF  D17,D20,D25
--- FW IODebug 1.2.2 2026-08-31 LIFT=5 15:08:45 ---
15:08:59.539    74234081  FFFFFFF7F7FFF  D17,D25
15:08:59.540    74234237  FFFFFFF7D7FFF  D17,D19,D25
15:09:00.461    74235152  FFFFFFF7D3FFF  D16,D17,D19,D25
15:09:04.540    74239200  FFFFFFF3D3FFF  D16,D17,D19,D24,D25
15:09:06.816    74241463  FFFFFFE3D3FFF  D16,D17,D19,D24,D25,D26
15:09:06.816    74241465  FFFFFFEBD3FFF  D16,D17,D19,D24,D26
15:09:06.816    74241467  FFFFFFEFD3FFF  D16,D17,D19,D26
15:09:08.814    74243446  FFFFFFEBD3FFF  D16,D17,D19,D24,D26
15:09:10.499    74245114  FFFFFFE3D3FFF  D16,D17,D19,D24,D25,D26
15:09:10.499    74245118  FFFFFFE7D3FFF  D16,D17,D19,D25,D26
15:09:11.885    74246503  FFFFFFE3D3FFF  D16,D17,D19,D24,D25,D26
15:09:13.319    74247932  FFFFFFC3D3FFF  D16,D17,D19,D24,D25,D26,D27
15:09:13.319    74247934  FFFFFFCBD3FFF  D16,D17,D19,D24,D26,D27
15:09:13.319    74247937  FFFFFFCFD3FFF  D16,D17,D19,D26,D27
15:09:13.319    74247940  FFFFFFDFD3FFF  D16,D17,D19,D27
15:09:14.681    74249282  FFFFFFDBD3FFF  D16,D17,D19,D24,D27
--- FW IODebug 1.2.2 2026-08-31 LIFT=5 15:09:15 ---
15:09:16.728    74251307  FFFFFFD3D3FFF  D16,D17,D19,D24,D25,D27
15:09:16.728    74251311  FFFFFFD7D3FFF  D16,D17,D19,D25,D27
15:09:19.007    74253569  FFFFFFD3D3FFF  D16,D17,D19,D24,D25,D27
15:09:20.973    74255514  FFFFFFC3D3FFF  D16,D17,D19,D24,D25,D26,D27
15:09:20.974    74255516  FFFFFFCBD3FFF  D16,D17,D19,D24,D26,D27
15:09:20.974    74255518  FFFFFFCFD3FFF  D16,D17,D19,D26,D27
15:09:22.659    74257180  FFFFFFCBD3FFF  D16,D17,D19,D24,D26,D27
15:09:23.930    74258452  FFFFFFC3D3FFF  D16,D17,D19,D24,D25,D26,D27
15:09:23.930    74258455  FFFFFFC7D3FFF  D16,D17,D19,D25,D26,D27
15:09:25.209    74259721  FFFFFFC3D3FFF  D16,D17,D19,D24,D25,D26,D27
15:09:26.494    74260993  FFFFFF8BD3FFF  D16,D17,D19,D24,D26,D27,D28
15:09:26.494    74260995  FFFFFFABD3FFF  D16,D17,D19,D24,D26,D28
15:09:26.494    74260997  FFFFFFAFD3FFF  D16,D17,D19,D26,D28
15:09:26.494    74260999  FFFFFFBFD3FFF  D16,D17,D19,D28
15:09:27.759    74262262  FFFFFFBBD3FFF  D16,D17,D19,D24,D28
15:09:29.049    74263532  FFFFFFB3D3FFF  D16,D17,D19,D24,D25,D28
15:09:29.049    74263536  FFFFFFB7D3FFF  D16,D17,D19,D25,D28
15:09:30.322    74264802  FFFFFFB3D3FFF  D16,D17,D19,D24,D25,D28
15:09:31.616    74266073  FFFFFFA3D3FFF  D16,D17,D19,D24,D25,D26,D28
15:09:31.617    74266075  FFFFFFABD3FFF  D16,D17,D19,D24,D26,D28
15:09:31.617    74266077  FFFFFFAFD3FFF  D16,D17,D19,D26,D28
15:09:32.893    74267342  FFFFFFABD3FFF  D16,D17,D19,D24,D26,D28
15:09:34.162    74268613  FFFFFFA3D3FFF  D16,D17,D19,D24,D25,D26,D28
15:09:34.162    74268617  FFFFFFA7D3FFF  D16,D17,D19,D25,D26,D28
15:09:35.409    74269843  FFFFFFA3D3FFF  D16,D17,D19,D24,D25,D26,D28
15:09:36.699    74271114  FFFFFF8BD3FFF  D16,D17,D19,D24,D26,D27,D28
15:09:36.699    74271118  FFFFFF8FD3FFF  D16,D17,D19,D26,D27,D28
15:09:36.699    74271121  FFFFFF9FD3FFF  D16,D17,D19,D27,D28
15:09:38.000    74272423  FFFFFF9BD3FFF  D16,D17,D19,D24,D27,D28
15:09:39.247    74273654  FFFFFF93D3FFF  D16,D17,D19,D24,D25,D27,D28
15:09:39.247    74273658  FFFFFF97D3FFF  D16,D17,D19,D25,D27,D28
15:09:40.525    74274924  FFFFFF93D3FFF  D16,D17,D19,D24,D25,D27,D28
15:09:41.862    74276235  FFFFFF83D3FFF  D16,D17,D19,D24,D25,D26,D27,D28
15:09:41.863    74276236  FFFFFF8BD3FFF  D16,D17,D19,D24,D26,D27,D28
15:09:41.864    74276238  FFFFFF8FD3FFF  D16,D17,D19,D26,D27,D28
15:09:43.369    74277742  FFFFFF8BD3FFF  D16,D17,D19,D24,D26,D27,D28
--- FW IODebug 1.2.2 2026-08-31 LIFT=5 15:09:45 ---
15:09:46.191    74280559  FFFFFF8BD7FFF  D17,D19,D24,D26,D27,D28
15:10:02.736    74296954  FFFFFF8BD3FFF  D16,D17,D19,D24,D26,D27,D28
15:10:06.062    74300250  FFFFFF83D3FFF  D16,D17,D19,D24,D25,D26,D27,D28
15:10:06.063    74300253  FFFFFF87D3FFF  D16,D17,D19,D25,D26,D27,D28
15:10:07.570    74301757  FFFFFF83D3FFF  D16,D17,D19,D24,D25,D26,D27,D28
15:10:08.853    74303028  FFFFFF03D3FFF  D16,D17,D19,D24,D25,D26,D27,D28,D29
15:10:08.854    74303030  FFFFFF4BD3FFF  D16,D17,D19,D24,D26,D27,D29
15:10:08.854    74303032  FFFFFF6FD3FFF  D16,D17,D19,D26,D29
15:10:08.854    74303034  FFFFFF7FD3FFF  D16,D17,D19,D29
15:10:10.143    74304297  FFFFFF7BD3FFF  D16,D17,D19,D24,D29
15:10:11.405    74305568  FFFFFF73D3FFF  D16,D17,D19,D24,D25,D29
15:10:11.405    74305571  FFFFFF77D3FFF  D16,D17,D19,D25,D29
15:10:12.689    74306838  FFFFFF73D3FFF  D16,D17,D19,D24,D25,D29
15:10:13.970    74308109  FFFFFF63D3FFF  D16,D17,D19,D24,D25,D26,D29
15:10:13.971    74308111  FFFFFF6BD3FFF  D16,D17,D19,D24,D26,D29
15:10:13.971    74308113  FFFFFF6FD3FFF  D16,D17,D19,D26,D29
15:10:15.250    74309379  FFFFFF6BD3FFF  D16,D17,D19,D24,D26,D29
--- FW IODebug 1.2.2 2026-08-31 LIFT=5 15:10:15 ---
15:10:16.536    74310649  FFFFFF63D3FFF  D16,D17,D19,D24,D25,D26,D29
15:10:16.536    74310652  FFFFFF67D3FFF  D16,D17,D19,D25,D26,D29
15:10:18.038    74312157  FFFFFF63D3FFF  D16,D17,D19,D24,D25,D26,D29
15:10:20.871    74314974  FFFFFF63D7FFF  D17,D19,D24,D25,D26,D29
15:10:35.696    74329664  FFFFFF6397FFF  D17,D19,D20,D24,D25,D26,D29
15:10:35.697    74329666  FFFFFF63B7FFF  D17,D20,D24,D25,D26,D29
15:10:36.663    74330615  FFFFFF63B3FFF  D16,D17,D20,D24,D25,D26,D29
15:10:40.010    74333953  FFFFFF67B3FFF  D16,D17,D20,D25,D26,D29
15:10:41.493    74335418  FFFFFF63B3FFF  D16,D17,D20,D24,D25,D26,D29
15:10:41.494    74335420  FFFFFF6BB3FFF  D16,D17,D20,D24,D26,D29
15:10:42.765    74336692  FFFFFF6FB3FFF  D16,D17,D20,D26,D29
15:10:44.043    74337958  FFFFFF63B3FFF  D16,D17,D20,D24,D25,D26,D29
15:10:44.043    74337965  FFFFFF73B3FFF  D16,D17,D20,D24,D25,D29
15:10:45.324    74339231  FFFFFF77B3FFF  D16,D17,D20,D25,D29
--- FW IODebug 1.2.2 2026-08-31 LIFT=5 15:10:46 ---
15:10:46.605    74340499  FFFFFF73B3FFF  D16,D17,D20,D24,D25,D29
15:10:46.605    74340500  FFFFFF7BB3FFF  D16,D17,D20,D24,D29
15:10:47.887    74341772  FFFFFF7FB3FFF  D16,D17,D20,D29
15:10:49.175    74343038  FFFFFF7BB3FFF  D16,D17,D20,D24,D29
15:10:49.176    74343041  FFFFFF83B3FFF  D16,D17,D20,D24,D25,D26,D27,D28
15:10:50.447    74344313  FFFFFF87B3FFF  D16,D17,D20,D25,D26,D27,D28
15:10:51.718    74345579  FFFFFF83B3FFF  D16,D17,D20,D24,D25,D26,D27,D28
15:10:51.718    74345581  FFFFFF8BB3FFF  D16,D17,D20,D24,D26,D27,D28
15:10:53.006    74346853  FFFFFF8FB3FFF  D16,D17,D20,D26,D27,D28
15:10:54.299    74348120  FFFFFF8BB3FFF  D16,D17,D20,D24,D26,D27,D28
15:10:54.300    74348122  FFFFFF83B3FFF  D16,D17,D20,D24,D25,D26,D27,D28
15:10:54.300    74348126  FFFFFF93B3FFF  D16,D17,D20,D24,D25,D27,D28
15:10:55.574    74349393  FFFFFF97B3FFF  D16,D17,D20,D25,D27,D28
15:10:56.838    74350660  FFFFFF93B3FFF  D16,D17,D20,D24,D25,D27,D28
15:10:56.839    74350662  FFFFFF9BB3FFF  D16,D17,D20,D24,D27,D28
15:10:58.126    74351934  FFFFFF9FB3FFF  D16,D17,D20,D27,D28
15:10:59.412    74353201  FFFFFF8BB3FFF  D16,D17,D20,D24,D26,D27,D28
15:10:59.412    74353202  FFFFFF83B3FFF  D16,D17,D20,D24,D25,D26,D27,D28
15:10:59.412    74353204  FFFFFFA3B3FFF  D16,D17,D20,D24,D25,D26,D28
15:11:00.685    74354475  FFFFFFA7B3FFF  D16,D17,D20,D25,D26,D28
15:11:01.976    74355740  FFFFFFA3B3FFF  D16,D17,D20,D24,D25,D26,D28
15:11:01.977    74355742  FFFFFFABB3FFF  D16,D17,D20,D24,D26,D28
15:11:03.255    74357015  FFFFFFAFB3FFF  D16,D17,D20,D26,D28
15:11:04.524    74358281  FFFFFFABB3FFF  D16,D17,D20,D24,D26,D28
15:11:04.524    74358283  FFFFFFA3B3FFF  D16,D17,D20,D24,D25,D26,D28
15:11:04.524    74358285  FFFFFFB3B3FFF  D16,D17,D20,D24,D25,D28
15:11:05.801    74359556  FFFFFFB7B3FFF  D16,D17,D20,D25,D28
15:11:07.096    74360821  FFFFFFB3B3FFF  D16,D17,D20,D24,D25,D28
15:11:07.096    74360823  FFFFFFBBB3FFF  D16,D17,D20,D24,D28
15:11:08.339    74362056  FFFFFFBFB3FFF  D16,D17,D20,D28
15:11:09.589    74363322  FFFFFFBBB3FFF  D16,D17,D20,D24,D28
15:11:09.589    74363324  FFFFFFC3B3FFF  D16,D17,D20,D24,D25,D26,D27
15:11:10.890    74364597  FFFFFFC7B3FFF  D16,D17,D20,D25,D26,D27
15:11:12.170    74365862  FFFFFFC3B3FFF  D16,D17,D20,D24,D25,D26,D27
15:11:12.170    74365864  FFFFFFCBB3FFF  D16,D17,D20,D24,D26,D27
15:11:13.429    74367136  FFFFFFCFB3FFF  D16,D17,D20,D26,D27
15:11:15.118    74368800  FFFFFFCBB3FFF  D16,D17,D20,D24,D26,D27
15:11:15.118    74368802  FFFFFFC3B3FFF  D16,D17,D20,D24,D25,D26,D27
15:11:15.118    74368804  FFFFFFD3B3FFF  D16,D17,D20,D24,D25,D27
--- FW IODebug 1.2.2 2026-08-31 LIFT=5 15:11:16 ---
15:11:17.189    74370868  FFFFFFD7B3FFF  D16,D17,D20,D25,D27
15:11:20.449    74374078  FFFFFFD7B7FFF  D17,D20,D25,D27
15:11:36.993    74390513  FFFFFFD7B3FFF  D16,D17,D20,D25,D27
15:11:41.272    74394760  FFFFFFD3B3FFF  D16,D17,D20,D24,D25,D27
15:11:41.272    74394762  FFFFFFDBB3FFF  D16,D17,D20,D24,D27
15:11:43.326    74396788  FFFFFFDFB3FFF  D16,D17,D20,D27
15:11:44.680    74398134  FFFFFFCFB3FFF  D16,D17,D20,D26,D27
15:11:44.680    74398135  FFFFFFC3B3FFF  D16,D17,D20,D24,D25,D26,D27
15:11:44.680    74398137  FFFFFFE3B3FFF  D16,D17,D20,D24,D25,D26
15:11:46.566    74399566  FFFFFFE7B3FFF  D16,D17,D20,D25,D26
--- FW IODebug 1.2.2 2026-08-31 LIFT=5 15:11:46 ---
15:11:47.529    74400952  FFFFFFE3B3FFF  D16,D17,D20,D24,D25,D26
15:11:47.530    74400954  FFFFFFEBB3FFF  D16,D17,D20,D24,D26
15:11:49.195    74402623  FFFFFFEFB3FFF  D16,D17,D20,D26
15:11:51.256    74404643  FFFFFFEBB3FFF  D16,D17,D20,D24,D26
15:11:51.256    74404645  FFFFFFE3B3FFF  D16,D17,D20,D24,D25,D26
15:11:51.256    74404647  FFFFFFF3B3FFF  D16,D17,D20,D24,D25
15:11:53.607    74406871  FFFFFFF7B3FFF  D16,D17,D20,D25
15:11:53.608    74406985  FFFFFFF793FFF  D16,D17,D19,D20,D25
15:11:53.608    74406987  FFFFFFF7D3FFF  D16,D17,D19,D25
15:11:57.065    74410437  FFFFFFF7D7FFF  D17,D19,D25
15:12:09.878    74423141  FFFFFFF7D3FFF  D16,D17,D19,D25
15:12:13.966    74427190  FFFFFFF3D3FFF  D16,D17,D19,D24,D25
15:12:16.239    74429453  FFFFFFE3D3FFF  D16,D17,D19,D24,D25,D26
15:12:16.239    74429455  FFFFFFEBD3FFF  D16,D17,D19,D24,D26
15:12:16.240    74429457  FFFFFFEFD3FFF  D16,D17,D19,D26
--- FW IODebug 1.2.2 2026-08-31 LIFT=5 15:12:16 ---
15:12:18.236    74431436  FFFFFFEBD3FFF  D16,D17,D19,D24,D26
15:12:19.929    74433104  FFFFFFE3D3FFF  D16,D17,D19,D24,D25,D26
15:12:19.929    74433108  FFFFFFE7D3FFF  D16,D17,D19,D25,D26
15:12:21.312    74434493  FFFFFFE3D3FFF  D16,D17,D19,D24,D25,D26
15:12:22.764    74435922  FFFFFFC3D3FFF  D16,D17,D19,D24,D25,D26,D27
15:12:22.764    74435924  FFFFFFCBD3FFF  D16,D17,D19,D24,D26,D27
15:12:22.764    74435927  FFFFFFCFD3FFF  D16,D17,D19,D26,D27
15:12:22.764    74435929  FFFFFFDFD3FFF  D16,D17,D19,D27
15:12:24.125    74437271  FFFFFFDBD3FFF  D16,D17,D19,D24,D27
15:12:26.160    74439297  FFFFFFD3D3FFF  D16,D17,D19,D24,D25,D27
15:12:26.160    74439301  FFFFFFD7D3FFF  D16,D17,D19,D25,D27
15:12:28.432    74441559  FFFFFFD3D3FFF  D16,D17,D19,D24,D25,D27
15:12:30.395    74443505  FFFFFFCBD3FFF  D16,D17,D19,D24,D26,D27
15:12:30.395    74443508  FFFFFFCFD3FFF  D16,D17,D19,D26,D27
15:12:32.089    74445170  FFFFFFCBD3FFF  D16,D17,D19,D24,D26,D27
15:12:33.371    74446441  FFFFFFC3D3FFF  D16,D17,D19,D24,D25,D26,D27
15:12:33.371    74446445  FFFFFFC7D3FFF  D16,D17,D19,D25,D26,D27
15:12:34.638    74447711  FFFFFFC3D3FFF  D16,D17,D19,D24,D25,D26,D27
15:12:35.924    74448983  FFFFFF8BD3FFF  D16,D17,D19,D24,D26,D27,D28
15:12:35.924    74448985  FFFFFFABD3FFF  D16,D17,D19,D24,D26,D28
15:12:35.924    74448987  FFFFFFAFD3FFF  D16,D17,D19,D26,D28
15:12:35.924    74448989  FFFFFFBFD3FFF  D16,D17,D19,D28
15:12:37.186    74450251  FFFFFFBBD3FFF  D16,D17,D19,D24,D28
15:12:38.480    74451522  FFFFFFB3D3FFF  D16,D17,D19,D24,D25,D28
15:12:38.480    74451526  FFFFFFB7D3FFF  D16,D17,D19,D25,D28
15:12:39.747    74452793  FFFFFFB3D3FFF  D16,D17,D19,D24,D25,D28
15:12:41.029    74454063  FFFFFFA3D3FFF  D16,D17,D19,D24,D25,D26,D28
15:12:41.030    74454065  FFFFFFABD3FFF  D16,D17,D19,D24,D26,D28
15:12:41.030    74454067  FFFFFFAFD3FFF  D16,D17,D19,D26,D28
15:12:42.325    74455332  FFFFFFABD3FFF  D16,D17,D19,D24,D26,D28
15:12:43.851    74456842  FFFFFFA3D3FFF  D16,D17,D19,D24,D25,D26,D28
15:12:43.851    74456845  FFFFFFA7D3FFF  D16,D17,D19,D25,D26,D28
15:12:47.016    74459698  FFFFFFA7D7FFF  D17,D19,D25,D26,D28
--- FW IODebug 1.2.2 2026-08-31 LIFT=5 15:12:47 ---
15:13:01.430    74474308  FFFFFFA7F7FFF  D17,D25,D26,D28
--- FW IODebug 1.2.2 2026-08-31 LIFT=5 15:13:17 ---
15:13:21.585    74494313  FFFFFFA7B7FFF  D17,D20,D25,D26,D28
15:13:22.510    74495225  FFFFFFA7B3FFF  D16,D17,D20,D25,D26,D28
15:13:25.875    74498560  FFFFFFA3B3FFF  D16,D17,D20,D24,D25,D26,D28
15:13:25.876    74498561  FFFFFFABB3FFF  D16,D17,D20,D24,D26,D28
15:13:27.392    74500072  FFFFFFAFB3FFF  D16,D17,D20,D26,D28
15:13:28.669    74501338  FFFFFFABB3FFF  D16,D17,D20,D24,D26,D28
15:13:28.669    74501340  FFFFFFA3B3FFF  D16,D17,D20,D24,D25,D26,D28
15:13:28.669    74501345  FFFFFFB3B3FFF  D16,D17,D20,D24,D25,D28
15:13:29.961    74502612  FFFFFFB7B3FFF  D16,D17,D20,D25,D28
15:13:31.229    74503878  FFFFFFB3B3FFF  D16,D17,D20,D24,D25,D28
15:13:31.230    74503880  FFFFFFBBB3FFF  D16,D17,D20,D24,D28
15:13:32.521    74505152  FFFFFFBFB3FFF  D16,D17,D20,D28
15:13:33.799    74506418  FFFFFFBBB3FFF  D16,D17,D20,D24,D28
15:13:33.799    74506420  FFFFFFC3B3FFF  D16,D17,D20,D24,D25,D26,D27
15:13:35.067    74507693  FFFFFFC7B3FFF  D16,D17,D20,D25,D26,D27
15:13:36.364    74508959  FFFFFFC3B3FFF  D16,D17,D20,D24,D25,D26,D27
15:13:36.365    74508960  FFFFFFCBB3FFF  D16,D17,D20,D24,D26,D27
15:13:37.595    74510193  FFFFFFCFB3FFF  D16,D17,D20,D26,D27
15:13:39.298    74511856  FFFFFFCBB3FFF  D16,D17,D20,D24,D26,D27
15:13:39.299    74511858  FFFFFFC3B3FFF  D16,D17,D20,D24,D25,D26,D27
15:13:39.299    74511863  FFFFFFD3B3FFF  D16,D17,D20,D24,D25,D27
15:13:41.267    74513846  FFFFFFD7B3FFF  D16,D17,D20,D25,D27
15:13:43.556    74516104  FFFFFFD3B3FFF  D16,D17,D20,D24,D25,D27
15:13:43.557    74516106  FFFFFFDBB3FFF  D16,D17,D20,D24,D27
15:13:45.558    74518092  FFFFFFDFB3FFF  D16,D17,D20,D27
15:13:46.948    74519478  FFFFFFDBB3FFF  D16,D17,D20,D24,D27
15:13:46.949    74519480  FFFFFFC3B3FFF  D16,D17,D20,D24,D25,D26,D27
15:13:46.949    74519481  FFFFFFE3B3FFF  D16,D17,D20,D24,D25,D26
--- FW IODebug 1.2.2 2026-08-31 LIFT=5 15:13:47 ---
15:13:48.355    74520870  FFFFFFE7B3FFF  D16,D17,D20,D25,D26
15:13:49.742    74522256  FFFFFFE3B3FFF  D16,D17,D20,D24,D25,D26
15:13:49.742    74522258  FFFFFFEBB3FFF  D16,D17,D20,D24,D26
15:13:51.432    74523928  FFFFFFEFB3FFF  D16,D17,D20,D26
15:13:53.482    74525947  FFFFFFEBB3FFF  D16,D17,D20,D24,D26
15:13:53.482    74525949  FFFFFFE3B3FFF  D16,D17,D20,D24,D25,D26
15:13:53.482    74525955  FFFFFFF3B3FFF  D16,D17,D20,D24,D25
15:13:55.834    74528175  FFFFFFF7B3FFF  D16,D17,D20,D25
15:13:55.834    74528290  FFFFFFF793FFF  D16,D17,D19,D20,D25
15:13:55.834    74528291  FFFFFFF7D3FFF  D16,D17,D19,D25
15:13:59.267    74531702  FFFFFFF7D7FFF  D17,D19,D25
15:14:15.879    74548176  FFFFFFF7D3FFF  D16,D17,D19,D25
--- FW IODebug 1.2.2 2026-08-31 LIFT=5 15:14:17 ---
15:14:19.939    74552224  FFFFFFF3D3FFF  D16,D17,D19,D24,D25
15:14:22.241    74554488  FFFFFFE3D3FFF  D16,D17,D19,D24,D25,D26
15:14:22.241    74554490  FFFFFFEBD3FFF  D16,D17,D19,D24,D26
15:14:22.241    74554491  FFFFFFEFD3FFF  D16,D17,D19,D26
15:14:24.225    74556472  FFFFFFEBD3FFF  D16,D17,D19,D24,D26
15:14:25.907    74558140  FFFFFFE3D3FFF  D16,D17,D19,D24,D25,D26
15:14:25.907    74558143  FFFFFFE7D3FFF  D16,D17,D19,D25,D26
15:14:27.325    74559528  FFFFFFE3D3FFF  D16,D17,D19,D24,D25,D26
15:14:28.749    74560958  FFFFFFC3D3FFF  D16,D17,D19,D24,D25,D26,D27
15:14:28.749    74560960  FFFFFFCBD3FFF  D16,D17,D19,D24,D26,D27
15:14:28.749    74560962  FFFFFFCFD3FFF  D16,D17,D19,D26,D27
15:14:28.749    74560965  FFFFFFDFD3FFF  D16,D17,D19,D27
15:14:30.114    74562308  FFFFFFDBD3FFF  D16,D17,D19,D24,D27
15:14:32.201    74564372  FFFFFFD3D3FFF  D16,D17,D19,D24,D25,D27
15:14:32.201    74564376  FFFFFFD7D3FFF  D16,D17,D19,D25,D27
15:14:35.913    74568061  FFFFFFD7D7FFF  D17,D19,D25,D27
--- FW IODebug 1.2.2 2026-08-31 LIFT=5 15:14:47 ---
15:14:51.465    74583504  FFFFFFD7D3FFF  D16,D17,D19,D25,D27
15:14:55.227    74587235  FFFFFFD3D3FFF  D16,D17,D19,D24,D25,D27
15:14:57.326    74589299  FFFFFFC3D3FFF  D16,D17,D19,D24,D25,D26,D27
15:14:57.326    74589301  FFFFFFCBD3FFF  D16,D17,D19,D24,D26,D27
15:14:57.326    74589303  FFFFFFCFD3FFF  D16,D17,D19,D26,D27
15:14:59.001    74590966  FFFFFFCBD3FFF  D16,D17,D19,D24,D26,D27
15:15:00.272    74592237  FFFFFFC3D3FFF  D16,D17,D19,D24,D25,D26,D27
15:15:00.272    74592240  FFFFFFC7D3FFF  D16,D17,D19,D25,D26,D27
15:15:01.549    74593507  FFFFFFC3D3FFF  D16,D17,D19,D24,D25,D26,D27
15:15:02.851    74594778  FFFFFF8BD3FFF  D16,D17,D19,D24,D26,D27,D28
15:15:02.851    74594780  FFFFFFABD3FFF  D16,D17,D19,D24,D26,D28
15:15:02.851    74594782  FFFFFFAFD3FFF  D16,D17,D19,D26,D28
15:15:02.853    74594784  FFFFFFBFD3FFF  D16,D17,D19,D28
15:15:04.101    74596047  FFFFFFBBD3FFF  D16,D17,D19,D24,D28
15:15:05.383    74597318  FFFFFFB3D3FFF  D16,D17,D19,D24,D25,D28
15:15:05.383    74597321  FFFFFFB7D3FFF  D16,D17,D19,D25,D28
15:15:06.668    74598587  FFFFFFB3D3FFF  D16,D17,D19,D24,D25,D28
15:15:07.915    74599818  FFFFFFA3D3FFF  D16,D17,D19,D24,D25,D26,D28
15:15:07.915    74599820  FFFFFFABD3FFF  D16,D17,D19,D24,D26,D28
15:15:07.915    74599822  FFFFFFAFD3FFF  D16,D17,D19,D26,D28
15:15:09.228    74601127  FFFFFFABD3FFF  D16,D17,D19,D24,D26,D28
15:15:10.462    74602359  FFFFFFA3D3FFF  D16,D17,D19,D24,D25,D26,D28
15:15:10.462    74602362  FFFFFFA7D3FFF  D16,D17,D19,D25,D26,D28
15:15:11.744    74603628  FFFFFFA3D3FFF  D16,D17,D19,D24,D25,D26,D28
15:15:13.041    74604899  FFFFFF83D3FFF  D16,D17,D19,D24,D25,D26,D27,D28
15:15:13.042    74604901  FFFFFF8BD3FFF  D16,D17,D19,D24,D26,D27,D28
15:15:13.042    74604903  FFFFFF8FD3FFF  D16,D17,D19,D26,D27,D28
15:15:13.042    74604906  FFFFFF9FD3FFF  D16,D17,D19,D27,D28
15:15:14.300    74606169  FFFFFF9BD3FFF  D16,D17,D19,D24,D27,D28
15:15:15.579    74607439  FFFFFF93D3FFF  D16,D17,D19,D24,D25,D27,D28
15:15:15.579    74607443  FFFFFF97D3FFF  D16,D17,D19,D25,D27,D28
15:15:16.865    74608709  FFFFFF93D3FFF  D16,D17,D19,D24,D25,D27,D28
15:15:18.169    74609980  FFFFFF83D3FFF  D16,D17,D19,D24,D25,D26,D27,D28
15:15:18.169    74609981  FFFFFF8BD3FFF  D16,D17,D19,D24,D26,D27,D28
15:15:18.169    74609984  FFFFFF8FD3FFF  D16,D17,D19,D26,D27,D28
--- FW IODebug 1.2.2 2026-08-31 LIFT=5 15:15:18 ---
15:15:19.428    74611250  FFFFFF8BD3FFF  D16,D17,D19,D24,D26,D27,D28
15:15:20.710    74612519  FFFFFF83D3FFF  D16,D17,D19,D24,D25,D26,D27,D28
15:15:20.710    74612525  FFFFFF87D3FFF  D16,D17,D19,D25,D26,D27,D28
15:15:22.000    74613790  FFFFFF83D3FFF  D16,D17,D19,D24,D25,D26,D27,D28
15:15:23.278    74615061  FFFFFF03D3FFF  D16,D17,D19,D24,D25,D26,D27,D28,D29
15:15:23.278    74615062  FFFFFF4BD3FFF  D16,D17,D19,D24,D26,D27,D29
15:15:23.278    74615064  FFFFFF6FD3FFF  D16,D17,D19,D26,D29
15:15:23.278    74615067  FFFFFF7FD3FFF  D16,D17,D19,D29
15:15:24.536    74616331  FFFFFF7BD3FFF  D16,D17,D19,D24,D29
15:15:25.822    74617602  FFFFFF73D3FFF  D16,D17,D19,D24,D25,D29
15:15:25.822    74617605  FFFFFF77D3FFF  D16,D17,D19,D25,D29
15:15:27.101    74618870  FFFFFF73D3FFF  D16,D17,D19,D24,D25,D29
15:15:28.385    74620142  FFFFFF6BD3FFF  D16,D17,D19,D24,D26,D29
15:15:28.386    74620145  FFFFFF6FD3FFF  D16,D17,D19,D26,D29
15:15:29.664    74621412  FFFFFF6BD3FFF  D16,D17,D19,D24,D26,D29
15:15:30.950    74622683  FFFFFF63D3FFF  D16,D17,D19,D24,D25,D26,D29
15:15:30.950    74622686  FFFFFF67D3FFF  D16,D17,D19,D25,D26,D29
15:15:32.454    74624190  FFFFFF63D3FFF  D16,D17,D19,D24,D25,D26,D29
15:15:35.337    74627046  FFFFFF63D7FFF  D17,D19,D24,D25,D26,D29
--- FW IODebug 1.2.2 2026-08-31 LIFT=5 15:15:48 ---
15:15:51.874    74643442  FFFFFF63D3FFF  D16,D17,D19,D24,D25,D26,D29
15:15:55.387    74646935  FFFFFF43D3FFF  D16,D17,D19,D24,D25,D26,D27,D29
15:15:55.387    74646937  FFFFFF4BD3FFF  D16,D17,D19,D24,D26,D27,D29
15:15:55.387    74646939  FFFFFF4FD3FFF  D16,D17,D19,D26,D27,D29
15:15:55.387    74646941  FFFFFF5FD3FFF  D16,D17,D19,D27,D29
15:15:58.351    74649870  FFFFFF5FD7FFF  D17,D19,D27,D29
15:16:13.103    74664520  FFFFFF5F97FFF  D17,D19,D20,D27,D29
15:16:13.104    74664522  FFFFFF5FB7FFF  D17,D20,D27,D29
15:16:14.067    74665473  FFFFFF5FB3FFF  D16,D17,D20,D27,D29
15:16:17.438    74668806  FFFFFF5BB3FFF  D16,D17,D20,D24,D27,D29
15:16:17.438    74668808  FFFFFF43B3FFF  D16,D17,D20,D24,D25,D26,D27,D29
15:16:17.439    74668810  FFFFFF63B3FFF  D16,D17,D20,D24,D25,D26,D29
--- FW IODebug 1.2.2 2026-08-31 LIFT=5 15:16:18 ---
15:16:18.958    74670318  FFFFFF67B3FFF  D16,D17,D20,D25,D26,D29
15:16:20.214    74671585  FFFFFF63B3FFF  D16,D17,D20,D24,D25,D26,D29
15:16:20.214    74671586  FFFFFF6BB3FFF  D16,D17,D20,D24,D26,D29
15:16:21.517    74672859  FFFFFF6FB3FFF  D16,D17,D20,D26,D29
15:16:22.768    74674084  FFFFFF6BB3FFF  D16,D17,D20,D24,D26,D29
15:16:22.768    74674086  FFFFFF63B3FFF  D16,D17,D20,D24,D25,D26,D29
15:16:22.769    74674092  FFFFFF73B3FFF  D16,D17,D20,D24,D25,D29
15:16:24.042    74675359  FFFFFF77B3FFF  D16,D17,D20,D25,D29
15:16:25.311    74676625  FFFFFF73B3FFF  D16,D17,D20,D24,D25,D29
15:16:25.312    74676627  FFFFFF7BB3FFF  D16,D17,D20,D24,D29
15:16:26.587    74677900  FFFFFF7FB3FFF  D16,D17,D20,D29
15:16:27.876    74679165  FFFFFF63B3FFF  D16,D17,D20,D24,D25,D26,D29
15:16:27.876    74679168  FFFFFF83B3FFF  D16,D17,D20,D24,D25,D26,D27,D28
15:16:29.139    74680440  FFFFFF87B3FFF  D16,D17,D20,D25,D26,D27,D28
15:16:30.424    74681706  FFFFFF83B3FFF  D16,D17,D20,D24,D25,D26,D27,D28
15:16:30.424    74681708  FFFFFF8BB3FFF  D16,D17,D20,D24,D26,D27,D28
15:16:31.707    74682981  FFFFFF8FB3FFF  D16,D17,D20,D26,D27,D28
15:16:32.991    74684247  FFFFFF8BB3FFF  D16,D17,D20,D24,D26,D27,D28
15:16:32.991    74684248  FFFFFF83B3FFF  D16,D17,D20,D24,D25,D26,D27,D28
15:16:32.991    74684254  FFFFFF93B3FFF  D16,D17,D20,D24,D25,D27,D28
15:16:34.278    74685520  FFFFFF97B3FFF  D16,D17,D20,D25,D27,D28
15:16:35.543    74686787  FFFFFF93B3FFF  D16,D17,D20,D24,D25,D27,D28
15:16:35.543    74686788  FFFFFF9BB3FFF  D16,D17,D20,D24,D27,D28
15:16:36.834    74688061  FFFFFF9FB3FFF  D16,D17,D20,D27,D28
15:16:38.108    74689327  FFFFFF9BB3FFF  D16,D17,D20,D24,D27,D28
15:16:38.108    74689329  FFFFFF83B3FFF  D16,D17,D20,D24,D25,D26,D27,D28
15:16:38.109    74689331  FFFFFFA3B3FFF  D16,D17,D20,D24,D25,D26,D28
15:16:39.390    74690601  FFFFFFA7B3FFF  D16,D17,D20,D25,D26,D28
15:16:40.663    74691868  FFFFFFA3B3FFF  D16,D17,D20,D24,D25,D26,D28
15:16:40.663    74691870  FFFFFFABB3FFF  D16,D17,D20,D24,D26,D28
15:16:41.947    74693142  FFFFFFAFB3FFF  D16,D17,D20,D26,D28
15:16:43.230    74694408  FFFFFFABB3FFF  D16,D17,D20,D24,D26,D28
15:16:43.230    74694410  FFFFFFA3B3FFF  D16,D17,D20,D24,D25,D26,D28
15:16:43.230    74694415  FFFFFFB3B3FFF  D16,D17,D20,D24,D25,D28
15:16:44.495    74695683  FFFFFFB7B3FFF  D16,D17,D20,D25,D28
15:16:45.780    74696948  FFFFFFB3B3FFF  D16,D17,D20,D24,D25,D28
15:16:45.780    74696950  FFFFFFBBB3FFF  D16,D17,D20,D24,D28
15:16:47.067    74698223  FFFFFFBFB3FFF  D16,D17,D20,D28
15:16:48.350    74699489  FFFFFFA3B3FFF  D16,D17,D20,D24,D25,D26,D28
15:16:48.350    74699491  FFFFFFC3B3FFF  D16,D17,D20,D24,D25,D26,D27
--- FW IODebug 1.2.2 2026-08-31 LIFT=5 15:16:48 ---
15:16:49.614    74700764  FFFFFFC7B3FFF  D16,D17,D20,D25,D26,D27
15:16:50.913    74702029  FFFFFFC3B3FFF  D16,D17,D20,D24,D25,D26,D27
15:16:50.913    74702031  FFFFFFCBB3FFF  D16,D17,D20,D24,D26,D27
15:16:52.151    74703263  FFFFFFCFB3FFF  D16,D17,D20,D26,D27
15:16:53.832    74704926  FFFFFFCBB3FFF  D16,D17,D20,D24,D26,D27
15:16:53.832    74704928  FFFFFFC3B3FFF  D16,D17,D20,D24,D25,D26,D27
15:16:53.832    74704934  FFFFFFD3B3FFF  D16,D17,D20,D24,D25,D27
15:16:55.896    74706995  FFFFFFD7B3FFF  D16,D17,D20,D25,D27
15:16:59.145    74710205  FFFFFFD7B7FFF  D17,D20,D25,D27
15:17:15.037    74725808  FFFFFFD7F7FFF  D17,D25,D27
15:17:15.037    74725964  FFFFFFD7D7FFF  D17,D19,D25,D27
--- FW IODebug 1.2.2 2026-08-31 LIFT=5 15:17:19 ---
15:17:33.669    74744463  FFFFFFD7D3FFF  D16,D17,D19,D25,D27
15:17:37.413    74748193  FFFFFFD3D3FFF  D16,D17,D19,D24,D25,D27
15:17:39.513    74750258  FFFFFFC3D3FFF  D16,D17,D19,D24,D25,D26,D27
15:17:39.513    74750260  FFFFFFCBD3FFF  D16,D17,D19,D24,D26,D27
15:17:39.514    74750262  FFFFFFCFD3FFF  D16,D17,D19,D26,D27
15:17:41.184    74751925  FFFFFFCBD3FFF  D16,D17,D19,D24,D26,D27
15:17:42.709    74753433  FFFFFFC3D3FFF  D16,D17,D19,D24,D25,D26,D27
15:17:42.709    74753437  FFFFFFC7D3FFF  D16,D17,D19,D25,D26,D27
15:17:45.550    74756249  FFFFFFC7D7FFF  D17,D19,D25,D26,D27
--- FW IODebug 1.2.2 2026-08-31 LIFT=5 15:17:49 ---
15:18:02.071    74772645  FFFFFFC7D3FFF  D16,D17,D19,D25,D26,D27
15:18:05.386    74775939  FFFFFFC3D3FFF  D16,D17,D19,D24,D25,D26,D27
15:18:06.914    74777448  FFFFFF83D3FFF  D16,D17,D19,D24,D25,D26,D27,D28
15:18:06.914    74777450  FFFFFFABD3FFF  D16,D17,D19,D24,D26,D28
15:18:06.914    74777452  FFFFFFAFD3FFF  D16,D17,D19,D26,D28
15:18:06.914    74777454  FFFFFFBFD3FFF  D16,D17,D19,D28
15:18:08.180    74778718  FFFFFFBBD3FFF  D16,D17,D19,D24,D28
15:18:09.467    74779988  FFFFFFB3D3FFF  D16,D17,D19,D24,D25,D28
15:18:09.467    74779992  FFFFFFB7D3FFF  D16,D17,D19,D25,D28
15:18:10.730    74781257  FFFFFFB3D3FFF  D16,D17,D19,D24,D25,D28
15:18:12.011    74782528  FFFFFFA3D3FFF  D16,D17,D19,D24,D25,D26,D28
15:18:12.011    74782530  FFFFFFABD3FFF  D16,D17,D19,D24,D26,D28
15:18:12.011    74782533  FFFFFFAFD3FFF  D16,D17,D19,D26,D28
15:18:13.305    74783799  FFFFFFABD3FFF  D16,D17,D19,D24,D26,D28
15:18:14.878    74785347  FFFFFFA3D3FFF  D16,D17,D19,D24,D25,D26,D28
15:18:14.879    74785350  FFFFFFA7D3FFF  D16,D17,D19,D25,D26,D28
15:18:17.695    74788163  FFFFFFA7D7FFF  D17,D19,D25,D26,D28
--- FW IODebug 1.2.2 2026-08-31 LIFT=5 15:18:19 ---
15:18:37.572    74807894  FFFFFFA7D3FFF  D16,D17,D19,D25,D26,D28
15:18:40.902    74811187  FFFFFFA3D3FFF  D16,D17,D19,D24,D25,D26,D28
15:18:42.440    74812695  FFFFFF83D3FFF  D16,D17,D19,D24,D25,D26,D27,D28
15:18:42.440    74812697  FFFFFF8BD3FFF  D16,D17,D19,D24,D26,D27,D28
15:18:42.441    74812700  FFFFFF8FD3FFF  D16,D17,D19,D26,D27,D28
15:18:42.441    74812702  FFFFFF9FD3FFF  D16,D17,D19,D27,D28
15:18:43.697    74813966  FFFFFF9BD3FFF  D16,D17,D19,D24,D27,D28
15:18:44.981    74815237  FFFFFF93D3FFF  D16,D17,D19,D24,D25,D27,D28
15:18:44.981    74815240  FFFFFF97D3FFF  D16,D17,D19,D25,D27,D28
15:18:46.264    74816505  FFFFFF93D3FFF  D16,D17,D19,D24,D25,D27,D28
15:18:47.531    74817776  FFFFFF83D3FFF  D16,D17,D19,D24,D25,D26,D27,D28
15:18:47.531    74817778  FFFFFF8BD3FFF  D16,D17,D19,D24,D26,D27,D28
15:18:47.531    74817780  FFFFFF8FD3FFF  D16,D17,D19,D26,D27,D28
15:18:48.822    74819046  FFFFFF8BD3FFF  D16,D17,D19,D24,D26,D27,D28
--- FW IODebug 1.2.2 2026-08-31 LIFT=5 15:18:50 ---
15:18:50.107    74820317  FFFFFF83D3FFF  D16,D17,D19,D24,D25,D26,D27,D28
15:18:50.107    74820321  FFFFFF87D3FFF  D16,D17,D19,D25,D26,D27,D28
15:18:51.377    74821587  FFFFFF83D3FFF  D16,D17,D19,D24,D25,D26,D27,D28
15:18:52.653    74822858  FFFFFF0BD3FFF  D16,D17,D19,D24,D26,D27,D28,D29
15:18:52.653    74822860  FFFFFF4BD3FFF  D16,D17,D19,D24,D26,D27,D29
15:18:52.653    74822861  FFFFFF7FD3FFF  D16,D17,D19,D29
15:18:53.945    74824127  FFFFFF7BD3FFF  D16,D17,D19,D24,D29
15:18:55.234    74825398  FFFFFF73D3FFF  D16,D17,D19,D24,D25,D29
15:18:55.234    74825401  FFFFFF77D3FFF  D16,D17,D19,D25,D29
15:18:56.498    74826668  FFFFFF73D3FFF  D16,D17,D19,D24,D25,D29
15:18:57.784    74827938  FFFFFF63D3FFF  D16,D17,D19,D24,D25,D26,D29
15:18:57.784    74827940  FFFFFF6BD3FFF  D16,D17,D19,D24,D26,D29
15:18:57.784    74827942  FFFFFF6FD3FFF  D16,D17,D19,D26,D29
15:18:59.049    74829208  FFFFFF6BD3FFF  D16,D17,D19,D24,D26,D29
15:19:00.329    74830479  FFFFFF63D3FFF  D16,D17,D19,D24,D25,D26,D29
15:19:00.329    74830482  FFFFFF67D3FFF  D16,D17,D19,D25,D26,D29
15:19:01.609    74831748  FFFFFF63D3FFF  D16,D17,D19,D24,D25,D26,D29
15:19:03.145    74833258  FFFFFF4BD3FFF  D16,D17,D19,D24,D26,D27,D29
15:19:03.145    74833261  FFFFFF4FD3FFF  D16,D17,D19,D26,D27,D29
15:19:03.145    74833263  FFFFFF5FD3FFF  D16,D17,D19,D27,D29
15:19:05.965    74836074  FFFFFF5FD7FFF  D17,D19,D27,D29
--- FW IODebug 1.2.2 2026-08-31 LIFT=5 15:19:20 ---
15:19:21.735    74851716  FFFFFF5F97FFF  D17,D19,D20,D27,D29
15:19:21.736    74851718  FFFFFF5FB7FFF  D17,D20,D27,D29
15:19:22.702    74852668  FFFFFF5FB3FFF  D16,D17,D20,D27,D29
15:19:26.076    74856001  FFFFFF4BB3FFF  D16,D17,D20,D24,D26,D27,D29
15:19:26.077    74856003  FFFFFF43B3FFF  D16,D17,D20,D24,D25,D26,D27,D29
15:19:26.077    74856005  FFFFFF63B3FFF  D16,D17,D20,D24,D25,D26,D29
15:19:27.580    74857513  FFFFFF67B3FFF  D16,D17,D20,D25,D26,D29
15:19:28.863    74858780  FFFFFF63B3FFF  D16,D17,D20,D24,D25,D26,D29
15:19:28.863    74858781  FFFFFF6BB3FFF  D16,D17,D20,D24,D26,D29
15:19:30.095    74860014  FFFFFF6FB3FFF  D16,D17,D20,D26,D29
15:19:31.378    74861280  FFFFFF6BB3FFF  D16,D17,D20,D24,D26,D29
15:19:31.378    74861282  FFFFFF63B3FFF  D16,D17,D20,D24,D25,D26,D29
15:19:31.378    74861287  FFFFFF73B3FFF  D16,D17,D20,D24,D25,D29
15:19:32.656    74862555  FFFFFF77B3FFF  D16,D17,D20,D25,D29
15:19:33.941    74863820  FFFFFF73B3FFF  D16,D17,D20,D24,D25,D29
15:19:33.941    74863822  FFFFFF7BB3FFF  D16,D17,D20,D24,D29
15:19:35.227    74865095  FFFFFF7FB3FFF  D16,D17,D20,D29
15:19:36.500    74866361  FFFFFF5BB3FFF  D16,D17,D20,D24,D27,D29
15:19:36.500    74866363  FFFFFF83B3FFF  D16,D17,D20,D24,D25,D26,D27,D28
15:19:37.767    74867636  FFFFFF87B3FFF  D16,D17,D20,D25,D26,D27,D28
15:19:39.055    74868901  FFFFFF83B3FFF  D16,D17,D20,D24,D25,D26,D27,D28
15:19:39.055    74868903  FFFFFF8BB3FFF  D16,D17,D20,D24,D26,D27,D28
15:19:40.332    74870175  FFFFFF8FB3FFF  D16,D17,D20,D26,D27,D28
15:19:41.620    74871442  FFFFFF8BB3FFF  D16,D17,D20,D24,D26,D27,D28
15:19:41.620    74871444  FFFFFF83B3FFF  D16,D17,D20,D24,D25,D26,D27,D28
15:19:41.620    74871449  FFFFFF93B3FFF  D16,D17,D20,D24,D25,D27,D28
15:19:42.914    74872717  FFFFFF97B3FFF  D16,D17,D20,D25,D27,D28
15:19:44.188    74873982  FFFFFF93B3FFF  D16,D17,D20,D24,D25,D27,D28
15:19:44.188    74873985  FFFFFF9BB3FFF  D16,D17,D20,D24,D27,D28
15:19:45.468    74875256  FFFFFF9FB3FFF  D16,D17,D20,D27,D28
15:19:46.750    74876523  FFFFFF8BB3FFF  D16,D17,D20,D24,D26,D27,D28
15:19:46.750    74876525  FFFFFF83B3FFF  D16,D17,D20,D24,D25,D26,D27,D28
15:19:46.750    74876527  FFFFFFA3B3FFF  D16,D17,D20,D24,D25,D26,D28
15:19:48.263    74878035  FFFFFFA7B3FFF  D16,D17,D20,D25,D26,D28
--- FW IODebug 1.2.2 2026-08-31 LIFT=5 15:19:50 ---
15:19:51.090    74880848  FFFFFFA7B7FFF  D17,D20,D25,D26,D28
15:20:11.223    74900816  FFFFFFA7B3FFF  D16,D17,D20,D25,D26,D28
15:20:14.570    74904150  FFFFFFA3B3FFF  D16,D17,D20,D24,D25,D26,D28
15:20:14.570    74904152  FFFFFFABB3FFF  D16,D17,D20,D24,D26,D28
15:20:16.102    74905662  FFFFFFAFB3FFF  D16,D17,D20,D26,D28
15:20:17.377    74906929  FFFFFFABB3FFF  D16,D17,D20,D24,D26,D28
15:20:17.377    74906930  FFFFFFA3B3FFF  D16,D17,D20,D24,D25,D26,D28
15:20:17.377    74906932  FFFFFFB3B3FFF  D16,D17,D20,D24,D25,D28
15:20:18.668    74908203  FFFFFFB7B3FFF  D16,D17,D20,D25,D28
15:20:19.907    74909428  FFFFFFB3B3FFF  D16,D17,D20,D24,D25,D28
15:20:19.907    74909430  FFFFFFBBB3FFF  D16,D17,D20,D24,D28
--- FW IODebug 1.2.2 2026-08-31 LIFT=5 15:20:20 ---
15:20:21.171    74910703  FFFFFFBFB3FFF  D16,D17,D20,D28
15:20:22.453    74911969  FFFFFFBBB3FFF  D16,D17,D20,D24,D28
15:20:22.453    74911971  FFFFFFC3B3FFF  D16,D17,D20,D24,D25,D26,D27
15:20:23.727    74913244  FFFFFFC7B3FFF  D16,D17,D20,D25,D26,D27
15:20:25.010    74914510  FFFFFFC3B3FFF  D16,D17,D20,D24,D25,D26,D27
15:20:25.010    74914512  FFFFFFCBB3FFF  D16,D17,D20,D24,D26,D27
15:20:26.297    74915784  FFFFFFCFB3FFF  D16,D17,D20,D26,D27
15:20:27.978    74917447  FFFFFFCBB3FFF  D16,D17,D20,D24,D26,D27
15:20:27.979    74917449  FFFFFFC3B3FFF  D16,D17,D20,D24,D25,D26,D27
15:20:27.979    74917454  FFFFFFD3B3FFF  D16,D17,D20,D24,D25,D27
15:20:30.049    74919516  FFFFFFD7B3FFF  D16,D17,D20,D25,D27
15:20:33.302    74922725  FFFFFFD7B7FFF  D17,D20,D25,D27
15:20:50.704    74939677  FFFFFFD7B3FFF  D16,D17,D20,D25,D27
--- FW IODebug 1.2.2 2026-08-31 LIFT=5 15:20:50 ---
15:20:54.654    74943923  FFFFFFD3B3FFF  D16,D17,D20,D24,D25,D27
15:20:54.655    74943925  FFFFFFDBB3FFF  D16,D17,D20,D24,D27
15:20:56.698    74945951  FFFFFFDFB3FFF  D16,D17,D20,D27
15:20:58.042    74947297  FFFFFFDBB3FFF  D16,D17,D20,D24,D27
15:20:58.042    74947299  FFFFFFC3B3FFF  D16,D17,D20,D24,D25,D26,D27
15:20:58.042    74947301  FFFFFFE3B3FFF  D16,D17,D20,D24,D25,D26
15:20:59.490    74948729  FFFFFFE7B3FFF  D16,D17,D20,D25,D26
15:21:00.900    74950115  FFFFFFE3B3FFF  D16,D17,D20,D24,D25,D26
15:21:00.900    74950117  FFFFFFEBB3FFF  D16,D17,D20,D24,D26
15:21:02.565    74951786  FFFFFFEFB3FFF  D16,D17,D20,D26
15:21:04.624    74953806  FFFFFFEBB3FFF  D16,D17,D20,D24,D26
15:21:04.624    74953808  FFFFFFE3B3FFF  D16,D17,D20,D24,D25,D26
15:21:04.624    74953814  FFFFFFF3B3FFF  D16,D17,D20,D24,D25
15:21:06.858    74956034  FFFFFFF7B3FFF  D16,D17,D20,D25
15:21:10.411    74959561  FFFFFFF7B7FFF  D17,D20,D25
--- FW IODebug 1.2.2 2026-08-31 LIFT=5 15:21:20 ---
15:21:25.087    74974132  FFFFFFF7F7FFF  D17,D25
15:21:49.963    74998807  FFFFFFF7E7FFF  D17,D18,D25
15:21:49.963    74998809  FFFFFFF7F7FFF  D17,D25
--- FW IODebug 1.2.2 2026-08-31 LIFT=5 15:21:51 ---
--- FW IODebug 1.2.2 2026-08-31 LIFT=5 15:22:21 ---
15:22:29.715    75038275  FFFFFFF7D7FFF  D17,D19,D25
15:22:30.647    75039188  FFFFFFF7D3FFF  D16,D17,D19,D25
15:22:34.716    75043236  FFFFFFF3D3FFF  D16,D17,D19,D24,D25
15:22:37.022    75045499  FFFFFFE3D3FFF  D16,D17,D19,D24,D25,D26
15:22:37.022    75045500  FFFFFFEBD3FFF  D16,D17,D19,D24,D26
15:22:37.022    75045504  FFFFFFEFD3FFF  D16,D17,D19,D26
15:22:39.005    75047484  FFFFFFEBD3FFF  D16,D17,D19,D24,D26
15:22:40.693    75049151  FFFFFFE3D3FFF  D16,D17,D19,D24,D25,D26
15:22:40.693    75049155  FFFFFFE7D3FFF  D16,D17,D19,D25,D26
15:22:42.125    75050579  FFFFFFE3D3FFF  D16,D17,D19,D24,D25,D26
15:22:43.535    75051970  FFFFFFCBD3FFF  D16,D17,D19,D24,D26,D27
15:22:43.535    75051973  FFFFFFCFD3FFF  D16,D17,D19,D26,D27
15:22:43.536    75051976  FFFFFFDFD3FFF  D16,D17,D19,D27
15:22:44.879    75053319  FFFFFFDBD3FFF  D16,D17,D19,D24,D27
15:22:47.155    75055383  FFFFFFD3D3FFF  D16,D17,D19,D24,D25,D27
15:22:47.156    75055387  FFFFFFD7D3FFF  D16,D17,D19,D25,D27
15:22:47.156    75055423  FFFFFFD793FFF  D16,D17,D19,D20,D25,D27
15:22:47.156    75055584  FFFFFFD7B3FFF  D16,D17,D20,D25,D27
15:22:50.691    75059073  FFFFFFD7B7FFF  D17,D20,D25,D27
--- FW IODebug 1.2.2 2026-08-31 LIFT=5 15:22:51 ---
15:23:07.257    75075508  FFFFFFD7B3FFF  D16,D17,D20,D25,D27
15:23:11.515    75079754  FFFFFFD3B3FFF  D16,D17,D20,D24,D25,D27
15:23:11.515    75079756  FFFFFFDBB3FFF  D16,D17,D20,D24,D27
15:23:13.582    75081783  FFFFFFDFB3FFF  D16,D17,D20,D27
15:23:14.928    75083128  FFFFFFCBB3FFF  D16,D17,D20,D24,D26,D27
15:23:14.928    75083130  FFFFFFC3B3FFF  D16,D17,D20,D24,D25,D26,D27
15:23:14.928    75083132  FFFFFFE3B3FFF  D16,D17,D20,D24,D25,D26
15:23:16.357    75084562  FFFFFFE7B3FFF  D16,D17,D20,D25,D26
15:23:17.767    75085946  FFFFFFE3B3FFF  D16,D17,D20,D24,D25,D26
15:23:17.768    75085948  FFFFFFEBB3FFF  D16,D17,D20,D24,D26
15:23:19.452    75087619  FFFFFFEFB3FFF  D16,D17,D20,D26
15:23:21.842    75089638  FFFFFFEBB3FFF  D16,D17,D20,D24,D26
15:23:21.842    75089640  FFFFFFE3B3FFF  D16,D17,D20,D24,D25,D26
15:23:21.842    75089645  FFFFFFF3B3FFF  D16,D17,D20,D24,D25
--- FW IODebug 1.2.2 2026-08-31 LIFT=5 15:23:21 ---
15:23:23.731    75091866  FFFFFFF7B3FFF  D16,D17,D20,D25
15:23:27.320    75095433  FFFFFFF7B7FFF  D17,D20,D25
15:23:48.777    75116553  FFFFFFF7F7FFF  D17,D25
15:23:48.777    75116709  FFFFFFF7D7FFF  D17,D19,D25
--- FW IODebug 1.2.2 2026-08-31 LIFT=5 15:23:52 ---
15:24:07.767    75135564  FFFFFFF7D3FFF  D16,D17,D19,D25
15:24:11.838    75139613  FFFFFFF3D3FFF  D16,D17,D19,D24,D25
15:24:14.153    75141875  FFFFFFE3D3FFF  D16,D17,D19,D24,D25,D26
15:24:14.153    75141877  FFFFFFEBD3FFF  D16,D17,D19,D24,D26
15:24:14.153    75141879  FFFFFFEFD3FFF  D16,D17,D19,D26
15:24:16.109    75143860  FFFFFFEBD3FFF  D16,D17,D19,D24,D26
15:24:17.819    75145528  FFFFFFE3D3FFF  D16,D17,D19,D24,D25,D26
15:24:17.820    75145531  FFFFFFE7D3FFF  D16,D17,D19,D25,D26
15:24:19.217    75146916  FFFFFFE3D3FFF  D16,D17,D19,D24,D25,D26
15:24:20.660    75148346  FFFFFFCBD3FFF  D16,D17,D19,D24,D26,D27
15:24:20.661    75148350  FFFFFFCFD3FFF  D16,D17,D19,D26,D27
15:24:20.661    75148352  FFFFFFDFD3FFF  D16,D17,D19,D27
15:24:22.298    75149694  FFFFFFDBD3FFF  D16,D17,D19,D24,D27
--- FW IODebug 1.2.2 2026-08-31 LIFT=5 15:24:22 ---
15:24:24.037    75151720  FFFFFFD3D3FFF  D16,D17,D19,D24,D25,D27
15:24:24.037    75151723  FFFFFFD7D3FFF  D16,D17,D19,D25,D27
15:24:26.323    75153981  FFFFFFD3D3FFF  D16,D17,D19,D24,D25,D27
15:24:28.286    75155928  FFFFFFC3D3FFF  D16,D17,D19,D24,D25,D26,D27
15:24:28.286    75155930  FFFFFFCBD3FFF  D16,D17,D19,D24,D26,D27
15:24:28.286    75155931  FFFFFFCFD3FFF  D16,D17,D19,D26,D27
15:24:29.967    75157594  FFFFFFCBD3FFF  D16,D17,D19,D24,D26,D27
15:24:31.253    75158864  FFFFFFC3D3FFF  D16,D17,D19,D24,D25,D26,D27
15:24:31.253    75158868  FFFFFFC7D3FFF  D16,D17,D19,D25,D26,D27
15:24:32.532    75160134  FFFFFFC3D3FFF  D16,D17,D19,D24,D25,D26,D27
15:24:33.817    75161405  FFFFFF8BD3FFF  D16,D17,D19,D24,D26,D27,D28
15:24:33.817    75161408  FFFFFFABD3FFF  D16,D17,D19,D24,D26,D28
15:24:33.817    75161410  FFFFFFAFD3FFF  D16,D17,D19,D26,D28
15:24:33.817    75161412  FFFFFFBFD3FFF  D16,D17,D19,D28
15:24:35.071    75162675  FFFFFFBBD3FFF  D16,D17,D19,D24,D28
15:24:36.354    75163945  FFFFFFB3D3FFF  D16,D17,D19,D24,D25,D28
15:24:36.354    75163949  FFFFFFB7D3FFF  D16,D17,D19,D25,D28
15:24:37.657    75165215  FFFFFFB3D3FFF  D16,D17,D19,D24,D25,D28
15:24:38.932    75166485  FFFFFFA3D3FFF  D16,D17,D19,D24,D25,D26,D28
15:24:38.933    75166487  FFFFFFABD3FFF  D16,D17,D19,D24,D26,D28
15:24:38.933    75166490  FFFFFFAFD3FFF  D16,D17,D19,D26,D28
15:24:40.201    75167755  FFFFFFABD3FFF  D16,D17,D19,D24,D26,D28
15:24:41.740    75169265  FFFFFFA3D3FFF  D16,D17,D19,D24,D25,D26,D28
15:24:41.741    75169268  FFFFFFA7D3FFF  D16,D17,D19,D25,D26,D28
15:24:44.560    75172080  FFFFFFA7D7FFF  D17,D19,D25,D26,D28
--- FW IODebug 1.2.2 2026-08-31 LIFT=5 15:24:52 ---
15:25:00.110    75187524  FFFFFFA7D3FFF  D16,D17,D19,D25,D26,D28
15:25:03.441    75190817  FFFFFFA3D3FFF  D16,D17,D19,D24,D25,D26,D28
15:25:04.980    75192326  FFFFFF83D3FFF  D16,D17,D19,D24,D25,D26,D27,D28
15:25:04.980    75192328  FFFFFF8BD3FFF  D16,D17,D19,D24,D26,D27,D28
15:25:04.981    75192331  FFFFFF8FD3FFF  D16,D17,D19,D26,D27,D28
15:25:04.981    75192333  FFFFFF9FD3FFF  D16,D17,D19,D27,D28
15:25:06.251    75193596  FFFFFF9BD3FFF  D16,D17,D19,D24,D27,D28
15:25:07.524    75194867  FFFFFF93D3FFF  D16,D17,D19,D24,D25,D27,D28
15:25:07.525    75194870  FFFFFF97D3FFF  D16,D17,D19,D25,D27,D28
15:25:08.812    75196136  FFFFFF93D3FFF  D16,D17,D19,D24,D25,D27,D28
15:25:10.100    75197408  FFFFFF83D3FFF  D16,D17,D19,D24,D25,D26,D27,D28
15:25:10.102    75197409  FFFFFF8BD3FFF  D16,D17,D19,D24,D26,D27,D28
15:25:10.102    75197411  FFFFFF8FD3FFF  D16,D17,D19,D26,D27,D28
15:25:11.348    75198676  FFFFFF8BD3FFF  D16,D17,D19,D24,D26,D27,D28
15:25:12.640    75199948  FFFFFF83D3FFF  D16,D17,D19,D24,D25,D26,D27,D28
15:25:12.640    75199951  FFFFFF87D3FFF  D16,D17,D19,D25,D26,D27,D28
15:25:13.914    75201217  FFFFFF83D3FFF  D16,D17,D19,D24,D25,D26,D27,D28
15:25:15.205    75202488  FFFFFF03D3FFF  D16,D17,D19,D24,D25,D26,D27,D28,D29
15:25:15.205    75202490  FFFFFF4BD3FFF  D16,D17,D19,D24,D26,D27,D29
15:25:15.205    75202492  FFFFFF6FD3FFF  D16,D17,D19,D26,D29
15:25:15.205    75202494  FFFFFF7FD3FFF  D16,D17,D19,D29
15:25:16.477    75203758  FFFFFF7BD3FFF  D16,D17,D19,D24,D29
15:25:17.755    75205028  FFFFFF73D3FFF  D16,D17,D19,D24,D25,D29
15:25:17.755    75205032  FFFFFF77D3FFF  D16,D17,D19,D25,D29
15:25:19.050    75206298  FFFFFF73D3FFF  D16,D17,D19,D24,D25,D29
15:25:20.344    75207569  FFFFFF63D3FFF  D16,D17,D19,D24,D25,D26,D29
15:25:20.344    75207570  FFFFFF6BD3FFF  D16,D17,D19,D24,D26,D29
15:25:20.345    75207572  FFFFFF6FD3FFF  D16,D17,D19,D26,D29
15:25:21.603    75208838  FFFFFF6BD3FFF  D16,D17,D19,D24,D26,D29
--- FW IODebug 1.2.2 2026-08-31 LIFT=5 15:25:22 ---
15:25:22.873    75210108  FFFFFF63D3FFF  D16,D17,D19,D24,D25,D26,D29
15:25:22.873    75210113  FFFFFF67D3FFF  D16,D17,D19,D25,D26,D29
15:25:24.160    75211378  FFFFFF63D3FFF  D16,D17,D19,D24,D25,D26,D29
15:25:25.449    75212650  FFFFFF4BD3FFF  D16,D17,D19,D24,D26,D27,D29
15:25:25.449    75212653  FFFFFF4FD3FFF  D16,D17,D19,D26,D27,D29
15:25:25.449    75212656  FFFFFF5FD3FFF  D16,D17,D19,D27,D29
15:25:26.767    75213959  FFFFFF5BD3FFF  D16,D17,D19,D24,D27,D29
15:25:28.118    75215309  FFFFFF53D3FFF  D16,D17,D19,D24,D25,D27,D29
15:25:28.118    75215312  FFFFFF57D3FFF  D16,D17,D19,D25,D27,D29
15:25:29.447    75216619  FFFFFF53D3FFF  D16,D17,D19,D24,D25,D27,D29
15:25:30.810    75217969  FFFFFF43D3FFF  D16,D17,D19,D24,D25,D26,D27,D29
15:25:30.810    75217970  FFFFFF4BD3FFF  D16,D17,D19,D24,D26,D27,D29
15:25:30.810    75217972  FFFFFF4FD3FFF  D16,D17,D19,D26,D27,D29
15:25:32.131    75219277  FFFFFF4BD3FFF  D16,D17,D19,D24,D26,D27,D29
15:25:33.563    75220708  FFFFFF43D3FFF  D16,D17,D19,D24,D25,D26,D27,D29
15:25:33.563    75220711  FFFFFF47D3FFF  D16,D17,D19,D25,D26,D27,D29
15:25:35.635    75222573  FFFFFF43D3FFF  D16,D17,D19,D24,D25,D26,D27,D29
15:25:35.635    75222614  FFFFFF4393FFF  D16,D17,D19,D20,D24,D25,D26,D27,D29
15:25:35.635    75222773  FFFFFF43B3FFF  D16,D17,D20,D24,D25,D26,D27,D29
15:25:38.799    75225906  FFFFFF43B7FFF  D17,D20,D24,D25,D26,D27,D29
--- FW IODebug 1.2.2 2026-08-31 LIFT=5 15:25:53 ---
15:25:54.324    75241310  FFFFFF43B3FFF  D16,D17,D20,D24,D25,D26,D27,D29
15:25:58.169    75245123  FFFFFF47B3FFF  D16,D17,D20,D25,D26,D27,D29
15:26:00.359    75247302  FFFFFF43B3FFF  D16,D17,D20,D24,D25,D26,D27,D29
15:26:00.359    75247304  FFFFFF4BB3FFF  D16,D17,D20,D24,D26,D27,D29
15:26:03.398    75250317  FFFFFF4BB7FFF  D17,D20,D24,D26,D27,D29
15:26:18.601    75265402  FFFFFF4BB3FFF  D16,D17,D20,D24,D26,D27,D29
15:26:22.009    75268780  FFFFFF4FB3FFF  D16,D17,D20,D26,D27,D29
--- FW IODebug 1.2.2 2026-08-31 LIFT=5 15:26:23 ---
15:26:23.565    75270324  FFFFFF4BB3FFF  D16,D17,D20,D24,D26,D27,D29
15:26:23.565    75270326  FFFFFF43B3FFF  D16,D17,D20,D24,D25,D26,D27,D29
15:26:23.565    75270331  FFFFFF53B3FFF  D16,D17,D20,D24,D25,D27,D29
15:26:24.892    75271638  FFFFFF57B3FFF  D16,D17,D20,D25,D27,D29
15:26:26.240    75272983  FFFFFF53B3FFF  D16,D17,D20,D24,D25,D27,D29
15:26:26.240    75272985  FFFFFF5BB3FFF  D16,D17,D20,D24,D27,D29
15:26:27.560    75274297  FFFFFF5FB3FFF  D16,D17,D20,D27,D29
15:26:28.928    75275642  FFFFFF5BB3FFF  D16,D17,D20,D24,D27,D29
15:26:28.928    75275644  FFFFFF43B3FFF  D16,D17,D20,D24,D25,D26,D27,D29
15:26:28.928    75275646  FFFFFF63B3FFF  D16,D17,D20,D24,D25,D26,D29
15:26:30.213    75276916  FFFFFF67B3FFF  D16,D17,D20,D25,D26,D29
15:26:31.477    75278183  FFFFFF63B3FFF  D16,D17,D20,D24,D25,D26,D29
15:26:31.477    75278185  FFFFFF6BB3FFF  D16,D17,D20,D24,D26,D29
15:26:32.762    75279458  FFFFFF6FB3FFF  D16,D17,D20,D26,D29
15:26:34.031    75280723  FFFFFF6BB3FFF  D16,D17,D20,D24,D26,D29
15:26:34.032    75280726  FFFFFF63B3FFF  D16,D17,D20,D24,D25,D26,D29
15:26:34.032    75280731  FFFFFF73B3FFF  D16,D17,D20,D24,D25,D29
15:26:35.276    75281958  FFFFFF77B3FFF  D16,D17,D20,D25,D29
15:26:36.568    75283224  FFFFFF73B3FFF  D16,D17,D20,D24,D25,D29
15:26:36.568    75283226  FFFFFF7BB3FFF  D16,D17,D20,D24,D29
15:26:37.849    75284498  FFFFFF7FB3FFF  D16,D17,D20,D29
15:26:39.117    75285765  FFFFFF63B3FFF  D16,D17,D20,D24,D25,D26,D29
15:26:39.117    75285767  FFFFFF83B3FFF  D16,D17,D20,D24,D25,D26,D27,D28
15:26:40.402    75287038  FFFFFF87B3FFF  D16,D17,D20,D25,D26,D27,D28
15:26:41.685    75288305  FFFFFF83B3FFF  D16,D17,D20,D24,D25,D26,D27,D28
15:26:41.686    75288307  FFFFFF8BB3FFF  D16,D17,D20,D24,D26,D27,D28
15:26:42.967    75289580  FFFFFF8FB3FFF  D16,D17,D20,D26,D27,D28
15:26:44.252    75290846  FFFFFF8BB3FFF  D16,D17,D20,D24,D26,D27,D28
15:26:44.252    75290847  FFFFFF83B3FFF  D16,D17,D20,D24,D25,D26,D27,D28
15:26:44.252    75290853  FFFFFF93B3FFF  D16,D17,D20,D24,D25,D27,D28
15:26:45.533    75292120  FFFFFF97B3FFF  D16,D17,D20,D25,D27,D28
15:26:46.795    75293386  FFFFFF93B3FFF  D16,D17,D20,D24,D25,D27,D28
15:26:46.795    75293387  FFFFFF9BB3FFF  D16,D17,D20,D24,D27,D28
15:26:48.080    75294660  FFFFFF9FB3FFF  D16,D17,D20,D27,D28
15:26:49.367    75295926  FFFFFF9BB3FFF  D16,D17,D20,D24,D27,D28
15:26:49.367    75295928  FFFFFF83B3FFF  D16,D17,D20,D24,D25,D26,D27,D28
15:26:49.367    75295930  FFFFFFA3B3FFF  D16,D17,D20,D24,D25,D26,D28
15:26:50.925    75297479  FFFFFFA7B3FFF  D16,D17,D20,D25,D26,D28
--- FW IODebug 1.2.2 2026-08-31 LIFT=5 15:26:53 ---
15:26:53.719    75300251  FFFFFFA7B7FFF  D17,D20,D25,D26,D28
15:27:10.282    75316687  FFFFFFA7B3FFF  D16,D17,D20,D25,D26,D28
15:27:13.629    75320020  FFFFFFA3B3FFF  D16,D17,D20,D24,D25,D26,D28
15:27:13.629    75320023  FFFFFFABB3FFF  D16,D17,D20,D24,D26,D28
15:27:15.156    75321533  FFFFFFAFB3FFF  D16,D17,D20,D26,D28
15:27:16.447    75322799  FFFFFFABB3FFF  D16,D17,D20,D24,D26,D28
15:27:16.447    75322801  FFFFFFA3B3FFF  D16,D17,D20,D24,D25,D26,D28
15:27:16.447    75322806  FFFFFFB3B3FFF  D16,D17,D20,D24,D25,D28
15:27:17.721    75324073  FFFFFFB7B3FFF  D16,D17,D20,D25,D28
15:27:18.959    75325299  FFFFFFB3B3FFF  D16,D17,D20,D24,D25,D28
15:27:18.959    75325301  FFFFFFBBB3FFF  D16,D17,D20,D24,D28
15:27:20.235    75326574  FFFFFFBFB3FFF  D16,D17,D20,D28
15:27:21.519    75327840  FFFFFFBBB3FFF  D16,D17,D20,D24,D28
15:27:21.520    75327842  FFFFFFC3B3FFF  D16,D17,D20,D24,D25,D26,D27
15:27:22.798    75329115  FFFFFFC7B3FFF  D16,D17,D20,D25,D26,D27
--- FW IODebug 1.2.2 2026-08-31 LIFT=5 15:27:23 ---
15:27:24.346    75330658  FFFFFFC3B3FFF  D16,D17,D20,D24,D25,D26,D27
15:27:24.346    75330660  FFFFFFCBB3FFF  D16,D17,D20,D24,D26,D27
15:27:27.193    75333475  FFFFFFCBB7FFF  D17,D20,D24,D26,D27
15:27:43.724    75349871  FFFFFFCBB3FFF  D16,D17,D20,D24,D26,D27
15:27:47.046    75353168  FFFFFFCFB3FFF  D16,D17,D20,D26,D27
15:27:48.945    75355070  FFFFFFC3B3FFF  D16,D17,D20,D24,D25,D26,D27
15:27:48.946    75355073  FFFFFFD3B3FFF  D16,D17,D20,D24,D25,D27
15:27:50.921    75357019  FFFFFFD7B3FFF  D16,D17,D20,D25,D27
15:27:53.245    75359316  FFFFFFD3B3FFF  D16,D17,D20,D24,D25,D27
15:27:53.246    75359319  FFFFFFDBB3FFF  D16,D17,D20,D24,D27
--- FW IODebug 1.2.2 2026-08-31 LIFT=5 15:27:53 ---
15:27:55.242    75361305  FFFFFFDFB3FFF  D16,D17,D20,D27
15:27:56.635    75362691  FFFFFFDBB3FFF  D16,D17,D20,D24,D27
15:27:56.636    75362693  FFFFFFC3B3FFF  D16,D17,D20,D24,D25,D26,D27
15:27:56.636    75362695  FFFFFFE3B3FFF  D16,D17,D20,D24,D25,D26
15:27:58.041    75364084  FFFFFFE7B3FFF  D16,D17,D20,D25,D26
15:27:59.440    75365470  FFFFFFE3B3FFF  D16,D17,D20,D24,D25,D26
15:27:59.440    75365472  FFFFFFEBB3FFF  D16,D17,D20,D24,D26
15:28:01.120    75367141  FFFFFFEFB3FFF  D16,D17,D20,D26
15:28:03.151    75369161  FFFFFFEBB3FFF  D16,D17,D20,D24,D26
15:28:03.151    75369163  FFFFFFE3B3FFF  D16,D17,D20,D24,D25,D26
15:28:03.152    75369167  FFFFFFF3B3FFF  D16,D17,D20,D24,D25
15:28:05.383    75371388  FFFFFFF7B3FFF  D16,D17,D20,D25
15:28:08.987    75374955  FFFFFFF7B7FFF  D17,D20,D25
15:28:21.869    75387581  FFFFFFF7F7FFF  D17,D25
15:28:21.869    75387738  FFFFFFF7D7FFF  D17,D19,D25
15:28:22.739    75388611  FFFFFFF7D3FFF  D16,D17,D19,D25
--- FW IODebug 1.2.2 2026-08-31 LIFT=5 15:28:24 ---
15:28:26.831    75392660  FFFFFFF3D3FFF  D16,D17,D19,D24,D25
15:28:29.120    75394922  FFFFFFE3D3FFF  D16,D17,D19,D24,D25,D26
15:28:29.120    75394924  FFFFFFEBD3FFF  D16,D17,D19,D24,D26
15:28:29.120    75394926  FFFFFFEFD3FFF  D16,D17,D19,D26
15:28:31.115    75396907  FFFFFFEBD3FFF  D16,D17,D19,D24,D26
15:28:32.802    75398575  FFFFFFE3D3FFF  D16,D17,D19,D24,D25,D26
15:28:32.802    75398579  FFFFFFE7D3FFF  D16,D17,D19,D25,D26
15:28:34.198    75399963  FFFFFFE3D3FFF  D16,D17,D19,D24,D25,D26
15:28:35.649    75401393  FFFFFFCBD3FFF  D16,D17,D19,D24,D26,D27
15:28:35.649    75401397  FFFFFFCFD3FFF  D16,D17,D19,D26,D27
15:28:35.649    75401399  FFFFFFDFD3FFF  D16,D17,D19,D27
15:28:36.975    75402742  FFFFFFDBD3FFF  D16,D17,D19,D24,D27
15:28:39.047    75404767  FFFFFFD3D3FFF  D16,D17,D19,D24,D25,D27
15:28:39.048    75404770  FFFFFFD7D3FFF  D16,D17,D19,D25,D27
15:28:41.300    75407029  FFFFFFD3D3FFF  D16,D17,D19,D24,D25,D27
15:28:43.268    75408974  FFFFFFC3D3FFF  D16,D17,D19,D24,D25,D26,D27
15:28:43.269    75408975  FFFFFFCBD3FFF  D16,D17,D19,D24,D26,D27
15:28:43.269    75408977  FFFFFFCFD3FFF  D16,D17,D19,D26,D27
15:28:44.952    75410641  FFFFFFCBD3FFF  D16,D17,D19,D24,D26,D27
15:28:46.229    75411912  FFFFFFC3D3FFF  D16,D17,D19,D24,D25,D26,D27
15:28:46.229    75411915  FFFFFFC7D3FFF  D16,D17,D19,D25,D26,D27
15:28:47.507    75413181  FFFFFFC3D3FFF  D16,D17,D19,D24,D25,D26,D27
15:28:48.800    75414453  FFFFFF8BD3FFF  D16,D17,D19,D24,D26,D27,D28
15:28:48.800    75414455  FFFFFFBBD3FFF  D16,D17,D19,D24,D28
15:28:48.800    75414457  FFFFFFBFD3FFF  D16,D17,D19,D28
15:28:50.070    75415721  FFFFFFBBD3FFF  D16,D17,D19,D24,D28
15:28:51.352    75416992  FFFFFFB3D3FFF  D16,D17,D19,D24,D25,D28
15:28:51.352    75416995  FFFFFFB7D3FFF  D16,D17,D19,D25,D28
15:28:52.625    75418262  FFFFFFB3D3FFF  D16,D17,D19,D24,D25,D28
15:28:54.380    75419533  FFFFFFA3D3FFF  D16,D17,D19,D24,D25,D26,D28
15:28:54.380    75419534  FFFFFFABD3FFF  D16,D17,D19,D24,D26,D28
15:28:54.381    75419536  FFFFFFAFD3FFF  D16,D17,D19,D26,D28
--- FW IODebug 1.2.2 2026-08-31 LIFT=5 15:28:54 ---
15:28:55.182    75420803  FFFFFFABD3FFF  D16,D17,D19,D24,D26,D28
15:28:56.480    75422073  FFFFFFA3D3FFF  D16,D17,D19,D24,D25,D26,D28
15:28:56.480    75422076  FFFFFFA7D3FFF  D16,D17,D19,D25,D26,D28
15:28:57.698    75423303  FFFFFFA3D3FFF  D16,D17,D19,D24,D25,D26,D28
15:28:58.995    75424574  FFFFFF83D3FFF  D16,D17,D19,D24,D25,D26,D27,D28
15:28:58.995    75424576  FFFFFF8BD3FFF  D16,D17,D19,D24,D26,D27,D28
15:28:58.996    75424578  FFFFFF9FD3FFF  D16,D17,D19,D27,D28
15:29:00.316    75425884  FFFFFF9BD3FFF  D16,D17,D19,D24,D27,D28
15:29:01.545    75427115  FFFFFF93D3FFF  D16,D17,D19,D24,D25,D27,D28
15:29:01.545    75427118  FFFFFF97D3FFF  D16,D17,D19,D25,D27,D28
15:29:02.822    75428384  FFFFFF93D3FFF  D16,D17,D19,D24,D25,D27,D28
15:29:04.114    75429655  FFFFFF83D3FFF  D16,D17,D19,D24,D25,D26,D27,D28
15:29:04.114    75429656  FFFFFF8BD3FFF  D16,D17,D19,D24,D26,D27,D28
15:29:04.115    75429658  FFFFFF8FD3FFF  D16,D17,D19,D26,D27,D28
15:29:05.428    75430964  FFFFFF8BD3FFF  D16,D17,D19,D24,D26,D27,D28
15:29:06.712    75432235  FFFFFF83D3FFF  D16,D17,D19,D24,D25,D26,D27,D28
15:29:06.712    75432239  FFFFFF87D3FFF  D16,D17,D19,D25,D26,D27,D28
15:29:07.941    75433464  FFFFFF83D3FFF  D16,D17,D19,D24,D25,D26,D27,D28
15:29:09.242    75434735  FFFFFF0BD3FFF  D16,D17,D19,D24,D26,D27,D28,D29
15:29:09.242    75434737  FFFFFF4BD3FFF  D16,D17,D19,D24,D26,D27,D29
15:29:09.242    75434739  FFFFFF7FD3FFF  D16,D17,D19,D29
15:29:10.495    75436005  FFFFFF7BD3FFF  D16,D17,D19,D24,D29
15:29:11.792    75437276  FFFFFF73D3FFF  D16,D17,D19,D24,D25,D29
15:29:11.792    75437280  FFFFFF77D3FFF  D16,D17,D19,D25,D29
15:29:13.063    75438545  FFFFFF73D3FFF  D16,D17,D19,D24,D25,D29
15:29:14.352    75439816  FFFFFF63D3FFF  D16,D17,D19,D24,D25,D26,D29
15:29:14.352    75439818  FFFFFF6BD3FFF  D16,D17,D19,D24,D26,D29
15:29:14.352    75439819  FFFFFF6FD3FFF  D16,D17,D19,D26,D29
15:29:15.629    75441086  FFFFFF6BD3FFF  D16,D17,D19,D24,D26,D29
15:29:16.917    75442357  FFFFFF63D3FFF  D16,D17,D19,D24,D25,D26,D29
15:29:16.917    75442361  FFFFFF67D3FFF  D16,D17,D19,D25,D26,D29
15:29:18.200    75443627  FFFFFF63D3FFF  D16,D17,D19,D24,D25,D26,D29
15:29:19.482    75444896  FFFFFF43D3FFF  D16,D17,D19,D24,D25,D26,D27,D29
15:29:19.482    75444898  FFFFFF4BD3FFF  D16,D17,D19,D24,D26,D27,D29
15:29:19.482    75444900  FFFFFF4FD3FFF  D16,D17,D19,D26,D27,D29
15:29:19.482    75444903  FFFFFF5FD3FFF  D16,D17,D19,D27,D29
15:29:20.826    75446246  FFFFFF5BD3FFF  D16,D17,D19,D24,D27,D29
15:29:22.145    75447557  FFFFFF53D3FFF  D16,D17,D19,D24,D25,D27,D29
15:29:22.145    75447560  FFFFFF57D3FFF  D16,D17,D19,D25,D27,D29
15:29:23.507    75448905  FFFFFF53D3FFF  D16,D17,D19,D24,D25,D27,D29
--- FW IODebug 1.2.2 2026-08-31 LIFT=5 15:29:24 ---
15:29:24.830    75450216  FFFFFF43D3FFF  D16,D17,D19,D24,D25,D26,D27,D29
15:29:24.830    75450217  FFFFFF4BD3FFF  D16,D17,D19,D24,D26,D27,D29
15:29:24.830    75450219  FFFFFF4FD3FFF  D16,D17,D19,D26,D27,D29
15:29:26.136    75451526  FFFFFF4BD3FFF  D16,D17,D19,D24,D26,D27,D29
15:29:27.622    75452994  FFFFFF43D3FFF  D16,D17,D19,D24,D25,D26,D27,D29
15:29:27.622    75452998  FFFFFF47D3FFF  D16,D17,D19,D25,D26,D27,D29
15:29:29.705    75454820  FFFFFF43D3FFF  D16,D17,D19,D24,D25,D26,D27,D29
15:29:29.705    75454900  FFFFFF4393FFF  D16,D17,D19,D20,D24,D25,D26,D27,D29
15:29:29.705    75455060  FFFFFF43B3FFF  D16,D17,D20,D24,D25,D26,D27,D29
15:29:32.831    75458153  FFFFFF43B7FFF  D17,D20,D24,D25,D26,D27,D29
15:29:52.593    75477765  FFFFFF43B3FFF  D16,D17,D20,D24,D25,D26,D27,D29
--- FW IODebug 1.2.2 2026-08-31 LIFT=5 15:29:54 ---
15:29:56.436    75481578  FFFFFF47B3FFF  D16,D17,D20,D25,D26,D27,D29
15:29:58.637    75483757  FFFFFF43B3FFF  D16,D17,D20,D24,D25,D26,D27,D29
15:29:58.637    75483758  FFFFFF4BB3FFF  D16,D17,D20,D24,D26,D27,D29
15:30:01.638    75486732  FFFFFF4BB7FFF  D17,D20,D24,D26,D27,D29
15:30:16.448    75501422  FFFFFF4BF7FFF  D17,D24,D26,D27,D29
--- FW IODebug 1.2.2 2026-08-31 LIFT=5 15:30:25 ---
15:30:48.427    75533176  FFFFFF4BB7FFF  D17,D20,D24,D26,D27,D29
15:30:49.338    75534089  FFFFFF4BB3FFF  D16,D17,D20,D24,D26,D27,D29
15:30:52.759    75537466  FFFFFF4FB3FFF  D16,D17,D20,D26,D27,D29
15:30:54.321    75539010  FFFFFF43B3FFF  D16,D17,D20,D24,D25,D26,D27,D29
15:30:54.322    75539014  FFFFFF53B3FFF  D16,D17,D20,D24,D25,D27,D29
--- FW IODebug 1.2.2 2026-08-31 LIFT=5 15:30:55 ---
15:30:55.625    75540324  FFFFFF57B3FFF  D16,D17,D20,D25,D27,D29
15:30:56.989    75541669  FFFFFF53B3FFF  D16,D17,D20,D24,D25,D27,D29
15:30:56.990    75541671  FFFFFF5BB3FFF  D16,D17,D20,D24,D27,D29
15:30:58.301    75542983  FFFFFF5FB3FFF  D16,D17,D20,D27,D29
15:30:59.665    75544329  FFFFFF5BB3FFF  D16,D17,D20,D24,D27,D29
15:30:59.665    75544331  FFFFFF43B3FFF  D16,D17,D20,D24,D25,D26,D27,D29
15:30:59.665    75544332  FFFFFF63B3FFF  D16,D17,D20,D24,D25,D26,D29
15:31:00.945    75545604  FFFFFF67B3FFF  D16,D17,D20,D25,D26,D29
15:31:02.215    75546869  FFFFFF63B3FFF  D16,D17,D20,D24,D25,D26,D29
15:31:02.215    75546871  FFFFFF6BB3FFF  D16,D17,D20,D24,D26,D29
15:31:03.507    75548143  FFFFFF6FB3FFF  D16,D17,D20,D26,D29
15:31:04.797    75549410  FFFFFF63B3FFF  D16,D17,D20,D24,D25,D26,D29
15:31:04.797    75549417  FFFFFF73B3FFF  D16,D17,D20,D24,D25,D29
15:31:06.014    75550645  FFFFFF77B3FFF  D16,D17,D20,D25,D29
15:31:07.304    75551910  FFFFFF73B3FFF  D16,D17,D20,D24,D25,D29
15:31:07.304    75551912  FFFFFF7BB3FFF  D16,D17,D20,D24,D29
15:31:08.590    75553184  FFFFFF7FB3FFF  D16,D17,D20,D29
15:31:09.879    75554450  FFFFFF6BB3FFF  D16,D17,D20,D24,D26,D29
15:31:09.879    75554452  FFFFFF83B3FFF  D16,D17,D20,D24,D25,D26,D27,D28
15:31:11.149    75555725  FFFFFF87B3FFF  D16,D17,D20,D25,D26,D27,D28
15:31:12.416    75556990  FFFFFF83B3FFF  D16,D17,D20,D24,D25,D26,D27,D28
15:31:12.416    75556993  FFFFFF8BB3FFF  D16,D17,D20,D24,D26,D27,D28
15:31:13.692    75558265  FFFFFF8FB3FFF  D16,D17,D20,D26,D27,D28
15:31:14.988    75559532  FFFFFF83B3FFF  D16,D17,D20,D24,D25,D26,D27,D28
15:31:14.988    75559538  FFFFFF93B3FFF  D16,D17,D20,D24,D25,D27,D28
15:31:16.269    75560806  FFFFFF97B3FFF  D16,D17,D20,D25,D27,D28
15:31:17.554    75562073  FFFFFF93B3FFF  D16,D17,D20,D24,D25,D27,D28
15:31:17.554    75562074  FFFFFF9BB3FFF  D16,D17,D20,D24,D27,D28
15:31:18.824    75563346  FFFFFF9FB3FFF  D16,D17,D20,D27,D28
15:31:20.106    75564612  FFFFFF93B3FFF  D16,D17,D20,D24,D25,D27,D28
15:31:20.106    75564614  FFFFFF83B3FFF  D16,D17,D20,D24,D25,D26,D27,D28
15:31:20.106    75564616  FFFFFFA3B3FFF  D16,D17,D20,D24,D25,D26,D28
15:31:21.385    75565886  FFFFFFA7B3FFF  D16,D17,D20,D25,D26,D28
15:31:22.672    75567153  FFFFFFA3B3FFF  D16,D17,D20,D24,D25,D26,D28
15:31:22.672    75567155  FFFFFFABB3FFF  D16,D17,D20,D24,D26,D28
15:31:23.959    75568427  FFFFFFAFB3FFF  D16,D17,D20,D26,D28
15:31:25.542    75569693  FFFFFFABB3FFF  D16,D17,D20,D24,D26,D28
15:31:25.543    75569694  FFFFFFA3B3FFF  D16,D17,D20,D24,D25,D26,D28
15:31:25.543    75569700  FFFFFFB3B3FFF  D16,D17,D20,D24,D25,D28
--- FW IODebug 1.2.2 2026-08-31 LIFT=5 15:31:25 ---
15:31:26.502    75570967  FFFFFFB7B3FFF  D16,D17,D20,D25,D28
15:31:27.778    75572233  FFFFFFB3B3FFF  D16,D17,D20,D24,D25,D28
15:31:27.778    75572235  FFFFFFBBB3FFF  D16,D17,D20,D24,D28
15:31:29.052    75573508  FFFFFFBFB3FFF  D16,D17,D20,D28
15:31:30.354    75574774  FFFFFFA3B3FFF  D16,D17,D20,D24,D25,D26,D28
15:31:30.354    75574776  FFFFFFC3B3FFF  D16,D17,D20,D24,D25,D26,D27
15:31:31.629    75576048  FFFFFFC7B3FFF  D16,D17,D20,D25,D26,D27
15:31:32.903    75577315  FFFFFFC3B3FFF  D16,D17,D20,D24,D25,D26,D27
15:31:32.903    75577316  FFFFFFCBB3FFF  D16,D17,D20,D24,D26,D27
15:31:34.141    75578549  FFFFFFCFB3FFF  D16,D17,D20,D26,D27
15:31:35.830    75580212  FFFFFFCBB3FFF  D16,D17,D20,D24,D26,D27
15:31:35.830    75580214  FFFFFFC3B3FFF  D16,D17,D20,D24,D25,D26,D27
15:31:35.830    75580219  FFFFFFD3B3FFF  D16,D17,D20,D24,D25,D27
15:31:37.819    75582200  FFFFFFD7B3FFF  D16,D17,D20,D25,D27
15:31:40.109    75584459  FFFFFFD3B3FFF  D16,D17,D20,D24,D25,D27
15:31:40.109    75584461  FFFFFFDBB3FFF  D16,D17,D20,D24,D27
15:31:42.141    75586488  FFFFFFDFB3FFF  D16,D17,D20,D27
15:31:43.501    75587832  FFFFFFDBB3FFF  D16,D17,D20,D24,D27
15:31:43.502    75587834  FFFFFFD3B3FFF  D16,D17,D20,D24,D25,D27
15:31:43.502    75587836  FFFFFFE3B3FFF  D16,D17,D20,D24,D25,D26
15:31:44.906    75589226  FFFFFFE7B3FFF  D16,D17,D20,D25,D26
15:31:46.312    75590611  FFFFFFE3B3FFF  D16,D17,D20,D24,D25,D26
15:31:46.312    75590614  FFFFFFEBB3FFF  D16,D17,D20,D24,D26
15:31:47.978    75592283  FFFFFFEFB3FFF  D16,D17,D20,D26
15:31:50.035    75594303  FFFFFFEBB3FFF  D16,D17,D20,D24,D26
15:31:50.035    75594305  FFFFFFE3B3FFF  D16,D17,D20,D24,D25,D26
15:31:50.035    75594307  FFFFFFF3B3FFF  D16,D17,D20,D24,D25
15:31:52.261    75596530  FFFFFFF7B3FFF  D16,D17,D20,D25
--- FW IODebug 1.2.2 2026-08-31 LIFT=5 15:31:55 ---
15:31:55.853    75600097  FFFFFFF7B7FFF  D17,D20,D25
--- FW IODebug 1.2.2 2026-08-31 LIFT=5 15:32:25 ---
15:32:49.536    75653369  FFFFFFF7F7FFF  D17,D25
--- FW IODebug 1.2.2 2026-08-31 LIFT=5 15:32:56 ---
15:33:01.210    75664958  FFFFFFF7D7FFF  D17,D19,D25
15:33:02.172    75665911  FFFFFFF7D3FFF  D16,D17,D19,D25
15:33:06.253    75669959  FFFFFFF3D3FFF  D16,D17,D19,D24,D25
15:33:08.538    75672221  FFFFFFE3D3FFF  D16,D17,D19,D24,D25,D26
15:33:08.538    75672223  FFFFFFEBD3FFF  D16,D17,D19,D24,D26
15:33:08.538    75672225  FFFFFFEFD3FFF  D16,D17,D19,D26
15:33:10.542    75674206  FFFFFFEBD3FFF  D16,D17,D19,D24,D26
15:33:12.212    75675874  FFFFFFE3D3FFF  D16,D17,D19,D24,D25,D26
15:33:12.212    75675878  FFFFFFE7D3FFF  D16,D17,D19,D25,D26
15:33:13.614    75677263  FFFFFFE3D3FFF  D16,D17,D19,D24,D25,D26
15:33:15.278    75678891  FFFFFFC3D3FFF  D16,D17,D19,D24,D25,D26,D27
15:33:15.279    75678893  FFFFFFCBD3FFF  D16,D17,D19,D24,D26,D27
15:33:15.279    75678895  FFFFFFCFD3FFF  D16,D17,D19,D26,D27
15:33:15.279    75678897  FFFFFFDFD3FFF  D16,D17,D19,D27
15:33:18.188    75681786  FFFFFFDFD7FFF  D17,D19,D27
--- FW IODebug 1.2.2 2026-08-31 LIFT=5 15:33:26 ---
15:33:41.535    75704970  FFFFFFDFD3FFF  D16,D17,D19,D27
15:33:44.945    75708343  FFFFFFDBD3FFF  D16,D17,D19,D24,D27
15:33:47.185    75710566  FFFFFFD3D3FFF  D16,D17,D19,D24,D25,D27
15:33:47.186    75710570  FFFFFFD7D3FFF  D16,D17,D19,D25,D27
15:33:49.457    75712829  FFFFFFD3D3FFF  D16,D17,D19,D24,D25,D27
15:33:51.447    75714813  FFFFFFC3D3FFF  D16,D17,D19,D24,D25,D26,D27
15:33:51.447    75714816  FFFFFFCBD3FFF  D16,D17,D19,D24,D26,D27
15:33:51.447    75714817  FFFFFFCFD3FFF  D16,D17,D19,D26,D27
15:33:53.138    75716480  FFFFFFCBD3FFF  D16,D17,D19,D24,D26,D27
15:33:54.393    75717711  FFFFFFC3D3FFF  D16,D17,D19,D24,D25,D26,D27
15:33:54.393    75717714  FFFFFFC7D3FFF  D16,D17,D19,D25,D26,D27
15:33:55.640    75718981  FFFFFFC3D3FFF  D16,D17,D19,D24,D25,D26,D27
--- FW IODebug 1.2.2 2026-08-31 LIFT=5 15:33:56 ---
15:33:56.951    75720252  FFFFFF83D3FFF  D16,D17,D19,D24,D25,D26,D27,D28
15:33:56.951    75720253  FFFFFF8BD3FFF  D16,D17,D19,D24,D26,D27,D28
15:33:56.952    75720255  FFFFFFAFD3FFF  D16,D17,D19,D26,D28
15:33:56.952    75720258  FFFFFFBFD3FFF  D16,D17,D19,D28
15:33:58.225    75721522  FFFFFFBBD3FFF  D16,D17,D19,D24,D28
15:33:59.489    75722792  FFFFFFB3D3FFF  D16,D17,D19,D24,D25,D28
15:33:59.489    75722796  FFFFFFB7D3FFF  D16,D17,D19,D25,D28
15:34:00.759    75724061  FFFFFFB3D3FFF  D16,D17,D19,D24,D25,D28
15:34:02.055    75725332  FFFFFFA3D3FFF  D16,D17,D19,D24,D25,D26,D28
15:34:02.056    75725334  FFFFFFABD3FFF  D16,D17,D19,D24,D26,D28
15:34:02.056    75725335  FFFFFFAFD3FFF  D16,D17,D19,D26,D28
15:34:03.561    75726840  FFFFFFABD3FFF  D16,D17,D19,D24,D26,D28
15:34:06.427    75729657  FFFFFFABD7FFF  D17,D19,D24,D26,D28
15:34:24.250    75747362  FFFFFFABD3FFF  D16,D17,D19,D24,D26,D28
--- FW IODebug 1.2.2 2026-08-31 LIFT=5 15:34:26 ---
15:34:27.804    75750895  FFFFFFA3D3FFF  D16,D17,D19,D24,D25,D26,D28
15:34:27.804    75750898  FFFFFFA7D3FFF  D16,D17,D19,D25,D26,D28
15:34:30.764    75753831  FFFFFFA7D7FFF  D17,D19,D25,D26,D28
15:34:45.374    75768323  FFFFFFA7F7FFF  D17,D25,D26,D28
--- FW IODebug 1.2.2 2026-08-31 LIFT=5 15:34:57 ---
15:35:18.186    75800869  FFFFFFA7B7FFF  D17,D20,D25,D26,D28
15:35:19.088    75801783  FFFFFFA7B3FFF  D16,D17,D20,D25,D26,D28
15:35:22.442    75805116  FFFFFFA3B3FFF  D16,D17,D20,D24,D25,D26,D28
15:35:22.442    75805118  FFFFFFABB3FFF  D16,D17,D20,D24,D26,D28
15:35:23.984    75806628  FFFFFFAFB3FFF  D16,D17,D20,D26,D28
15:35:25.265    75807894  FFFFFFABB3FFF  D16,D17,D20,D24,D26,D28
15:35:25.265    75807896  FFFFFFA3B3FFF  D16,D17,D20,D24,D25,D26,D28
15:35:25.265    75807901  FFFFFFB3B3FFF  D16,D17,D20,D24,D25,D28
15:35:26.536    75809169  FFFFFFB7B3FFF  D16,D17,D20,D25,D28
--- FW IODebug 1.2.2 2026-08-31 LIFT=5 15:35:27 ---
15:35:27.805    75810435  FFFFFFB3B3FFF  D16,D17,D20,D24,D25,D28
15:35:27.805    75810437  FFFFFFBBB3FFF  D16,D17,D20,D24,D28
15:35:29.055    75811668  FFFFFFBFB3FFF  D16,D17,D20,D28
15:35:30.346    75812935  FFFFFF8BB3FFF  D16,D17,D20,D24,D26,D27,D28
15:35:30.346    75812937  FFFFFFC3B3FFF  D16,D17,D20,D24,D25,D26,D27
15:35:31.614    75814209  FFFFFFC7B3FFF  D16,D17,D20,D25,D26,D27
15:35:32.889    75815476  FFFFFFC3B3FFF  D16,D17,D20,D24,D25,D26,D27
15:35:32.889    75815478  FFFFFFCBB3FFF  D16,D17,D20,D24,D26,D27
15:35:34.179    75816750  FFFFFFCFB3FFF  D16,D17,D20,D26,D27
15:35:35.851    75818413  FFFFFFCBB3FFF  D16,D17,D20,D24,D26,D27
15:35:35.851    75818415  FFFFFFC3B3FFF  D16,D17,D20,D24,D25,D26,D27
15:35:35.851    75818420  FFFFFFD3B3FFF  D16,D17,D20,D24,D25,D27
15:35:37.812    75820362  FFFFFFD7B3FFF  D16,D17,D20,D25,D27
15:35:40.087    75822621  FFFFFFD3B3FFF  D16,D17,D20,D24,D25,D27
15:35:40.087    75822623  FFFFFFDBB3FFF  D16,D17,D20,D24,D27
15:35:42.130    75824650  FFFFFFDFB3FFF  D16,D17,D20,D27
15:35:43.500    75825994  FFFFFFDBB3FFF  D16,D17,D20,D24,D27
15:35:43.501    75825996  FFFFFFC3B3FFF  D16,D17,D20,D24,D25,D26,D27
15:35:43.501    75825998  FFFFFFE3B3FFF  D16,D17,D20,D24,D25,D26
15:35:44.935    75827428  FFFFFFE7B3FFF  D16,D17,D20,D25,D26
15:35:46.334    75828813  FFFFFFE3B3FFF  D16,D17,D20,D24,D25,D26
15:35:46.334    75828814  FFFFFFEBB3FFF  D16,D17,D20,D24,D26
15:35:48.011    75830484  FFFFFFEFB3FFF  D16,D17,D20,D26
15:35:50.052    75832504  FFFFFFEBB3FFF  D16,D17,D20,D24,D26
15:35:50.052    75832506  FFFFFFE3B3FFF  D16,D17,D20,D24,D25,D26
15:35:50.052    75832511  FFFFFFF3B3FFF  D16,D17,D20,D24,D25
15:35:52.302    75834731  FFFFFFF7B3FFF  D16,D17,D20,D25
15:35:55.923    75838259  FFFFFFF7B7FFF  D17,D20,D25
15:35:55.924    75838341  FFFFFFF7F7FFF  D17,D25
--- FW IODebug 1.2.2 2026-08-31 LIFT=5 15:35:57 ---
--- FW IODebug 1.2.2 2026-08-31 LIFT=5 15:36:27 ---
15:36:56.384    75898341  FFFFFFF7F7FFF  D17,D25
--- FW IODebug 1.2.2 2026-08-31 LIFT=5 15:36:58 ---
--- FW IODebug 1.2.2 2026-08-31 LIFT=5 15:37:28 ---
15:37:56.846    75958341  FFFFFFF7F7FFF  D17,D25
--- FW IODebug 1.2.2 2026-08-31 LIFT=5 15:37:58 ---
15:38:13.053    75974409  FFFFFFF7D7FFF  D17,D19,D25
15:38:13.964    75975322  FFFFFFF7D3FFF  D16,D17,D19,D25
15:38:18.028    75979371  FFFFFFF3D3FFF  D16,D17,D19,D24,D25
15:38:20.315    75981634  FFFFFFFBD3FFF  D16,D17,D19,D24
15:38:20.315    75981636  FFFFFFEBD3FFF  D16,D17,D19,D24,D26
15:38:20.315    75981638  FFFFFFEFD3FFF  D16,D17,D19,D26
15:38:22.317    75983618  FFFFFFEBD3FFF  D16,D17,D19,D24,D26
15:38:23.995    75985286  FFFFFFE3D3FFF  D16,D17,D19,D24,D25,D26
15:38:23.995    75985289  FFFFFFE7D3FFF  D16,D17,D19,D25,D26
15:38:25.402    75986673  FFFFFFE3D3FFF  D16,D17,D19,D24,D25,D26
15:38:26.855    75988103  FFFFFFC3D3FFF  D16,D17,D19,D24,D25,D26,D27
15:38:26.856    75988105  FFFFFFCBD3FFF  D16,D17,D19,D24,D26,D27
15:38:26.856    75988108  FFFFFFCFD3FFF  D16,D17,D19,D26,D27
15:38:26.856    75988110  FFFFFFDFD3FFF  D16,D17,D19,D27
15:38:28.210    75989452  FFFFFFDBD3FFF  D16,D17,D19,D24,D27
--- FW IODebug 1.2.2 2026-08-31 LIFT=5 15:38:28 ---
15:38:30.260    75991478  FFFFFFD3D3FFF  D16,D17,D19,D24,D25,D27
15:38:30.260    75991481  FFFFFFD7D3FFF  D16,D17,D19,D25,D27
15:38:32.521    75993740  FFFFFFD3D3FFF  D16,D17,D19,D24,D25,D27
15:38:34.486    75995684  FFFFFFC3D3FFF  D16,D17,D19,D24,D25,D26,D27
15:38:34.486    75995686  FFFFFFCBD3FFF  D16,D17,D19,D24,D26,D27
15:38:34.487    75995688  FFFFFFCFD3FFF  D16,D17,D19,D26,D27
15:38:36.146    75997351  FFFFFFCBD3FFF  D16,D17,D19,D24,D26,D27
15:38:37.440    75998622  FFFFFFC3D3FFF  D16,D17,D19,D24,D25,D26,D27
15:38:37.440    75998626  FFFFFFC7D3FFF  D16,D17,D19,D25,D26,D27
15:38:38.730    75999892  FFFFFFC3D3FFF  D16,D17,D19,D24,D25,D26,D27
15:38:40.012    76001163  FFFFFF83D3FFF  D16,D17,D19,D24,D25,D26,D27,D28
15:38:40.012    76001165  FFFFFF8BD3FFF  D16,D17,D19,D24,D26,D27,D28
15:38:40.012    76001167  FFFFFFAFD3FFF  D16,D17,D19,D26,D28
15:38:40.012    76001169  FFFFFFBFD3FFF  D16,D17,D19,D28
15:38:41.281    76002433  FFFFFFBBD3FFF  D16,D17,D19,D24,D28
15:38:42.556    76003702  FFFFFFB3D3FFF  D16,D17,D19,D24,D25,D28
15:38:42.556    76003706  FFFFFFB7D3FFF  D16,D17,D19,D25,D28
15:38:43.833    76004973  FFFFFFB3D3FFF  D16,D17,D19,D24,D25,D28
15:38:45.133    76006244  FFFFFFA3D3FFF  D16,D17,D19,D24,D25,D26,D28
15:38:45.133    76006245  FFFFFFABD3FFF  D16,D17,D19,D24,D26,D28
15:38:45.133    76006247  FFFFFFAFD3FFF  D16,D17,D19,D26,D28
15:38:46.974    76007751  FFFFFFABD3FFF  D16,D17,D19,D24,D26,D28
15:38:46.974    76007911  FFFFFFAB93FFF  D16,D17,D19,D20,D24,D26,D28
15:38:46.974    76008071  FFFFFFABB3FFF  D16,D17,D20,D24,D26,D28
15:38:49.431    76010528  FFFFFFABB7FFF  D17,D20,D24,D26,D28
--- FW IODebug 1.2.2 2026-08-31 LIFT=5 15:38:58 ---
15:39:06.003    76026963  FFFFFFABB3FFF  D16,D17,D20,D24,D26,D28
15:39:09.368    76030301  FFFFFFAFB3FFF  D16,D17,D20,D26,D28
15:39:11.286    76032202  FFFFFFABB3FFF  D16,D17,D20,D24,D26,D28
15:39:11.286    76032204  FFFFFFA3B3FFF  D16,D17,D20,D24,D25,D26,D28
15:39:11.286    76032209  FFFFFFB3B3FFF  D16,D17,D20,D24,D25,D28
15:39:14.074    76034980  FFFFFFB3B7FFF  D17,D20,D24,D25,D28
15:39:29.214    76049670  FFFFFFB3F7FFF  D17,D24,D25,D28
--- FW IODebug 1.2.2 2026-08-31 LIFT=5 15:39:29 ---
--- FW IODebug 1.2.2 2026-08-31 LIFT=5 15:39:59 ---
15:40:01.359    76081900  FFFFFFB3B7FFF  D17,D20,D24,D25,D28
15:40:02.283    76082812  FFFFFFB3B3FFF  D16,D17,D20,D24,D25,D28
15:40:05.646    76086151  FFFFFFB7B3FFF  D16,D17,D20,D25,D28
15:40:07.120    76087615  FFFFFFB3B3FFF  D16,D17,D20,D24,D25,D28
15:40:07.120    76087617  FFFFFFBBB3FFF  D16,D17,D20,D24,D28
15:40:08.390    76088889  FFFFFFBFB3FFF  D16,D17,D20,D28
15:40:09.686    76090155  FFFFFF9BB3FFF  D16,D17,D20,D24,D27,D28
15:40:09.686    76090157  FFFFFFC3B3FFF  D16,D17,D20,D24,D25,D26,D27
15:40:10.955    76091429  FFFFFFC7B3FFF  D16,D17,D20,D25,D26,D27
15:40:12.243    76092696  FFFFFFC3B3FFF  D16,D17,D20,D24,D25,D26,D27
15:40:12.243    76092697  FFFFFFCBB3FFF  D16,D17,D20,D24,D26,D27
15:40:13.520    76093970  FFFFFFCFB3FFF  D16,D17,D20,D26,D27
15:40:15.205    76095633  FFFFFFCBB3FFF  D16,D17,D20,D24,D26,D27
15:40:15.206    76095635  FFFFFFC3B3FFF  D16,D17,D20,D24,D25,D26,D27
15:40:15.206    76095640  FFFFFFD3B3FFF  D16,D17,D20,D24,D25,D27
15:40:17.157    76097582  FFFFFFD7B3FFF  D16,D17,D20,D25,D27
15:40:19.453    76099841  FFFFFFD3B3FFF  D16,D17,D20,D24,D25,D27
15:40:19.453    76099843  FFFFFFDBB3FFF  D16,D17,D20,D24,D27
15:40:21.466    76101869  FFFFFFDFB3FFF  D16,D17,D20,D27
15:40:22.845    76103215  FFFFFFC3B3FFF  D16,D17,D20,D24,D25,D26,D27
15:40:22.846    76103218  FFFFFFE3B3FFF  D16,D17,D20,D24,D25,D26
15:40:24.289    76104647  FFFFFFE7B3FFF  D16,D17,D20,D25,D26
15:40:25.674    76106033  FFFFFFE3B3FFF  D16,D17,D20,D24,D25,D26
15:40:25.674    76106035  FFFFFFEBB3FFF  D16,D17,D20,D24,D26
15:40:27.361    76107704  FFFFFFEFB3FFF  D16,D17,D20,D26
15:40:29.678    76109724  FFFFFFEBB3FFF  D16,D17,D20,D24,D26
15:40:29.679    76109726  FFFFFFE3B3FFF  D16,D17,D20,D24,D25,D26
15:40:29.679    76109731  FFFFFFF3B3FFF  D16,D17,D20,D24,D25
--- FW IODebug 1.2.2 2026-08-31 LIFT=5 15:40:29 ---
15:40:31.639    76111951  FFFFFFF7B3FFF  D16,D17,D20,D25
15:40:35.304    76115478  FFFFFFF7B7FFF  D17,D20,D25
15:40:35.305    76115561  FFFFFFF7F7FFF  D17,D25
15:40:43.913    76124132  FFFFFFF7D7FFF  D17,D19,D25
15:40:44.839    76125046  FFFFFFF7D3FFF  D16,D17,D19,D25
15:40:48.924    76129094  FFFFFFF3D3FFF  D16,D17,D19,D24,D25
15:40:51.210    76131357  FFFFFFE3D3FFF  D16,D17,D19,D24,D25,D26
15:40:51.211    76131359  FFFFFFEBD3FFF  D16,D17,D19,D24,D26
15:40:51.211    76131361  FFFFFFEFD3FFF  D16,D17,D19,D26
15:40:53.185    76133342  FFFFFFEBD3FFF  D16,D17,D19,D24,D26
15:40:54.879    76135010  FFFFFFE3D3FFF  D16,D17,D19,D24,D25,D26
15:40:54.879    76135013  FFFFFFE7D3FFF  D16,D17,D19,D25,D26
15:40:56.311    76136438  FFFFFFE3D3FFF  D16,D17,D19,D24,D25,D26
15:40:57.721    76137827  FFFFFFC3D3FFF  D16,D17,D19,D24,D25,D26,D27
15:40:57.721    76137829  FFFFFFCBD3FFF  D16,D17,D19,D24,D26,D27
15:40:57.721    76137831  FFFFFFCFD3FFF  D16,D17,D19,D26,D27
15:40:57.722    76137834  FFFFFFDFD3FFF  D16,D17,D19,D27
15:40:59.074    76139176  FFFFFFDBD3FFF  D16,D17,D19,D24,D27
--- FW IODebug 1.2.2 2026-08-31 LIFT=5 15:40:59 ---
15:41:01.130    76141202  FFFFFFD3D3FFF  D16,D17,D19,D24,D25,D27
15:41:01.130    76141205  FFFFFFD7D3FFF  D16,D17,D19,D25,D27
15:41:03.407    76143463  FFFFFFD3D3FFF  D16,D17,D19,D24,D25,D27
15:41:05.359    76145409  FFFFFFC3D3FFF  D16,D17,D19,D24,D25,D26,D27
15:41:05.359    76145411  FFFFFFCBD3FFF  D16,D17,D19,D24,D26,D27
15:41:05.359    76145413  FFFFFFCFD3FFF  D16,D17,D19,D26,D27
15:41:07.035    76147076  FFFFFFCBD3FFF  D16,D17,D19,D24,D26,D27
15:41:08.325    76148346  FFFFFFC3D3FFF  D16,D17,D19,D24,D25,D26,D27
15:41:08.326    76148349  FFFFFFC7D3FFF  D16,D17,D19,D25,D26,D27
15:41:09.603    76149616  FFFFFFC3D3FFF  D16,D17,D19,D24,D25,D26,D27
15:41:10.880    76150887  FFFFFF8BD3FFF  D16,D17,D19,D24,D26,D27,D28
15:41:10.880    76150889  FFFFFFABD3FFF  D16,D17,D19,D24,D26,D28
15:41:10.880    76150891  FFFFFFAFD3FFF  D16,D17,D19,D26,D28
15:41:10.880    76150893  FFFFFFBFD3FFF  D16,D17,D19,D28
15:41:12.165    76152157  FFFFFFBBD3FFF  D16,D17,D19,D24,D28
15:41:13.443    76153427  FFFFFFB3D3FFF  D16,D17,D19,D24,D25,D28
15:41:13.443    76153431  FFFFFFB7D3FFF  D16,D17,D19,D25,D28
15:41:15.269    76154935  FFFFFFB3D3FFF  D16,D17,D19,D24,D25,D28
15:41:15.269    76155096  FFFFFFB393FFF  D16,D17,D19,D20,D24,D25,D28
15:41:15.269    76155255  FFFFFFB3B3FFF  D16,D17,D20,D24,D25,D28
15:41:17.786    76157752  FFFFFFB3B7FFF  D17,D20,D24,D25,D28
--- FW IODebug 1.2.2 2026-08-31 LIFT=5 15:41:30 ---
15:41:34.347    76174187  FFFFFFB3B3FFF  D16,D17,D20,D24,D25,D28
15:41:37.876    76177683  FFFFFFB7B3FFF  D16,D17,D20,D25,D28
15:41:40.783    76180576  FFFFFFB7B7FFF  D17,D20,D25,D28
15:41:55.912    76195584  FFFFFFB7F7FFF  D17,D25,D28
--- FW IODebug 1.2.2 2026-08-31 LIFT=5 15:42:00 ---
15:42:21.668    76221146  FFFFFFB7B7FFF  D17,D20,D25,D28
--- FW IODebug 1.2.2 2026-08-31 LIFT=5 15:42:30 ---
15:42:39.310    76238649  FFFFFFB7B3FFF  D16,D17,D20,D25,D28
15:42:42.678    76241983  FFFFFFB3B3FFF  D16,D17,D20,D24,D25,D28
15:42:42.678    76241984  FFFFFFBBB3FFF  D16,D17,D20,D24,D28
15:42:44.599    76243893  FFFFFFBFB3FFF  D16,D17,D20,D28
15:42:47.377    76246666  FFFFFFBFB7FFF  D17,D20,D28
--- FW IODebug 1.2.2 2026-08-31 LIFT=5 15:43:00 ---
15:43:02.150    76261315  FFFFFFBFF7FFF  D17,D28
--- FW IODebug 1.2.2 2026-08-31 LIFT=5 15:43:31 ---
15:43:33.349    76292275  FFFFFFBFD7FFF  D17,D19,D28
15:43:34.256    76293188  FFFFFFBFD3FFF  D16,D17,D19,D28
15:43:37.576    76296482  FFFFFFBBD3FFF  D16,D17,D19,D24,D28
15:43:39.118    76297991  FFFFFFB3D3FFF  D16,D17,D19,D24,D25,D28
15:43:39.118    76297995  FFFFFFB7D3FFF  D16,D17,D19,D25,D28
15:43:40.386    76299260  FFFFFFB3D3FFF  D16,D17,D19,D24,D25,D28
15:43:41.668    76300531  FFFFFFA3D3FFF  D16,D17,D19,D24,D25,D26,D28
15:43:41.669    76300532  FFFFFFABD3FFF  D16,D17,D19,D24,D26,D28
15:43:41.669    76300535  FFFFFFAFD3FFF  D16,D17,D19,D26,D28
15:43:42.947    76301801  FFFFFFABD3FFF  D16,D17,D19,D24,D26,D28
15:43:44.225    76303072  FFFFFFA3D3FFF  D16,D17,D19,D24,D25,D26,D28
15:43:44.225    76303076  FFFFFFA7D3FFF  D16,D17,D19,D25,D26,D28
15:43:45.520    76304342  FFFFFFA3D3FFF  D16,D17,D19,D24,D25,D26,D28
15:43:46.787    76305612  FFFFFF83D3FFF  D16,D17,D19,D24,D25,D26,D27,D28
15:43:46.787    76305613  FFFFFF8BD3FFF  D16,D17,D19,D24,D26,D27,D28
15:43:46.787    76305615  FFFFFF8FD3FFF  D16,D17,D19,D26,D27,D28
15:43:46.787    76305619  FFFFFF9FD3FFF  D16,D17,D19,D27,D28
15:43:48.069    76306882  FFFFFF9BD3FFF  D16,D17,D19,D24,D27,D28
15:43:49.349    76308152  FFFFFF93D3FFF  D16,D17,D19,D24,D25,D27,D28
15:43:49.349    76308156  FFFFFF97D3FFF  D16,D17,D19,D25,D27,D28
15:43:50.613    76309423  FFFFFF93D3FFF  D16,D17,D19,D24,D25,D27,D28
15:43:51.909    76310692  FFFFFF83D3FFF  D16,D17,D19,D24,D25,D26,D27,D28
15:43:51.910    76310694  FFFFFF8BD3FFF  D16,D17,D19,D24,D26,D27,D28
15:43:51.910    76310696  FFFFFF8FD3FFF  D16,D17,D19,D26,D27,D28
15:43:53.189    76311963  FFFFFF8BD3FFF  D16,D17,D19,D24,D26,D27,D28
15:43:54.470    76313233  FFFFFF83D3FFF  D16,D17,D19,D24,D25,D26,D27,D28
15:43:54.470    76313237  FFFFFF87D3FFF  D16,D17,D19,D25,D26,D27,D28
15:43:55.748    76314503  FFFFFF83D3FFF  D16,D17,D19,D24,D25,D26,D27,D28
15:43:57.040    76315773  FFFFFF0BD3FFF  D16,D17,D19,D24,D26,D27,D28,D29
15:43:57.040    76315776  FFFFFF4BD3FFF  D16,D17,D19,D24,D26,D27,D29
15:43:57.040    76315778  FFFFFF6FD3FFF  D16,D17,D19,D26,D29
15:43:57.040    76315780  FFFFFF7FD3FFF  D16,D17,D19,D29
15:43:58.317    76317043  FFFFFF7BD3FFF  D16,D17,D19,D24,D29
15:43:59.603    76318314  FFFFFF73D3FFF  D16,D17,D19,D24,D25,D29
15:43:59.603    76318317  FFFFFF77D3FFF  D16,D17,D19,D25,D29
15:44:01.291    76319584  FFFFFF73D3FFF  D16,D17,D19,D24,D25,D29
--- FW IODebug 1.2.2 2026-08-31 LIFT=5 15:44:01 ---
15:44:02.138    76320854  FFFFFF63D3FFF  D16,D17,D19,D24,D25,D26,D29
15:44:02.138    76320856  FFFFFF6BD3FFF  D16,D17,D19,D24,D26,D29
15:44:02.138    76320859  FFFFFF6FD3FFF  D16,D17,D19,D26,D29
15:44:03.426    76322124  FFFFFF6BD3FFF  D16,D17,D19,D24,D26,D29
15:44:04.707    76323395  FFFFFF63D3FFF  D16,D17,D19,D24,D25,D26,D29
15:44:04.708    76323398  FFFFFF67D3FFF  D16,D17,D19,D25,D26,D29
15:44:05.990    76324665  FFFFFF63D3FFF  D16,D17,D19,D24,D25,D26,D29
15:44:07.218    76325896  FFFFFF43D3FFF  D16,D17,D19,D24,D25,D26,D27,D29
15:44:07.218    76325898  FFFFFF4BD3FFF  D16,D17,D19,D24,D26,D27,D29
15:44:07.218    76325900  FFFFFF4FD3FFF  D16,D17,D19,D26,D27,D29
15:44:07.218    76325902  FFFFFF5FD3FFF  D16,D17,D19,D27,D29
15:44:08.587    76327244  FFFFFF5BD3FFF  D16,D17,D19,D24,D27,D29
15:44:09.955    76328595  FFFFFF53D3FFF  D16,D17,D19,D24,D25,D27,D29
15:44:09.955    76328598  FFFFFF57D3FFF  D16,D17,D19,D25,D27,D29
15:44:11.267    76329905  FFFFFF53D3FFF  D16,D17,D19,D24,D25,D27,D29
15:44:12.637    76331254  FFFFFF43D3FFF  D16,D17,D19,D24,D25,D26,D27,D29
15:44:12.637    76331256  FFFFFF4BD3FFF  D16,D17,D19,D24,D26,D27,D29
15:44:12.638    76331257  FFFFFF4FD3FFF  D16,D17,D19,D26,D27,D29
15:44:13.932    76332563  FFFFFF4BD3FFF  D16,D17,D19,D24,D26,D27,D29
15:44:15.594    76334191  FFFFFF43D3FFF  D16,D17,D19,D24,D25,D26,D27,D29
15:44:15.595    76334195  FFFFFF47D3FFF  D16,D17,D19,D25,D26,D27,D29
15:44:18.627    76337206  FFFFFF47D7FFF  D17,D19,D25,D26,D27,D29
--- FW IODebug 1.2.2 2026-08-31 LIFT=5 15:44:31 ---
15:44:38.948    76357373  FFFFFF4797FFF  D17,D19,D20,D25,D26,D27,D29
15:44:38.948    76357376  FFFFFF47B7FFF  D17,D20,D25,D26,D27,D29
15:44:39.906    76358326  FFFFFF47B3FFF  D16,D17,D20,D25,D26,D27,D29
15:44:43.624    76362015  FFFFFF43B3FFF  D16,D17,D20,D24,D25,D26,D27,D29
15:44:43.624    76362017  FFFFFF4BB3FFF  D16,D17,D20,D24,D26,D27,D29
15:44:46.781    76365151  FFFFFF4BB7FFF  D17,D20,D24,D26,D27,D29
--- FW IODebug 1.2.2 2026-08-31 LIFT=5 15:45:01 ---
--- FW IODebug 1.2.2 2026-08-31 LIFT=5 15:45:31 ---
15:45:47.238    76425151  FFFFFF4BB7FFF  D17,D20,D24,D26,D27,D29
15:45:49.255    76427154  FFFFFF4BB3FFF  D16,D17,D20,D24,D26,D27,D29
15:45:52.653    76430531  FFFFFF4FB3FFF  D16,D17,D20,D26,D27,D29
15:45:54.224    76432075  FFFFFF4BB3FFF  D16,D17,D20,D24,D26,D27,D29
15:45:54.224    76432077  FFFFFF43B3FFF  D16,D17,D20,D24,D25,D26,D27,D29
15:45:54.225    76432081  FFFFFF53B3FFF  D16,D17,D20,D24,D25,D27,D29
15:45:55.554    76433389  FFFFFF57B3FFF  D16,D17,D20,D25,D27,D29
15:45:56.906    76434735  FFFFFF53B3FFF  D16,D17,D20,D24,D25,D27,D29
15:45:56.906    76434737  FFFFFF5BB3FFF  D16,D17,D20,D24,D27,D29
15:45:58.227    76436048  FFFFFF5FB3FFF  D16,D17,D20,D27,D29
15:45:59.599    76437394  FFFFFF4BB3FFF  D16,D17,D20,D24,D26,D27,D29
15:45:59.599    76437396  FFFFFF43B3FFF  D16,D17,D20,D24,D25,D26,D27,D29
15:45:59.599    76437398  FFFFFF63B3FFF  D16,D17,D20,D24,D25,D26,D29
15:46:00.857    76438668  FFFFFF67B3FFF  D16,D17,D20,D25,D26,D29
15:46:02.207    76439934  FFFFFF63B3FFF  D16,D17,D20,D24,D25,D26,D29
15:46:02.207    76439937  FFFFFF6BB3FFF  D16,D17,D20,D24,D26,D29
--- FW IODebug 1.2.2 2026-08-31 LIFT=5 15:46:02 ---
15:46:03.425    76441208  FFFFFF6FB3FFF  D16,D17,D20,D26,D29
15:46:04.937    76442713  FFFFFF6BB3FFF  D16,D17,D20,D24,D26,D29
15:46:04.938    76442715  FFFFFF63B3FFF  D16,D17,D20,D24,D25,D26,D29
15:46:04.938    76442720  FFFFFF73B3FFF  D16,D17,D20,D24,D25,D29
15:46:07.745    76445491  FFFFFF73B7FFF  D17,D20,D24,D25,D29
--- FW IODebug 1.2.2 2026-08-31 LIFT=5 15:46:32 ---
15:46:33.342    76470896  FFFFFF73B3FFF  D16,D17,D20,D24,D25,D29
15:46:36.698    76474233  FFFFFF77B3FFF  D16,D17,D20,D25,D29
15:46:38.234    76475738  FFFFFF73B3FFF  D16,D17,D20,D24,D25,D29
15:46:38.234    76475740  FFFFFF7BB3FFF  D16,D17,D20,D24,D29
15:46:39.501    76477012  FFFFFF7FB3FFF  D16,D17,D20,D29
15:46:40.767    76478278  FFFFFF4BB3FFF  D16,D17,D20,D24,D26,D27,D29
15:46:40.767    76478280  FFFFFF83B3FFF  D16,D17,D20,D24,D25,D26,D27,D28
15:46:42.010    76479513  FFFFFF87B3FFF  D16,D17,D20,D25,D26,D27,D28
15:46:43.299    76480779  FFFFFF83B3FFF  D16,D17,D20,D24,D25,D26,D27,D28
15:46:43.300    76480781  FFFFFF8BB3FFF  D16,D17,D20,D24,D26,D27,D28
15:46:44.575    76482054  FFFFFF8FB3FFF  D16,D17,D20,D26,D27,D28
15:46:45.869    76483319  FFFFFF8BB3FFF  D16,D17,D20,D24,D26,D27,D28
15:46:45.869    76483321  FFFFFF83B3FFF  D16,D17,D20,D24,D25,D26,D27,D28
15:46:45.869    76483326  FFFFFF93B3FFF  D16,D17,D20,D24,D25,D27,D28
15:46:47.143    76484593  FFFFFF97B3FFF  D16,D17,D20,D25,D27,D28
15:46:48.408    76485860  FFFFFF93B3FFF  D16,D17,D20,D24,D25,D27,D28
15:46:48.408    76485862  FFFFFF9BB3FFF  D16,D17,D20,D24,D27,D28
15:46:49.708    76487134  FFFFFF9FB3FFF  D16,D17,D20,D27,D28
15:46:50.986    76488400  FFFFFF83B3FFF  D16,D17,D20,D24,D25,D26,D27,D28
15:46:50.986    76488403  FFFFFFA3B3FFF  D16,D17,D20,D24,D25,D26,D28
15:46:52.269    76489674  FFFFFFA7B3FFF  D16,D17,D20,D25,D26,D28
15:46:53.525    76490940  FFFFFFA3B3FFF  D16,D17,D20,D24,D25,D26,D28
15:46:53.525    76490942  FFFFFFABB3FFF  D16,D17,D20,D24,D26,D28
15:46:54.823    76492215  FFFFFFAFB3FFF  D16,D17,D20,D26,D28
15:46:56.090    76493480  FFFFFFABB3FFF  D16,D17,D20,D24,D26,D28
15:46:56.090    76493483  FFFFFFA3B3FFF  D16,D17,D20,D24,D25,D26,D28
15:46:56.090    76493488  FFFFFFB3B3FFF  D16,D17,D20,D24,D25,D28
15:46:57.379    76494755  FFFFFFB7B3FFF  D16,D17,D20,D25,D28
15:46:58.653    76496021  FFFFFFB3B3FFF  D16,D17,D20,D24,D25,D28
15:46:58.654    76496023  FFFFFFBBB3FFF  D16,D17,D20,D24,D28
15:47:00.178    76497533  FFFFFFBFB3FFF  D16,D17,D20,D28
--- FW IODebug 1.2.2 2026-08-31 LIFT=5 15:47:02 ---
15:47:02.984    76500306  FFFFFFBFB7FFF  D17,D20,D28
15:47:18.938    76515989  FFFFFFBFF7FFF  D17,D28
15:47:18.938    76516146  FFFFFFBFD7FFF  D17,D19,D28
15:47:19.783    76516980  FFFFFFBFD3FFF  D16,D17,D19,D28
15:47:23.135    76520314  FFFFFFBBD3FFF  D16,D17,D19,D24,D28
15:47:24.632    76521783  FFFFFFB3D3FFF  D16,D17,D19,D24,D25,D28
15:47:24.632    76521787  FFFFFFB7D3FFF  D16,D17,D19,D25,D28
15:47:25.902    76523053  FFFFFFB3D3FFF  D16,D17,D19,D24,D25,D28
15:47:27.173    76524323  FFFFFFA3D3FFF  D16,D17,D19,D24,D25,D26,D28
15:47:27.173    76524325  FFFFFFABD3FFF  D16,D17,D19,D24,D26,D28
15:47:27.173    76524326  FFFFFFAFD3FFF  D16,D17,D19,D26,D28
15:47:28.468    76525593  FFFFFFABD3FFF  D16,D17,D19,D24,D26,D28
15:47:29.741    76526864  FFFFFFA3D3FFF  D16,D17,D19,D24,D25,D26,D28
15:47:29.742    76526867  FFFFFFA7D3FFF  D16,D17,D19,D25,D26,D28
15:47:31.008    76528134  FFFFFFA3D3FFF  D16,D17,D19,D24,D25,D26,D28
15:47:32.300    76529403  FFFFFF83D3FFF  D16,D17,D19,D24,D25,D26,D27,D28
15:47:32.300    76529405  FFFFFF8BD3FFF  D16,D17,D19,D24,D26,D27,D28
15:47:32.301    76529408  FFFFFF8FD3FFF  D16,D17,D19,D26,D27,D28
15:47:32.301    76529411  FFFFFF9FD3FFF  D16,D17,D19,D27,D28
--- FW IODebug 1.2.2 2026-08-31 LIFT=5 15:47:32 ---
15:47:33.581    76530673  FFFFFF9BD3FFF  D16,D17,D19,D24,D27,D28
15:47:34.860    76531945  FFFFFF93D3FFF  D16,D17,D19,D24,D25,D27,D28
15:47:34.860    76531948  FFFFFF97D3FFF  D16,D17,D19,D25,D27,D28
15:47:36.142    76533214  FFFFFF93D3FFF  D16,D17,D19,D24,D25,D27,D28
15:47:37.429    76534486  FFFFFF83D3FFF  D16,D17,D19,D24,D25,D26,D27,D28
15:47:37.429    76534487  FFFFFF8BD3FFF  D16,D17,D19,D24,D26,D27,D28
15:47:37.429    76534489  FFFFFF8FD3FFF  D16,D17,D19,D26,D27,D28
15:47:38.691    76535754  FFFFFF8BD3FFF  D16,D17,D19,D24,D26,D27,D28
15:47:39.979    76537025  FFFFFF83D3FFF  D16,D17,D19,D24,D25,D26,D27,D28
15:47:39.979    76537028  FFFFFF87D3FFF  D16,D17,D19,D25,D26,D27,D28
15:47:41.247    76538295  FFFFFF83D3FFF  D16,D17,D19,D24,D25,D26,D27,D28
15:47:42.538    76539567  FFFFFF0BD3FFF  D16,D17,D19,D24,D26,D27,D28,D29
15:47:42.538    76539568  FFFFFF4BD3FFF  D16,D17,D19,D24,D26,D27,D29
15:47:42.538    76539570  FFFFFF6FD3FFF  D16,D17,D19,D26,D29
15:47:42.538    76539572  FFFFFF7FD3FFF  D16,D17,D19,D29
15:47:43.823    76540835  FFFFFF7BD3FFF  D16,D17,D19,D24,D29
15:47:45.091    76542105  FFFFFF73D3FFF  D16,D17,D19,D24,D25,D29
15:47:45.091    76542110  FFFFFF77D3FFF  D16,D17,D19,D25,D29
15:47:46.369    76543376  FFFFFF73D3FFF  D16,D17,D19,D24,D25,D29
15:47:47.678    76544646  FFFFFF63D3FFF  D16,D17,D19,D24,D25,D26,D29
15:47:47.679    76544648  FFFFFF6BD3FFF  D16,D17,D19,D24,D26,D29
15:47:47.679    76544650  FFFFFF6FD3FFF  D16,D17,D19,D26,D29
15:47:48.935    76545916  FFFFFF6BD3FFF  D16,D17,D19,D24,D26,D29
15:47:50.221    76547187  FFFFFF63D3FFF  D16,D17,D19,D24,D25,D26,D29
15:47:50.221    76547190  FFFFFF67D3FFF  D16,D17,D19,D25,D26,D29
15:47:51.492    76548456  FFFFFF63D3FFF  D16,D17,D19,D24,D25,D26,D29
15:47:53.033    76549965  FFFFFF43D3FFF  D16,D17,D19,D24,D25,D26,D27,D29
15:47:53.033    76549967  FFFFFF4BD3FFF  D16,D17,D19,D24,D26,D27,D29
15:47:53.033    76549969  FFFFFF4FD3FFF  D16,D17,D19,D26,D27,D29
15:47:53.033    76549971  FFFFFF5FD3FFF  D16,D17,D19,D27,D29
15:47:55.856    76552781  FFFFFF5FD7FFF  D17,D19,D27,D29
--- FW IODebug 1.2.2 2026-08-31 LIFT=5 15:48:03 ---
15:48:29.661    76586326  FFFFFF5F97FFF  D17,D19,D20,D27,D29
15:48:29.661    76586328  FFFFFF5FB7FFF  D17,D20,D27,D29
15:48:30.701    76587357  FFFFFF5FB3FFF  D16,D17,D20,D27,D29
--- FW IODebug 1.2.2 2026-08-31 LIFT=5 15:48:33 ---
15:48:34.277    76590889  FFFFFF43B3FFF  D16,D17,D20,D24,D25,D26,D27,D29
15:48:34.278    76590893  FFFFFF63B3FFF  D16,D17,D20,D24,D25,D26,D29
15:48:37.178    76593785  FFFFFF63B7FFF  D17,D20,D24,D25,D26,D29
15:49:01.125    76617564  FFFFFF63B3FFF  D16,D17,D20,D24,D25,D26,D29
--- FW IODebug 1.2.2 2026-08-31 LIFT=5 15:49:03 ---
15:49:04.463    76620861  FFFFFF67B3FFF  D16,D17,D20,D25,D26,D29
15:49:05.966    76622365  FFFFFF63B3FFF  D16,D17,D20,D24,D25,D26,D29
15:49:05.966    76622367  FFFFFF6BB3FFF  D16,D17,D20,D24,D26,D29
15:49:07.268    76623640  FFFFFF6FB3FFF  D16,D17,D20,D26,D29
15:49:08.536    76624906  FFFFFF6BB3FFF  D16,D17,D20,D24,D26,D29
15:49:08.536    76624908  FFFFFF63B3FFF  D16,D17,D20,D24,D25,D26,D29
15:49:08.536    76624913  FFFFFF73B3FFF  D16,D17,D20,D24,D25,D29
15:49:09.806    76626181  FFFFFF77B3FFF  D16,D17,D20,D25,D29
15:49:11.089    76627446  FFFFFF73B3FFF  D16,D17,D20,D24,D25,D29
15:49:11.089    76627448  FFFFFF7BB3FFF  D16,D17,D20,D24,D29
15:49:12.387    76628720  FFFFFF7FB3FFF  D16,D17,D20,D29
15:49:13.656    76629987  FFFFFF43B3FFF  D16,D17,D20,D24,D25,D26,D27,D29
15:49:13.657    76629989  FFFFFF83B3FFF  D16,D17,D20,D24,D25,D26,D27,D28
15:49:14.935    76631261  FFFFFF87B3FFF  D16,D17,D20,D25,D26,D27,D28
15:49:16.207    76632527  FFFFFF83B3FFF  D16,D17,D20,D24,D25,D26,D27,D28
15:49:16.208    76632529  FFFFFF8BB3FFF  D16,D17,D20,D24,D26,D27,D28
15:49:17.494    76633802  FFFFFF8FB3FFF  D16,D17,D20,D26,D27,D28
15:49:18.777    76635068  FFFFFF8BB3FFF  D16,D17,D20,D24,D26,D27,D28
15:49:18.777    76635069  FFFFFF83B3FFF  D16,D17,D20,D24,D25,D26,D27,D28
15:49:18.778    76635075  FFFFFF93B3FFF  D16,D17,D20,D24,D25,D27,D28
15:49:20.056    76636342  FFFFFF97B3FFF  D16,D17,D20,D25,D27,D28
15:49:21.321    76637608  FFFFFF93B3FFF  D16,D17,D20,D24,D25,D27,D28
15:49:21.321    76637609  FFFFFF9BB3FFF  D16,D17,D20,D24,D27,D28
15:49:22.615    76638882  FFFFFF9FB3FFF  D16,D17,D20,D27,D28
15:49:23.889    76640148  FFFFFF83B3FFF  D16,D17,D20,D24,D25,D26,D27,D28
15:49:23.890    76640151  FFFFFFA3B3FFF  D16,D17,D20,D24,D25,D26,D28
15:49:25.177    76641423  FFFFFFA7B3FFF  D16,D17,D20,D25,D26,D28
15:49:26.459    76642689  FFFFFFA3B3FFF  D16,D17,D20,D24,D25,D26,D28
15:49:26.459    76642691  FFFFFFABB3FFF  D16,D17,D20,D24,D26,D28
15:49:27.748    76643963  FFFFFFAFB3FFF  D16,D17,D20,D26,D28
15:49:29.000    76645229  FFFFFFABB3FFF  D16,D17,D20,D24,D26,D28
15:49:29.000    76645231  FFFFFFA3B3FFF  D16,D17,D20,D24,D25,D26,D28
15:49:29.000    76645236  FFFFFFB3B3FFF  D16,D17,D20,D24,D25,D28
15:49:30.286    76646503  FFFFFFB7B3FFF  D16,D17,D20,D25,D28
15:49:31.528    76647730  FFFFFFB3B3FFF  D16,D17,D20,D24,D25,D28
15:49:31.528    76647732  FFFFFFBBB3FFF  D16,D17,D20,D24,D28
15:49:33.095    76649282  FFFFFFBFB3FFF  D16,D17,D20,D28
--- FW IODebug 1.2.2 2026-08-31 LIFT=5 15:49:33 ---
15:49:35.898    76652055  FFFFFFBFB7FFF  D17,D20,D28
15:49:52.697    76668729  FFFFFFBFB3FFF  D16,D17,D20,D28
15:49:56.049    76672062  FFFFFF8BB3FFF  D16,D17,D20,D24,D26,D27,D28
15:49:56.049    76672064  FFFFFFC3B3FFF  D16,D17,D20,D24,D25,D26,D27
15:49:57.615    76673614  FFFFFFC7B3FFF  D16,D17,D20,D25,D26,D27
15:49:59.214    76675197  FFFFFFC3B3FFF  D16,D17,D20,D24,D25,D26,D27
15:49:59.215    76675200  FFFFFFCBB3FFF  D16,D17,D20,D24,D26,D27
15:50:02.046    76678014  FFFFFFCBB7FFF  D17,D20,D24,D26,D27
--- FW IODebug 1.2.2 2026-08-31 LIFT=5 15:50:04 ---
15:50:16.699    76692546  FFFFFFCBF7FFF  D17,D24,D26,D27
--- FW IODebug 1.2.2 2026-08-31 LIFT=5 15:50:34 ---
15:50:34.611    76710327  FFFFFFCBD7FFF  D17,D19,D24,D26,D27
15:50:35.520    76711240  FFFFFFCBD3FFF  D16,D17,D19,D24,D26,D27
15:50:38.848    76714534  FFFFFFC3D3FFF  D16,D17,D19,D24,D25,D26,D27
15:50:38.848    76714537  FFFFFFC7D3FFF  D16,D17,D19,D25,D26,D27
15:50:40.364    76716043  FFFFFFC3D3FFF  D16,D17,D19,D24,D25,D26,D27
15:50:41.653    76717314  FFFFFF8BD3FFF  D16,D17,D19,D24,D26,D27,D28
15:50:41.653    76717316  FFFFFFABD3FFF  D16,D17,D19,D24,D26,D28
15:50:41.653    76717318  FFFFFFBFD3FFF  D16,D17,D19,D28
15:50:42.919    76718582  FFFFFFBBD3FFF  D16,D17,D19,D24,D28
15:50:44.209    76719853  FFFFFFB3D3FFF  D16,D17,D19,D24,D25,D28
15:50:44.210    76719857  FFFFFFB7D3FFF  D16,D17,D19,D25,D28
15:50:45.476    76721124  FFFFFFB3D3FFF  D16,D17,D19,D24,D25,D28
15:50:46.772    76722394  FFFFFFA3D3FFF  D16,D17,D19,D24,D25,D26,D28
15:50:46.772    76722396  FFFFFFABD3FFF  D16,D17,D19,D24,D26,D28
15:50:46.773    76722398  FFFFFFAFD3FFF  D16,D17,D19,D26,D28
15:50:48.053    76723663  FFFFFFABD3FFF  D16,D17,D19,D24,D26,D28
15:50:49.341    76724934  FFFFFFA3D3FFF  D16,D17,D19,D24,D25,D26,D28
15:50:49.341    76724937  FFFFFFA7D3FFF  D16,D17,D19,D25,D26,D28
15:50:50.601    76726204  FFFFFFA3D3FFF  D16,D17,D19,D24,D25,D26,D28
15:50:51.892    76727475  FFFFFF83D3FFF  D16,D17,D19,D24,D25,D26,D27,D28
15:50:51.892    76727477  FFFFFF8BD3FFF  D16,D17,D19,D24,D26,D27,D28
15:50:51.893    76727479  FFFFFF8FD3FFF  D16,D17,D19,D26,D27,D28
15:50:51.893    76727481  FFFFFF9FD3FFF  D16,D17,D19,D27,D28
15:50:53.177    76728744  FFFFFF9BD3FFF  D16,D17,D19,D24,D27,D28
15:50:54.462    76730015  FFFFFF93D3FFF  D16,D17,D19,D24,D25,D27,D28
15:50:54.462    76730018  FFFFFF97D3FFF  D16,D17,D19,D25,D27,D28
15:50:55.731    76731285  FFFFFF93D3FFF  D16,D17,D19,D24,D25,D27,D28
15:50:57.024    76732555  FFFFFF83D3FFF  D16,D17,D19,D24,D25,D26,D27,D28
15:50:57.025    76732557  FFFFFF8BD3FFF  D16,D17,D19,D24,D26,D27,D28
15:50:57.025    76732559  FFFFFF8FD3FFF  D16,D17,D19,D26,D27,D28
15:50:58.283    76733826  FFFFFF8BD3FFF  D16,D17,D19,D24,D26,D27,D28
15:50:59.562    76735095  FFFFFF83D3FFF  D16,D17,D19,D24,D25,D26,D27,D28
15:50:59.562    76735099  FFFFFF87D3FFF  D16,D17,D19,D25,D26,D27,D28
15:51:00.854    76736365  FFFFFF83D3FFF  D16,D17,D19,D24,D25,D26,D27,D28
15:51:02.135    76737636  FFFFFF03D3FFF  D16,D17,D19,D24,D25,D26,D27,D28,D29
15:51:02.135    76737638  FFFFFF4BD3FFF  D16,D17,D19,D24,D26,D27,D29
15:51:02.135    76737640  FFFFFF6FD3FFF  D16,D17,D19,D26,D29
15:51:02.135    76737642  FFFFFF7FD3FFF  D16,D17,D19,D29
15:51:03.397    76738906  FFFFFF7BD3FFF  D16,D17,D19,D24,D29
--- FW IODebug 1.2.2 2026-08-31 LIFT=5 15:51:04 ---
15:51:04.698    76740176  FFFFFF73D3FFF  D16,D17,D19,D24,D25,D29
15:51:04.698    76740179  FFFFFF77D3FFF  D16,D17,D19,D25,D29
15:51:05.962    76741446  FFFFFF73D3FFF  D16,D17,D19,D24,D25,D29
15:51:07.249    76742717  FFFFFF63D3FFF  D16,D17,D19,D24,D25,D26,D29
15:51:07.249    76742719  FFFFFF6BD3FFF  D16,D17,D19,D24,D26,D29
15:51:07.249    76742721  FFFFFF6FD3FFF  D16,D17,D19,D26,D29
15:51:08.529    76743987  FFFFFF6BD3FFF  D16,D17,D19,D24,D26,D29
15:51:09.808    76745257  FFFFFF63D3FFF  D16,D17,D19,D24,D25,D26,D29
15:51:09.808    76745261  FFFFFF67D3FFF  D16,D17,D19,D25,D26,D29
15:51:11.572    76746766  FFFFFF63D3FFF  D16,D17,D19,D24,D25,D26,D29
15:51:11.573    76746846  FFFFFF6393FFF  D16,D17,D19,D20,D24,D25,D26,D29
15:51:11.573    76747005  FFFFFF63B3FFF  D16,D17,D20,D24,D25,D26,D29
15:51:14.162    76749582  FFFFFF63B7FFF  D17,D20,D24,D25,D26,D29
15:51:31.032    76766334  FFFFFF63B3FFF  D16,D17,D20,D24,D25,D26,D29
15:51:34.732    76769633  FFFFFF67B3FFF  D16,D17,D20,D25,D26,D29
--- FW IODebug 1.2.2 2026-08-31 LIFT=5 15:51:34 ---
15:51:35.960    76771217  FFFFFF63B3FFF  D16,D17,D20,D24,D25,D26,D29
15:51:35.960    76771219  FFFFFF6BB3FFF  D16,D17,D20,D24,D26,D29
15:51:37.568    76772808  FFFFFF6FB3FFF  D16,D17,D20,D26,D29
15:51:40.409    76775621  FFFFFF6FB7FFF  D17,D20,D26,D29
15:51:57.121    76792215  FFFFFF6FB3FFF  D16,D17,D20,D26,D29
15:52:00.481    76795549  FFFFFF63B3FFF  D16,D17,D20,D24,D25,D26,D29
15:52:00.481    76795552  FFFFFF73B3FFF  D16,D17,D20,D24,D25,D29
15:52:01.966    76797021  FFFFFF77B3FFF  D16,D17,D20,D25,D29
15:52:03.273    76798327  FFFFFF73B3FFF  D16,D17,D20,D24,D25,D29
15:52:03.273    76798329  FFFFFF7BB3FFF  D16,D17,D20,D24,D29
15:52:04.977    76799601  FFFFFF7FB3FFF  D16,D17,D20,D29
--- FW IODebug 1.2.2 2026-08-31 LIFT=5 15:52:04 ---
15:52:05.811    76800828  FFFFFF43B3FFF  D16,D17,D20,D24,D25,D26,D27,D29
15:52:05.811    76800830  FFFFFF83B3FFF  D16,D17,D20,D24,D25,D26,D27,D28
15:52:07.080    76802102  FFFFFF87B3FFF  D16,D17,D20,D25,D26,D27,D28
15:52:08.363    76803368  FFFFFF83B3FFF  D16,D17,D20,D24,D25,D26,D27,D28
15:52:08.363    76803371  FFFFFF8BB3FFF  D16,D17,D20,D24,D26,D27,D28
15:52:09.653    76804642  FFFFFF8FB3FFF  D16,D17,D20,D26,D27,D28
15:52:10.928    76805908  FFFFFF8BB3FFF  D16,D17,D20,D24,D26,D27,D28
15:52:10.929    76805910  FFFFFF83B3FFF  D16,D17,D20,D24,D25,D26,D27,D28
15:52:10.929    76805912  FFFFFF93B3FFF  D16,D17,D20,D24,D25,D27,D28
15:52:12.213    76807183  FFFFFF97B3FFF  D16,D17,D20,D25,D27,D28
15:52:13.482    76808449  FFFFFF93B3FFF  D16,D17,D20,D24,D25,D27,D28
15:52:13.483    76808451  FFFFFF9BB3FFF  D16,D17,D20,D24,D27,D28
15:52:14.766    76809722  FFFFFF9FB3FFF  D16,D17,D20,D27,D28
15:52:16.038    76810989  FFFFFF93B3FFF  D16,D17,D20,D24,D25,D27,D28
15:52:16.038    76810991  FFFFFF83B3FFF  D16,D17,D20,D24,D25,D26,D27,D28
15:52:16.038    76810993  FFFFFFA3B3FFF  D16,D17,D20,D24,D25,D26,D28
15:52:17.319    76812264  FFFFFFA7B3FFF  D16,D17,D20,D25,D26,D28
15:52:18.604    76813530  FFFFFFA3B3FFF  D16,D17,D20,D24,D25,D26,D28
15:52:18.604    76813532  FFFFFFABB3FFF  D16,D17,D20,D24,D26,D28
15:52:19.878    76814803  FFFFFFAFB3FFF  D16,D17,D20,D26,D28
15:52:21.164    76816070  FFFFFFABB3FFF  D16,D17,D20,D24,D26,D28
15:52:21.164    76816071  FFFFFFA3B3FFF  D16,D17,D20,D24,D25,D26,D28
15:52:21.164    76816076  FFFFFFB3B3FFF  D16,D17,D20,D24,D25,D28
15:52:22.454    76817344  FFFFFFB7B3FFF  D16,D17,D20,D25,D28
15:52:23.722    76818610  FFFFFFB3B3FFF  D16,D17,D20,D24,D25,D28
15:52:23.723    76818612  FFFFFFBBB3FFF  D16,D17,D20,D24,D28
15:52:25.008    76819885  FFFFFFBFB3FFF  D16,D17,D20,D28
15:52:26.293    76821150  FFFFFFABB3FFF  D16,D17,D20,D24,D26,D28
15:52:26.293    76821152  FFFFFFC3B3FFF  D16,D17,D20,D24,D25,D26,D27
15:52:27.563    76822425  FFFFFFC7B3FFF  D16,D17,D20,D25,D26,D27
15:52:29.076    76823929  FFFFFFC3B3FFF  D16,D17,D20,D24,D25,D26,D27
15:52:29.076    76823931  FFFFFFCBB3FFF  D16,D17,D20,D24,D26,D27
15:52:31.925    76826746  FFFFFFCBB7FFF  D17,D20,D24,D26,D27
--- FW IODebug 1.2.2 2026-08-31 LIFT=5 15:52:35 ---
15:52:52.493    76847152  FFFFFFCBB3FFF  D16,D17,D20,D24,D26,D27
15:52:55.810    76850449  FFFFFFCFB3FFF  D16,D17,D20,D26,D27
15:52:57.714    76852349  FFFFFFC3B3FFF  D16,D17,D20,D24,D25,D26,D27
15:52:57.714    76852354  FFFFFFD3B3FFF  D16,D17,D20,D24,D25,D27
15:52:59.735    76854338  FFFFFFD7B3FFF  D16,D17,D20,D25,D27
15:53:02.005    76856597  FFFFFFD3B3FFF  D16,D17,D20,D24,D25,D27
15:53:02.006    76856598  FFFFFFDBB3FFF  D16,D17,D20,D24,D27
15:53:04.042    76858625  FFFFFFDFB3FFF  D16,D17,D20,D27
15:53:05.438    76859971  FFFFFFD3B3FFF  D16,D17,D20,D24,D25,D27
15:53:05.438    76859973  FFFFFFC3B3FFF  D16,D17,D20,D24,D25,D26,D27
15:53:05.439    76859975  FFFFFFE3B3FFF  D16,D17,D20,D24,D25,D26
--- FW IODebug 1.2.2 2026-08-31 LIFT=5 15:53:05 ---
15:53:06.817    76861364  FFFFFFE7B3FFF  D16,D17,D20,D25,D26
15:53:08.207    76862750  FFFFFFE3B3FFF  D16,D17,D20,D24,D25,D26
15:53:08.207    76862752  FFFFFFEBB3FFF  D16,D17,D20,D24,D26
15:53:09.878    76864420  FFFFFFEFB3FFF  D16,D17,D20,D26
15:53:11.935    76866441  FFFFFFE3B3FFF  D16,D17,D20,D24,D25,D26
15:53:11.936    76866448  FFFFFFF3B3FFF  D16,D17,D20,D24,D25
15:53:14.167    76868667  FFFFFFF7B3FFF  D16,D17,D20,D25
15:53:17.760    76872235  FFFFFFF7B7FFF  D17,D20,D25
15:53:33.491    76887678  FFFFFFF7F7FFF  D17,D25
15:53:33.491    76887835  FFFFFFF7D7FFF  D17,D19,D25
15:53:34.295    76888630  FFFFFFF7D3FFF  D16,D17,D19,D25
--- FW IODebug 1.2.2 2026-08-31 LIFT=5 15:53:35 ---
15:53:38.323    76892639  FFFFFFF3D3FFF  D16,D17,D19,D24,D25
15:53:40.599    76894902  FFFFFFE3D3FFF  D16,D17,D19,D24,D25,D26
15:53:40.599    76894904  FFFFFFEBD3FFF  D16,D17,D19,D24,D26
15:53:40.599    76894906  FFFFFFEFD3FFF  D16,D17,D19,D26
15:53:42.600    76896886  FFFFFFEBD3FFF  D16,D17,D19,D24,D26
15:53:44.282    76898553  FFFFFFE3D3FFF  D16,D17,D19,D24,D25,D26
15:53:44.282    76898557  FFFFFFE7D3FFF  D16,D17,D19,D25,D26
15:53:45.720    76899982  FFFFFFE3D3FFF  D16,D17,D19,D24,D25,D26
15:53:47.130    76901371  FFFFFFC3D3FFF  D16,D17,D19,D24,D25,D26,D27
15:53:47.131    76901373  FFFFFFCBD3FFF  D16,D17,D19,D24,D26,D27
15:53:47.131    76901376  FFFFFFCFD3FFF  D16,D17,D19,D26,D27
15:53:47.131    76901379  FFFFFFDFD3FFF  D16,D17,D19,D27
15:53:48.479    76902721  FFFFFFDBD3FFF  D16,D17,D19,D24,D27
15:53:50.527    76904745  FFFFFFD3D3FFF  D16,D17,D19,D24,D25,D27
15:53:50.528    76904750  FFFFFFD7D3FFF  D16,D17,D19,D25,D27
15:53:52.795    76907008  FFFFFFD3D3FFF  D16,D17,D19,D24,D25,D27
15:53:54.762    76908953  FFFFFFC3D3FFF  D16,D17,D19,D24,D25,D26,D27
15:53:54.762    76908955  FFFFFFCBD3FFF  D16,D17,D19,D24,D26,D27
15:53:54.762    76908957  FFFFFFCFD3FFF  D16,D17,D19,D26,D27
15:53:56.426    76910620  FFFFFFCBD3FFF  D16,D17,D19,D24,D26,D27
15:53:57.716    76911891  FFFFFFC3D3FFF  D16,D17,D19,D24,D25,D26,D27
15:53:57.716    76911894  FFFFFFC7D3FFF  D16,D17,D19,D25,D26,D27
15:53:58.999    76913160  FFFFFFC3D3FFF  D16,D17,D19,D24,D25,D26,D27
15:54:00.282    76914432  FFFFFF8BD3FFF  D16,D17,D19,D24,D26,D27,D28
15:54:00.282    76914434  FFFFFFABD3FFF  D16,D17,D19,D24,D26,D28
15:54:00.282    76914436  FFFFFFAFD3FFF  D16,D17,D19,D26,D28
15:54:00.283    76914438  FFFFFFBFD3FFF  D16,D17,D19,D28
15:54:01.559    76915701  FFFFFFBBD3FFF  D16,D17,D19,D24,D28
15:54:02.834    76916972  FFFFFFB3D3FFF  D16,D17,D19,D24,D25,D28
15:54:02.835    76916975  FFFFFFB7D3FFF  D16,D17,D19,D25,D28
15:54:04.119    76918241  FFFFFFB3D3FFF  D16,D17,D19,D24,D25,D28
15:54:05.876    76919512  FFFFFFA3D3FFF  D16,D17,D19,D24,D25,D26,D28
15:54:05.877    76919513  FFFFFFABD3FFF  D16,D17,D19,D24,D26,D28
15:54:05.877    76919515  FFFFFFAFD3FFF  D16,D17,D19,D26,D28
--- FW IODebug 1.2.2 2026-08-31 LIFT=5 15:54:05 ---
15:54:06.676    76920781  FFFFFFABD3FFF  D16,D17,D19,D24,D26,D28
15:54:07.961    76922052  FFFFFFA3D3FFF  D16,D17,D19,D24,D25,D26,D28
15:54:07.961    76922055  FFFFFFA7D3FFF  D16,D17,D19,D25,D26,D28
15:54:09.230    76923322  FFFFFFA3D3FFF  D16,D17,D19,D24,D25,D26,D28
15:54:10.515    76924593  FFFFFF8BD3FFF  D16,D17,D19,D24,D26,D27,D28
15:54:10.515    76924596  FFFFFF8FD3FFF  D16,D17,D19,D26,D27,D28
15:54:10.515    76924599  FFFFFF9FD3FFF  D16,D17,D19,D27,D28
15:54:11.803    76925862  FFFFFF9BD3FFF  D16,D17,D19,D24,D27,D28
15:54:13.078    76927133  FFFFFF93D3FFF  D16,D17,D19,D24,D25,D27,D28
15:54:13.078    76927136  FFFFFF97D3FFF  D16,D17,D19,D25,D27,D28
15:54:14.362    76928402  FFFFFF93D3FFF  D16,D17,D19,D24,D25,D27,D28
15:54:15.626    76929673  FFFFFF83D3FFF  D16,D17,D19,D24,D25,D26,D27,D28
15:54:15.626    76929675  FFFFFF8BD3FFF  D16,D17,D19,D24,D26,D27,D28
15:54:15.626    76929676  FFFFFF8FD3FFF  D16,D17,D19,D26,D27,D28
15:54:16.927    76930942  FFFFFF8BD3FFF  D16,D17,D19,D24,D26,D27,D28
15:54:18.201    76932213  FFFFFF83D3FFF  D16,D17,D19,D24,D25,D26,D27,D28
15:54:18.201    76932217  FFFFFF87D3FFF  D16,D17,D19,D25,D26,D27,D28
15:54:19.474    76933483  FFFFFF83D3FFF  D16,D17,D19,D24,D25,D26,D27,D28
15:54:20.724    76934714  FFFFFF03D3FFF  D16,D17,D19,D24,D25,D26,D27,D28,D29
15:54:20.724    76934716  FFFFFF4BD3FFF  D16,D17,D19,D24,D26,D27,D29
15:54:20.724    76934718  FFFFFF6FD3FFF  D16,D17,D19,D26,D29
15:54:20.724    76934721  FFFFFF7FD3FFF  D16,D17,D19,D29
15:54:21.995    76935984  FFFFFF7BD3FFF  D16,D17,D19,D24,D29
15:54:23.285    76937254  FFFFFF73D3FFF  D16,D17,D19,D24,D25,D29
15:54:23.286    76937257  FFFFFF77D3FFF  D16,D17,D19,D25,D29
15:54:24.604    76938564  FFFFFF73D3FFF  D16,D17,D19,D24,D25,D29
15:54:26.437    76940073  FFFFFF6BD3FFF  D16,D17,D19,D24,D26,D29
15:54:26.437    76940076  FFFFFF6FD3FFF  D16,D17,D19,D26,D29
15:54:26.437    76940232  FFFFFF6F93FFF  D16,D17,D19,D20,D26,D29
15:54:26.438    76940392  FFFFFF6FB3FFF  D16,D17,D20,D26,D29
15:54:28.901    76942850  FFFFFF6FB7FFF  D17,D20,D26,D29
--- FW IODebug 1.2.2 2026-08-31 LIFT=5 15:54:36 ---
15:54:49.226    76963016  FFFFFF6FB3FFF  D16,D17,D20,D26,D29
15:54:52.607    76966349  FFFFFF63B3FFF  D16,D17,D20,D24,D25,D26,D29
15:54:52.607    76966356  FFFFFF73B3FFF  D16,D17,D20,D24,D25,D29
15:54:54.111    76967862  FFFFFF77B3FFF  D16,D17,D20,D25,D29
15:54:55.401    76969127  FFFFFF73B3FFF  D16,D17,D20,D24,D25,D29
15:54:55.401    76969129  FFFFFF7BB3FFF  D16,D17,D20,D24,D29
15:54:56.681    76970402  FFFFFF7FB3FFF  D16,D17,D20,D29
15:54:57.942    76971668  FFFFFF7BB3FFF  D16,D17,D20,D24,D29
15:54:57.942    76971670  FFFFFF83B3FFF  D16,D17,D20,D24,D25,D26,D27,D28
15:54:59.488    76973180  FFFFFF87B3FFF  D16,D17,D20,D25,D26,D27,D28
15:55:02.305    76975993  FFFFFF87B7FFF  D17,D20,D25,D26,D27,D28
--- FW IODebug 1.2.2 2026-08-31 LIFT=5 15:55:06 ---
15:55:16.999    76990565  FFFFFF87F7FFF  D17,D25,D26,D27,D28
--- FW IODebug 1.2.2 2026-08-31 LIFT=5 15:55:36 ---
15:55:49.798    77023113  FFFFFF87B7FFF  D17,D20,D25,D26,D27,D28
15:55:50.717    77023700  FFFFFF87B3FFF  D16,D17,D20,D25,D26,D27,D28
15:55:50.717    77023703  FFFFFF87B7FFF  D17,D20,D25,D26,D27,D28
15:55:50.717    77024025  FFFFFF87B3FFF  D16,D17,D20,D25,D26,D27,D28
15:55:54.074    77027358  FFFFFF83B3FFF  D16,D17,D20,D24,D25,D26,D27,D28
15:55:54.074    77027360  FFFFFF8BB3FFF  D16,D17,D20,D24,D26,D27,D28
15:55:55.598    77028871  FFFFFF8FB3FFF  D16,D17,D20,D26,D27,D28
15:55:56.864    77030136  FFFFFF8BB3FFF  D16,D17,D20,D24,D26,D27,D28
15:55:56.864    77030138  FFFFFF83B3FFF  D16,D17,D20,D24,D25,D26,D27,D28
15:55:56.864    77030144  FFFFFF93B3FFF  D16,D17,D20,D24,D25,D27,D28
15:55:58.147    77031411  FFFFFF97B3FFF  D16,D17,D20,D25,D27,D28
15:55:59.425    77032677  FFFFFF93B3FFF  D16,D17,D20,D24,D25,D27,D28
15:55:59.425    77032679  FFFFFF9BB3FFF  D16,D17,D20,D24,D27,D28
15:56:00.718    77033952  FFFFFF9FB3FFF  D16,D17,D20,D27,D28
15:56:01.982    77035217  FFFFFF8BB3FFF  D16,D17,D20,D24,D26,D27,D28
15:56:01.982    77035219  FFFFFF83B3FFF  D16,D17,D20,D24,D25,D26,D27,D28
15:56:01.983    77035222  FFFFFFA3B3FFF  D16,D17,D20,D24,D25,D26,D28
15:56:03.263    77036491  FFFFFFA7B3FFF  D16,D17,D20,D25,D26,D28
15:56:04.517    77037718  FFFFFFA3B3FFF  D16,D17,D20,D24,D25,D26,D28
15:56:04.517    77037720  FFFFFFABB3FFF  D16,D17,D20,D24,D26,D28
15:56:05.810    77038992  FFFFFFAFB3FFF  D16,D17,D20,D26,D28
--- FW IODebug 1.2.2 2026-08-31 LIFT=5 15:56:07 ---
15:56:07.070    77040259  FFFFFFABB3FFF  D16,D17,D20,D24,D26,D28
15:56:07.070    77040261  FFFFFFA3B3FFF  D16,D17,D20,D24,D25,D26,D28
15:56:07.070    77040263  FFFFFFB3B3FFF  D16,D17,D20,D24,D25,D28
15:56:08.350    77041532  FFFFFFB7B3FFF  D16,D17,D20,D25,D28
15:56:09.632    77042799  FFFFFFB3B3FFF  D16,D17,D20,D24,D25,D28
15:56:09.632    77042800  FFFFFFBBB3FFF  D16,D17,D20,D24,D28
15:56:10.912    77044073  FFFFFFBFB3FFF  D16,D17,D20,D28
15:56:12.182    77045340  FFFFFFABB3FFF  D16,D17,D20,D24,D26,D28
15:56:12.182    77045342  FFFFFFC3B3FFF  D16,D17,D20,D24,D25,D26,D27
15:56:13.482    77046614  FFFFFFC7B3FFF  D16,D17,D20,D25,D26,D27
15:56:14.752    77047879  FFFFFFC3B3FFF  D16,D17,D20,D24,D25,D26,D27
15:56:14.752    77047881  FFFFFFCBB3FFF  D16,D17,D20,D24,D26,D27
15:56:16.276    77049392  FFFFFFCFB3FFF  D16,D17,D20,D26,D27
15:56:19.385    77052205  FFFFFFCFB7FFF  D17,D20,D26,D27
15:56:19.385    77052327  FFFFFFCFF7FFF  D17,D26,D27
15:56:19.385    77052484  FFFFFFCFD7FFF  D17,D19,D26,D27
15:56:23.216    77056295  FFFFFFCFD3FFF  D16,D17,D19,D26,D27
15:56:26.550    77059590  FFFFFFCBD3FFF  D16,D17,D19,D24,D26,D27
15:56:28.065    77061098  FFFFFFC3D3FFF  D16,D17,D19,D24,D25,D26,D27
15:56:28.065    77061102  FFFFFFC7D3FFF  D16,D17,D19,D25,D26,D27
15:56:29.358    77062368  FFFFFFC3D3FFF  D16,D17,D19,D24,D25,D26,D27
15:56:30.637    77063640  FFFFFF8BD3FFF  D16,D17,D19,D24,D26,D27,D28
15:56:30.637    77063641  FFFFFFABD3FFF  D16,D17,D19,D24,D26,D28
15:56:30.638    77063643  FFFFFFAFD3FFF  D16,D17,D19,D26,D28
15:56:30.638    77063645  FFFFFFBFD3FFF  D16,D17,D19,D28
15:56:31.907    77064908  FFFFFFBBD3FFF  D16,D17,D19,D24,D28
15:56:33.178    77066179  FFFFFFB3D3FFF  D16,D17,D19,D24,D25,D28
15:56:33.178    77066182  FFFFFFB7D3FFF  D16,D17,D19,D25,D28
15:56:34.469    77067449  FFFFFFB3D3FFF  D16,D17,D19,D24,D25,D28
15:56:35.768    77068719  FFFFFFA3D3FFF  D16,D17,D19,D24,D25,D26,D28
15:56:35.768    77068721  FFFFFFABD3FFF  D16,D17,D19,D24,D26,D28
15:56:35.768    77068723  FFFFFFAFD3FFF  D16,D17,D19,D26,D28
15:56:37.055    77069988  FFFFFFABD3FFF  D16,D17,D19,D24,D26,D28
--- FW IODebug 1.2.2 2026-08-31 LIFT=5 15:56:37 ---
15:56:38.315    77071260  FFFFFFA3D3FFF  D16,D17,D19,D24,D25,D26,D28
15:56:38.315    77071263  FFFFFFA7D3FFF  D16,D17,D19,D25,D26,D28
15:56:39.583    77072529  FFFFFFA3D3FFF  D16,D17,D19,D24,D25,D26,D28
15:56:40.867    77073800  FFFFFF83D3FFF  D16,D17,D19,D24,D25,D26,D27,D28
15:56:40.867    77073802  FFFFFF8BD3FFF  D16,D17,D19,D24,D26,D27,D28
15:56:40.868    77073804  FFFFFF9FD3FFF  D16,D17,D19,D27,D28
15:56:42.150    77075069  FFFFFF9BD3FFF  D16,D17,D19,D24,D27,D28
15:56:43.443    77076340  FFFFFF93D3FFF  D16,D17,D19,D24,D25,D27,D28
15:56:43.444    77076343  FFFFFF97D3FFF  D16,D17,D19,D25,D27,D28
15:56:44.696    77077610  FFFFFF93D3FFF  D16,D17,D19,D24,D25,D27,D28
15:56:45.985    77078881  FFFFFF83D3FFF  D16,D17,D19,D24,D25,D26,D27,D28
15:56:45.985    77078883  FFFFFF8BD3FFF  D16,D17,D19,D24,D26,D27,D28
15:56:45.985    77078885  FFFFFF8FD3FFF  D16,D17,D19,D26,D27,D28
15:56:47.259    77080151  FFFFFF8BD3FFF  D16,D17,D19,D24,D26,D27,D28
15:56:48.788    77081660  FFFFFF83D3FFF  D16,D17,D19,D24,D25,D26,D27,D28
15:56:48.789    77081663  FFFFFF87D3FFF  D16,D17,D19,D25,D26,D27,D28
15:56:51.615    77084475  FFFFFF87D7FFF  D17,D19,D25,D26,D27,D28
--- FW IODebug 1.2.2 2026-08-31 LIFT=5 15:57:07 ---
15:57:08.362    77101071  FFFFFF8797FFF  D17,D19,D20,D25,D26,D27,D28
15:57:08.362    77101072  FFFFFF87B7FFF  D17,D20,D25,D26,D27,D28
15:57:09.350    77102062  FFFFFF87B3FFF  D16,D17,D20,D25,D26,D27,D28
15:57:12.705    77105395  FFFFFF83B3FFF  D16,D17,D20,D24,D25,D26,D27,D28
15:57:12.705    77105397  FFFFFF8BB3FFF  D16,D17,D20,D24,D26,D27,D28
15:57:14.233    77106908  FFFFFF8FB3FFF  D16,D17,D20,D26,D27,D28
15:57:15.507    77108173  FFFFFF8BB3FFF  D16,D17,D20,D24,D26,D27,D28
15:57:15.507    77108175  FFFFFF83B3FFF  D16,D17,D20,D24,D25,D26,D27,D28
15:57:15.508    77108177  FFFFFF93B3FFF  D16,D17,D20,D24,D25,D27,D28
15:57:16.796    77109448  FFFFFF97B3FFF  D16,D17,D20,D25,D27,D28
15:57:18.066    77110715  FFFFFF93B3FFF  D16,D17,D20,D24,D25,D27,D28
15:57:18.066    77110716  FFFFFF9BB3FFF  D16,D17,D20,D24,D27,D28
15:57:19.351    77111989  FFFFFF9FB3FFF  D16,D17,D20,D27,D28
15:57:20.638    77113254  FFFFFF9BB3FFF  D16,D17,D20,D24,D27,D28
15:57:20.639    77113256  FFFFFF83B3FFF  D16,D17,D20,D24,D25,D26,D27,D28
15:57:20.639    77113259  FFFFFFA3B3FFF  D16,D17,D20,D24,D25,D26,D28
15:57:22.153    77114767  FFFFFFA7B3FFF  D16,D17,D20,D25,D26,D28
15:57:24.943    77117540  FFFFFFA7B7FFF  D17,D20,D25,D26,D28
--- FW IODebug 1.2.2 2026-08-31 LIFT=5 15:57:37 ---
15:57:42.144    77134611  FFFFFFA7B3FFF  D16,D17,D20,D25,D26,D28
15:57:45.517    77137944  FFFFFFA3B3FFF  D16,D17,D20,D24,D25,D26,D28
15:57:45.517    77137946  FFFFFFABB3FFF  D16,D17,D20,D24,D26,D28
15:57:47.034    77139457  FFFFFFAFB3FFF  D16,D17,D20,D26,D28
15:57:48.310    77140722  FFFFFFABB3FFF  D16,D17,D20,D24,D26,D28
15:57:48.310    77140724  FFFFFFA3B3FFF  D16,D17,D20,D24,D25,D26,D28
15:57:48.311    77140726  FFFFFFB3B3FFF  D16,D17,D20,D24,D25,D28
15:57:49.590    77141997  FFFFFFB7B3FFF  D16,D17,D20,D25,D28
15:57:50.820    77143223  FFFFFFB3B3FFF  D16,D17,D20,D24,D25,D28
15:57:50.821    77143225  FFFFFFBBB3FFF  D16,D17,D20,D24,D28
15:57:52.105    77144498  FFFFFFBFB3FFF  D16,D17,D20,D28
15:57:53.388    77145763  FFFFFFBBB3FFF  D16,D17,D20,D24,D28
15:57:53.388    77145765  FFFFFFC3B3FFF  D16,D17,D20,D24,D25,D26,D27
15:57:54.660    77147038  FFFFFFC7B3FFF  D16,D17,D20,D25,D26,D27
15:57:55.957    77148304  FFFFFFC3B3FFF  D16,D17,D20,D24,D25,D26,D27
15:57:55.957    77148306  FFFFFFCBB3FFF  D16,D17,D20,D24,D26,D27
15:57:57.241    77149578  FFFFFFCFB3FFF  D16,D17,D20,D26,D27
15:57:58.907    77151241  FFFFFFCBB3FFF  D16,D17,D20,D24,D26,D27
15:57:58.907    77151243  FFFFFFC3B3FFF  D16,D17,D20,D24,D25,D26,D27
15:57:58.907    77151248  FFFFFFD3B3FFF  D16,D17,D20,D24,D25,D27
15:58:00.867    77153190  FFFFFFD7B3FFF  D16,D17,D20,D25,D27
15:58:03.147    77155449  FFFFFFD3B3FFF  D16,D17,D20,D24,D25,D27
15:58:03.147    77155451  FFFFFFDBB3FFF  D16,D17,D20,D24,D27
15:58:05.189    77157478  FFFFFFDFB3FFF  D16,D17,D20,D27
15:58:06.549    77158822  FFFFFFD3B3FFF  D16,D17,D20,D24,D25,D27
15:58:06.549    77158824  FFFFFFE3B3FFF  D16,D17,D20,D24,D25,D26
--- FW IODebug 1.2.2 2026-08-31 LIFT=5 15:58:07 ---
15:58:07.988    77160255  FFFFFFE7B3FFF  D16,D17,D20,D25,D26
15:58:09.385    77161640  FFFFFFE3B3FFF  D16,D17,D20,D24,D25,D26
15:58:09.386    77161643  FFFFFFEBB3FFF  D16,D17,D20,D24,D26
15:58:11.071    77163313  FFFFFFEFB3FFF  D16,D17,D20,D26
15:58:13.057    77165293  FFFFFFE3B3FFF  D16,D17,D20,D24,D25,D26
15:58:13.057    77165296  FFFFFFF3B3FFF  D16,D17,D20,D24,D25
15:58:15.348    77167559  FFFFFFF7B3FFF  D16,D17,D20,D25
15:58:18.899    77171087  FFFFFFF7B7FFF  D17,D20,D25
15:58:37.301    77189349  FFFFFFF7F7FFF  D17,D25
--- FW IODebug 1.2.2 2026-08-31 LIFT=5 15:58:37 ---
15:58:39.233    77191254  FFFFFFF7B7FFF  D17,D20,D25
15:58:57.142    77208878  FFFFFFF7F7FFF  D17,D25
15:58:57.142    77209035  FFFFFFF7D7FFF  D17,D19,D25
15:58:57.943    77209829  FFFFFFF7D3FFF  D16,D17,D19,D25
15:59:02.020    77213877  FFFFFFF3D3FFF  D16,D17,D19,D24,D25
15:59:04.312    77216141  FFFFFFE3D3FFF  D16,D17,D19,D24,D25,D26
15:59:04.313    77216143  FFFFFFEBD3FFF  D16,D17,D19,D24,D26
15:59:04.313    77216144  FFFFFFEFD3FFF  D16,D17,D19,D26
15:59:06.305    77218124  FFFFFFEBD3FFF  D16,D17,D19,D24,D26
15:59:08.192    77219792  FFFFFFE3D3FFF  D16,D17,D19,D24,D25,D26
15:59:08.193    77219795  FFFFFFE7D3FFF  D16,D17,D19,D25,D26
--- FW IODebug 1.2.2 2026-08-31 LIFT=5 15:59:08 ---
15:59:09.373    77221181  FFFFFFE3D3FFF  D16,D17,D19,D24,D25,D26
15:59:10.822    77222611  FFFFFFCBD3FFF  D16,D17,D19,D24,D26,D27
15:59:10.822    77222614  FFFFFFDBD3FFF  D16,D17,D19,D24,D27
15:59:10.822    77222616  FFFFFFDFD3FFF  D16,D17,D19,D27
15:59:12.176    77223959  FFFFFFDBD3FFF  D16,D17,D19,D24,D27
15:59:14.222    77225985  FFFFFFD3D3FFF  D16,D17,D19,D24,D25,D27
15:59:14.222    77225988  FFFFFFD7D3FFF  D16,D17,D19,D25,D27
15:59:16.500    77228247  FFFFFFD3D3FFF  D16,D17,D19,D24,D25,D27
15:59:18.465    77230191  FFFFFFC3D3FFF  D16,D17,D19,D24,D25,D26,D27
15:59:18.465    77230193  FFFFFFCBD3FFF  D16,D17,D19,D24,D26,D27
15:59:18.465    77230195  FFFFFFCFD3FFF  D16,D17,D19,D26,D27
15:59:20.138    77231859  FFFFFFCBD3FFF  D16,D17,D19,D24,D26,D27
15:59:21.437    77233129  FFFFFFC3D3FFF  D16,D17,D19,D24,D25,D26,D27
15:59:21.437    77233133  FFFFFFC7D3FFF  D16,D17,D19,D25,D26,D27
15:59:22.704    77234399  FFFFFFC3D3FFF  D16,D17,D19,D24,D25,D26,D27
15:59:24.221    77235908  FFFFFF8BD3FFF  D16,D17,D19,D24,D26,D27,D28
15:59:24.221    77235910  FFFFFFABD3FFF  D16,D17,D19,D24,D26,D28
15:59:24.222    77235912  FFFFFFBFD3FFF  D16,D17,D19,D28
15:59:27.064    77238724  FFFFFFBFD7FFF  D17,D19,D28
--- FW IODebug 1.2.2 2026-08-31 LIFT=5 15:59:38 ---
15:59:41.781    77253335  FFFFFFBFF7FFF  D17,D28
16:00:04.500    77275880  FFFFFFBFB7FFF  D17,D20,D28
--- FW IODebug 1.2.2 2026-08-31 LIFT=5 16:00:08 ---
16:00:21.653    77292908  FFFFFFBFB3FFF  D16,D17,D20,D28
16:00:25.028    77296241  FFFFFFAFB3FFF  D16,D17,D20,D26,D28
16:00:25.028    77296242  FFFFFFC3B3FFF  D16,D17,D20,D24,D25,D26,D27
16:00:26.545    77297754  FFFFFFC7B3FFF  D16,D17,D20,D25,D26,D27
16:00:27.833    77299019  FFFFFFC3B3FFF  D16,D17,D20,D24,D25,D26,D27
16:00:27.833    77299021  FFFFFFCBB3FFF  D16,D17,D20,D24,D26,D27
16:00:29.056    77300254  FFFFFFCFB3FFF  D16,D17,D20,D26,D27
16:00:30.738    77301917  FFFFFFCBB3FFF  D16,D17,D20,D24,D26,D27
16:00:30.738    77301919  FFFFFFC3B3FFF  D16,D17,D20,D24,D25,D26,D27
16:00:30.738    77301921  FFFFFFD3B3FFF  D16,D17,D20,D24,D25,D27
16:00:32.708    77303867  FFFFFFD7B3FFF  D16,D17,D20,D25,D27
16:00:35.020    77306165  FFFFFFD3B3FFF  D16,D17,D20,D24,D25,D27
16:00:35.020    77306167  FFFFFFDBB3FFF  D16,D17,D20,D24,D27
16:00:37.032    77308153  FFFFFFDFB3FFF  D16,D17,D20,D27
16:00:38.880    77309499  FFFFFFDBB3FFF  D16,D17,D20,D24,D27
16:00:38.880    77309501  FFFFFFC3B3FFF  D16,D17,D20,D24,D25,D26,D27
16:00:38.880    77309503  FFFFFFE3B3FFF  D16,D17,D20,D24,D25,D26
--- FW IODebug 1.2.2 2026-08-31 LIFT=5 16:00:38 ---
16:00:39.817    77310932  FFFFFFE7B3FFF  D16,D17,D20,D25,D26
16:00:41.216    77312317  FFFFFFE3B3FFF  D16,D17,D20,D24,D25,D26
16:00:41.216    77312319  FFFFFFEBB3FFF  D16,D17,D20,D24,D26
16:00:42.901    77313988  FFFFFFEFB3FFF  D16,D17,D20,D26
16:00:44.947    77316008  FFFFFFE3B3FFF  D16,D17,D20,D24,D25,D26
16:00:44.948    77316013  FFFFFFF3B3FFF  D16,D17,D20,D24,D25
16:00:47.176    77318236  FFFFFFF7B3FFF  D16,D17,D20,D25
16:00:50.759    77321802  FFFFFFF7B7FFF  D17,D20,D25
16:01:08.509    77339390  FFFFFFF7F7FFF  D17,D25
--- FW IODebug 1.2.2 2026-08-31 LIFT=5 16:01:09 ---
--- FW IODebug 1.2.2 2026-08-31 LIFT=5 16:01:39 ---
16:02:08.959    77399390  FFFFFFF7F7FFF  D17,D25
--- FW IODebug 1.2.2 2026-08-31 LIFT=5 16:02:09 ---
--- FW IODebug 1.2.2 2026-08-31 LIFT=5 16:02:39 ---
16:03:09.413    77459390  FFFFFFF7F7FFF  D17,D25
--- FW IODebug 1.2.2 2026-08-31 LIFT=5 16:03:10 ---
--- FW IODebug 1.2.2 2026-08-31 LIFT=5 16:03:40 ---
16:04:08.579    77518087  FFFFFFF7FFFFF  D25
16:04:09.260    77518764  FFFFFFF7F7FFF  D17,D25
--- FW IODebug 1.2.2 2026-08-31 LIFT=5 16:04:10 ---
16:04:39.526    77548811  FFFFFFF7D7FFF  D17,D19,D25
--- FW IODebug 1.2.2 2026-08-31 LIFT=5 16:04:40 ---
16:04:54.963    77564133  FFFFFFF7D3FFF  D16,D17,D19,D25
16:04:59.038    77568181  FFFFFFF3D3FFF  D16,D17,D19,D24,D25
16:05:01.299    77570404  FFFFFFE3D3FFF  D16,D17,D19,D24,D25,D26
16:05:01.300    77570406  FFFFFFEBD3FFF  D16,D17,D19,D24,D26
16:05:01.300    77570408  FFFFFFEFD3FFF  D16,D17,D19,D26
16:05:03.324    77572427  FFFFFFEBD3FFF  D16,D17,D19,D24,D26
16:05:05.011    77574095  FFFFFFE3D3FFF  D16,D17,D19,D24,D25,D26
16:05:05.011    77574099  FFFFFFE7D3FFF  D16,D17,D19,D25,D26
16:05:06.403    77575485  FFFFFFE3D3FFF  D16,D17,D19,D24,D25,D26
16:05:07.853    77576914  FFFFFFCBD3FFF  D16,D17,D19,D24,D26,D27
16:05:07.854    77576918  FFFFFFCFD3FFF  D16,D17,D19,D26,D27
16:05:07.854    77576921  FFFFFFDFD3FFF  D16,D17,D19,D27
16:05:09.200    77578263  FFFFFFDBD3FFF  D16,D17,D19,D24,D27
--- FW IODebug 1.2.2 2026-08-31 LIFT=5 16:05:11 ---
16:05:11.245    77580289  FFFFFFD3D3FFF  D16,D17,D19,D24,D25,D27
16:05:11.246    77580292  FFFFFFD7D3FFF  D16,D17,D19,D25,D27
16:05:13.521    77582550  FFFFFFD3D3FFF  D16,D17,D19,D24,D25,D27
16:05:15.488    77584495  FFFFFFC3D3FFF  D16,D17,D19,D24,D25,D26,D27
16:05:15.488    77584497  FFFFFFCBD3FFF  D16,D17,D19,D24,D26,D27
16:05:15.488    77584499  FFFFFFCFD3FFF  D16,D17,D19,D26,D27
16:05:17.150    77586161  FFFFFFCBD3FFF  D16,D17,D19,D24,D26,D27
16:05:18.454    77587433  FFFFFFC3D3FFF  D16,D17,D19,D24,D25,D26,D27
16:05:18.454    77587436  FFFFFFC7D3FFF  D16,D17,D19,D25,D26,D27
16:05:19.717    77588703  FFFFFFC3D3FFF  D16,D17,D19,D24,D25,D26,D27
16:05:21.007    77589974  FFFFFF8BD3FFF  D16,D17,D19,D24,D26,D27,D28
16:05:21.008    77589976  FFFFFFABD3FFF  D16,D17,D19,D24,D26,D28
16:05:21.008    77589978  FFFFFFAFD3FFF  D16,D17,D19,D26,D28
16:05:21.008    77589980  FFFFFFBFD3FFF  D16,D17,D19,D28
16:05:22.274    77591242  FFFFFFBBD3FFF  D16,D17,D19,D24,D28
16:05:23.563    77592513  FFFFFFB3D3FFF  D16,D17,D19,D24,D25,D28
16:05:23.563    77592517  FFFFFFB7D3FFF  D16,D17,D19,D25,D28
16:05:24.851    77593783  FFFFFFB3D3FFF  D16,D17,D19,D24,D25,D28
16:05:26.134    77595055  FFFFFFABD3FFF  D16,D17,D19,D24,D26,D28
16:05:26.134    77595058  FFFFFFAFD3FFF  D16,D17,D19,D26,D28
16:05:27.403    77596323  FFFFFFABD3FFF  D16,D17,D19,D24,D26,D28
16:05:28.684    77597594  FFFFFFA3D3FFF  D16,D17,D19,D24,D25,D26,D28
16:05:28.684    77597598  FFFFFFA7D3FFF  D16,D17,D19,D25,D26,D28
16:05:29.911    77598824  FFFFFFA3D3FFF  D16,D17,D19,D24,D25,D26,D28
16:05:31.217    77600095  FFFFFF83D3FFF  D16,D17,D19,D24,D25,D26,D27,D28
16:05:31.217    77600097  FFFFFF8BD3FFF  D16,D17,D19,D24,D26,D27,D28
16:05:31.217    77600099  FFFFFF8FD3FFF  D16,D17,D19,D26,D27,D28
16:05:31.218    77600101  FFFFFF9FD3FFF  D16,D17,D19,D27,D28
16:05:32.496    77601364  FFFFFF9BD3FFF  D16,D17,D19,D24,D27,D28
16:05:33.767    77602635  FFFFFF93D3FFF  D16,D17,D19,D24,D25,D27,D28
16:05:33.767    77602639  FFFFFF97D3FFF  D16,D17,D19,D25,D27,D28
16:05:35.048    77603905  FFFFFF93D3FFF  D16,D17,D19,D24,D25,D27,D28
16:05:36.328    77605175  FFFFFF83D3FFF  D16,D17,D19,D24,D25,D26,D27,D28
16:05:36.328    77605177  FFFFFF8BD3FFF  D16,D17,D19,D24,D26,D27,D28
16:05:36.328    77605180  FFFFFF8FD3FFF  D16,D17,D19,D26,D27,D28
16:05:37.884    77606723  FFFFFF8BD3FFF  D16,D17,D19,D24,D26,D27,D28
16:05:41.178    77609540  FFFFFF8BD7FFF  D17,D19,D24,D26,D27,D28
--- FW IODebug 1.2.2 2026-08-31 LIFT=5 16:05:41 ---
16:05:56.244    77624943  FFFFFF8BD3FFF  D16,D17,D19,D24,D26,D27,D28
16:05:59.572    77628237  FFFFFF83D3FFF  D16,D17,D19,D24,D25,D26,D27,D28
16:05:59.572    77628241  FFFFFF87D3FFF  D16,D17,D19,D25,D26,D27,D28
16:06:01.048    77629706  FFFFFF83D3FFF  D16,D17,D19,D24,D25,D26,D27,D28
16:06:02.329    77630977  FFFFFF0BD3FFF  D16,D17,D19,D24,D26,D27,D28,D29
16:06:02.330    77630979  FFFFFF4BD3FFF  D16,D17,D19,D24,D26,D27,D29
16:06:02.330    77630981  FFFFFF6FD3FFF  D16,D17,D19,D26,D29
16:06:02.330    77630983  FFFFFF7FD3FFF  D16,D17,D19,D29
16:06:03.586    77632246  FFFFFF7BD3FFF  D16,D17,D19,D24,D29
16:06:04.886    77633517  FFFFFF73D3FFF  D16,D17,D19,D24,D25,D29
16:06:04.887    77633520  FFFFFF77D3FFF  D16,D17,D19,D25,D29
16:06:06.172    77634787  FFFFFF73D3FFF  D16,D17,D19,D24,D25,D29
16:06:07.449    77636057  FFFFFF63D3FFF  D16,D17,D19,D24,D25,D26,D29
16:06:07.449    77636059  FFFFFF6BD3FFF  D16,D17,D19,D24,D26,D29
16:06:07.449    77636061  FFFFFF6FD3FFF  D16,D17,D19,D26,D29
16:06:08.725    77637326  FFFFFF6BD3FFF  D16,D17,D19,D24,D26,D29
16:06:10.006    77638597  FFFFFF63D3FFF  D16,D17,D19,D24,D25,D26,D29
16:06:10.006    77638601  FFFFFF67D3FFF  D16,D17,D19,D25,D26,D29
16:06:11.416    77639867  FFFFFF63D3FFF  D16,D17,D19,D24,D25,D26,D29
--- FW IODebug 1.2.2 2026-08-31 LIFT=5 16:06:11 ---
16:06:12.571    77641138  FFFFFF43D3FFF  D16,D17,D19,D24,D25,D26,D27,D29
16:06:12.572    77641140  FFFFFF4BD3FFF  D16,D17,D19,D24,D26,D27,D29
16:06:12.572    77641142  FFFFFF4FD3FFF  D16,D17,D19,D26,D27,D29
16:06:12.572    77641144  FFFFFF5FD3FFF  D16,D17,D19,D27,D29
16:06:13.915    77642486  FFFFFF5BD3FFF  D16,D17,D19,D24,D27,D29
16:06:15.252    77643797  FFFFFF53D3FFF  D16,D17,D19,D24,D25,D27,D29
16:06:15.252    77643801  FFFFFF57D3FFF  D16,D17,D19,D25,D27,D29
16:06:16.610    77645147  FFFFFF53D3FFF  D16,D17,D19,D24,D25,D27,D29
16:06:17.919    77646456  FFFFFF43D3FFF  D16,D17,D19,D24,D25,D26,D27,D29
16:06:17.920    77646458  FFFFFF4BD3FFF  D16,D17,D19,D24,D26,D27,D29
16:06:17.920    77646460  FFFFFF4FD3FFF  D16,D17,D19,D26,D27,D29
16:06:19.236    77647766  FFFFFF4BD3FFF  D16,D17,D19,D24,D26,D27,D29
16:06:20.723    77649235  FFFFFF43D3FFF  D16,D17,D19,D24,D25,D26,D27,D29
16:06:20.723    77649239  FFFFFF47D3FFF  D16,D17,D19,D25,D26,D27,D29
16:06:22.889    77651061  FFFFFF43D3FFF  D16,D17,D19,D24,D25,D26,D27,D29
16:06:22.890    77651221  FFFFFF4393FFF  D16,D17,D19,D20,D24,D25,D26,D27,D29
16:06:22.890    77651381  FFFFFF43B3FFF  D16,D17,D20,D24,D25,D26,D27,D29
16:06:25.919    77654393  FFFFFF43B7FFF  D17,D20,D24,D25,D26,D27,D29
16:06:41.652    77669797  FFFFFF43B3FFF  D16,D17,D20,D24,D25,D26,D27,D29
--- FW IODebug 1.2.2 2026-08-31 LIFT=5 16:06:41 ---
16:06:45.285    77673611  FFFFFF47B3FFF  D16,D17,D20,D25,D26,D27,D29
16:06:47.157    77675472  FFFFFF43B3FFF  D16,D17,D20,D24,D25,D26,D27,D29
16:06:47.157    77675474  FFFFFF4BB3FFF  D16,D17,D20,D24,D26,D27,D29
16:06:48.615    77676905  FFFFFF4FB3FFF  D16,D17,D20,D26,D27,D29
16:06:49.917    77678212  FFFFFF43B3FFF  D16,D17,D20,D24,D25,D26,D27,D29
16:06:49.917    77678218  FFFFFF53B3FFF  D16,D17,D20,D24,D25,D27,D29
16:06:51.288    77679564  FFFFFF57B3FFF  D16,D17,D20,D25,D27,D29
16:06:52.595    77680870  FFFFFF53B3FFF  D16,D17,D20,D24,D25,D27,D29
16:06:52.595    77680872  FFFFFF5BB3FFF  D16,D17,D20,D24,D27,D29
16:06:53.965    77682224  FFFFFF5FB3FFF  D16,D17,D20,D27,D29
16:06:55.291    77683530  FFFFFF43B3FFF  D16,D17,D20,D24,D25,D26,D27,D29
16:06:55.291    77683532  FFFFFF63B3FFF  D16,D17,D20,D24,D25,D26,D29
16:06:56.574    77684804  FFFFFF67B3FFF  D16,D17,D20,D25,D26,D29
16:06:57.838    77686070  FFFFFF63B3FFF  D16,D17,D20,D24,D25,D26,D29
16:06:57.838    77686072  FFFFFF6BB3FFF  D16,D17,D20,D24,D26,D29
16:06:59.112    77687345  FFFFFF6FB3FFF  D16,D17,D20,D26,D29
16:07:00.395    77688610  FFFFFF6BB3FFF  D16,D17,D20,D24,D26,D29
16:07:00.395    77688612  FFFFFF63B3FFF  D16,D17,D20,D24,D25,D26,D29
16:07:00.397    77688617  FFFFFF73B3FFF  D16,D17,D20,D24,D25,D29
16:07:01.676    77689885  FFFFFF77B3FFF  D16,D17,D20,D25,D29
16:07:02.961    77691151  FFFFFF73B3FFF  D16,D17,D20,D24,D25,D29
16:07:02.961    77691153  FFFFFF7BB3FFF  D16,D17,D20,D24,D29
16:07:04.248    77692425  FFFFFF7FB3FFF  D16,D17,D20,D29
16:07:05.521    77693691  FFFFFF6BB3FFF  D16,D17,D20,D24,D26,D29
16:07:05.521    77693693  FFFFFF83B3FFF  D16,D17,D20,D24,D25,D26,D27,D28
16:07:06.801    77694965  FFFFFF87B3FFF  D16,D17,D20,D25,D26,D27,D28
16:07:08.085    77696232  FFFFFF83B3FFF  D16,D17,D20,D24,D25,D26,D27,D28
16:07:08.085    77696233  FFFFFF8BB3FFF  D16,D17,D20,D24,D26,D27,D28
16:07:09.358    77697506  FFFFFF8FB3FFF  D16,D17,D20,D26,D27,D28
16:07:10.654    77698772  FFFFFF8BB3FFF  D16,D17,D20,D24,D26,D27,D28
16:07:10.654    77698774  FFFFFF83B3FFF  D16,D17,D20,D24,D25,D26,D27,D28
16:07:10.654    77698779  FFFFFF93B3FFF  D16,D17,D20,D24,D25,D27,D28
--- FW IODebug 1.2.2 2026-08-31 LIFT=5 16:07:11 ---
16:07:11.917    77700046  FFFFFF97B3FFF  D16,D17,D20,D25,D27,D28
16:07:13.212    77701313  FFFFFF93B3FFF  D16,D17,D20,D24,D25,D27,D28
16:07:13.212    77701314  FFFFFF9BB3FFF  D16,D17,D20,D24,D27,D28
16:07:14.471    77702587  FFFFFF9FB3FFF  D16,D17,D20,D27,D28
16:07:15.763    77703853  FFFFFF9BB3FFF  D16,D17,D20,D24,D27,D28
16:07:15.763    77703855  FFFFFF83B3FFF  D16,D17,D20,D24,D25,D26,D27,D28
16:07:15.763    77703857  FFFFFFA3B3FFF  D16,D17,D20,D24,D25,D26,D28
16:07:17.052    77705126  FFFFFFA7B3FFF  D16,D17,D20,D25,D26,D28
16:07:18.270    77706354  FFFFFFA3B3FFF  D16,D17,D20,D24,D25,D26,D28
16:07:18.271    77706355  FFFFFFABB3FFF  D16,D17,D20,D24,D26,D28
16:07:19.552    77707628  FFFFFFAFB3FFF  D16,D17,D20,D26,D28
16:07:20.833    77708894  FFFFFFABB3FFF  D16,D17,D20,D24,D26,D28
16:07:20.834    77708896  FFFFFFA3B3FFF  D16,D17,D20,D24,D25,D26,D28
16:07:20.834    77708901  FFFFFFB3B3FFF  D16,D17,D20,D24,D25,D28
16:07:22.118    77710168  FFFFFFB7B3FFF  D16,D17,D20,D25,D28
16:07:23.390    77711434  FFFFFFB3B3FFF  D16,D17,D20,D24,D25,D28
16:07:23.390    77711436  FFFFFFBBB3FFF  D16,D17,D20,D24,D28
16:07:24.673    77712709  FFFFFFBFB3FFF  D16,D17,D20,D28
16:07:25.954    77713975  FFFFFFABB3FFF  D16,D17,D20,D24,D26,D28
16:07:25.954    77713977  FFFFFFC3B3FFF  D16,D17,D20,D24,D25,D26,D27
16:07:27.241    77715249  FFFFFFC7B3FFF  D16,D17,D20,D25,D26,D27
16:07:28.521    77716515  FFFFFFC3B3FFF  D16,D17,D20,D24,D25,D26,D27
16:07:28.523    77716517  FFFFFFCBB3FFF  D16,D17,D20,D24,D26,D27
16:07:29.801    77717789  FFFFFFCFB3FFF  D16,D17,D20,D26,D27
16:07:31.492    77719452  FFFFFFCBB3FFF  D16,D17,D20,D24,D26,D27
16:07:31.492    77719454  FFFFFFC3B3FFF  D16,D17,D20,D24,D25,D26,D27
16:07:31.493    77719459  FFFFFFD3B3FFF  D16,D17,D20,D24,D25,D27
16:07:33.445    77721401  FFFFFFD7B3FFF  D16,D17,D20,D25,D27
16:07:35.716    77723660  FFFFFFD3B3FFF  D16,D17,D20,D24,D25,D27
16:07:35.717    77723662  FFFFFFDBB3FFF  D16,D17,D20,D24,D27
16:07:37.769    77725688  FFFFFFDFB3FFF  D16,D17,D20,D27
16:07:39.117    77727033  FFFFFFDBB3FFF  D16,D17,D20,D24,D27
16:07:39.117    77727035  FFFFFFC3B3FFF  D16,D17,D20,D24,D25,D26,D27
16:07:39.117    77727037  FFFFFFE3B3FFF  D16,D17,D20,D24,D25,D26
16:07:40.557    77728466  FFFFFFE7B3FFF  D16,D17,D20,D25,D26
16:07:42.106    77729852  FFFFFFE3B3FFF  D16,D17,D20,D24,D25,D26
16:07:42.106    77729854  FFFFFFEBB3FFF  D16,D17,D20,D24,D26
--- FW IODebug 1.2.2 2026-08-31 LIFT=5 16:07:42 ---
16:07:43.643    77731523  FFFFFFEFB3FFF  D16,D17,D20,D26
16:07:45.644    77733504  FFFFFFEBB3FFF  D16,D17,D20,D24,D26
16:07:45.644    77733506  FFFFFFE3B3FFF  D16,D17,D20,D24,D25,D26
16:07:45.644    77733511  FFFFFFF3B3FFF  D16,D17,D20,D24,D25
16:07:47.933    77735771  FFFFFFF7B3FFF  D16,D17,D20,D25
16:07:51.461    77739297  FFFFFFF7B7FFF  D17,D20,D25
16:08:03.517    77751090  FFFFFFF7F7FFF  D17,D25
16:08:03.517    77751246  FFFFFFF7D7FFF  D17,D19,D25
16:08:04.437    77752161  FFFFFFF7D3FFF  D16,D17,D19,D25
16:08:08.516    77756209  FFFFFFF3D3FFF  D16,D17,D19,D24,D25
16:08:10.801    77758471  FFFFFFE3D3FFF  D16,D17,D19,D24,D25,D26
16:08:10.801    77758473  FFFFFFEBD3FFF  D16,D17,D19,D24,D26
16:08:10.802    77758475  FFFFFFEFD3FFF  D16,D17,D19,D26
--- FW IODebug 1.2.2 2026-08-31 LIFT=5 16:08:12 ---
16:08:12.803    77760455  FFFFFFEBD3FFF  D16,D17,D19,D24,D26
16:08:14.480    77762123  FFFFFFE3D3FFF  D16,D17,D19,D24,D25,D26
16:08:14.481    77762127  FFFFFFE7D3FFF  D16,D17,D19,D25,D26
16:08:15.869    77763512  FFFFFFE3D3FFF  D16,D17,D19,D24,D25,D26
16:08:17.315    77764941  FFFFFFCBD3FFF  D16,D17,D19,D24,D26,D27
16:08:17.315    77764944  FFFFFFCFD3FFF  D16,D17,D19,D26,D27
16:08:17.315    77764947  FFFFFFDFD3FFF  D16,D17,D19,D27
16:08:18.666    77766290  FFFFFFDBD3FFF  D16,D17,D19,D24,D27
16:08:20.721    77768315  FFFFFFD3D3FFF  D16,D17,D19,D24,D25,D27
16:08:20.721    77768318  FFFFFFD7D3FFF  D16,D17,D19,D25,D27
16:08:22.991    77770577  FFFFFFD3D3FFF  D16,D17,D19,D24,D25,D27
16:08:24.945    77772523  FFFFFFC3D3FFF  D16,D17,D19,D24,D25,D26,D27
16:08:24.945    77772525  FFFFFFCBD3FFF  D16,D17,D19,D24,D26,D27
16:08:24.945    77772527  FFFFFFCFD3FFF  D16,D17,D19,D26,D27
16:08:26.633    77774190  FFFFFFCBD3FFF  D16,D17,D19,D24,D26,D27
16:08:27.919    77775460  FFFFFFC3D3FFF  D16,D17,D19,D24,D25,D26,D27
16:08:27.919    77775464  FFFFFFC7D3FFF  D16,D17,D19,D25,D26,D27
16:08:29.187    77776730  FFFFFFC3D3FFF  D16,D17,D19,D24,D25,D26,D27
16:08:30.478    77778000  FFFFFF83D3FFF  D16,D17,D19,D24,D25,D26,D27,D28
16:08:30.478    77778002  FFFFFF8BD3FFF  D16,D17,D19,D24,D26,D27,D28
16:08:30.480    77778004  FFFFFFAFD3FFF  D16,D17,D19,D26,D28
16:08:30.480    77778007  FFFFFFBFD3FFF  D16,D17,D19,D28
16:08:31.751    77779270  FFFFFFBBD3FFF  D16,D17,D19,D24,D28
16:08:33.036    77780541  FFFFFFB3D3FFF  D16,D17,D19,D24,D25,D28
16:08:33.036    77780545  FFFFFFB7D3FFF  D16,D17,D19,D25,D28
16:08:34.310    77781811  FFFFFFB3D3FFF  D16,D17,D19,D24,D25,D28
16:08:35.590    77783081  FFFFFFA3D3FFF  D16,D17,D19,D24,D25,D26,D28
16:08:35.590    77783084  FFFFFFABD3FFF  D16,D17,D19,D24,D26,D28
16:08:35.590    77783086  FFFFFFAFD3FFF  D16,D17,D19,D26,D28
16:08:36.884    77784351  FFFFFFABD3FFF  D16,D17,D19,D24,D26,D28
16:08:38.158    77785622  FFFFFFA3D3FFF  D16,D17,D19,D24,D25,D26,D28
16:08:38.158    77785625  FFFFFFA7D3FFF  D16,D17,D19,D25,D26,D28
16:08:39.394    77786852  FFFFFFA3D3FFF  D16,D17,D19,D24,D25,D26,D28
16:08:40.678    77788123  FFFFFF83D3FFF  D16,D17,D19,D24,D25,D26,D27,D28
16:08:40.678    77788124  FFFFFF8BD3FFF  D16,D17,D19,D24,D26,D27,D28
16:08:40.678    77788126  FFFFFF8FD3FFF  D16,D17,D19,D26,D27,D28
16:08:40.678    77788129  FFFFFF9FD3FFF  D16,D17,D19,D27,D28
16:08:41.997    77789431  FFFFFF9BD3FFF  D16,D17,D19,D24,D27,D28
--- FW IODebug 1.2.2 2026-08-31 LIFT=5 16:08:42 ---
16:08:43.243    77790663  FFFFFF93D3FFF  D16,D17,D19,D24,D25,D27,D28
16:08:43.243    77790666  FFFFFF97D3FFF  D16,D17,D19,D25,D27,D28
16:08:44.806    77792210  FFFFFF93D3FFF  D16,D17,D19,D24,D25,D27,D28
16:08:47.633    77795027  FFFFFF93D7FFF  D17,D19,D24,D25,D27,D28
16:09:06.232    77813487  FFFFFF9397FFF  D17,D19,D20,D24,D25,D27,D28
16:09:06.232    77813489  FFFFFF93B7FFF  D17,D20,D24,D25,D27,D28
16:09:07.189    77814438  FFFFFF93B3FFF  D16,D17,D20,D24,D25,D27,D28
16:09:10.562    77817777  FFFFFF97B3FFF  D16,D17,D20,D25,D27,D28
16:09:12.086    77819281  FFFFFF93B3FFF  D16,D17,D20,D24,D25,D27,D28
16:09:12.086    77819283  FFFFFF9BB3FFF  D16,D17,D20,D24,D27,D28
--- FW IODebug 1.2.2 2026-08-31 LIFT=5 16:09:12 ---
16:09:13.357    77820556  FFFFFF9FB3FFF  D16,D17,D20,D27,D28
16:09:14.636    77821821  FFFFFF9BB3FFF  D16,D17,D20,D24,D27,D28
16:09:14.636    77821822  FFFFFF83B3FFF  D16,D17,D20,D24,D25,D26,D27,D28
16:09:14.636    77821825  FFFFFFA3B3FFF  D16,D17,D20,D24,D25,D26,D28
16:09:16.166    77823334  FFFFFFA7B3FFF  D16,D17,D20,D25,D26,D28
16:09:18.938    77826107  FFFFFFA7B7FFF  D17,D20,D25,D26,D28
16:09:33.755    77840797  FFFFFFA7F7FFF  D17,D25,D26,D28
--- FW IODebug 1.2.2 2026-08-31 LIFT=5 16:09:43 ---
16:10:06.055    77872869  FFFFFFA7B7FFF  D17,D20,D25,D26,D28
16:10:06.991    77873781  FFFFFFA7B3FFF  D16,D17,D20,D25,D26,D28
16:10:10.363    77877114  FFFFFFA3B3FFF  D16,D17,D20,D24,D25,D26,D28
16:10:10.363    77877116  FFFFFFABB3FFF  D16,D17,D20,D24,D26,D28
16:10:11.875    77878627  FFFFFFAFB3FFF  D16,D17,D20,D26,D28
16:10:13.261    77879892  FFFFFFA3B3FFF  D16,D17,D20,D24,D25,D26,D28
16:10:13.262    77879897  FFFFFFB3B3FFF  D16,D17,D20,D24,D25,D28
--- FW IODebug 1.2.2 2026-08-31 LIFT=5 16:10:13 ---
16:10:14.432    77881167  FFFFFFB7B3FFF  D16,D17,D20,D25,D28
16:10:15.661    77882393  FFFFFFB3B3FFF  D16,D17,D20,D24,D25,D28
16:10:15.661    77882395  FFFFFFBBB3FFF  D16,D17,D20,D24,D28
16:10:16.956    77883668  FFFFFFBFB3FFF  D16,D17,D20,D28
16:10:18.239    77884934  FFFFFFBBB3FFF  D16,D17,D20,D24,D28
16:10:18.240    77884936  FFFFFFC3B3FFF  D16,D17,D20,D24,D25,D26,D27
16:10:19.521    77886209  FFFFFFC7B3FFF  D16,D17,D20,D25,D26,D27
16:10:20.785    77887474  FFFFFFC3B3FFF  D16,D17,D20,D24,D25,D26,D27
16:10:20.785    77887476  FFFFFFCBB3FFF  D16,D17,D20,D24,D26,D27
16:10:22.070    77888749  FFFFFFCFB3FFF  D16,D17,D20,D26,D27
16:10:23.754    77890412  FFFFFFC3B3FFF  D16,D17,D20,D24,D25,D26,D27
16:10:23.755    77890418  FFFFFFD3B3FFF  D16,D17,D20,D24,D25,D27
16:10:25.719    77892361  FFFFFFD7B3FFF  D16,D17,D20,D25,D27
16:10:27.997    77894620  FFFFFFD3B3FFF  D16,D17,D20,D24,D25,D27
16:10:27.997    77894621  FFFFFFDBB3FFF  D16,D17,D20,D24,D27
16:10:30.030    77896647  FFFFFFDFB3FFF  D16,D17,D20,D27
16:10:31.390    77897993  FFFFFFCBB3FFF  D16,D17,D20,D24,D26,D27
16:10:31.390    77897995  FFFFFFC3B3FFF  D16,D17,D20,D24,D25,D26,D27
16:10:31.391    77897997  FFFFFFE3B3FFF  D16,D17,D20,D24,D25,D26
16:10:32.834    77899426  FFFFFFE7B3FFF  D16,D17,D20,D25,D26
16:10:34.231    77900811  FFFFFFE3B3FFF  D16,D17,D20,D24,D25,D26
16:10:34.232    77900813  FFFFFFEBB3FFF  D16,D17,D20,D24,D26
16:10:35.920    77902482  FFFFFFEFB3FFF  D16,D17,D20,D26
16:10:37.910    77904463  FFFFFFEBB3FFF  D16,D17,D20,D24,D26
16:10:37.910    77904465  FFFFFFE3B3FFF  D16,D17,D20,D24,D25,D26
16:10:37.910    77904471  FFFFFFF3B3FFF  D16,D17,D20,D24,D25
16:10:40.199    77906729  FFFFFFF7B3FFF  D16,D17,D20,D25
--- FW IODebug 1.2.2 2026-08-31 LIFT=5 16:10:43 ---
16:10:43.830    77910257  FFFFFFF7B7FFF  D17,D20,D25
16:10:43.830    77910340  FFFFFFF7F7FFF  D17,D25
--- FW IODebug 1.2.2 2026-08-31 LIFT=5 16:11:13 ---
--- FW IODebug 1.2.2 2026-08-31 LIFT=5 16:11:44 ---
16:11:44.300    77970340  FFFFFFF7F7FFF  D17,D25
16:12:13.575    77999410  FFFFFFF7D7FFF  D17,D19,D25
--- FW IODebug 1.2.2 2026-08-31 LIFT=5 16:12:14 ---
16:12:14.513    78000323  FFFFFFF7D3FFF  D16,D17,D19,D25
16:12:18.571    78004371  FFFFFFF3D3FFF  D16,D17,D19,D24,D25
16:12:20.860    78006634  FFFFFFE3D3FFF  D16,D17,D19,D24,D25,D26
16:12:20.860    78006636  FFFFFFEBD3FFF  D16,D17,D19,D24,D26
16:12:20.860    78006638  FFFFFFEFD3FFF  D16,D17,D19,D26
16:12:22.861    78008619  FFFFFFEBD3FFF  D16,D17,D19,D24,D26
16:12:24.549    78010286  FFFFFFE3D3FFF  D16,D17,D19,D24,D25,D26
16:12:24.549    78010290  FFFFFFE7D3FFF  D16,D17,D19,D25,D26
16:12:25.945    78011675  FFFFFFE3D3FFF  D16,D17,D19,D24,D25,D26
16:12:27.388    78013105  FFFFFFCBD3FFF  D16,D17,D19,D24,D26,D27
16:12:27.389    78013108  FFFFFFCFD3FFF  D16,D17,D19,D26,D27
16:12:27.389    78013111  FFFFFFDFD3FFF  D16,D17,D19,D27
16:12:28.741    78014453  FFFFFFDBD3FFF  D16,D17,D19,D24,D27
16:12:30.799    78016479  FFFFFFD3D3FFF  D16,D17,D19,D24,D25,D27
16:12:30.799    78016482  FFFFFFD7D3FFF  D16,D17,D19,D25,D27
16:12:33.077    78018740  FFFFFFD3D3FFF  D16,D17,D19,D24,D25,D27
16:12:35.041    78020686  FFFFFFC3D3FFF  D16,D17,D19,D24,D25,D26,D27
16:12:35.041    78020687  FFFFFFCBD3FFF  D16,D17,D19,D24,D26,D27
16:12:35.041    78020689  FFFFFFCFD3FFF  D16,D17,D19,D26,D27
16:12:36.693    78022352  FFFFFFCBD3FFF  D16,D17,D19,D24,D26,D27
16:12:37.994    78023623  FFFFFFC3D3FFF  D16,D17,D19,D24,D25,D26,D27
16:12:37.994    78023626  FFFFFFC7D3FFF  D16,D17,D19,D25,D26,D27
16:12:39.261    78024893  FFFFFFC3D3FFF  D16,D17,D19,D24,D25,D26,D27
16:12:40.549    78026164  FFFFFF8BD3FFF  D16,D17,D19,D24,D26,D27,D28
16:12:40.549    78026167  FFFFFFABD3FFF  D16,D17,D19,D24,D26,D28
16:12:40.549    78026168  FFFFFFAFD3FFF  D16,D17,D19,D26,D28
16:12:40.549    78026170  FFFFFFBFD3FFF  D16,D17,D19,D28
16:12:41.827    78027432  FFFFFFBBD3FFF  D16,D17,D19,D24,D28
16:12:43.097    78028704  FFFFFFB3D3FFF  D16,D17,D19,D24,D25,D28
16:12:43.097    78028707  FFFFFFB7D3FFF  D16,D17,D19,D25,D28
16:12:44.418    78029973  FFFFFFB3D3FFF  D16,D17,D19,D24,D25,D28
--- FW IODebug 1.2.2 2026-08-31 LIFT=5 16:12:44 ---
16:12:45.667    78031245  FFFFFFABD3FFF  D16,D17,D19,D24,D26,D28
16:12:45.667    78031248  FFFFFFAFD3FFF  D16,D17,D19,D26,D28
16:12:46.944    78032514  FFFFFFABD3FFF  D16,D17,D19,D24,D26,D28
16:12:48.227    78033784  FFFFFFA3D3FFF  D16,D17,D19,D24,D25,D26,D28
16:12:48.228    78033788  FFFFFFA7D3FFF  D16,D17,D19,D25,D26,D28
16:12:49.459    78035014  FFFFFFA3D3FFF  D16,D17,D19,D24,D25,D26,D28
16:12:50.757    78036285  FFFFFF83D3FFF  D16,D17,D19,D24,D25,D26,D27,D28
16:12:50.758    78036287  FFFFFF8BD3FFF  D16,D17,D19,D24,D26,D27,D28
16:12:50.758    78036289  FFFFFF8FD3FFF  D16,D17,D19,D26,D27,D28
16:12:50.758    78036292  FFFFFF9FD3FFF  D16,D17,D19,D27,D28
16:12:52.053    78037595  FFFFFF9BD3FFF  D16,D17,D19,D24,D27,D28
16:12:53.301    78038825  FFFFFF93D3FFF  D16,D17,D19,D24,D25,D27,D28
16:12:53.302    78038830  FFFFFF97D3FFF  D16,D17,D19,D25,D27,D28
16:12:54.585    78040095  FFFFFF93D3FFF  D16,D17,D19,D24,D25,D27,D28
16:12:55.860    78041366  FFFFFF8BD3FFF  D16,D17,D19,D24,D26,D27,D28
16:12:55.860    78041369  FFFFFF8FD3FFF  D16,D17,D19,D26,D27,D28
16:12:57.188    78042676  FFFFFF8BD3FFF  D16,D17,D19,D24,D26,D27,D28
16:12:58.466    78043947  FFFFFF83D3FFF  D16,D17,D19,D24,D25,D26,D27,D28
16:12:58.467    78043950  FFFFFF87D3FFF  D16,D17,D19,D25,D26,D27,D28
16:12:59.701    78045176  FFFFFF83D3FFF  D16,D17,D19,D24,D25,D26,D27,D28
16:13:00.985    78046447  FFFFFF0BD3FFF  D16,D17,D19,D24,D26,D27,D28,D29
16:13:00.985    78046449  FFFFFF4BD3FFF  D16,D17,D19,D24,D26,D27,D29
16:13:00.985    78046451  FFFFFF6FD3FFF  D16,D17,D19,D26,D29
16:13:00.985    78046452  FFFFFF7FD3FFF  D16,D17,D19,D29
16:13:02.265    78047717  FFFFFF7BD3FFF  D16,D17,D19,D24,D29
16:13:03.547    78048988  FFFFFF73D3FFF  D16,D17,D19,D24,D25,D29
16:13:03.547    78048991  FFFFFF77D3FFF  D16,D17,D19,D25,D29
16:13:04.819    78050256  FFFFFF73D3FFF  D16,D17,D19,D24,D25,D29
16:13:06.118    78051527  FFFFFF63D3FFF  D16,D17,D19,D24,D25,D26,D29
16:13:06.119    78051529  FFFFFF6BD3FFF  D16,D17,D19,D24,D26,D29
16:13:06.119    78051531  FFFFFF6FD3FFF  D16,D17,D19,D26,D29
16:13:07.394    78052797  FFFFFF6BD3FFF  D16,D17,D19,D24,D26,D29
16:13:08.657    78054068  FFFFFF63D3FFF  D16,D17,D19,D24,D25,D26,D29
16:13:08.657    78054072  FFFFFF67D3FFF  D16,D17,D19,D25,D26,D29
16:13:09.940    78055337  FFFFFF63D3FFF  D16,D17,D19,D24,D25,D26,D29
16:13:11.238    78056608  FFFFFF43D3FFF  D16,D17,D19,D24,D25,D26,D27,D29
16:13:11.238    78056610  FFFFFF4BD3FFF  D16,D17,D19,D24,D26,D27,D29
16:13:11.238    78056612  FFFFFF4FD3FFF  D16,D17,D19,D26,D27,D29
16:13:11.238    78056614  FFFFFF5FD3FFF  D16,D17,D19,D27,D29
16:13:12.606    78057957  FFFFFF5BD3FFF  D16,D17,D19,D24,D27,D29
16:13:13.905    78059268  FFFFFF53D3FFF  D16,D17,D19,D24,D25,D27,D29
16:13:13.905    78059272  FFFFFF57D3FFF  D16,D17,D19,D25,D27,D29
--- FW IODebug 1.2.2 2026-08-31 LIFT=5 16:13:14 ---
16:13:15.250    78060617  FFFFFF53D3FFF  D16,D17,D19,D24,D25,D27,D29
16:13:16.573    78061927  FFFFFF43D3FFF  D16,D17,D19,D24,D25,D26,D27,D29
16:13:16.573    78061929  FFFFFF4BD3FFF  D16,D17,D19,D24,D26,D27,D29
16:13:16.573    78061931  FFFFFF4FD3FFF  D16,D17,D19,D26,D27,D29
16:13:17.899    78063237  FFFFFF4BD3FFF  D16,D17,D19,D24,D26,D27,D29
16:13:19.381    78064705  FFFFFF43D3FFF  D16,D17,D19,D24,D25,D26,D27,D29
16:13:19.382    78064709  FFFFFF47D3FFF  D16,D17,D19,D25,D26,D27,D29
16:13:21.422    78066531  FFFFFF43D3FFF  D16,D17,D19,D24,D25,D26,D27,D29
16:13:21.422    78066572  FFFFFF4393FFF  D16,D17,D19,D20,D24,D25,D26,D27,D29
16:13:21.422    78066732  FFFFFF43B3FFF  D16,D17,D20,D24,D25,D26,D27,D29
16:13:24.591    78069864  FFFFFF43B7FFF  D17,D20,D24,D25,D26,D27,D29
16:13:41.104    78086259  FFFFFF43B3FFF  D16,D17,D20,D24,D25,D26,D27,D29
--- FW IODebug 1.2.2 2026-08-31 LIFT=5 16:13:44 ---
16:13:44.941    78090074  FFFFFF47B3FFF  D16,D17,D20,D25,D26,D27,D29
16:13:46.821    78091935  FFFFFF43B3FFF  D16,D17,D20,D24,D25,D26,D27,D29
16:13:46.822    78091936  FFFFFF4BB3FFF  D16,D17,D20,D24,D26,D27,D29
16:13:48.265    78093368  FFFFFF4FB3FFF  D16,D17,D20,D26,D27,D29
16:13:49.593    78094673  FFFFFF4BB3FFF  D16,D17,D20,D24,D26,D27,D29
16:13:49.593    78094675  FFFFFF43B3FFF  D16,D17,D20,D24,D25,D26,D27,D29
16:13:49.593    78094681  FFFFFF53B3FFF  D16,D17,D20,D24,D25,D27,D29
16:13:50.942    78096027  FFFFFF57B3FFF  D16,D17,D20,D25,D27,D29
16:13:52.247    78097333  FFFFFF53B3FFF  D16,D17,D20,D24,D25,D27,D29
16:13:52.247    78097335  FFFFFF5BB3FFF  D16,D17,D20,D24,D27,D29
16:13:53.616    78098686  FFFFFF5FB3FFF  D16,D17,D20,D27,D29
16:13:54.956    78099992  FFFFFF5BB3FFF  D16,D17,D20,D24,D27,D29
16:13:54.956    78099994  FFFFFF43B3FFF  D16,D17,D20,D24,D25,D26,D27,D29
16:13:54.956    78099996  FFFFFF63B3FFF  D16,D17,D20,D24,D25,D26,D29
16:13:56.224    78101266  FFFFFF67B3FFF  D16,D17,D20,D25,D26,D29
16:13:57.507    78102533  FFFFFF63B3FFF  D16,D17,D20,D24,D25,D26,D29
16:13:57.507    78102535  FFFFFF6BB3FFF  D16,D17,D20,D24,D26,D29
16:13:58.787    78103808  FFFFFF6FB3FFF  D16,D17,D20,D26,D29
16:14:00.057    78105073  FFFFFF6BB3FFF  D16,D17,D20,D24,D26,D29
16:14:00.057    78105075  FFFFFF63B3FFF  D16,D17,D20,D24,D25,D26,D29
16:14:00.057    78105080  FFFFFF73B3FFF  D16,D17,D20,D24,D25,D29
16:14:01.350    78106347  FFFFFF77B3FFF  D16,D17,D20,D25,D29
16:14:02.623    78107614  FFFFFF73B3FFF  D16,D17,D20,D24,D25,D29
16:14:02.624    78107616  FFFFFF7BB3FFF  D16,D17,D20,D24,D29
16:14:03.892    78108888  FFFFFF7FB3FFF  D16,D17,D20,D29
16:14:05.195    78110154  FFFFFF7BB3FFF  D16,D17,D20,D24,D29
16:14:05.195    78110156  FFFFFF83B3FFF  D16,D17,D20,D24,D25,D26,D27,D28
16:14:06.462    78111428  FFFFFF87B3FFF  D16,D17,D20,D25,D26,D27,D28
16:14:07.982    78112932  FFFFFF83B3FFF  D16,D17,D20,D24,D25,D26,D27,D28
16:14:07.982    78112934  FFFFFF8BB3FFF  D16,D17,D20,D24,D26,D27,D28
16:14:10.804    78115749  FFFFFF8BB7FFF  D17,D20,D24,D26,D27,D28
--- FW IODebug 1.2.2 2026-08-31 LIFT=5 16:14:15 ---
16:14:26.341    78131153  FFFFFF8BB3FFF  D16,D17,D20,D24,D26,D27,D28
16:14:29.895    78134688  FFFFFF8FB3FFF  D16,D17,D20,D26,D27,D28
16:14:32.778    78137541  FFFFFF8FB7FFF  D17,D20,D26,D27,D28
--- FW IODebug 1.2.2 2026-08-31 LIFT=5 16:14:45 ---
16:14:47.499    78152152  FFFFFF8FF7FFF  D17,D26,D27,D28
--- FW IODebug 1.2.2 2026-08-31 LIFT=5 16:15:15 ---
16:15:19.964    78184382  FFFFFF8FB7FFF  D17,D20,D26,D27,D28
16:15:20.888    78185294  FFFFFF8FB3FFF  D16,D17,D20,D26,D27,D28
16:15:24.270    78188627  FFFFFF83B3FFF  D16,D17,D20,D24,D25,D26,D27,D28
16:15:24.270    78188632  FFFFFF93B3FFF  D16,D17,D20,D24,D25,D27,D28
16:15:25.791    78190140  FFFFFF97B3FFF  D16,D17,D20,D25,D27,D28
16:15:27.041    78191407  FFFFFF93B3FFF  D16,D17,D20,D24,D25,D27,D28
16:15:27.041    78191408  FFFFFF9BB3FFF  D16,D17,D20,D24,D27,D28
16:15:28.303    78192641  FFFFFF9FB3FFF  D16,D17,D20,D27,D28
16:15:29.627    78193946  FFFFFF9BB3FFF  D16,D17,D20,D24,D27,D28
16:15:29.628    78193948  FFFFFF83B3FFF  D16,D17,D20,D24,D25,D26,D27,D28
16:15:29.628    78193950  FFFFFFA3B3FFF  D16,D17,D20,D24,D25,D26,D28
16:15:30.899    78195221  FFFFFFA7B3FFF  D16,D17,D20,D25,D26,D28
16:15:32.122    78196447  FFFFFFA3B3FFF  D16,D17,D20,D24,D25,D26,D28
16:15:32.122    78196449  FFFFFFABB3FFF  D16,D17,D20,D24,D26,D28
16:15:33.425    78197722  FFFFFFAFB3FFF  D16,D17,D20,D26,D28
16:15:34.701    78198987  FFFFFFABB3FFF  D16,D17,D20,D24,D26,D28
16:15:34.702    78198989  FFFFFFA3B3FFF  D16,D17,D20,D24,D25,D26,D28
16:15:34.702    78198994  FFFFFFB3B3FFF  D16,D17,D20,D24,D25,D28
16:15:35.968    78200261  FFFFFFB7B3FFF  D16,D17,D20,D25,D28
16:15:37.256    78201528  FFFFFFB3B3FFF  D16,D17,D20,D24,D25,D28
16:15:37.256    78201530  FFFFFFBBB3FFF  D16,D17,D20,D24,D28
16:15:38.539    78202802  FFFFFFBFB3FFF  D16,D17,D20,D28
16:15:39.812    78204068  FFFFFFBBB3FFF  D16,D17,D20,D24,D28
16:15:39.812    78204070  FFFFFFC3B3FFF  D16,D17,D20,D24,D25,D26,D27
16:15:41.094    78205342  FFFFFFC7B3FFF  D16,D17,D20,D25,D26,D27
16:15:42.389    78206609  FFFFFFC3B3FFF  D16,D17,D20,D24,D25,D26,D27
16:15:42.389    78206611  FFFFFFCBB3FFF  D16,D17,D20,D24,D26,D27
16:15:43.659    78207883  FFFFFFCFB3FFF  D16,D17,D20,D26,D27
16:15:45.800    78209546  FFFFFFCBB3FFF  D16,D17,D20,D24,D26,D27
16:15:45.800    78209548  FFFFFFC3B3FFF  D16,D17,D20,D24,D25,D26,D27
16:15:45.800    78209553  FFFFFFD3B3FFF  D16,D17,D20,D24,D25,D27
--- FW IODebug 1.2.2 2026-08-31 LIFT=5 16:15:45 ---
16:15:47.306    78211495  FFFFFFD7B3FFF  D16,D17,D20,D25,D27
16:15:49.579    78213753  FFFFFFD3B3FFF  D16,D17,D20,D24,D25,D27
16:15:49.579    78213755  FFFFFFDBB3FFF  D16,D17,D20,D24,D27
16:15:51.606    78215782  FFFFFFDFB3FFF  D16,D17,D20,D27
16:15:52.981    78217127  FFFFFFDBB3FFF  D16,D17,D20,D24,D27
16:15:52.982    78217129  FFFFFFC3B3FFF  D16,D17,D20,D24,D25,D26,D27
16:15:52.982    78217132  FFFFFFE3B3FFF  D16,D17,D20,D24,D25,D26
16:15:54.372    78218521  FFFFFFE7B3FFF  D16,D17,D20,D25,D26
16:15:55.822    78219947  FFFFFFE3B3FFF  D16,D17,D20,D24,D25,D26
16:15:55.822    78219948  FFFFFFEBB3FFF  D16,D17,D20,D24,D26
16:15:57.505    78221617  FFFFFFEFB3FFF  D16,D17,D20,D26
16:15:59.504    78223597  FFFFFFEBB3FFF  D16,D17,D20,D24,D26
16:15:59.504    78223599  FFFFFFE3B3FFF  D16,D17,D20,D24,D25,D26
16:15:59.506    78223601  FFFFFFF3B3FFF  D16,D17,D20,D24,D25
16:16:01.774    78225864  FFFFFFF7B3FFF  D16,D17,D20,D25
16:16:05.425    78229391  FFFFFFF7B7FFF  D17,D20,D25
16:16:05.425    78229474  FFFFFFF7F7FFF  D17,D25
--- FW IODebug 1.2.2 2026-08-31 LIFT=5 16:16:16 ---
--- FW IODebug 1.2.2 2026-08-31 LIFT=5 16:16:46 ---
16:17:05.874    78289474  FFFFFFF7F7FFF  D17,D25
--- FW IODebug 1.2.2 2026-08-31 LIFT=5 16:17:16 ---
--- FW IODebug 1.2.2 2026-08-31 LIFT=5 16:17:46 ---
16:18:05.245    78348393  FFFFFFF7D7FFF  D17,D19,D25
16:18:06.161    78349306  FFFFFFF7D3FFF  D16,D17,D19,D25
16:18:10.242    78353354  FFFFFFF3D3FFF  D16,D17,D19,D24,D25
16:18:12.533    78355617  FFFFFFE3D3FFF  D16,D17,D19,D24,D25,D26
16:18:12.533    78355619  FFFFFFEBD3FFF  D16,D17,D19,D24,D26
16:18:12.535    78355622  FFFFFFEFD3FFF  D16,D17,D19,D26
16:18:14.536    78357602  FFFFFFEBD3FFF  D16,D17,D19,D24,D26
16:18:16.202    78359270  FFFFFFE3D3FFF  D16,D17,D19,D24,D25,D26
16:18:16.202    78359273  FFFFFFE7D3FFF  D16,D17,D19,D25,D26
--- FW IODebug 1.2.2 2026-08-31 LIFT=5 16:18:16 ---
16:18:17.600    78360658  FFFFFFE3D3FFF  D16,D17,D19,D24,D25,D26
16:18:19.058    78362088  FFFFFFCBD3FFF  D16,D17,D19,D24,D26,D27
16:18:19.058    78362092  FFFFFFCFD3FFF  D16,D17,D19,D26,D27
16:18:19.059    78362094  FFFFFFDFD3FFF  D16,D17,D19,D27
16:18:20.415    78363437  FFFFFFDBD3FFF  D16,D17,D19,D24,D27
16:18:22.451    78365462  FFFFFFD3D3FFF  D16,D17,D19,D24,D25,D27
16:18:22.451    78365466  FFFFFFD7D3FFF  D16,D17,D19,D25,D27
16:18:24.731    78367724  FFFFFFD3D3FFF  D16,D17,D19,D24,D25,D27
16:18:26.691    78369670  FFFFFFC3D3FFF  D16,D17,D19,D24,D25,D26,D27
16:18:26.691    78369672  FFFFFFCBD3FFF  D16,D17,D19,D24,D26,D27
16:18:26.691    78369674  FFFFFFCFD3FFF  D16,D17,D19,D26,D27
16:18:28.361    78371337  FFFFFFCBD3FFF  D16,D17,D19,D24,D26,D27
16:18:29.649    78372608  FFFFFFC3D3FFF  D16,D17,D19,D24,D25,D26,D27
16:18:29.649    78372611  FFFFFFC7D3FFF  D16,D17,D19,D25,D26,D27
16:18:30.931    78373876  FFFFFFC3D3FFF  D16,D17,D19,D24,D25,D26,D27
16:18:32.203    78375148  FFFFFF8BD3FFF  D16,D17,D19,D24,D26,D27,D28
16:18:32.203    78375149  FFFFFFABD3FFF  D16,D17,D19,D24,D26,D28
16:18:32.203    78375151  FFFFFFAFD3FFF  D16,D17,D19,D26,D28
16:18:32.203    78375153  FFFFFFBFD3FFF  D16,D17,D19,D28
16:18:33.484    78376417  FFFFFFBBD3FFF  D16,D17,D19,D24,D28
16:18:34.771    78377687  FFFFFFB3D3FFF  D16,D17,D19,D24,D25,D28
16:18:34.772    78377691  FFFFFFB7D3FFF  D16,D17,D19,D25,D28
16:18:36.042    78378957  FFFFFFB3D3FFF  D16,D17,D19,D24,D25,D28
16:18:37.326    78380228  FFFFFFA3D3FFF  D16,D17,D19,D24,D25,D26,D28
16:18:37.326    78380230  FFFFFFABD3FFF  D16,D17,D19,D24,D26,D28
16:18:37.326    78380231  FFFFFFAFD3FFF  D16,D17,D19,D26,D28
16:18:38.599    78381498  FFFFFFABD3FFF  D16,D17,D19,D24,D26,D28
16:18:39.892    78382769  FFFFFFA3D3FFF  D16,D17,D19,D24,D25,D26,D28
16:18:39.892    78382772  FFFFFFA7D3FFF  D16,D17,D19,D25,D26,D28
16:18:41.113    78383998  FFFFFFA3D3FFF  D16,D17,D19,D24,D25,D26,D28
16:18:42.416    78385269  FFFFFF8BD3FFF  D16,D17,D19,D24,D26,D27,D28
16:18:42.416    78385272  FFFFFF8FD3FFF  D16,D17,D19,D26,D27,D28
16:18:42.417    78385275  FFFFFF9FD3FFF  D16,D17,D19,D27,D28
16:18:43.736    78386578  FFFFFF9BD3FFF  D16,D17,D19,D24,D27,D28
16:18:44.978    78387810  FFFFFF93D3FFF  D16,D17,D19,D24,D25,D27,D28
16:18:44.978    78387813  FFFFFF97D3FFF  D16,D17,D19,D25,D27,D28
16:18:46.246    78389079  FFFFFF93D3FFF  D16,D17,D19,D24,D25,D27,D28
--- FW IODebug 1.2.2 2026-08-31 LIFT=5 16:18:47 ---
16:18:47.530    78390348  FFFFFF83D3FFF  D16,D17,D19,D24,D25,D26,D27,D28
16:18:47.530    78390350  FFFFFF8BD3FFF  D16,D17,D19,D24,D26,D27,D28
16:18:47.530    78390353  FFFFFF8FD3FFF  D16,D17,D19,D26,D27,D28
16:18:49.075    78391897  FFFFFF8BD3FFF  D16,D17,D19,D24,D26,D27,D28
16:18:51.933    78394714  FFFFFF8BD7FFF  D17,D19,D24,D26,D27,D28
16:19:08.484    78411150  FFFFFF8BD3FFF  D16,D17,D19,D24,D26,D27,D28
16:19:11.793    78414443  FFFFFF83D3FFF  D16,D17,D19,D24,D25,D26,D27,D28
16:19:11.793    78414447  FFFFFF87D3FFF  D16,D17,D19,D25,D26,D27,D28
16:19:13.327    78415951  FFFFFF83D3FFF  D16,D17,D19,D24,D25,D26,D27,D28
16:19:14.619    78417222  FFFFFF0BD3FFF  D16,D17,D19,D24,D26,D27,D28,D29
16:19:14.619    78417224  FFFFFF4BD3FFF  D16,D17,D19,D24,D26,D27,D29
16:19:14.620    78417226  FFFFFF7FD3FFF  D16,D17,D19,D29
16:19:15.871    78418492  FFFFFF7BD3FFF  D16,D17,D19,D24,D29
16:19:17.392    78419763  FFFFFF73D3FFF  D16,D17,D19,D24,D25,D29
16:19:17.392    78419766  FFFFFF77D3FFF  D16,D17,D19,D25,D29
--- FW IODebug 1.2.2 2026-08-31 LIFT=5 16:19:17 ---
16:19:18.434    78421032  FFFFFF73D3FFF  D16,D17,D19,D24,D25,D29
16:19:19.718    78422302  FFFFFF63D3FFF  D16,D17,D19,D24,D25,D26,D29
16:19:19.718    78422304  FFFFFF6BD3FFF  D16,D17,D19,D24,D26,D29
16:19:19.718    78422306  FFFFFF6FD3FFF  D16,D17,D19,D26,D29
16:19:21.004    78423572  FFFFFF6BD3FFF  D16,D17,D19,D24,D26,D29
16:19:22.286    78424843  FFFFFF63D3FFF  D16,D17,D19,D24,D25,D26,D29
16:19:22.287    78424846  FFFFFF67D3FFF  D16,D17,D19,D25,D26,D29
16:19:23.563    78426113  FFFFFF63D3FFF  D16,D17,D19,D24,D25,D26,D29
16:19:25.400    78427622  FFFFFF43D3FFF  D16,D17,D19,D24,D25,D26,D27,D29
16:19:25.400    78427624  FFFFFF4BD3FFF  D16,D17,D19,D24,D26,D27,D29
16:19:25.400    78427626  FFFFFF5FD3FFF  D16,D17,D19,D27,D29
16:19:25.401    78427781  FFFFFF5F93FFF  D16,D17,D19,D20,D27,D29
16:19:25.401    78427941  FFFFFF5FB3FFF  D16,D17,D20,D27,D29
16:19:27.915    78430438  FFFFFF5FB7FFF  D17,D20,D27,D29
--- FW IODebug 1.2.2 2026-08-31 LIFT=5 16:19:47 ---
16:19:51.894    78454216  FFFFFF5FB3FFF  D16,D17,D20,D27,D29
16:19:55.234    78457550  FFFFFF4BB3FFF  D16,D17,D20,D24,D26,D27,D29
16:19:55.234    78457551  FFFFFF43B3FFF  D16,D17,D20,D24,D25,D26,D27,D29
16:19:55.234    78457553  FFFFFF63B3FFF  D16,D17,D20,D24,D25,D26,D29
16:19:56.764    78459062  FFFFFF67B3FFF  D16,D17,D20,D25,D26,D29
16:19:58.033    78460328  FFFFFF63B3FFF  D16,D17,D20,D24,D25,D26,D29
16:19:58.033    78460331  FFFFFF6BB3FFF  D16,D17,D20,D24,D26,D29
16:19:59.326    78461602  FFFFFF6FB3FFF  D16,D17,D20,D26,D29
16:20:00.568    78462829  FFFFFF6BB3FFF  D16,D17,D20,D24,D26,D29
16:20:00.568    78462831  FFFFFF63B3FFF  D16,D17,D20,D24,D25,D26,D29
16:20:00.569    78462836  FFFFFF73B3FFF  D16,D17,D20,D24,D25,D29
16:20:01.834    78464104  FFFFFF77B3FFF  D16,D17,D20,D25,D29
16:20:03.124    78465370  FFFFFF73B3FFF  D16,D17,D20,D24,D25,D29
16:20:03.124    78465372  FFFFFF7BB3FFF  D16,D17,D20,D24,D29
16:20:04.404    78466643  FFFFFF7FB3FFF  D16,D17,D20,D29
16:20:05.686    78467909  FFFFFF63B3FFF  D16,D17,D20,D24,D25,D26,D29
16:20:05.686    78467911  FFFFFF83B3FFF  D16,D17,D20,D24,D25,D26,D27,D28
16:20:06.970    78469184  FFFFFF87B3FFF  D16,D17,D20,D25,D26,D27,D28
16:20:08.239    78470450  FFFFFF83B3FFF  D16,D17,D20,D24,D25,D26,D27,D28
16:20:08.239    78470452  FFFFFF8BB3FFF  D16,D17,D20,D24,D26,D27,D28
16:20:09.536    78471725  FFFFFF8FB3FFF  D16,D17,D20,D26,D27,D28
16:20:10.804    78472990  FFFFFF8BB3FFF  D16,D17,D20,D24,D26,D27,D28
16:20:10.804    78472992  FFFFFF83B3FFF  D16,D17,D20,D24,D25,D26,D27,D28
16:20:10.804    78472997  FFFFFF93B3FFF  D16,D17,D20,D24,D25,D27,D28
16:20:12.083    78474264  FFFFFF97B3FFF  D16,D17,D20,D25,D27,D28
16:20:13.357    78475531  FFFFFF93B3FFF  D16,D17,D20,D24,D25,D27,D28
16:20:13.357    78475533  FFFFFF9BB3FFF  D16,D17,D20,D24,D27,D28
16:20:14.643    78476805  FFFFFF9FB3FFF  D16,D17,D20,D27,D28
16:20:16.177    78478309  FFFFFF9BB3FFF  D16,D17,D20,D24,D27,D28
16:20:16.177    78478311  FFFFFF83B3FFF  D16,D17,D20,D24,D25,D26,D27,D28
16:20:16.178    78478313  FFFFFFA3B3FFF  D16,D17,D20,D24,D25,D26,D28
--- FW IODebug 1.2.2 2026-08-31 LIFT=5 16:20:17 ---
16:20:19.013    78481126  FFFFFFA3B7FFF  D17,D20,D24,D25,D26,D28
16:20:34.561    78496569  FFFFFFA3B3FFF  D16,D17,D20,D24,D25,D26,D28
16:20:38.130    78500106  FFFFFFA7B3FFF  D16,D17,D20,D25,D26,D28
16:20:41.044    78502998  FFFFFFA7B7FFF  D17,D20,D25,D26,D28
--- FW IODebug 1.2.2 2026-08-31 LIFT=5 16:20:48 ---
16:20:55.801    78517648  FFFFFFA7F7FFF  D17,D25,D26,D28
--- FW IODebug 1.2.2 2026-08-31 LIFT=5 16:21:18 ---
16:21:28.587    78550196  FFFFFFA7B7FFF  D17,D20,D25,D26,D28
16:21:29.517    78551107  FFFFFFA7B3FFF  D16,D17,D20,D25,D26,D28
16:21:32.888    78554441  FFFFFFA3B3FFF  D16,D17,D20,D24,D25,D26,D28
16:21:32.889    78554443  FFFFFFABB3FFF  D16,D17,D20,D24,D26,D28
16:21:34.396    78555954  FFFFFFAFB3FFF  D16,D17,D20,D26,D28
16:21:35.680    78557220  FFFFFFA3B3FFF  D16,D17,D20,D24,D25,D26,D28
16:21:35.680    78557223  FFFFFFB3B3FFF  D16,D17,D20,D24,D25,D28
16:21:36.949    78558494  FFFFFFB7B3FFF  D16,D17,D20,D25,D28
16:21:38.199    78559721  FFFFFFB3B3FFF  D16,D17,D20,D24,D25,D28
16:21:38.199    78559723  FFFFFFBBB3FFF  D16,D17,D20,D24,D28
16:21:39.473    78560995  FFFFFFBFB3FFF  D16,D17,D20,D28
16:21:40.754    78562260  FFFFFFA3B3FFF  D16,D17,D20,D24,D25,D26,D28
16:21:40.754    78562263  FFFFFFC3B3FFF  D16,D17,D20,D24,D25,D26,D27
16:21:42.049    78563534  FFFFFFC7B3FFF  D16,D17,D20,D25,D26,D27
16:21:43.312    78564801  FFFFFFC3B3FFF  D16,D17,D20,D24,D25,D26,D27
16:21:43.313    78564803  FFFFFFCBB3FFF  D16,D17,D20,D24,D26,D27
16:21:44.587    78566075  FFFFFFCFB3FFF  D16,D17,D20,D26,D27
16:21:46.279    78567738  FFFFFFCBB3FFF  D16,D17,D20,D24,D26,D27
16:21:46.279    78567740  FFFFFFC3B3FFF  D16,D17,D20,D24,D25,D26,D27
16:21:46.279    78567742  FFFFFFD3B3FFF  D16,D17,D20,D24,D25,D27
16:21:48.558    78569688  FFFFFFD7B3FFF  D16,D17,D20,D25,D27
--- FW IODebug 1.2.2 2026-08-31 LIFT=5 16:21:48 ---
16:21:50.509    78571947  FFFFFFD3B3FFF  D16,D17,D20,D24,D25,D27
16:21:50.509    78571948  FFFFFFDBB3FFF  D16,D17,D20,D24,D27
16:21:52.573    78573974  FFFFFFDFB3FFF  D16,D17,D20,D27
16:21:53.916    78575320  FFFFFFDBB3FFF  D16,D17,D20,D24,D27
16:21:53.917    78575322  FFFFFFC3B3FFF  D16,D17,D20,D24,D25,D26,D27
16:21:53.917    78575324  FFFFFFE3B3FFF  D16,D17,D20,D24,D25,D26
16:21:55.359    78576753  FFFFFFE7B3FFF  D16,D17,D20,D25,D26
16:21:56.766    78578138  FFFFFFE3B3FFF  D16,D17,D20,D24,D25,D26
16:21:56.766    78578140  FFFFFFEBB3FFF  D16,D17,D20,D24,D26
16:21:58.437    78579810  FFFFFFEFB3FFF  D16,D17,D20,D26
16:22:00.440    78581789  FFFFFFEBB3FFF  D16,D17,D20,D24,D26
16:22:00.440    78581791  FFFFFFE3B3FFF  D16,D17,D20,D24,D25,D26
16:22:00.440    78581793  FFFFFFF3B3FFF  D16,D17,D20,D24,D25
16:22:02.728    78584056  FFFFFFF7B3FFF  D16,D17,D20,D25
16:22:06.366    78587624  FFFFFFF7B7FFF  D17,D20,D25
16:22:06.366    78587666  FFFFFFF7F7FFF  D17,D25
--- FW IODebug 1.2.2 2026-08-31 LIFT=5 16:22:18 ---
16:22:22.208    78603384  FFFFFFF7B7FFF  D17,D20,D25
16:22:38.586    78619658  FFFFFFF7B3FFF  D16,D17,D20,D25
16:22:42.360    78623269  FFFFFFF3B3FFF  D16,D17,D20,D24,D25
16:22:42.360    78623271  FFFFFFFBB3FFF  D16,D17,D20,D24
16:22:42.360    78623389  FFFFFFFB93FFF  D16,D17,D19,D20,D24
16:22:42.360    78623390  FFFFFFFBD3FFF  D16,D17,D19,D24
16:22:45.286    78626284  FFFFFFFBD7FFF  D17,D19,D24
--- FW IODebug 1.2.2 2026-08-31 LIFT=5 16:22:49 ---
16:23:00.106    78641014  FFFFFFFBF7FFF  D17,D24
--- FW IODebug 1.2.2 2026-08-31 LIFT=5 16:23:19 ---
16:23:32.438    78673084  FFFFFFFBD7FFF  D17,D19,D24
16:23:33.351    78673998  FFFFFFFBD3FFF  D16,D17,D19,D24
16:23:36.985    78677610  FFFFFFF3D3FFF  D16,D17,D19,D24,D25
16:23:36.985    78677614  FFFFFFF7D3FFF  D16,D17,D19,D25
16:23:40.106    78680625  FFFFFFF7D7FFF  D17,D19,D25
16:23:40.106    78680708  FFFFFFF7F7FFF  D17,D25
--- FW IODebug 1.2.2 2026-08-31 LIFT=5 16:23:49 ---
--- FW IODebug 1.2.2 2026-08-31 LIFT=5 16:24:19 ---
16:24:40.574    78740708  FFFFFFF7F7FFF  D17,D25
--- FW IODebug 1.2.2 2026-08-31 LIFT=5 16:24:49 ---
--- FW IODebug 1.2.2 2026-08-31 LIFT=5 16:25:20 ---
16:25:41.035    78800708  FFFFFFF7F7FFF  D17,D25
--- FW IODebug 1.2.2 2026-08-31 LIFT=5 16:25:50 ---
--- FW IODebug 1.2.2 2026-08-31 LIFT=5 16:26:20 ---
16:26:40.774    78859999  FFFFFFF7FFFFF  D25
16:26:41.468    78860676  FFFFFFF7F7FFF  D17,D25
--- FW IODebug 1.2.2 2026-08-31 LIFT=5 16:26:50 ---
--- FW IODebug 1.2.2 2026-08-31 LIFT=5 16:27:21 ---
16:27:41.919    78920676  FFFFFFF7F7FFF  D17,D25
--- FW IODebug 1.2.2 2026-08-31 LIFT=5 16:27:51 ---
--- FW IODebug 1.2.2 2026-08-31 LIFT=5 16:28:21 ---
16:28:42.395    78980676  FFFFFFF7F7FFF  D17,D25
--- FW IODebug 1.2.2 2026-08-31 LIFT=5 16:28:51 ---
--- FW IODebug 1.2.2 2026-08-31 LIFT=5 16:29:22 ---
16:29:42.834    79040676  FFFFFFF7F7FFF  D17,D25
--- FW IODebug 1.2.2 2026-08-31 LIFT=5 16:29:52 ---
--- FW IODebug 1.2.2 2026-08-31 LIFT=5 16:30:22 ---
16:30:43.293    79100676  FFFFFFF7F7FFF  D17,D25
--- FW IODebug 1.2.2 2026-08-31 LIFT=5 16:30:52 ---
--- FW IODebug 1.2.2 2026-08-31 LIFT=5 16:31:22 ---
16:31:43.762    79160676  FFFFFFF7F7FFF  D17,D25
--- FW IODebug 1.2.2 2026-08-31 LIFT=5 16:31:53 ---
--- FW IODebug 1.2.2 2026-08-31 LIFT=5 16:32:23 ---
16:32:44.225    79220676  FFFFFFF7F7FFF  D17,D25
--- FW IODebug 1.2.2 2026-08-31 LIFT=5 16:32:53 ---
--- FW IODebug 1.2.2 2026-08-31 LIFT=5 16:33:23 ---
16:33:44.686    79280676  FFFFFFF7F7FFF  D17,D25
--- FW IODebug 1.2.2 2026-08-31 LIFT=5 16:33:54 ---
--- FW IODebug 1.2.2 2026-08-31 LIFT=5 16:34:24 ---
16:34:45.150    79340676  FFFFFFF7F7FFF  D17,D25
--- FW IODebug 1.2.2 2026-08-31 LIFT=5 16:34:54 ---
--- FW IODebug 1.2.2 2026-08-31 LIFT=5 16:35:24 ---
16:35:45.623    79400676  FFFFFFF7F7FFF  D17,D25
--- FW IODebug 1.2.2 2026-08-31 LIFT=5 16:35:55 ---
--- FW IODebug 1.2.2 2026-08-31 LIFT=5 16:36:25 ---
16:36:46.058    79460676  FFFFFFF7F7FFF  D17,D25
--- FW IODebug 1.2.2 2026-08-31 LIFT=5 16:36:55 ---
--- FW IODebug 1.2.2 2026-08-31 LIFT=5 16:37:25 ---
16:37:46.523    79520676  FFFFFFF7F7FFF  D17,D25
--- FW IODebug 1.2.2 2026-08-31 LIFT=5 16:37:55 ---
--- FW IODebug 1.2.2 2026-08-31 LIFT=5 16:38:26 ---
16:38:46.986    79580676  FFFFFFF7F7FFF  D17,D25
--- FW IODebug 1.2.2 2026-08-31 LIFT=5 16:38:56 ---
--- FW IODebug 1.2.2 2026-08-31 LIFT=5 16:39:26 ---
16:39:47.450    79640676  FFFFFFF7F7FFF  D17,D25
--- FW IODebug 1.2.2 2026-08-31 LIFT=5 16:39:56 ---
--- FW IODebug 1.2.2 2026-08-31 LIFT=5 16:40:27 ---
16:40:47.913    79700676  FFFFFFF7F7FFF  D17,D25
16:40:51.593    79704318  FFFFFFF7D7FFF  D17,D19,D25
16:40:52.614    79705351  FFFFFFF7D3FFF  D16,D17,D19,D25
16:40:56.710    79709400  FFFFFFF3D3FFF  D16,D17,D19,D24,D25
--- FW IODebug 1.2.2 2026-08-31 LIFT=5 16:40:57 ---
16:40:58.978    79711662  FFFFFFE3D3FFF  D16,D17,D19,D24,D25,D26
16:40:58.978    79711664  FFFFFFEBD3FFF  D16,D17,D19,D24,D26
16:40:58.978    79711666  FFFFFFEFD3FFF  D16,D17,D19,D26
16:41:00.980    79713646  FFFFFFEBD3FFF  D16,D17,D19,D24,D26
16:41:02.675    79715314  FFFFFFE3D3FFF  D16,D17,D19,D24,D25,D26
16:41:02.676    79715318  FFFFFFE7D3FFF  D16,D17,D19,D25,D26
16:41:04.062    79716702  FFFFFFE3D3FFF  D16,D17,D19,D24,D25,D26
16:41:05.518    79718132  FFFFFFC3D3FFF  D16,D17,D19,D24,D25,D26,D27
16:41:05.518    79718134  FFFFFFCBD3FFF  D16,D17,D19,D24,D26,D27
16:41:05.518    79718136  FFFFFFCFD3FFF  D16,D17,D19,D26,D27
16:41:05.519    79718138  FFFFFFDFD3FFF  D16,D17,D19,D27
16:41:06.863    79719481  FFFFFFDBD3FFF  D16,D17,D19,D24,D27
16:41:08.895    79721506  FFFFFFD3D3FFF  D16,D17,D19,D24,D25,D27
16:41:08.895    79721510  FFFFFFD7D3FFF  D16,D17,D19,D25,D27
16:41:11.165    79723768  FFFFFFD3D3FFF  D16,D17,D19,D24,D25,D27
16:41:13.143    79725713  FFFFFFC3D3FFF  D16,D17,D19,D24,D25,D26,D27
16:41:13.143    79725715  FFFFFFCBD3FFF  D16,D17,D19,D24,D26,D27
16:41:13.144    79725718  FFFFFFCFD3FFF  D16,D17,D19,D26,D27
16:41:14.830    79727380  FFFFFFCBD3FFF  D16,D17,D19,D24,D26,D27
16:41:16.097    79728651  FFFFFFC3D3FFF  D16,D17,D19,D24,D25,D26,D27
16:41:16.097    79728655  FFFFFFC7D3FFF  D16,D17,D19,D25,D26,D27
16:41:17.381    79729922  FFFFFFC3D3FFF  D16,D17,D19,D24,D25,D26,D27
16:41:18.660    79731191  FFFFFF83D3FFF  D16,D17,D19,D24,D25,D26,D27,D28
16:41:18.660    79731193  FFFFFF8BD3FFF  D16,D17,D19,D24,D26,D27,D28
16:41:18.660    79731195  FFFFFFAFD3FFF  D16,D17,D19,D26,D28
16:41:18.661    79731197  FFFFFFBFD3FFF  D16,D17,D19,D28
16:41:19.951    79732461  FFFFFFBBD3FFF  D16,D17,D19,D24,D28
16:41:21.228    79733732  FFFFFFB3D3FFF  D16,D17,D19,D24,D25,D28
16:41:21.228    79733736  FFFFFFB7D3FFF  D16,D17,D19,D25,D28
16:41:22.509    79735002  FFFFFFB3D3FFF  D16,D17,D19,D24,D25,D28
16:41:23.790    79736272  FFFFFFA3D3FFF  D16,D17,D19,D24,D25,D26,D28
16:41:23.790    79736274  FFFFFFABD3FFF  D16,D17,D19,D24,D26,D28
16:41:23.790    79736275  FFFFFFAFD3FFF  D16,D17,D19,D26,D28
16:41:25.067    79737542  FFFFFFABD3FFF  D16,D17,D19,D24,D26,D28
16:41:26.578    79739051  FFFFFFA3D3FFF  D16,D17,D19,D24,D25,D26,D28
16:41:26.578    79739055  FFFFFFA7D3FFF  D16,D17,D19,D25,D26,D28
--- FW IODebug 1.2.2 2026-08-31 LIFT=5 16:41:27 ---
16:41:29.420    79741868  FFFFFFA7D7FFF  D17,D19,D25,D26,D28
16:41:45.168    79757508  FFFFFFA797FFF  D17,D19,D20,D25,D26,D28
16:41:45.168    79757510  FFFFFFA7B7FFF  D17,D20,D25,D26,D28
16:41:46.134    79758461  FFFFFFA7B3FFF  D16,D17,D20,D25,D26,D28
16:41:49.461    79761755  FFFFFFA3B3FFF  D16,D17,D20,D24,D25,D26,D28
16:41:49.461    79761757  FFFFFFABB3FFF  D16,D17,D20,D24,D26,D28
16:41:50.986    79763267  FFFFFFAFB3FFF  D16,D17,D20,D26,D28
16:41:52.262    79764534  FFFFFFA3B3FFF  D16,D17,D20,D24,D25,D26,D28
16:41:52.262    79764541  FFFFFFB3B3FFF  D16,D17,D20,D24,D25,D28
16:41:53.547    79765808  FFFFFFB7B3FFF  D16,D17,D20,D25,D28
16:41:54.833    79767074  FFFFFFB3B3FFF  D16,D17,D20,D24,D25,D28
16:41:54.833    79767075  FFFFFFBBB3FFF  D16,D17,D20,D24,D28
16:41:56.100    79768348  FFFFFFBFB3FFF  D16,D17,D20,D28
16:41:57.773    79769614  FFFFFFABB3FFF  D16,D17,D20,D24,D26,D28
16:41:57.773    79769616  FFFFFFC3B3FFF  D16,D17,D20,D24,D25,D26,D27
--- FW IODebug 1.2.2 2026-08-31 LIFT=5 16:41:57 ---
16:41:58.672    79770889  FFFFFFC7B3FFF  D16,D17,D20,D25,D26,D27
16:41:59.944    79772154  FFFFFFC3B3FFF  D16,D17,D20,D24,D25,D26,D27
16:41:59.944    79772156  FFFFFFCBB3FFF  D16,D17,D20,D24,D26,D27
16:42:01.182    79773389  FFFFFFCFB3FFF  D16,D17,D20,D26,D27
16:42:02.868    79775051  FFFFFFCBB3FFF  D16,D17,D20,D24,D26,D27
16:42:02.868    79775053  FFFFFFC3B3FFF  D16,D17,D20,D24,D25,D26,D27
16:42:02.868    79775059  FFFFFFD3B3FFF  D16,D17,D20,D24,D25,D27
16:42:04.837    79777001  FFFFFFD7B3FFF  D16,D17,D20,D25,D27
16:42:07.146    79779300  FFFFFFD3B3FFF  D16,D17,D20,D24,D25,D27
16:42:07.146    79779302  FFFFFFDBB3FFF  D16,D17,D20,D24,D27
16:42:09.137    79781288  FFFFFFDFB3FFF  D16,D17,D20,D27
16:42:10.543    79782673  FFFFFFC3B3FFF  D16,D17,D20,D24,D25,D26,D27
16:42:10.543    79782676  FFFFFFE3B3FFF  D16,D17,D20,D24,D25,D26
16:42:11.949    79784067  FFFFFFE7B3FFF  D16,D17,D20,D25,D26
16:42:13.346    79785452  FFFFFFE3B3FFF  D16,D17,D20,D24,D25,D26
16:42:13.346    79785454  FFFFFFEBB3FFF  D16,D17,D20,D24,D26
16:42:15.025    79787123  FFFFFFEFB3FFF  D16,D17,D20,D26
16:42:17.076    79789144  FFFFFFEBB3FFF  D16,D17,D20,D24,D26
16:42:17.076    79789145  FFFFFFE3B3FFF  D16,D17,D20,D24,D25,D26
16:42:17.076    79789151  FFFFFFF3B3FFF  D16,D17,D20,D24,D25
16:42:19.316    79791370  FFFFFFF7B3FFF  D16,D17,D20,D25
16:42:22.886    79794937  FFFFFFF7B7FFF  D17,D20,D25
--- FW IODebug 1.2.2 2026-08-31 LIFT=5 16:42:28 ---
16:42:37.650    79809588  FFFFFFF7F7FFF  D17,D25
--- FW IODebug 1.2.2 2026-08-31 LIFT=5 16:42:58 ---
--- FW IODebug 1.2.2 2026-08-31 LIFT=5 16:43:28 ---
16:43:38.119    79869588  FFFFFFF7F7FFF  D17,D25
--- FW IODebug 1.2.2 2026-08-31 LIFT=5 16:43:58 ---
--- FW IODebug 1.2.2 2026-08-31 LIFT=5 16:44:28 ---
16:44:38.589    79929588  FFFFFFF7F7FFF  D17,D25
--- FW IODebug 1.2.2 2026-08-31 LIFT=5 16:44:59 ---
16:45:00.050    79950894  FFFFFFF7D7FFF  D17,D19,D25
16:45:13.978    79964707  FFFFFFF7D3FFF  D16,D17,D19,D25
16:45:18.038    79968756  FFFFFFF3D3FFF  D16,D17,D19,D24,D25
16:45:20.342    79971019  FFFFFFE3D3FFF  D16,D17,D19,D24,D25,D26
16:45:20.343    79971021  FFFFFFEBD3FFF  D16,D17,D19,D24,D26
16:45:20.343    79971023  FFFFFFEFD3FFF  D16,D17,D19,D26
16:45:22.342    79973003  FFFFFFEBD3FFF  D16,D17,D19,D24,D26
16:45:24.007    79974671  FFFFFFE3D3FFF  D16,D17,D19,D24,D25,D26
16:45:24.008    79974675  FFFFFFE7D3FFF  D16,D17,D19,D25,D26
16:45:25.418    79976059  FFFFFFE3D3FFF  D16,D17,D19,D24,D25,D26
16:45:26.856    79977489  FFFFFFCBD3FFF  D16,D17,D19,D24,D26,D27
16:45:26.857    79977493  FFFFFFCFD3FFF  D16,D17,D19,D26,D27
16:45:26.857    79977496  FFFFFFDFD3FFF  D16,D17,D19,D27
16:45:28.213    79978839  FFFFFFDBD3FFF  D16,D17,D19,D24,D27
--- FW IODebug 1.2.2 2026-08-31 LIFT=5 16:45:29 ---
16:45:30.254    79980863  FFFFFFD3D3FFF  D16,D17,D19,D24,D25,D27
16:45:30.254    79980867  FFFFFFD7D3FFF  D16,D17,D19,D25,D27
16:45:32.525    79983125  FFFFFFD3D3FFF  D16,D17,D19,D24,D25,D27
16:45:34.484    79985071  FFFFFFC3D3FFF  D16,D17,D19,D24,D25,D26,D27
16:45:34.485    79985072  FFFFFFCBD3FFF  D16,D17,D19,D24,D26,D27
16:45:34.485    79985075  FFFFFFCFD3FFF  D16,D17,D19,D26,D27
16:45:36.167    79986737  FFFFFFCBD3FFF  D16,D17,D19,D24,D26,D27
16:45:37.451    79988008  FFFFFFC3D3FFF  D16,D17,D19,D24,D25,D26,D27
16:45:37.452    79988012  FFFFFFC7D3FFF  D16,D17,D19,D25,D26,D27
16:45:38.721    79989278  FFFFFFC3D3FFF  D16,D17,D19,D24,D25,D26,D27
16:45:40.016    79990549  FFFFFF8BD3FFF  D16,D17,D19,D24,D26,D27,D28
16:45:40.017    79990551  FFFFFFABD3FFF  D16,D17,D19,D24,D26,D28
16:45:40.017    79990553  FFFFFFAFD3FFF  D16,D17,D19,D26,D28
16:45:40.017    79990555  FFFFFFBFD3FFF  D16,D17,D19,D28
16:45:41.288    79991818  FFFFFFBBD3FFF  D16,D17,D19,D24,D28
16:45:42.574    79993089  FFFFFFB3D3FFF  D16,D17,D19,D24,D25,D28
16:45:42.574    79993093  FFFFFFB7D3FFF  D16,D17,D19,D25,D28
16:45:43.853    79994358  FFFFFFB3D3FFF  D16,D17,D19,D24,D25,D28
16:45:45.137    79995629  FFFFFFA3D3FFF  D16,D17,D19,D24,D25,D26,D28
16:45:45.138    79995631  FFFFFFABD3FFF  D16,D17,D19,D24,D26,D28
16:45:45.138    79995633  FFFFFFAFD3FFF  D16,D17,D19,D26,D28
16:45:46.402    79996899  FFFFFFABD3FFF  D16,D17,D19,D24,D26,D28
16:45:47.944    79998408  FFFFFFA3D3FFF  D16,D17,D19,D24,D25,D26,D28
16:45:47.944    79998411  FFFFFFA7D3FFF  D16,D17,D19,D25,D26,D28
16:45:50.798    80001264  FFFFFFA7D7FFF  D17,D19,D25,D26,D28
--- FW IODebug 1.2.2 2026-08-31 LIFT=5 16:45:59 ---
16:46:05.498    80015835  FFFFFFA7F7FFF  D17,D25,D26,D28
--- FW IODebug 1.2.2 2026-08-31 LIFT=5 16:46:29 ---
16:46:37.660    80047748  FFFFFFA7B7FFF  D17,D20,D25,D26,D28
16:46:38.564    80048660  FFFFFFA7B3FFF  D16,D17,D20,D25,D26,D28
16:46:41.929    80051993  FFFFFFA3B3FFF  D16,D17,D20,D24,D25,D26,D28
16:46:41.930    80051995  FFFFFFABB3FFF  D16,D17,D20,D24,D26,D28
16:46:43.456    80053507  FFFFFFAFB3FFF  D16,D17,D20,D26,D28
16:46:44.737    80054771  FFFFFFABB3FFF  D16,D17,D20,D24,D26,D28
16:46:44.738    80054773  FFFFFFA3B3FFF  D16,D17,D20,D24,D25,D26,D28
16:46:44.738    80054775  FFFFFFB3B3FFF  D16,D17,D20,D24,D25,D28
16:46:45.999    80056046  FFFFFFB7B3FFF  D16,D17,D20,D25,D28
16:46:47.300    80057312  FFFFFFB3B3FFF  D16,D17,D20,D24,D25,D28
16:46:47.300    80057314  FFFFFFBBB3FFF  D16,D17,D20,D24,D28
16:46:48.530    80058547  FFFFFFBFB3FFF  D16,D17,D20,D28
16:46:49.791    80059812  FFFFFFBBB3FFF  D16,D17,D20,D24,D28
16:46:49.791    80059814  FFFFFFC3B3FFF  D16,D17,D20,D24,D25,D26,D27
16:46:51.095    80061087  FFFFFFC7B3FFF  D16,D17,D20,D25,D26,D27
16:46:52.375    80062353  FFFFFFC3B3FFF  D16,D17,D20,D24,D25,D26,D27
16:46:52.375    80062355  FFFFFFCBB3FFF  D16,D17,D20,D24,D26,D27
16:46:53.652    80063628  FFFFFFCFB3FFF  D16,D17,D20,D26,D27
16:46:55.327    80065291  FFFFFFC3B3FFF  D16,D17,D20,D24,D25,D26,D27
16:46:55.327    80065298  FFFFFFD3B3FFF  D16,D17,D20,D24,D25,D27
16:46:57.292    80067240  FFFFFFD7B3FFF  D16,D17,D20,D25,D27
16:46:59.564    80069497  FFFFFFD3B3FFF  D16,D17,D20,D24,D25,D27
16:46:59.564    80069499  FFFFFFDBB3FFF  D16,D17,D20,D24,D27
--- FW IODebug 1.2.2 2026-08-31 LIFT=5 16:47:00 ---
16:47:01.601    80071527  FFFFFFDFB3FFF  D16,D17,D20,D27
16:47:02.974    80072872  FFFFFFDBB3FFF  D16,D17,D20,D24,D27
16:47:02.975    80072875  FFFFFFC3B3FFF  D16,D17,D20,D24,D25,D26,D27
16:47:02.975    80072876  FFFFFFE3B3FFF  D16,D17,D20,D24,D25,D26
16:47:04.410    80074306  FFFFFFE7B3FFF  D16,D17,D20,D25,D26
16:47:05.806    80075689  FFFFFFE3B3FFF  D16,D17,D20,D24,D25,D26
16:47:05.807    80075692  FFFFFFEBB3FFF  D16,D17,D20,D24,D26
16:47:07.511    80077362  FFFFFFEFB3FFF  D16,D17,D20,D26
16:47:09.533    80079382  FFFFFFEBB3FFF  D16,D17,D20,D24,D26
16:47:09.533    80079383  FFFFFFE3B3FFF  D16,D17,D20,D24,D25,D26
16:47:09.533    80079389  FFFFFFF3B3FFF  D16,D17,D20,D24,D25
16:47:11.769    80081608  FFFFFFF7B3FFF  D16,D17,D20,D25
16:47:15.401    80085136  FFFFFFF7B7FFF  D17,D20,D25
16:47:15.401    80085219  FFFFFFF7F7FFF  D17,D25
--- FW IODebug 1.2.2 2026-08-31 LIFT=5 16:47:30 ---
--- FW IODebug 1.2.2 2026-08-31 LIFT=5 16:48:00 ---
16:48:15.876    80145219  FFFFFFF7F7FFF  D17,D25
--- FW IODebug 1.2.2 2026-08-31 LIFT=5 16:48:30 ---
--- FW IODebug 1.2.2 2026-08-31 LIFT=5 16:49:00 ---
16:49:16.328    80205219  FFFFFFF7F7FFF  D17,D25
--- FW IODebug 1.2.2 2026-08-31 LIFT=5 16:49:31 ---
--- FW IODebug 1.2.2 2026-08-31 LIFT=5 16:50:01 ---
16:50:16.058    80264510  FFFFFFF7FFFFF  D25
16:50:16.758    80265188  FFFFFFF7F7FFF  D17,D25
--- FW IODebug 1.2.2 2026-08-31 LIFT=5 16:50:31 ---
--- FW IODebug 1.2.2 2026-08-31 LIFT=5 16:51:01 ---
16:51:17.218    80325188  FFFFFFF7F7FFF  D17,D25
--- FW IODebug 1.2.2 2026-08-31 LIFT=5 16:51:32 ---
16:51:44.180    80351956  FFFFFFF7D7FFF  D17,D19,D25
16:51:45.148    80352910  FFFFFFF7D3FFF  D16,D17,D19,D25
16:51:49.245    80356958  FFFFFFF3D3FFF  D16,D17,D19,D24,D25
16:51:51.509    80359221  FFFFFFE3D3FFF  D16,D17,D19,D24,D25,D26
16:51:51.509    80359223  FFFFFFEBD3FFF  D16,D17,D19,D24,D26
16:51:51.509    80359225  FFFFFFEFD3FFF  D16,D17,D19,D26
16:51:53.513    80361205  FFFFFFEBD3FFF  D16,D17,D19,D24,D26
16:51:55.204    80362873  FFFFFFE3D3FFF  D16,D17,D19,D24,D25,D26
16:51:55.204    80362876  FFFFFFE7D3FFF  D16,D17,D19,D25,D26
16:51:56.577    80364262  FFFFFFE3D3FFF  D16,D17,D19,D24,D25,D26
16:51:58.033    80365691  FFFFFFC3D3FFF  D16,D17,D19,D24,D25,D26,D27
16:51:58.033    80365692  FFFFFFCBD3FFF  D16,D17,D19,D24,D26,D27
16:51:58.033    80365696  FFFFFFCFD3FFF  D16,D17,D19,D26,D27
16:51:58.033    80365698  FFFFFFDFD3FFF  D16,D17,D19,D27
16:51:59.389    80367040  FFFFFFDBD3FFF  D16,D17,D19,D24,D27
16:52:01.807    80369105  FFFFFFD3D3FFF  D16,D17,D19,D24,D25,D27
16:52:01.807    80369108  FFFFFFD7D3FFF  D16,D17,D19,D25,D27
16:52:01.808    80369265  FFFFFFD793FFF  D16,D17,D19,D20,D25,D27
16:52:01.808    80369424  FFFFFFD7B3FFF  D16,D17,D20,D25,D27
--- FW IODebug 1.2.2 2026-08-31 LIFT=5 16:52:02 ---
16:52:05.197    80372795  FFFFFFD7B7FFF  D17,D20,D25,D27
16:52:19.469    80386967  FFFFFFD7B3FFF  D16,D17,D20,D25,D27
16:52:23.757    80391214  FFFFFFD3B3FFF  D16,D17,D20,D24,D25,D27
16:52:23.757    80391216  FFFFFFDBB3FFF  D16,D17,D20,D24,D27
16:52:25.797    80393242  FFFFFFDFB3FFF  D16,D17,D20,D27
16:52:27.160    80394588  FFFFFFCBB3FFF  D16,D17,D20,D24,D26,D27
16:52:27.160    80394590  FFFFFFC3B3FFF  D16,D17,D20,D24,D25,D26,D27
16:52:27.160    80394592  FFFFFFE3B3FFF  D16,D17,D20,D24,D25,D26
16:52:28.597    80396020  FFFFFFE7B3FFF  D16,D17,D20,D25,D26
16:52:29.985    80397406  FFFFFFE3B3FFF  D16,D17,D20,D24,D25,D26
16:52:29.985    80397408  FFFFFFEBB3FFF  D16,D17,D20,D24,D26
16:52:31.663    80399077  FFFFFFEFB3FFF  D16,D17,D20,D26
--- FW IODebug 1.2.2 2026-08-31 LIFT=5 16:52:32 ---
16:52:33.725    80401097  FFFFFFEBB3FFF  D16,D17,D20,D24,D26
16:52:33.725    80401099  FFFFFFE3B3FFF  D16,D17,D20,D24,D25,D26
16:52:33.726    80401104  FFFFFFF3B3FFF  D16,D17,D20,D24,D25
16:52:35.951    80403324  FFFFFFF7B3FFF  D16,D17,D20,D25
16:52:39.537    80406891  FFFFFFF7B7FFF  D17,D20,D25
16:52:54.277    80421502  FFFFFFF7F7FFF  D17,D25
--- FW IODebug 1.2.2 2026-08-31 LIFT=5 16:53:02 ---
--- FW IODebug 1.2.2 2026-08-31 LIFT=5 16:53:33 ---
16:53:54.731    80481502  FFFFFFF7F7FFF  D17,D25
--- FW IODebug 1.2.2 2026-08-31 LIFT=5 16:54:03 ---
--- FW IODebug 1.2.2 2026-08-31 LIFT=5 16:54:33 ---
16:54:55.182    80541502  FFFFFFF7F7FFF  D17,D25
--- FW IODebug 1.2.2 2026-08-31 LIFT=5 16:55:03 ---
--- FW IODebug 1.2.2 2026-08-31 LIFT=5 16:55:33 ---
16:55:54.330    80600199  FFFFFFF7FFFFF  D25
16:55:55.010    80600876  FFFFFFF7F7FFF  D17,D25
--- FW IODebug 1.2.2 2026-08-31 LIFT=5 16:56:04 ---
--- FW IODebug 1.2.2 2026-08-31 LIFT=5 16:56:34 ---
16:56:55.481    80660876  FFFFFFF7F7FFF  D17,D25
--- FW IODebug 1.2.2 2026-08-31 LIFT=5 16:57:04 ---
--- FW IODebug 1.2.2 2026-08-31 LIFT=5 16:57:34 ---
16:57:55.931    80720876  FFFFFFF7F7FFF  D17,D25
--- FW IODebug 1.2.2 2026-08-31 LIFT=5 16:58:05 ---
16:58:15.041    80739842  FFFFFFF7D7FFF  D17,D19,D25
16:58:16.042    80740835  FFFFFFF7D3FFF  D16,D17,D19,D25
16:58:20.144    80744883  FFFFFFF3D3FFF  D16,D17,D19,D24,D25
16:58:22.404    80747145  FFFFFFE3D3FFF  D16,D17,D19,D24,D25,D26
16:58:22.404    80747147  FFFFFFEBD3FFF  D16,D17,D19,D24,D26
16:58:22.405    80747150  FFFFFFEFD3FFF  D16,D17,D19,D26
16:58:24.410    80749129  FFFFFFEBD3FFF  D16,D17,D19,D24,D26
16:58:26.090    80750797  FFFFFFE3D3FFF  D16,D17,D19,D24,D25,D26
16:58:26.090    80750801  FFFFFFE7D3FFF  D16,D17,D19,D25,D26
16:58:27.491    80752187  FFFFFFE3D3FFF  D16,D17,D19,D24,D25,D26
16:58:28.941    80753615  FFFFFFCBD3FFF  D16,D17,D19,D24,D26,D27
16:58:28.941    80753619  FFFFFFCFD3FFF  D16,D17,D19,D26,D27
16:58:28.941    80753623  FFFFFFDFD3FFF  D16,D17,D19,D27
16:58:30.301    80754965  FFFFFFDBD3FFF  D16,D17,D19,D24,D27
16:58:32.334    80756989  FFFFFFD3D3FFF  D16,D17,D19,D24,D25,D27
16:58:32.334    80756994  FFFFFFD7D3FFF  D16,D17,D19,D25,D27
16:58:34.619    80759251  FFFFFFD3D3FFF  D16,D17,D19,D24,D25,D27
--- FW IODebug 1.2.2 2026-08-31 LIFT=5 16:58:35 ---
16:58:36.580    80761197  FFFFFFC3D3FFF  D16,D17,D19,D24,D25,D26,D27
16:58:36.581    80761199  FFFFFFCBD3FFF  D16,D17,D19,D24,D26,D27
16:58:36.581    80761201  FFFFFFCFD3FFF  D16,D17,D19,D26,D27
16:58:38.246    80762864  FFFFFFCBD3FFF  D16,D17,D19,D24,D26,D27
16:58:39.522    80764135  FFFFFFC3D3FFF  D16,D17,D19,D24,D25,D26,D27
16:58:39.522    80764138  FFFFFFC7D3FFF  D16,D17,D19,D25,D26,D27
16:58:40.812    80765404  FFFFFFC3D3FFF  D16,D17,D19,D24,D25,D26,D27
16:58:42.083    80766675  FFFFFF8BD3FFF  D16,D17,D19,D24,D26,D27,D28
16:58:42.083    80766679  FFFFFFAFD3FFF  D16,D17,D19,D26,D28
16:58:42.083    80766682  FFFFFFBFD3FFF  D16,D17,D19,D28
16:58:43.363    80767945  FFFFFFBBD3FFF  D16,D17,D19,D24,D28
16:58:44.665    80769216  FFFFFFB3D3FFF  D16,D17,D19,D24,D25,D28
16:58:44.665    80769219  FFFFFFB7D3FFF  D16,D17,D19,D25,D28
16:58:45.917    80770485  FFFFFFB3D3FFF  D16,D17,D19,D24,D25,D28
16:58:47.214    80771756  FFFFFFA3D3FFF  D16,D17,D19,D24,D25,D26,D28
16:58:47.214    80771758  FFFFFFABD3FFF  D16,D17,D19,D24,D26,D28
16:58:47.214    80771760  FFFFFFAFD3FFF  D16,D17,D19,D26,D28
16:58:48.478    80773025  FFFFFFABD3FFF  D16,D17,D19,D24,D26,D28
16:58:50.247    80774535  FFFFFFA3D3FFF  D16,D17,D19,D24,D25,D26,D28
16:58:50.248    80774538  FFFFFFA7D3FFF  D16,D17,D19,D25,D26,D28
16:58:50.248    80774615  FFFFFFA793FFF  D16,D17,D19,D20,D25,D26,D28
16:58:50.248    80774774  FFFFFFA7B3FFF  D16,D17,D20,D25,D26,D28
16:58:52.856    80777351  FFFFFFA7B7FFF  D17,D20,D25,D26,D28
--- FW IODebug 1.2.2 2026-08-31 LIFT=5 16:59:05 ---
16:59:09.399    80793786  FFFFFFA7B3FFF  D16,D17,D20,D25,D26,D28
16:59:12.782    80797120  FFFFFFA3B3FFF  D16,D17,D20,D24,D25,D26,D28
16:59:12.782    80797121  FFFFFFABB3FFF  D16,D17,D20,D24,D26,D28
16:59:14.298    80798632  FFFFFFAFB3FFF  D16,D17,D20,D26,D28
16:59:15.576    80799897  FFFFFFABB3FFF  D16,D17,D20,D24,D26,D28
16:59:15.576    80799899  FFFFFFA3B3FFF  D16,D17,D20,D24,D25,D26,D28
16:59:15.577    80799905  FFFFFFB3B3FFF  D16,D17,D20,D24,D25,D28
16:59:16.843    80801173  FFFFFFB7B3FFF  D16,D17,D20,D25,D28
16:59:18.130    80802439  FFFFFFB3B3FFF  D16,D17,D20,D24,D25,D28
16:59:18.130    80802441  FFFFFFBBB3FFF  D16,D17,D20,D24,D28
16:59:19.422    80803713  FFFFFFBFB3FFF  D16,D17,D20,D28
16:59:20.695    80804978  FFFFFFABB3FFF  D16,D17,D20,D24,D26,D28
16:59:20.695    80804980  FFFFFFC3B3FFF  D16,D17,D20,D24,D25,D26,D27
16:59:21.962    80806253  FFFFFFC7B3FFF  D16,D17,D20,D25,D26,D27
16:59:23.253    80807520  FFFFFFC3B3FFF  D16,D17,D20,D24,D25,D26,D27
16:59:23.254    80807521  FFFFFFCBB3FFF  D16,D17,D20,D24,D26,D27
16:59:24.502    80808754  FFFFFFCFB3FFF  D16,D17,D20,D26,D27
16:59:26.178    80810417  FFFFFFCBB3FFF  D16,D17,D20,D24,D26,D27
16:59:26.179    80810418  FFFFFFC3B3FFF  D16,D17,D20,D24,D25,D26,D27
16:59:26.179    80810424  FFFFFFD3B3FFF  D16,D17,D20,D24,D25,D27
16:59:28.130    80812366  FFFFFFD7B3FFF  D16,D17,D20,D25,D27
16:59:30.438    80814664  FFFFFFD3B3FFF  D16,D17,D20,D24,D25,D27
16:59:30.438    80814666  FFFFFFDBB3FFF  D16,D17,D20,D24,D27
16:59:32.445    80816653  FFFFFFDFB3FFF  D16,D17,D20,D27
16:59:33.849    80818037  FFFFFFDBB3FFF  D16,D17,D20,D24,D27
16:59:33.849    80818039  FFFFFFC3B3FFF  D16,D17,D20,D24,D25,D26,D27
16:59:33.849    80818041  FFFFFFE3B3FFF  D16,D17,D20,D24,D25,D26
16:59:35.240    80819431  FFFFFFE7B3FFF  D16,D17,D20,D25,D26
--- FW IODebug 1.2.2 2026-08-31 LIFT=5 16:59:35 ---
16:59:36.645    80820816  FFFFFFE3B3FFF  D16,D17,D20,D24,D25,D26
16:59:36.645    80820818  FFFFFFEBB3FFF  D16,D17,D20,D24,D26
16:59:38.317    80822488  FFFFFFEFB3FFF  D16,D17,D20,D26
16:59:40.374    80824508  FFFFFFEBB3FFF  D16,D17,D20,D24,D26
16:59:40.374    80824510  FFFFFFE3B3FFF  D16,D17,D20,D24,D25,D26
16:59:40.374    80824515  FFFFFFF3B3FFF  D16,D17,D20,D24,D25
16:59:42.604    80826735  FFFFFFF7B3FFF  D16,D17,D20,D25
16:59:46.164    80830262  FFFFFFF7B7FFF  D17,D20,D25
17:00:01.761    80845745  FFFFFFF7B3FFF  D16,D17,D20,D25
17:00:06.058    80849395  FFFFFFF3B3FFF  D16,D17,D20,D24,D25
17:00:06.058    80849397  FFFFFFFBB3FFF  D16,D17,D20,D24
17:00:06.058    80849555  FFFFFFFB93FFF  D16,D17,D19,D20,D24
17:00:06.058    80849556  FFFFFFFBD3FFF  D16,D17,D19,D24
--- FW IODebug 1.2.2 2026-08-31 LIFT=5 17:00:06 ---
17:00:08.444    80852372  FFFFFFFBD7FFF  D17,D19,D24
17:00:21.927    80865751  FFFFFFFBD3FFF  D16,D17,D19,D24
17:00:25.562    80869362  FFFFFFF3D3FFF  D16,D17,D19,D24,D25
17:00:25.562    80869366  FFFFFFF7D3FFF  D16,D17,D19,D25
17:00:28.602    80872377  FFFFFFF7D7FFF  D17,D19,D25
--- FW IODebug 1.2.2 2026-08-31 LIFT=5 17:00:36 ---
17:00:59.690    80903221  FFFFFFF7D3FFF  D16,D17,D19,D25
17:01:03.758    80907269  FFFFFFF3D3FFF  D16,D17,D19,D24,D25
17:01:06.517    80909532  FFFFFFE3D3FFF  D16,D17,D19,D24,D25,D26
17:01:06.517    80909534  FFFFFFEBD3FFF  D16,D17,D19,D24,D26
17:01:06.518    80909536  FFFFFFEFD3FFF  D16,D17,D19,D26
--- FW IODebug 1.2.2 2026-08-31 LIFT=5 17:01:06 ---
17:01:08.041    80911516  FFFFFFEBD3FFF  D16,D17,D19,D24,D26
17:01:09.714    80913184  FFFFFFE3D3FFF  D16,D17,D19,D24,D25,D26
17:01:09.714    80913187  FFFFFFE7D3FFF  D16,D17,D19,D25,D26
17:01:11.130    80914572  FFFFFFE3D3FFF  D16,D17,D19,D24,D25,D26
17:01:12.574    80916002  FFFFFFC3D3FFF  D16,D17,D19,D24,D25,D26,D27
17:01:12.575    80916003  FFFFFFCBD3FFF  D16,D17,D19,D24,D26,D27
17:01:12.575    80916005  FFFFFFCFD3FFF  D16,D17,D19,D26,D27
17:01:12.575    80916008  FFFFFFDFD3FFF  D16,D17,D19,D27
17:01:13.920    80917351  FFFFFFDBD3FFF  D16,D17,D19,D24,D27
17:01:15.957    80919375  FFFFFFD3D3FFF  D16,D17,D19,D24,D25,D27
17:01:15.957    80919379  FFFFFFD7D3FFF  D16,D17,D19,D25,D27
17:01:18.238    80921637  FFFFFFD3D3FFF  D16,D17,D19,D24,D25,D27
17:01:20.203    80923583  FFFFFFC3D3FFF  D16,D17,D19,D24,D25,D26,D27
17:01:20.203    80923585  FFFFFFCBD3FFF  D16,D17,D19,D24,D26,D27
17:01:20.203    80923587  FFFFFFCFD3FFF  D16,D17,D19,D26,D27
17:01:21.884    80925250  FFFFFFCBD3FFF  D16,D17,D19,D24,D26,D27
17:01:23.164    80926521  FFFFFFC3D3FFF  D16,D17,D19,D24,D25,D26,D27
17:01:23.164    80926524  FFFFFFC7D3FFF  D16,D17,D19,D25,D26,D27
17:01:24.436    80927791  FFFFFFC3D3FFF  D16,D17,D19,D24,D25,D26,D27
17:01:25.723    80929061  FFFFFF83D3FFF  D16,D17,D19,D24,D25,D26,D27,D28
17:01:25.723    80929062  FFFFFF8BD3FFF  D16,D17,D19,D24,D26,D27,D28
17:01:25.724    80929064  FFFFFFAFD3FFF  D16,D17,D19,D26,D28
17:01:25.724    80929068  FFFFFFBFD3FFF  D16,D17,D19,D28
17:01:27.005    80930331  FFFFFFBBD3FFF  D16,D17,D19,D24,D28
17:01:28.290    80931602  FFFFFFB3D3FFF  D16,D17,D19,D24,D25,D28
17:01:28.290    80931605  FFFFFFB7D3FFF  D16,D17,D19,D25,D28
17:01:29.555    80932871  FFFFFFB3D3FFF  D16,D17,D19,D24,D25,D28
17:01:30.853    80934141  FFFFFFA3D3FFF  D16,D17,D19,D24,D25,D26,D28
17:01:30.854    80934144  FFFFFFABD3FFF  D16,D17,D19,D24,D26,D28
17:01:30.854    80934146  FFFFFFAFD3FFF  D16,D17,D19,D26,D28
17:01:32.125    80935411  FFFFFFABD3FFF  D16,D17,D19,D24,D26,D28
17:01:33.642    80936921  FFFFFFA3D3FFF  D16,D17,D19,D24,D25,D26,D28
17:01:33.643    80936925  FFFFFFA7D3FFF  D16,D17,D19,D25,D26,D28
17:01:36.740    80939777  FFFFFFA7D7FFF  D17,D19,D25,D26,D28
--- FW IODebug 1.2.2 2026-08-31 LIFT=5 17:01:36 ---
17:01:51.204    80954347  FFFFFFA7F7FFF  D17,D25,D26,D28
--- FW IODebug 1.2.2 2026-08-31 LIFT=5 17:02:06 ---
17:02:23.196    80986101  FFFFFFA7B7FFF  D17,D20,D25,D26,D28
17:02:24.133    80987014  FFFFFFA7B3FFF  D16,D17,D20,D25,D26,D28
17:02:27.480    80990348  FFFFFFA3B3FFF  D16,D17,D20,D24,D25,D26,D28
17:02:27.481    80990349  FFFFFFABB3FFF  D16,D17,D20,D24,D26,D28
17:02:29.009    80991860  FFFFFFAFB3FFF  D16,D17,D20,D26,D28
17:02:30.294    80993126  FFFFFFABB3FFF  D16,D17,D20,D24,D26,D28
17:02:30.294    80993128  FFFFFFA3B3FFF  D16,D17,D20,D24,D25,D26,D28
17:02:30.294    80993133  FFFFFFB3B3FFF  D16,D17,D20,D24,D25,D28
17:02:31.571    80994401  FFFFFFB7B3FFF  D16,D17,D20,D25,D28
17:02:32.828    80995666  FFFFFFB3B3FFF  D16,D17,D20,D24,D25,D28
17:02:32.828    80995668  FFFFFFBBB3FFF  D16,D17,D20,D24,D28
17:02:34.085    80996901  FFFFFFBFB3FFF  D16,D17,D20,D28
17:02:35.366    80998167  FFFFFF8BB3FFF  D16,D17,D20,D24,D26,D27,D28
17:02:35.366    80998169  FFFFFFC3B3FFF  D16,D17,D20,D24,D25,D26,D27
17:02:36.657    80999442  FFFFFFC7B3FFF  D16,D17,D20,D25,D26,D27
--- FW IODebug 1.2.2 2026-08-31 LIFT=5 17:02:37 ---
17:02:37.918    81000708  FFFFFFC3B3FFF  D16,D17,D20,D24,D25,D26,D27
17:02:37.918    81000709  FFFFFFCBB3FFF  D16,D17,D20,D24,D26,D27
17:02:39.203    81001981  FFFFFFCFB3FFF  D16,D17,D20,D26,D27
17:02:40.887    81003644  FFFFFFCBB3FFF  D16,D17,D20,D24,D26,D27
17:02:40.887    81003646  FFFFFFC3B3FFF  D16,D17,D20,D24,D25,D26,D27
17:02:40.887    81003652  FFFFFFD3B3FFF  D16,D17,D20,D24,D25,D27
17:02:42.854    81005594  FFFFFFD7B3FFF  D16,D17,D20,D25,D27
17:02:45.135    81007852  FFFFFFD3B3FFF  D16,D17,D20,D24,D25,D27
17:02:45.135    81007854  FFFFFFDBB3FFF  D16,D17,D20,D24,D27
17:02:47.170    81009881  FFFFFFDFB3FFF  D16,D17,D20,D27
17:02:48.516    81011226  FFFFFFCBB3FFF  D16,D17,D20,D24,D26,D27
17:02:48.516    81011228  FFFFFFC3B3FFF  D16,D17,D20,D24,D25,D26,D27
17:02:48.516    81011230  FFFFFFE3B3FFF  D16,D17,D20,D24,D25,D26
17:02:49.962    81012659  FFFFFFE7B3FFF  D16,D17,D20,D25,D26
17:02:51.373    81014044  FFFFFFE3B3FFF  D16,D17,D20,D24,D25,D26
17:02:51.374    81014046  FFFFFFEBB3FFF  D16,D17,D20,D24,D26
17:02:53.048    81015715  FFFFFFEFB3FFF  D16,D17,D20,D26
17:02:55.078    81017736  FFFFFFEBB3FFF  D16,D17,D20,D24,D26
17:02:55.078    81017738  FFFFFFE3B3FFF  D16,D17,D20,D24,D25,D26
17:02:55.078    81017743  FFFFFFF3B3FFF  D16,D17,D20,D24,D25
17:02:57.324    81019963  FFFFFFF7B3FFF  D16,D17,D20,D25
17:03:00.966    81023491  FFFFFFF7B7FFF  D17,D20,D25
17:03:00.966    81023574  FFFFFFF7F7FFF  D17,D25
--- FW IODebug 1.2.2 2026-08-31 LIFT=5 17:03:07 ---
--- FW IODebug 1.2.2 2026-08-31 LIFT=5 17:03:37 ---
17:04:01.422    81083574  FFFFFFF7F7FFF  D17,D25
--- FW IODebug 1.2.2 2026-08-31 LIFT=5 17:04:07 ---
--- FW IODebug 1.2.2 2026-08-31 LIFT=5 17:04:38 ---
17:05:01.879    81143574  FFFFFFF7F7FFF  D17,D25
--- FW IODebug 1.2.2 2026-08-31 LIFT=5 17:05:08 ---
17:05:22.702    81164244  FFFFFFF7D7FFF  D17,D19,D25
17:05:23.625    81165158  FFFFFFF7D3FFF  D16,D17,D19,D25
17:05:27.705    81169206  FFFFFFF3D3FFF  D16,D17,D19,D24,D25
17:05:29.991    81171469  FFFFFFE3D3FFF  D16,D17,D19,D24,D25,D26
17:05:29.991    81171471  FFFFFFEBD3FFF  D16,D17,D19,D24,D26
17:05:29.992    81171473  FFFFFFEFD3FFF  D16,D17,D19,D26
17:05:31.986    81173453  FFFFFFEBD3FFF  D16,D17,D19,D24,D26
17:05:33.683    81175120  FFFFFFE3D3FFF  D16,D17,D19,D24,D25,D26
17:05:33.683    81175124  FFFFFFE7D3FFF  D16,D17,D19,D25,D26
17:05:35.073    81176510  FFFFFFE3D3FFF  D16,D17,D19,D24,D25,D26
17:05:36.502    81177939  FFFFFFCBD3FFF  D16,D17,D19,D24,D26,D27
17:05:36.502    81177943  FFFFFFCFD3FFF  D16,D17,D19,D26,D27
17:05:36.502    81177946  FFFFFFDFD3FFF  D16,D17,D19,D27
17:05:37.882    81179288  FFFFFFDBD3FFF  D16,D17,D19,D24,D27
--- FW IODebug 1.2.2 2026-08-31 LIFT=5 17:05:38 ---
17:05:39.912    81181314  FFFFFFD3D3FFF  D16,D17,D19,D24,D25,D27
17:05:39.913    81181317  FFFFFFD7D3FFF  D16,D17,D19,D25,D27
17:05:42.189    81183575  FFFFFFD3D3FFF  D16,D17,D19,D24,D25,D27
17:05:44.156    81185520  FFFFFFC3D3FFF  D16,D17,D19,D24,D25,D26,D27
17:05:44.156    81185522  FFFFFFCBD3FFF  D16,D17,D19,D24,D26,D27
17:05:44.156    81185524  FFFFFFCFD3FFF  D16,D17,D19,D26,D27
17:05:45.825    81187187  FFFFFFCBD3FFF  D16,D17,D19,D24,D26,D27
17:05:47.111    81188458  FFFFFFC3D3FFF  D16,D17,D19,D24,D25,D26,D27
17:05:47.111    81188462  FFFFFFC7D3FFF  D16,D17,D19,D25,D26,D27
17:05:48.388    81189728  FFFFFFC3D3FFF  D16,D17,D19,D24,D25,D26,D27
17:05:49.682    81190999  FFFFFF8BD3FFF  D16,D17,D19,D24,D26,D27,D28
17:05:49.682    81191002  FFFFFFABD3FFF  D16,D17,D19,D24,D26,D28
17:05:49.682    81191003  FFFFFFAFD3FFF  D16,D17,D19,D26,D28
17:05:49.682    81191005  FFFFFFBFD3FFF  D16,D17,D19,D28
17:05:50.962    81192268  FFFFFFBBD3FFF  D16,D17,D19,D24,D28
17:05:52.235    81193539  FFFFFFB3D3FFF  D16,D17,D19,D24,D25,D28
17:05:52.236    81193542  FFFFFFB7D3FFF  D16,D17,D19,D25,D28
17:05:53.511    81194808  FFFFFFB3D3FFF  D16,D17,D19,D24,D25,D28
17:05:54.795    81196079  FFFFFFA3D3FFF  D16,D17,D19,D24,D25,D26,D28
17:05:54.795    81196081  FFFFFFABD3FFF  D16,D17,D19,D24,D26,D28
17:05:54.795    81196083  FFFFFFAFD3FFF  D16,D17,D19,D26,D28
17:05:56.081    81197348  FFFFFFABD3FFF  D16,D17,D19,D24,D26,D28
17:05:57.912    81198858  FFFFFFA3D3FFF  D16,D17,D19,D24,D25,D26,D28
17:05:57.912    81198862  FFFFFFA7D3FFF  D16,D17,D19,D25,D26,D28
17:05:57.912    81199017  FFFFFFA793FFF  D16,D17,D19,D20,D25,D26,D28
17:05:57.912    81199177  FFFFFFA7B3FFF  D16,D17,D20,D25,D26,D28
17:06:00.465    81201714  FFFFFFA7B7FFF  D17,D20,D25,D26,D28
--- FW IODebug 1.2.2 2026-08-31 LIFT=5 17:06:08 ---
17:06:14.110    81215251  FFFFFFA7B3FFF  D16,D17,D20,D25,D26,D28
17:06:17.457    81218585  FFFFFFA3B3FFF  D16,D17,D20,D24,D25,D26,D28
17:06:17.457    81218587  FFFFFFABB3FFF  D16,D17,D20,D24,D26,D28
17:06:19.004    81220098  FFFFFFAFB3FFF  D16,D17,D20,D26,D28
17:06:20.269    81221363  FFFFFFABB3FFF  D16,D17,D20,D24,D26,D28
17:06:20.269    81221365  FFFFFFA3B3FFF  D16,D17,D20,D24,D25,D26,D28
17:06:20.269    81221370  FFFFFFB3B3FFF  D16,D17,D20,D24,D25,D28
17:06:21.560    81222638  FFFFFFB7B3FFF  D16,D17,D20,D25,D28
17:06:22.834    81223904  FFFFFFB3B3FFF  D16,D17,D20,D24,D25,D28
17:06:22.834    81223906  FFFFFFBBB3FFF  D16,D17,D20,D24,D28
17:06:24.081    81225139  FFFFFFBFB3FFF  D16,D17,D20,D28
17:06:25.348    81226404  FFFFFFABB3FFF  D16,D17,D20,D24,D26,D28
17:06:25.348    81226406  FFFFFFC3B3FFF  D16,D17,D20,D24,D25,D26,D27
17:06:26.630    81227679  FFFFFFC7B3FFF  D16,D17,D20,D25,D26,D27
17:06:27.920    81228945  FFFFFFC3B3FFF  D16,D17,D20,D24,D25,D26,D27
17:06:27.920    81228947  FFFFFFCBB3FFF  D16,D17,D20,D24,D26,D27
17:06:29.183    81230220  FFFFFFCFB3FFF  D16,D17,D20,D26,D27
17:06:30.880    81231882  FFFFFFCBB3FFF  D16,D17,D20,D24,D26,D27
17:06:30.880    81231884  FFFFFFC3B3FFF  D16,D17,D20,D24,D25,D26,D27
17:06:30.880    81231889  FFFFFFD3B3FFF  D16,D17,D20,D24,D25,D27
17:06:32.831    81233831  FFFFFFD7B3FFF  D16,D17,D20,D25,D27
17:06:35.099    81236089  FFFFFFD3B3FFF  D16,D17,D20,D24,D25,D27
17:06:35.099    81236091  FFFFFFDBB3FFF  D16,D17,D20,D24,D27
17:06:37.159    81238118  FFFFFFDFB3FFF  D16,D17,D20,D27
17:06:38.504    81239463  FFFFFFC3B3FFF  D16,D17,D20,D24,D25,D26,D27
17:06:38.504    81239467  FFFFFFE3B3FFF  D16,D17,D20,D24,D25,D26
--- FW IODebug 1.2.2 2026-08-31 LIFT=5 17:06:39 ---
17:06:39.956    81240897  FFFFFFE7B3FFF  D16,D17,D20,D25,D26
17:06:41.351    81242283  FFFFFFE3B3FFF  D16,D17,D20,D24,D25,D26
17:06:41.351    81242284  FFFFFFEBB3FFF  D16,D17,D20,D24,D26
17:06:43.026    81243953  FFFFFFEFB3FFF  D16,D17,D20,D26
17:06:45.042    81245933  FFFFFFEBB3FFF  D16,D17,D20,D24,D26
17:06:45.042    81245935  FFFFFFE3B3FFF  D16,D17,D20,D24,D25,D26
17:06:45.043    81245941  FFFFFFF3B3FFF  D16,D17,D20,D24,D25
17:06:47.311    81248200  FFFFFFF7B3FFF  D16,D17,D20,D25
17:06:50.864    81251728  FFFFFFF7B7FFF  D17,D20,D25
17:07:05.582    81266338  FFFFFFF7F7FFF  D17,D25
--- FW IODebug 1.2.2 2026-08-31 LIFT=5 17:07:09 ---
--- FW IODebug 1.2.2 2026-08-31 LIFT=5 17:07:39 ---
17:08:06.040    81326338  FFFFFFF7F7FFF  D17,D25
--- FW IODebug 1.2.2 2026-08-31 LIFT=5 17:08:09 ---
--- FW IODebug 1.2.2 2026-08-31 LIFT=5 17:08:39 ---
17:09:06.511    81386338  FFFFFFF7F7FFF  D17,D25
--- FW IODebug 1.2.2 2026-08-31 LIFT=5 17:09:10 ---
--- FW IODebug 1.2.2 2026-08-31 LIFT=5 17:09:40 ---
17:10:06.253    81445630  FFFFFFF7FFFFF  D25
17:10:06.942    81446307  FFFFFFF7F7FFF  D17,D25
--- FW IODebug 1.2.2 2026-08-31 LIFT=5 17:10:10 ---
--- FW IODebug 1.2.2 2026-08-31 LIFT=5 17:10:40 ---
17:11:07.393    81506307  FFFFFFF7F7FFF  D17,D25
--- FW IODebug 1.2.2 2026-08-31 LIFT=5 17:11:11 ---
--- FW IODebug 1.2.2 2026-08-31 LIFT=5 17:11:41 ---
17:12:07.864    81566307  FFFFFFF7F7FFF  D17,D25
--- FW IODebug 1.2.2 2026-08-31 LIFT=5 17:12:11 ---
17:12:21.901    81580233  FFFFFFF7D7FFF  D17,D19,D25
17:12:37.883    81596112  FFFFFFF7F7FFF  D17,D25
--- FW IODebug 1.2.2 2026-08-31 LIFT=5 17:12:41 ---
17:12:43.481    81601667  FFFFFFF7D7FFF  D17,D19,D25
17:12:59.491    81617547  FFFFFFF7F7FFF  D17,D25
17:13:10.216    81628182  FFFFFFF7D7FFF  D17,D19,D25
--- FW IODebug 1.2.2 2026-08-31 LIFT=5 17:13:12 ---
17:13:40.135    81657874  FFFFFFF7D3FFF  D16,D17,D19,D25
--- FW IODebug 1.2.2 2026-08-31 LIFT=5 17:13:42 ---
17:13:44.220    81661921  FFFFFFF3D3FFF  D16,D17,D19,D24,D25
17:13:46.502    81664184  FFFFFFE3D3FFF  D16,D17,D19,D24,D25,D26
17:13:46.502    81664186  FFFFFFEBD3FFF  D16,D17,D19,D24,D26
17:13:46.503    81664188  FFFFFFEFD3FFF  D16,D17,D19,D26
17:13:48.492    81666169  FFFFFFEBD3FFF  D16,D17,D19,D24,D26
17:13:50.177    81667836  FFFFFFE3D3FFF  D16,D17,D19,D24,D25,D26
17:13:50.178    81667841  FFFFFFE7D3FFF  D16,D17,D19,D25,D26
17:13:51.580    81669225  FFFFFFE3D3FFF  D16,D17,D19,D24,D25,D26
17:13:53.024    81670654  FFFFFFC3D3FFF  D16,D17,D19,D24,D25,D26,D27
17:13:53.025    81670657  FFFFFFCBD3FFF  D16,D17,D19,D24,D26,D27
17:13:53.025    81670659  FFFFFFCFD3FFF  D16,D17,D19,D26,D27
17:13:53.025    81670661  FFFFFFDFD3FFF  D16,D17,D19,D27
17:13:54.369    81672003  FFFFFFDBD3FFF  D16,D17,D19,D24,D27
17:13:56.416    81674029  FFFFFFD3D3FFF  D16,D17,D19,D24,D25,D27
17:13:56.417    81674032  FFFFFFD7D3FFF  D16,D17,D19,D25,D27
17:13:58.679    81676291  FFFFFFD3D3FFF  D16,D17,D19,D24,D25,D27
17:14:00.661    81678236  FFFFFFC3D3FFF  D16,D17,D19,D24,D25,D26,D27
17:14:00.661    81678238  FFFFFFCBD3FFF  D16,D17,D19,D24,D26,D27
17:14:00.661    81678239  FFFFFFCFD3FFF  D16,D17,D19,D26,D27
17:14:02.337    81679902  FFFFFFCBD3FFF  D16,D17,D19,D24,D26,D27
17:14:03.620    81681173  FFFFFFC3D3FFF  D16,D17,D19,D24,D25,D26,D27
17:14:03.620    81681177  FFFFFFC7D3FFF  D16,D17,D19,D25,D26,D27
17:14:04.888    81682443  FFFFFFC3D3FFF  D16,D17,D19,D24,D25,D26,D27
17:14:06.174    81683714  FFFFFF8BD3FFF  D16,D17,D19,D24,D26,D27,D28
17:14:06.174    81683717  FFFFFFABD3FFF  D16,D17,D19,D24,D26,D28
17:14:06.175    81683719  FFFFFFAFD3FFF  D16,D17,D19,D26,D28
17:14:06.175    81683721  FFFFFFBFD3FFF  D16,D17,D19,D28
17:14:07.447    81684983  FFFFFFBBD3FFF  D16,D17,D19,D24,D28
17:14:08.716    81686254  FFFFFFB3D3FFF  D16,D17,D19,D24,D25,D28
17:14:08.716    81686258  FFFFFFB7D3FFF  D16,D17,D19,D25,D28
17:14:10.000    81687524  FFFFFFB3D3FFF  D16,D17,D19,D24,D25,D28
17:14:11.301    81688794  FFFFFFA3D3FFF  D16,D17,D19,D24,D25,D26,D28
17:14:11.301    81688796  FFFFFFABD3FFF  D16,D17,D19,D24,D26,D28
17:14:11.302    81688799  FFFFFFAFD3FFF  D16,D17,D19,D26,D28
--- FW IODebug 1.2.2 2026-08-31 LIFT=5 17:14:12 ---
17:14:12.589    81690064  FFFFFFABD3FFF  D16,D17,D19,D24,D26,D28
17:14:14.078    81691574  FFFFFFA3D3FFF  D16,D17,D19,D24,D25,D26,D28
17:14:14.078    81691577  FFFFFFA7D3FFF  D16,D17,D19,D25,D26,D28
17:14:16.921    81694390  FFFFFFA7D7FFF  D17,D19,D25,D26,D28
17:14:34.363    81711699  FFFFFFA7F7FFF  D17,D25,D26,D28
--- FW IODebug 1.2.2 2026-08-31 LIFT=5 17:14:42 ---
17:15:06.365    81743454  FFFFFFA7B7FFF  D17,D20,D25,D26,D28
17:15:07.286    81744366  FFFFFFA7B3FFF  D16,D17,D20,D25,D26,D28
17:15:10.646    81747699  FFFFFFA3B3FFF  D16,D17,D20,D24,D25,D26,D28
17:15:10.646    81747701  FFFFFFABB3FFF  D16,D17,D20,D24,D26,D28
17:15:12.155    81749212  FFFFFFAFB3FFF  D16,D17,D20,D26,D28
--- FW IODebug 1.2.2 2026-08-31 LIFT=5 17:15:13 ---
17:15:13.456    81750477  FFFFFFABB3FFF  D16,D17,D20,D24,D26,D28
17:15:13.456    81750479  FFFFFFA3B3FFF  D16,D17,D20,D24,D25,D26,D28
17:15:13.456    81750484  FFFFFFB3B3FFF  D16,D17,D20,D24,D25,D28
17:15:14.733    81751752  FFFFFFB7B3FFF  D16,D17,D20,D25,D28
17:15:15.970    81752978  FFFFFFB3B3FFF  D16,D17,D20,D24,D25,D28
17:15:15.970    81752980  FFFFFFBBB3FFF  D16,D17,D20,D24,D28
17:15:17.246    81754253  FFFFFFBFB3FFF  D16,D17,D20,D28
17:15:18.529    81755520  FFFFFF83B3FFF  D16,D17,D20,D24,D25,D26,D27,D28
17:15:18.529    81755521  FFFFFFC3B3FFF  D16,D17,D20,D24,D25,D26,D27
17:15:19.813    81756793  FFFFFFC7B3FFF  D16,D17,D20,D25,D26,D27
17:15:21.082    81758059  FFFFFFC3B3FFF  D16,D17,D20,D24,D25,D26,D27
17:15:21.082    81758061  FFFFFFCBB3FFF  D16,D17,D20,D24,D26,D27
17:15:22.375    81759334  FFFFFFCFB3FFF  D16,D17,D20,D26,D27
17:15:24.062    81760997  FFFFFFCBB3FFF  D16,D17,D20,D24,D26,D27
17:15:24.062    81760998  FFFFFFC3B3FFF  D16,D17,D20,D24,D25,D26,D27
17:15:24.062    81761003  FFFFFFD3B3FFF  D16,D17,D20,D24,D25,D27
17:15:26.002    81762947  FFFFFFD7B3FFF  D16,D17,D20,D25,D27
17:15:28.284    81765203  FFFFFFD3B3FFF  D16,D17,D20,D24,D25,D27
17:15:28.285    81765206  FFFFFFDBB3FFF  D16,D17,D20,D24,D27
17:15:30.328    81767233  FFFFFFDFB3FFF  D16,D17,D20,D27
17:15:31.689    81768579  FFFFFFC3B3FFF  D16,D17,D20,D24,D25,D26,D27
17:15:31.689    81768581  FFFFFFE3B3FFF  D16,D17,D20,D24,D25,D26
17:15:33.125    81770011  FFFFFFE7B3FFF  D16,D17,D20,D25,D26
17:15:34.518    81771397  FFFFFFE3B3FFF  D16,D17,D20,D24,D25,D26
17:15:34.518    81771398  FFFFFFEBB3FFF  D16,D17,D20,D24,D26
17:15:36.195    81773068  FFFFFFEFB3FFF  D16,D17,D20,D26
17:15:38.213    81775048  FFFFFFEBB3FFF  D16,D17,D20,D24,D26
17:15:38.213    81775050  FFFFFFE3B3FFF  D16,D17,D20,D24,D25,D26
17:15:38.214    81775054  FFFFFFF3B3FFF  D16,D17,D20,D24,D25
17:15:40.491    81777315  FFFFFFF7B3FFF  D16,D17,D20,D25
--- FW IODebug 1.2.2 2026-08-31 LIFT=5 17:15:43 ---
17:15:44.116    81780842  FFFFFFF7B7FFF  D17,D20,D25
17:15:44.116    81780925  FFFFFFF7F7FFF  D17,D25
--- FW IODebug 1.2.2 2026-08-31 LIFT=5 17:16:13 ---
--- FW IODebug 1.2.2 2026-08-31 LIFT=5 17:16:43 ---
17:16:44.591    81840925  FFFFFFF7F7FFF  D17,D25
--- FW IODebug 1.2.2 2026-08-31 LIFT=5 17:17:13 ---
--- FW IODebug 1.2.2 2026-08-31 LIFT=5 17:17:44 ---
17:17:45.034    81900925  FFFFFFF7F7FFF  D17,D25
--- FW IODebug 1.2.2 2026-08-31 LIFT=5 17:18:14 ---
--- FW IODebug 1.2.2 2026-08-31 LIFT=5 17:18:44 ---
17:18:44.794    81960217  FFFFFFF7FFFFF  D25
17:18:45.463    81960894  FFFFFFF7F7FFF  D17,D25
--- FW IODebug 1.2.2 2026-08-31 LIFT=5 17:19:14 ---
--- FW IODebug 1.2.2 2026-08-31 LIFT=5 17:19:45 ---
17:19:45.942    82020894  FFFFFFF7F7FFF  D17,D25
--- FW IODebug 1.2.2 2026-08-31 LIFT=5 17:20:15 ---
--- FW IODebug 1.2.2 2026-08-31 LIFT=5 17:20:45 ---
17:20:46.389    82080894  FFFFFFF7F7FFF  D17,D25
--- FW IODebug 1.2.2 2026-08-31 LIFT=5 17:21:15 ---
--- FW IODebug 1.2.2 2026-08-31 LIFT=5 17:21:45 ---
17:21:46.869    82140894  FFFFFFF7F7FFF  D17,D25
--- FW IODebug 1.2.2 2026-08-31 LIFT=5 17:22:16 ---
--- FW IODebug 1.2.2 2026-08-31 LIFT=5 17:22:46 ---
17:22:47.308    82200894  FFFFFFF7F7FFF  D17,D25
--- FW IODebug 1.2.2 2026-08-31 LIFT=5 17:23:16 ---
--- FW IODebug 1.2.2 2026-08-31 LIFT=5 17:23:46 ---
17:23:47.783    82260894  FFFFFFF7F7FFF  D17,D25
--- FW IODebug 1.2.2 2026-08-31 LIFT=5 17:24:17 ---
--- FW IODebug 1.2.2 2026-08-31 LIFT=5 17:24:47 ---
17:24:48.248    82320894  FFFFFFF7F7FFF  D17,D25
--- FW IODebug 1.2.2 2026-08-31 LIFT=5 17:25:17 ---
--- FW IODebug 1.2.2 2026-08-31 LIFT=5 17:25:47 ---
17:25:48.690    82380894  FFFFFFF7F7FFF  D17,D25
--- FW IODebug 1.2.2 2026-08-31 LIFT=5 17:26:18 ---
17:26:40.259    82432056  FFFFFFF7D7FFF  D17,D19,D25
17:26:41.295    82433088  FFFFFFF7D3FFF  D16,D17,D19,D25
17:26:45.362    82437136  FFFFFFF3D3FFF  D16,D17,D19,D24,D25
17:26:47.649    82439399  FFFFFFE3D3FFF  D16,D17,D19,D24,D25,D26
17:26:47.649    82439401  FFFFFFEBD3FFF  D16,D17,D19,D24,D26
17:26:47.649    82439404  FFFFFFEFD3FFF  D16,D17,D19,D26
--- FW IODebug 1.2.2 2026-08-31 LIFT=5 17:26:48 ---
17:26:49.656    82441383  FFFFFFEBD3FFF  D16,D17,D19,D24,D26
17:26:51.331    82443052  FFFFFFE3D3FFF  D16,D17,D19,D24,D25,D26
17:26:51.332    82443055  FFFFFFE7D3FFF  D16,D17,D19,D25,D26
17:26:52.726    82444440  FFFFFFE3D3FFF  D16,D17,D19,D24,D25,D26
17:26:54.182    82445870  FFFFFFC3D3FFF  D16,D17,D19,D24,D25,D26,D27
17:26:54.182    82445871  FFFFFFCBD3FFF  D16,D17,D19,D24,D26,D27
17:26:54.184    82445874  FFFFFFCFD3FFF  D16,D17,D19,D26,D27
17:26:54.184    82445877  FFFFFFDFD3FFF  D16,D17,D19,D27
17:26:55.516    82447219  FFFFFFDBD3FFF  D16,D17,D19,D24,D27
17:26:57.575    82449244  FFFFFFD3D3FFF  D16,D17,D19,D24,D25,D27
17:26:57.575    82449247  FFFFFFD7D3FFF  D16,D17,D19,D25,D27
17:26:59.849    82451505  FFFFFFD3D3FFF  D16,D17,D19,D24,D25,D27
17:27:01.815    82453450  FFFFFFC3D3FFF  D16,D17,D19,D24,D25,D26,D27
17:27:01.815    82453452  FFFFFFCBD3FFF  D16,D17,D19,D24,D26,D27
17:27:01.815    82453454  FFFFFFCFD3FFF  D16,D17,D19,D26,D27
17:27:03.483    82455117  FFFFFFCBD3FFF  D16,D17,D19,D24,D26,D27
17:27:04.785    82456388  FFFFFFC3D3FFF  D16,D17,D19,D24,D25,D26,D27
17:27:04.785    82456392  FFFFFFC7D3FFF  D16,D17,D19,D25,D26,D27
17:27:06.051    82457658  FFFFFFC3D3FFF  D16,D17,D19,D24,D25,D26,D27
17:27:07.336    82458929  FFFFFF8BD3FFF  D16,D17,D19,D24,D26,D27,D28
17:27:07.336    82458931  FFFFFFABD3FFF  D16,D17,D19,D24,D26,D28
17:27:07.336    82458933  FFFFFFAFD3FFF  D16,D17,D19,D26,D28
17:27:07.337    82458936  FFFFFFBFD3FFF  D16,D17,D19,D28
17:27:08.608    82460198  FFFFFFBBD3FFF  D16,D17,D19,D24,D28
17:27:09.889    82461469  FFFFFFB3D3FFF  D16,D17,D19,D24,D25,D28
17:27:09.889    82461472  FFFFFFB7D3FFF  D16,D17,D19,D25,D28
17:27:11.154    82462739  FFFFFFB3D3FFF  D16,D17,D19,D24,D25,D28
17:27:12.453    82464009  FFFFFFA3D3FFF  D16,D17,D19,D24,D25,D26,D28
17:27:12.453    82464011  FFFFFFABD3FFF  D16,D17,D19,D24,D26,D28
17:27:12.454    82464013  FFFFFFAFD3FFF  D16,D17,D19,D26,D28
17:27:13.731    82465278  FFFFFFABD3FFF  D16,D17,D19,D24,D26,D28
17:27:15.439    82466788  FFFFFFA3D3FFF  D16,D17,D19,D24,D25,D26,D28
17:27:15.439    82466792  FFFFFFA7D3FFF  D16,D17,D19,D25,D26,D28
17:27:15.439    82466828  FFFFFFA793FFF  D16,D17,D19,D20,D25,D26,D28
17:27:15.439    82466989  FFFFFFA7B3FFF  D16,D17,D20,D25,D26,D28
17:27:18.475    82469645  FFFFFFA7B7FFF  D17,D20,D25,D26,D28
--- FW IODebug 1.2.2 2026-08-31 LIFT=5 17:27:18 ---
17:27:37.449    82488818  FFFFFFA7B3FFF  D16,D17,D20,D25,D26,D28
17:27:40.803    82492151  FFFFFFA3B3FFF  D16,D17,D20,D24,D25,D26,D28
17:27:40.803    82492153  FFFFFFABB3FFF  D16,D17,D20,D24,D26,D28
17:27:42.329    82493665  FFFFFFAFB3FFF  D16,D17,D20,D26,D28
17:27:43.613    82494930  FFFFFFABB3FFF  D16,D17,D20,D24,D26,D28
17:27:43.613    82494932  FFFFFFA3B3FFF  D16,D17,D20,D24,D25,D26,D28
17:27:43.613    82494938  FFFFFFB3B3FFF  D16,D17,D20,D24,D25,D28
17:27:44.907    82496205  FFFFFFB7B3FFF  D16,D17,D20,D25,D28
17:27:46.132    82497431  FFFFFFB3B3FFF  D16,D17,D20,D24,D25,D28
17:27:46.132    82497433  FFFFFFBBB3FFF  D16,D17,D20,D24,D28
17:27:47.418    82498705  FFFFFFBFB3FFF  D16,D17,D20,D28
17:27:48.725    82499972  FFFFFFABB3FFF  D16,D17,D20,D24,D26,D28
17:27:48.725    82499973  FFFFFFC3B3FFF  D16,D17,D20,D24,D25,D26,D27
--- FW IODebug 1.2.2 2026-08-31 LIFT=5 17:27:48 ---
17:27:49.972    82501245  FFFFFFC7B3FFF  D16,D17,D20,D25,D26,D27
17:27:51.237    82502512  FFFFFFC3B3FFF  D16,D17,D20,D24,D25,D26,D27
17:27:51.237    82502514  FFFFFFCBB3FFF  D16,D17,D20,D24,D26,D27
17:27:52.541    82503786  FFFFFFCFB3FFF  D16,D17,D20,D26,D27
17:27:54.223    82505449  FFFFFFCBB3FFF  D16,D17,D20,D24,D26,D27
17:27:54.223    82505451  FFFFFFC3B3FFF  D16,D17,D20,D24,D25,D26,D27
17:27:54.223    82505456  FFFFFFD3B3FFF  D16,D17,D20,D24,D25,D27
17:27:56.184    82507399  FFFFFFD7B3FFF  D16,D17,D20,D25,D27
17:27:58.445    82509657  FFFFFFD3B3FFF  D16,D17,D20,D24,D25,D27
17:27:58.445    82509659  FFFFFFDBB3FFF  D16,D17,D20,D24,D27
17:28:00.485    82511685  FFFFFFDFB3FFF  D16,D17,D20,D27
17:28:01.846    82513031  FFFFFFCBB3FFF  D16,D17,D20,D24,D26,D27
17:28:01.846    82513033  FFFFFFC3B3FFF  D16,D17,D20,D24,D25,D26,D27
17:28:01.847    82513034  FFFFFFE3B3FFF  D16,D17,D20,D24,D25,D26
17:28:03.287    82514464  FFFFFFE7B3FFF  D16,D17,D20,D25,D26
17:28:04.693    82515849  FFFFFFE3B3FFF  D16,D17,D20,D24,D25,D26
17:28:04.693    82515851  FFFFFFEBB3FFF  D16,D17,D20,D24,D26
17:28:06.362    82517520  FFFFFFEFB3FFF  D16,D17,D20,D26
17:28:08.369    82519500  FFFFFFEBB3FFF  D16,D17,D20,D24,D26
17:28:08.369    82519502  FFFFFFE3B3FFF  D16,D17,D20,D24,D25,D26
17:28:08.370    82519507  FFFFFFF3B3FFF  D16,D17,D20,D24,D25
17:28:10.653    82521767  FFFFFFF7B3FFF  D16,D17,D20,D25
17:28:14.205    82525295  FFFFFFF7B7FFF  D17,D20,D25
--- FW IODebug 1.2.2 2026-08-31 LIFT=5 17:28:18 ---
17:28:30.483    82541454  FFFFFFF7F7FFF  D17,D25
--- FW IODebug 1.2.2 2026-08-31 LIFT=5 17:28:49 ---
--- FW IODebug 1.2.2 2026-08-31 LIFT=5 17:29:19 ---
17:29:30.937    82601454  FFFFFFF7F7FFF  D17,D25
--- FW IODebug 1.2.2 2026-08-31 LIFT=5 17:29:49 ---
--- FW IODebug 1.2.2 2026-08-31 LIFT=5 17:30:19 ---
17:30:31.401    82661454  FFFFFFF7F7FFF  D17,D25
--- FW IODebug 1.2.2 2026-08-31 LIFT=5 17:30:50 ---
--- FW IODebug 1.2.2 2026-08-31 LIFT=5 17:31:20 ---
17:31:30.550    82720150  FFFFFFF7FFFFF  D25
17:31:31.242    82720827  FFFFFFF7F7FFF  D17,D25
--- FW IODebug 1.2.2 2026-08-31 LIFT=5 17:31:50 ---
--- FW IODebug 1.2.2 2026-08-31 LIFT=5 17:32:20 ---
17:32:31.703    82780827  FFFFFFF7F7FFF  D17,D25
--- FW IODebug 1.2.2 2026-08-31 LIFT=5 17:32:51 ---
--- FW IODebug 1.2.2 2026-08-31 LIFT=5 17:33:21 ---
17:33:32.169    82840827  FFFFFFF7F7FFF  D17,D25
--- FW IODebug 1.2.2 2026-08-31 LIFT=5 17:33:51 ---
--- FW IODebug 1.2.2 2026-08-31 LIFT=5 17:34:21 ---
17:34:32.624    82900827  FFFFFFF7F7FFF  D17,D25
--- FW IODebug 1.2.2 2026-08-31 LIFT=5 17:34:51 ---
--- FW IODebug 1.2.2 2026-08-31 LIFT=5 17:35:22 ---
17:35:33.074    82960827  FFFFFFF7F7FFF  D17,D25
--- FW IODebug 1.2.2 2026-08-31 LIFT=5 17:35:52 ---
--- FW IODebug 1.2.2 2026-08-31 LIFT=5 17:36:22 ---
17:36:24.068    83011425  FFFFFFF7B7FFF  D17,D20,D25
17:36:25.104    83012457  FFFFFFF7B3FFF  D16,D17,D20,D25
17:36:28.859    83016108  FFFFFFF3B3FFF  D16,D17,D20,D24,D25
17:36:28.859    83016109  FFFFFFFBB3FFF  D16,D17,D20,D24
17:36:28.860    83016187  FFFFFFFB93FFF  D16,D17,D19,D20,D24
17:36:28.860    83016189  FFFFFFFBD3FFF  D16,D17,D19,D24
17:36:31.818    83019123  FFFFFFFBD7FFF  D17,D19,D24
17:36:45.354    83032542  FFFFFFFBD3FFF  D16,D17,D19,D24
17:36:48.977    83036153  FFFFFFF3D3FFF  D16,D17,D19,D24,D25
17:36:48.977    83036156  FFFFFFF7D3FFF  D16,D17,D19,D25
17:36:52.016    83039168  FFFFFFF7D7FFF  D17,D19,D25
--- FW IODebug 1.2.2 2026-08-31 LIFT=5 17:36:52 ---
17:37:13.048    83060048  FFFFFFF7D3FFF  D16,D17,D19,D25
17:37:17.152    83064096  FFFFFFF3D3FFF  D16,D17,D19,D24,D25
17:37:19.432    83066359  FFFFFFE3D3FFF  D16,D17,D19,D24,D25,D26
17:37:19.432    83066361  FFFFFFEBD3FFF  D16,D17,D19,D24,D26
17:37:19.432    83066364  FFFFFFEFD3FFF  D16,D17,D19,D26
17:37:21.411    83068344  FFFFFFEBD3FFF  D16,D17,D19,D24,D26
--- FW IODebug 1.2.2 2026-08-31 LIFT=5 17:37:23 ---
17:37:23.114    83070012  FFFFFFE3D3FFF  D16,D17,D19,D24,D25,D26
17:37:23.114    83070015  FFFFFFE7D3FFF  D16,D17,D19,D25,D26
17:37:24.503    83071400  FFFFFFE3D3FFF  D16,D17,D19,D24,D25,D26
17:37:25.946    83072830  FFFFFFC3D3FFF  D16,D17,D19,D24,D25,D26,D27
17:37:25.947    83072831  FFFFFFCBD3FFF  D16,D17,D19,D24,D26,D27
17:37:25.947    83072834  FFFFFFCFD3FFF  D16,D17,D19,D26,D27
17:37:25.947    83072837  FFFFFFDFD3FFF  D16,D17,D19,D27
17:37:27.310    83074180  FFFFFFDBD3FFF  D16,D17,D19,D24,D27
17:37:29.344    83076204  FFFFFFD3D3FFF  D16,D17,D19,D24,D25,D27
17:37:29.344    83076207  FFFFFFD7D3FFF  D16,D17,D19,D25,D27
17:37:31.613    83078466  FFFFFFD3D3FFF  D16,D17,D19,D24,D25,D27
17:37:33.583    83080412  FFFFFFC3D3FFF  D16,D17,D19,D24,D25,D26,D27
17:37:33.584    83080414  FFFFFFCBD3FFF  D16,D17,D19,D24,D26,D27
17:37:33.584    83080415  FFFFFFCFD3FFF  D16,D17,D19,D26,D27
17:37:35.259    83082078  FFFFFFCBD3FFF  D16,D17,D19,D24,D26,D27
17:37:36.556    83083348  FFFFFFC3D3FFF  D16,D17,D19,D24,D25,D26,D27
17:37:36.556    83083353  FFFFFFC7D3FFF  D16,D17,D19,D25,D26,D27
17:37:37.822    83084618  FFFFFFC3D3FFF  D16,D17,D19,D24,D25,D26,D27
17:37:39.118    83085889  FFFFFF83D3FFF  D16,D17,D19,D24,D25,D26,D27,D28
17:37:39.119    83085891  FFFFFFABD3FFF  D16,D17,D19,D24,D26,D28
17:37:39.119    83085893  FFFFFFAFD3FFF  D16,D17,D19,D26,D28
17:37:39.119    83085896  FFFFFFBFD3FFF  D16,D17,D19,D28
17:37:40.375    83087159  FFFFFFBBD3FFF  D16,D17,D19,D24,D28
17:37:41.686    83088430  FFFFFFB3D3FFF  D16,D17,D19,D24,D25,D28
17:37:41.686    83088434  FFFFFFB7D3FFF  D16,D17,D19,D25,D28
17:37:42.939    83089699  FFFFFFB3D3FFF  D16,D17,D19,D24,D25,D28
17:37:44.221    83090969  FFFFFFA3D3FFF  D16,D17,D19,D24,D25,D26,D28
17:37:44.221    83090971  FFFFFFABD3FFF  D16,D17,D19,D24,D26,D28
17:37:44.221    83090974  FFFFFFAFD3FFF  D16,D17,D19,D26,D28
17:37:45.494    83092239  FFFFFFABD3FFF  D16,D17,D19,D24,D26,D28
17:37:47.021    83093749  FFFFFFA3D3FFF  D16,D17,D19,D24,D25,D26,D28
17:37:47.022    83093752  FFFFFFA7D3FFF  D16,D17,D19,D25,D26,D28
17:37:49.898    83096605  FFFFFFA7D7FFF  D17,D19,D25,D26,D28
--- FW IODebug 1.2.2 2026-08-31 LIFT=5 17:37:53 ---
17:38:04.539    83111136  FFFFFFA7F7FFF  D17,D25,D26,D28
--- FW IODebug 1.2.2 2026-08-31 LIFT=5 17:38:23 ---
17:38:36.530    83142890  FFFFFFA7B7FFF  D17,D20,D25,D26,D28
17:38:37.453    83143802  FFFFFFA7B3FFF  D16,D17,D20,D25,D26,D28
17:38:40.814    83147137  FFFFFFA3B3FFF  D16,D17,D20,D24,D25,D26,D28
17:38:40.815    83147138  FFFFFFABB3FFF  D16,D17,D20,D24,D26,D28
17:38:42.354    83148649  FFFFFFAFB3FFF  D16,D17,D20,D26,D28
17:38:43.620    83149915  FFFFFFABB3FFF  D16,D17,D20,D24,D26,D28
17:38:43.620    83149917  FFFFFFA3B3FFF  D16,D17,D20,D24,D25,D26,D28
17:38:43.621    83149922  FFFFFFB3B3FFF  D16,D17,D20,D24,D25,D28
17:38:44.903    83151190  FFFFFFB7B3FFF  D16,D17,D20,D25,D28
17:38:46.184    83152454  FFFFFFB3B3FFF  D16,D17,D20,D24,D25,D28
17:38:46.184    83152456  FFFFFFBBB3FFF  D16,D17,D20,D24,D28
17:38:47.430    83153690  FFFFFFBFB3FFF  D16,D17,D20,D28
17:38:48.700    83154956  FFFFFFABB3FFF  D16,D17,D20,D24,D26,D28
17:38:48.700    83154958  FFFFFFC3B3FFF  D16,D17,D20,D24,D25,D26,D27
17:38:49.988    83156231  FFFFFFC7B3FFF  D16,D17,D20,D25,D26,D27
17:38:51.255    83157496  FFFFFFC3B3FFF  D16,D17,D20,D24,D25,D26,D27
17:38:51.255    83157497  FFFFFFCBB3FFF  D16,D17,D20,D24,D26,D27
17:38:52.543    83158771  FFFFFFCFB3FFF  D16,D17,D20,D26,D27
--- FW IODebug 1.2.2 2026-08-31 LIFT=5 17:38:54 ---
17:38:54.212    83160433  FFFFFFCBB3FFF  D16,D17,D20,D24,D26,D27
17:38:54.212    83160435  FFFFFFC3B3FFF  D16,D17,D20,D24,D25,D26,D27
17:38:54.212    83160440  FFFFFFD3B3FFF  D16,D17,D20,D24,D25,D27
17:38:56.193    83162383  FFFFFFD7B3FFF  D16,D17,D20,D25,D27
17:38:58.455    83164641  FFFFFFD3B3FFF  D16,D17,D20,D24,D25,D27
17:38:58.455    83164643  FFFFFFDBB3FFF  D16,D17,D20,D24,D27
17:39:00.512    83166669  FFFFFFDFB3FFF  D16,D17,D20,D27
17:39:01.860    83168015  FFFFFFC3B3FFF  D16,D17,D20,D24,D25,D26,D27
17:39:01.861    83168018  FFFFFFE3B3FFF  D16,D17,D20,D24,D25,D26
17:39:03.302    83169448  FFFFFFE7B3FFF  D16,D17,D20,D25,D26
17:39:04.696    83170833  FFFFFFE3B3FFF  D16,D17,D20,D24,D25,D26
17:39:04.697    83170835  FFFFFFEBB3FFF  D16,D17,D20,D24,D26
17:39:06.381    83172505  FFFFFFEFB3FFF  D16,D17,D20,D26
17:39:08.413    83174524  FFFFFFEBB3FFF  D16,D17,D20,D24,D26
17:39:08.413    83174526  FFFFFFE3B3FFF  D16,D17,D20,D24,D25,D26
17:39:08.414    83174532  FFFFFFF3B3FFF  D16,D17,D20,D24,D25
17:39:10.658    83176752  FFFFFFF7B3FFF  D16,D17,D20,D25
17:39:14.303    83180278  FFFFFFF7B7FFF  D17,D20,D25
17:39:14.305    83180361  FFFFFFF7F7FFF  D17,D25
--- FW IODebug 1.2.2 2026-08-31 LIFT=5 17:39:24 ---
--- FW IODebug 1.2.2 2026-08-31 LIFT=5 17:39:54 ---
17:40:14.754    83240361  FFFFFFF7F7FFF  D17,D25
--- FW IODebug 1.2.2 2026-08-31 LIFT=5 17:40:24 ---
--- FW IODebug 1.2.2 2026-08-31 LIFT=5 17:40:54 ---
17:41:15.210    83300361  FFFFFFF7F7FFF  D17,D25
--- FW IODebug 1.2.2 2026-08-31 LIFT=5 17:41:24 ---
--- FW IODebug 1.2.2 2026-08-31 LIFT=5 17:41:55 ---
17:42:14.966    83359654  FFFFFFF7FFFFF  D25
17:42:15.650    83360331  FFFFFFF7F7FFF  D17,D25
17:42:20.528    83365174  FFFFFFF7D7FFF  D17,D19,D25
17:42:21.453    83366087  FFFFFFF7D3FFF  D16,D17,D19,D25
--- FW IODebug 1.2.2 2026-08-31 LIFT=5 17:42:25 ---
17:42:25.529    83370135  FFFFFFF3D3FFF  D16,D17,D19,D24,D25
17:42:27.803    83372397  FFFFFFE3D3FFF  D16,D17,D19,D24,D25,D26
17:42:27.803    83372399  FFFFFFEBD3FFF  D16,D17,D19,D24,D26
17:42:27.803    83372402  FFFFFFEFD3FFF  D16,D17,D19,D26
17:42:29.811    83374382  FFFFFFEBD3FFF  D16,D17,D19,D24,D26
17:42:31.499    83376051  FFFFFFE3D3FFF  D16,D17,D19,D24,D25,D26
17:42:31.499    83376054  FFFFFFE7D3FFF  D16,D17,D19,D25,D26
17:42:32.927    83377478  FFFFFFE3D3FFF  D16,D17,D19,D24,D25,D26
17:42:34.323    83378868  FFFFFFC3D3FFF  D16,D17,D19,D24,D25,D26,D27
17:42:34.323    83378870  FFFFFFCBD3FFF  D16,D17,D19,D24,D26,D27
17:42:34.323    83378872  FFFFFFCFD3FFF  D16,D17,D19,D26,D27
17:42:34.323    83378875  FFFFFFDFD3FFF  D16,D17,D19,D27
17:42:35.687    83380217  FFFFFFDBD3FFF  D16,D17,D19,D24,D27
17:42:37.739    83382242  FFFFFFD3D3FFF  D16,D17,D19,D24,D25,D27
17:42:37.739    83382246  FFFFFFD7D3FFF  D16,D17,D19,D25,D27
17:42:39.997    83384504  FFFFFFD3D3FFF  D16,D17,D19,D24,D25,D27
17:42:41.972    83386448  FFFFFFC3D3FFF  D16,D17,D19,D24,D25,D26,D27
17:42:41.972    83386450  FFFFFFCBD3FFF  D16,D17,D19,D24,D26,D27
17:42:41.972    83386454  FFFFFFCFD3FFF  D16,D17,D19,D26,D27
17:42:43.654    83388116  FFFFFFCBD3FFF  D16,D17,D19,D24,D26,D27
17:42:44.935    83389387  FFFFFFC3D3FFF  D16,D17,D19,D24,D25,D26,D27
17:42:44.936    83389390  FFFFFFC7D3FFF  D16,D17,D19,D25,D26,D27
17:42:46.207    83390657  FFFFFFC3D3FFF  D16,D17,D19,D24,D25,D26,D27
17:42:47.492    83391928  FFFFFF8BD3FFF  D16,D17,D19,D24,D26,D27,D28
17:42:47.492    83391930  FFFFFFABD3FFF  D16,D17,D19,D24,D26,D28
17:42:47.492    83391932  FFFFFFAFD3FFF  D16,D17,D19,D26,D28
17:42:47.493    83391934  FFFFFFBFD3FFF  D16,D17,D19,D28
17:42:48.773    83393197  FFFFFFBBD3FFF  D16,D17,D19,D24,D28
17:42:50.037    83394468  FFFFFFB3D3FFF  D16,D17,D19,D24,D25,D28
17:42:50.037    83394471  FFFFFFB7D3FFF  D16,D17,D19,D25,D28
17:42:51.330    83395737  FFFFFFB3D3FFF  D16,D17,D19,D24,D25,D28
17:42:52.617    83397008  FFFFFFA3D3FFF  D16,D17,D19,D24,D25,D26,D28
17:42:52.617    83397010  FFFFFFABD3FFF  D16,D17,D19,D24,D26,D28
17:42:52.617    83397012  FFFFFFAFD3FFF  D16,D17,D19,D26,D28
17:42:53.884    83398278  FFFFFFABD3FFF  D16,D17,D19,D24,D26,D28
17:42:55.727    83399786  FFFFFFA3D3FFF  D16,D17,D19,D24,D25,D26,D28
17:42:55.727    83399791  FFFFFFA7D3FFF  D16,D17,D19,D25,D26,D28
17:42:55.727    83399947  FFFFFFA793FFF  D16,D17,D19,D20,D25,D26,D28
--- FW IODebug 1.2.2 2026-08-31 LIFT=5 17:42:55 ---
17:42:55.727    83400105  FFFFFFA7B3FFF  D16,D17,D20,D25,D26,D28
17:42:58.292    83402643  FFFFFFA7B7FFF  D17,D20,D25,D26,D28
17:43:14.817    83419038  FFFFFFA7B3FFF  D16,D17,D20,D25,D26,D28
17:43:18.167    83422371  FFFFFFA3B3FFF  D16,D17,D20,D24,D25,D26,D28
17:43:18.167    83422373  FFFFFFABB3FFF  D16,D17,D20,D24,D26,D28
17:43:19.685    83423884  FFFFFFAFB3FFF  D16,D17,D20,D26,D28
17:43:20.972    83425150  FFFFFFABB3FFF  D16,D17,D20,D24,D26,D28
17:43:20.972    83425153  FFFFFFA3B3FFF  D16,D17,D20,D24,D25,D26,D28
17:43:20.972    83425157  FFFFFFB3B3FFF  D16,D17,D20,D24,D25,D28
17:43:22.249    83426424  FFFFFFB7B3FFF  D16,D17,D20,D25,D28
17:43:23.526    83427690  FFFFFFB3B3FFF  D16,D17,D20,D24,D25,D28
17:43:23.526    83427692  FFFFFFBBB3FFF  D16,D17,D20,D24,D28
17:43:24.766    83428926  FFFFFFBFB3FFF  D16,D17,D20,D28
--- FW IODebug 1.2.2 2026-08-31 LIFT=5 17:43:26 ---
17:43:26.049    83430192  FFFFFF8BB3FFF  D16,D17,D20,D24,D26,D27,D28
17:43:26.050    83430193  FFFFFFC3B3FFF  D16,D17,D20,D24,D25,D26,D27
17:43:27.317    83431465  FFFFFFC7B3FFF  D16,D17,D20,D25,D26,D27
17:43:28.620    83432731  FFFFFFC3B3FFF  D16,D17,D20,D24,D25,D26,D27
17:43:28.621    83432733  FFFFFFCBB3FFF  D16,D17,D20,D24,D26,D27
17:43:29.902    83434006  FFFFFFCFB3FFF  D16,D17,D20,D26,D27
17:43:31.571    83435669  FFFFFFCBB3FFF  D16,D17,D20,D24,D26,D27
17:43:31.572    83435671  FFFFFFC3B3FFF  D16,D17,D20,D24,D25,D26,D27
17:43:31.572    83435676  FFFFFFD3B3FFF  D16,D17,D20,D24,D25,D27
17:43:33.648    83437737  FFFFFFD7B3FFF  D16,D17,D20,D25,D27
17:43:36.892    83440947  FFFFFFD7B7FFF  D17,D20,D25,D27
17:43:53.000    83456788  FFFFFFD7F7FFF  D17,D25,D27
17:43:53.001    83456945  FFFFFFD7D7FFF  D17,D19,D25,D27
17:43:53.838    83457779  FFFFFFD7D3FFF  D16,D17,D19,D25,D27
--- FW IODebug 1.2.2 2026-08-31 LIFT=5 17:43:56 ---
17:43:57.604    83461510  FFFFFFD3D3FFF  D16,D17,D19,D24,D25,D27
17:43:59.677    83463574  FFFFFFC3D3FFF  D16,D17,D19,D24,D25,D26,D27
17:43:59.677    83463576  FFFFFFCBD3FFF  D16,D17,D19,D24,D26,D27
17:43:59.677    83463578  FFFFFFCFD3FFF  D16,D17,D19,D26,D27
17:44:01.365    83465241  FFFFFFCBD3FFF  D16,D17,D19,D24,D26,D27
17:44:02.646    83466512  FFFFFFC3D3FFF  D16,D17,D19,D24,D25,D26,D27
17:44:02.646    83466515  FFFFFFC7D3FFF  D16,D17,D19,D25,D26,D27
17:44:03.926    83467781  FFFFFFC3D3FFF  D16,D17,D19,D24,D25,D26,D27
17:44:05.196    83469052  FFFFFF8BD3FFF  D16,D17,D19,D24,D26,D27,D28
17:44:05.196    83469054  FFFFFFABD3FFF  D16,D17,D19,D24,D26,D28
17:44:05.196    83469057  FFFFFFAFD3FFF  D16,D17,D19,D26,D28
17:44:05.196    83469059  FFFFFFBFD3FFF  D16,D17,D19,D28
17:44:06.486    83470321  FFFFFFBBD3FFF  D16,D17,D19,D24,D28
17:44:07.761    83471592  FFFFFFB3D3FFF  D16,D17,D19,D24,D25,D28
17:44:07.762    83471596  FFFFFFB7D3FFF  D16,D17,D19,D25,D28
17:44:09.037    83472863  FFFFFFB3D3FFF  D16,D17,D19,D24,D25,D28
17:44:10.324    83474132  FFFFFFA3D3FFF  D16,D17,D19,D24,D25,D26,D28
17:44:10.324    83474135  FFFFFFABD3FFF  D16,D17,D19,D24,D26,D28
17:44:10.324    83474137  FFFFFFAFD3FFF  D16,D17,D19,D26,D28
17:44:11.609    83475402  FFFFFFABD3FFF  D16,D17,D19,D24,D26,D28
17:44:12.888    83476673  FFFFFFA3D3FFF  D16,D17,D19,D24,D25,D26,D28
17:44:12.888    83476677  FFFFFFA7D3FFF  D16,D17,D19,D25,D26,D28
17:44:14.131    83477903  FFFFFFA3D3FFF  D16,D17,D19,D24,D25,D26,D28
17:44:15.399    83479174  FFFFFF8BD3FFF  D16,D17,D19,D24,D26,D27,D28
17:44:15.399    83479178  FFFFFF8FD3FFF  D16,D17,D19,D26,D27,D28
17:44:15.401    83479180  FFFFFF9FD3FFF  D16,D17,D19,D27,D28
17:44:16.681    83480443  FFFFFF9BD3FFF  D16,D17,D19,D24,D27,D28
17:44:17.968    83481714  FFFFFF93D3FFF  D16,D17,D19,D24,D25,D27,D28
17:44:17.968    83481717  FFFFFF97D3FFF  D16,D17,D19,D25,D27,D28
17:44:19.245    83482984  FFFFFF93D3FFF  D16,D17,D19,D24,D25,D27,D28
17:44:20.515    83484255  FFFFFF83D3FFF  D16,D17,D19,D24,D25,D26,D27,D28
17:44:20.516    83484257  FFFFFF8BD3FFF  D16,D17,D19,D24,D26,D27,D28
17:44:20.516    83484259  FFFFFF8FD3FFF  D16,D17,D19,D26,D27,D28
17:44:21.796    83485524  FFFFFF8BD3FFF  D16,D17,D19,D24,D26,D27,D28
17:44:23.084    83486795  FFFFFF83D3FFF  D16,D17,D19,D24,D25,D26,D27,D28
17:44:23.084    83486798  FFFFFF87D3FFF  D16,D17,D19,D25,D26,D27,D28
17:44:24.352    83488065  FFFFFF83D3FFF  D16,D17,D19,D24,D25,D26,D27,D28
17:44:25.649    83489336  FFFFFF0BD3FFF  D16,D17,D19,D24,D26,D27,D28,D29
17:44:25.650    83489338  FFFFFF4BD3FFF  D16,D17,D19,D24,D26,D27,D29
17:44:25.650    83489340  FFFFFF6FD3FFF  D16,D17,D19,D26,D29
17:44:25.650    83489342  FFFFFF7FD3FFF  D16,D17,D19,D29
--- FW IODebug 1.2.2 2026-08-31 LIFT=5 17:44:26 ---
17:44:26.933    83490606  FFFFFF7BD3FFF  D16,D17,D19,D24,D29
17:44:28.200    83491875  FFFFFF73D3FFF  D16,D17,D19,D24,D25,D29
17:44:28.200    83491879  FFFFFF77D3FFF  D16,D17,D19,D25,D29
17:44:29.468    83493145  FFFFFF73D3FFF  D16,D17,D19,D24,D25,D29
17:44:30.772    83494416  FFFFFF63D3FFF  D16,D17,D19,D24,D25,D26,D29
17:44:30.772    83494418  FFFFFF6BD3FFF  D16,D17,D19,D24,D26,D29
17:44:30.772    83494420  FFFFFF6FD3FFF  D16,D17,D19,D26,D29
17:44:32.035    83495686  FFFFFF6BD3FFF  D16,D17,D19,D24,D26,D29
17:44:33.326    83496956  FFFFFF63D3FFF  D16,D17,D19,D24,D25,D26,D29
17:44:33.326    83496961  FFFFFF67D3FFF  D16,D17,D19,D25,D26,D29
17:44:34.596    83498226  FFFFFF63D3FFF  D16,D17,D19,D24,D25,D26,D29
17:44:35.898    83499497  FFFFFF43D3FFF  D16,D17,D19,D24,D25,D26,D27,D29
17:44:35.899    83499499  FFFFFF4BD3FFF  D16,D17,D19,D24,D26,D27,D29
17:44:35.899    83499501  FFFFFF4FD3FFF  D16,D17,D19,D26,D27,D29
17:44:35.899    83499503  FFFFFF5FD3FFF  D16,D17,D19,D27,D29
17:44:37.209    83500807  FFFFFF5BD3FFF  D16,D17,D19,D24,D27,D29
17:44:38.556    83502156  FFFFFF53D3FFF  D16,D17,D19,D24,D25,D27,D29
17:44:38.557    83502160  FFFFFF57D3FFF  D16,D17,D19,D25,D27,D29
17:44:39.926    83503506  FFFFFF53D3FFF  D16,D17,D19,D24,D25,D27,D29
17:44:41.240    83504816  FFFFFF43D3FFF  D16,D17,D19,D24,D25,D26,D27,D29
17:44:41.240    83504818  FFFFFF4BD3FFF  D16,D17,D19,D24,D26,D27,D29
17:44:41.240    83504820  FFFFFF4FD3FFF  D16,D17,D19,D26,D27,D29
17:44:42.561    83506125  FFFFFF4BD3FFF  D16,D17,D19,D24,D26,D27,D29
17:44:44.053    83507595  FFFFFF43D3FFF  D16,D17,D19,D24,D25,D26,D27,D29
17:44:44.053    83507599  FFFFFF47D3FFF  D16,D17,D19,D25,D26,D27,D29
17:44:46.127    83509420  FFFFFF43D3FFF  D16,D17,D19,D24,D25,D26,D27,D29
17:44:46.127    83509500  FFFFFF4393FFF  D16,D17,D19,D20,D24,D25,D26,D27,D29
17:44:46.127    83509660  FFFFFF43B3FFF  D16,D17,D20,D24,D25,D26,D27,D29
17:44:49.195    83512714  FFFFFF43B7FFF  D17,D20,D24,D25,D26,D27,D29
--- FW IODebug 1.2.2 2026-08-31 LIFT=5 17:44:56 ---
17:45:03.873    83527284  FFFFFF43F7FFF  D17,D24,D25,D26,D27,D29
--- FW IODebug 1.2.2 2026-08-31 LIFT=5 17:45:26 ---
17:45:36.040    83559197  FFFFFF43B7FFF  D17,D20,D24,D25,D26,D27,D29
17:45:36.962    83560109  FFFFFF43B3FFF  D16,D17,D20,D24,D25,D26,D27,D29
17:45:40.812    83563923  FFFFFF47B3FFF  D16,D17,D20,D25,D26,D27,D29
17:45:42.675    83565785  FFFFFF43B3FFF  D16,D17,D20,D24,D25,D26,D27,D29
17:45:42.675    83565787  FFFFFF4BB3FFF  D16,D17,D20,D24,D26,D27,D29
17:45:44.119    83567218  FFFFFF4FB3FFF  D16,D17,D20,D26,D27,D29
17:45:45.446    83568524  FFFFFF4BB3FFF  D16,D17,D20,D24,D26,D27,D29
17:45:45.446    83568526  FFFFFF43B3FFF  D16,D17,D20,D24,D25,D26,D27,D29
17:45:45.446    83568531  FFFFFF53B3FFF  D16,D17,D20,D24,D25,D27,D29
17:45:46.811    83569878  FFFFFF57B3FFF  D16,D17,D20,D25,D27,D29
17:45:48.118    83571183  FFFFFF53B3FFF  D16,D17,D20,D24,D25,D27,D29
17:45:48.118    83571184  FFFFFF5BB3FFF  D16,D17,D20,D24,D27,D29
17:45:49.469    83572537  FFFFFF5FB3FFF  D16,D17,D20,D27,D29
17:45:50.835    83573882  FFFFFF5BB3FFF  D16,D17,D20,D24,D27,D29
17:45:50.835    83573883  FFFFFF43B3FFF  D16,D17,D20,D24,D25,D26,D27,D29
17:45:50.835    83573885  FFFFFF63B3FFF  D16,D17,D20,D24,D25,D26,D29
17:45:52.122    83575156  FFFFFF67B3FFF  D16,D17,D20,D25,D26,D29
17:45:53.350    83576383  FFFFFF63B3FFF  D16,D17,D20,D24,D25,D26,D29
17:45:53.350    83576385  FFFFFF6BB3FFF  D16,D17,D20,D24,D26,D29
17:45:54.631    83577657  FFFFFF6FB3FFF  D16,D17,D20,D26,D29
17:45:55.926    83578924  FFFFFF6BB3FFF  D16,D17,D20,D24,D26,D29
17:45:55.926    83578926  FFFFFF63B3FFF  D16,D17,D20,D24,D25,D26,D29
17:45:55.926    83578931  FFFFFF73B3FFF  D16,D17,D20,D24,D25,D29
--- FW IODebug 1.2.2 2026-08-31 LIFT=5 17:45:57 ---
17:45:57.196    83580197  FFFFFF77B3FFF  D16,D17,D20,D25,D29
17:45:58.489    83581464  FFFFFF73B3FFF  D16,D17,D20,D24,D25,D29
17:45:58.490    83581466  FFFFFF7BB3FFF  D16,D17,D20,D24,D29
17:45:59.759    83582738  FFFFFF7FB3FFF  D16,D17,D20,D29
17:46:01.052    83584004  FFFFFF6BB3FFF  D16,D17,D20,D24,D26,D29
17:46:01.052    83584006  FFFFFF83B3FFF  D16,D17,D20,D24,D25,D26,D27,D28
17:46:02.317    83585278  FFFFFF87B3FFF  D16,D17,D20,D25,D26,D27,D28
17:46:03.601    83586544  FFFFFF83B3FFF  D16,D17,D20,D24,D25,D26,D27,D28
17:46:03.601    83586546  FFFFFF8BB3FFF  D16,D17,D20,D24,D26,D27,D28
17:46:04.884    83587819  FFFFFF8FB3FFF  D16,D17,D20,D26,D27,D28
17:46:06.166    83589085  FFFFFF8BB3FFF  D16,D17,D20,D24,D26,D27,D28
17:46:06.167    83589087  FFFFFF83B3FFF  D16,D17,D20,D24,D25,D26,D27,D28
17:46:06.167    83589092  FFFFFF93B3FFF  D16,D17,D20,D24,D25,D27,D28
17:46:07.441    83590359  FFFFFF97B3FFF  D16,D17,D20,D25,D27,D28
17:46:08.717    83591625  FFFFFF93B3FFF  D16,D17,D20,D24,D25,D27,D28
17:46:08.717    83591627  FFFFFF9BB3FFF  D16,D17,D20,D24,D27,D28
17:46:10.004    83592900  FFFFFF9FB3FFF  D16,D17,D20,D27,D28
17:46:11.266    83594166  FFFFFF8BB3FFF  D16,D17,D20,D24,D26,D27,D28
17:46:11.266    83594168  FFFFFF83B3FFF  D16,D17,D20,D24,D25,D26,D27,D28
17:46:11.266    83594170  FFFFFFA3B3FFF  D16,D17,D20,D24,D25,D26,D28
17:46:12.552    83595440  FFFFFFA7B3FFF  D16,D17,D20,D25,D26,D28
17:46:13.830    83596706  FFFFFFA3B3FFF  D16,D17,D20,D24,D25,D26,D28
17:46:13.830    83596708  FFFFFFABB3FFF  D16,D17,D20,D24,D26,D28
17:46:15.126    83597980  FFFFFFAFB3FFF  D16,D17,D20,D26,D28
17:46:16.412    83599247  FFFFFFABB3FFF  D16,D17,D20,D24,D26,D28
17:46:16.412    83599249  FFFFFFA3B3FFF  D16,D17,D20,D24,D25,D26,D28
17:46:16.413    83599253  FFFFFFB3B3FFF  D16,D17,D20,D24,D25,D28
17:46:17.675    83600521  FFFFFFB7B3FFF  D16,D17,D20,D25,D28
17:46:18.967    83601787  FFFFFFB3B3FFF  D16,D17,D20,D24,D25,D28
17:46:18.967    83601788  FFFFFFBBB3FFF  D16,D17,D20,D24,D28
17:46:20.183    83603021  FFFFFFBFB3FFF  D16,D17,D20,D28
17:46:21.478    83604288  FFFFFFABB3FFF  D16,D17,D20,D24,D26,D28
17:46:21.478    83604289  FFFFFFC3B3FFF  D16,D17,D20,D24,D25,D26,D27
17:46:22.768    83605562  FFFFFFC7B3FFF  D16,D17,D20,D25,D26,D27
17:46:24.048    83606829  FFFFFFC3B3FFF  D16,D17,D20,D24,D25,D26,D27
17:46:24.049    83606831  FFFFFFCBB3FFF  D16,D17,D20,D24,D26,D27
17:46:25.318    83608102  FFFFFFCFB3FFF  D16,D17,D20,D26,D27
17:46:27.228    83609765  FFFFFFCBB3FFF  D16,D17,D20,D24,D26,D27
17:46:27.228    83609767  FFFFFFC3B3FFF  D16,D17,D20,D24,D25,D26,D27
17:46:27.228    83609773  FFFFFFD3B3FFF  D16,D17,D20,D24,D25,D27
--- FW IODebug 1.2.2 2026-08-31 LIFT=5 17:46:27 ---
17:46:28.950    83611714  FFFFFFD7B3FFF  D16,D17,D20,D25,D27
17:46:31.233    83613973  FFFFFFD3B3FFF  D16,D17,D20,D24,D25,D27
17:46:31.233    83613975  FFFFFFDBB3FFF  D16,D17,D20,D24,D27
17:46:33.281    83616002  FFFFFFDFB3FFF  D16,D17,D20,D27
17:46:34.641    83617347  FFFFFFCBB3FFF  D16,D17,D20,D24,D26,D27
17:46:34.642    83617349  FFFFFFC3B3FFF  D16,D17,D20,D24,D25,D26,D27
17:46:34.642    83617351  FFFFFFE3B3FFF  D16,D17,D20,D24,D25,D26
17:46:36.081    83618780  FFFFFFE7B3FFF  D16,D17,D20,D25,D26
17:46:37.475    83620165  FFFFFFE3B3FFF  D16,D17,D20,D24,D25,D26
17:46:37.475    83620167  FFFFFFEBB3FFF  D16,D17,D20,D24,D26
17:46:39.173    83621836  FFFFFFEFB3FFF  D16,D17,D20,D26
17:46:41.201    83623857  FFFFFFEBB3FFF  D16,D17,D20,D24,D26
17:46:41.201    83623859  FFFFFFE3B3FFF  D16,D17,D20,D24,D25,D26
17:46:41.201    83623864  FFFFFFF3B3FFF  D16,D17,D20,D24,D25
17:46:43.445    83626084  FFFFFFF7B3FFF  D16,D17,D20,D25
17:46:47.071    83629611  FFFFFFF7B7FFF  D17,D20,D25
17:46:47.071    83629693  FFFFFFF7F7FFF  D17,D25
--- FW IODebug 1.2.2 2026-08-31 LIFT=5 17:46:57 ---
--- FW IODebug 1.2.2 2026-08-31 LIFT=5 17:47:27 ---
17:47:47.520    83689693  FFFFFFF7F7FFF  D17,D25
--- FW IODebug 1.2.2 2026-08-31 LIFT=5 17:47:57 ---
--- FW IODebug 1.2.2 2026-08-31 LIFT=5 17:48:28 ---
17:48:47.987    83749693  FFFFFFF7F7FFF  D17,D25
--- FW IODebug 1.2.2 2026-08-31 LIFT=5 17:48:58 ---
17:49:25.618    83787037  FFFFFFF7D7FFF  D17,D19,D25
17:49:26.557    83787951  FFFFFFF7D3FFF  D16,D17,D19,D25
--- FW IODebug 1.2.2 2026-08-31 LIFT=5 17:49:28 ---
17:49:30.629    83791998  FFFFFFF3D3FFF  D16,D17,D19,D24,D25
17:49:32.916    83794262  FFFFFFE3D3FFF  D16,D17,D19,D24,D25,D26
17:49:32.916    83794264  FFFFFFEBD3FFF  D16,D17,D19,D24,D26
17:49:32.916    83794266  FFFFFFEFD3FFF  D16,D17,D19,D26
17:49:34.909    83796246  FFFFFFEBD3FFF  D16,D17,D19,D24,D26
17:49:36.594    83797913  FFFFFFE3D3FFF  D16,D17,D19,D24,D25,D26
17:49:36.594    83797917  FFFFFFE7D3FFF  D16,D17,D19,D25,D26
17:49:37.984    83799303  FFFFFFE3D3FFF  D16,D17,D19,D24,D25,D26
17:49:39.426    83800732  FFFFFFCBD3FFF  D16,D17,D19,D24,D26,D27
17:49:39.426    83800735  FFFFFFCFD3FFF  D16,D17,D19,D26,D27
17:49:39.426    83800738  FFFFFFDFD3FFF  D16,D17,D19,D27
17:49:40.792    83802081  FFFFFFDBD3FFF  D16,D17,D19,D24,D27
17:49:42.838    83804106  FFFFFFD3D3FFF  D16,D17,D19,D24,D25,D27
17:49:42.838    83804109  FFFFFFD7D3FFF  D16,D17,D19,D25,D27
17:49:45.118    83806367  FFFFFFD3D3FFF  D16,D17,D19,D24,D25,D27
17:49:47.070    83808313  FFFFFFC3D3FFF  D16,D17,D19,D24,D25,D26,D27
17:49:47.070    83808315  FFFFFFCBD3FFF  D16,D17,D19,D24,D26,D27
17:49:47.070    83808317  FFFFFFCFD3FFF  D16,D17,D19,D26,D27
17:49:48.738    83809980  FFFFFFCBD3FFF  D16,D17,D19,D24,D26,D27
17:49:50.018    83811251  FFFFFFC3D3FFF  D16,D17,D19,D24,D25,D26,D27
17:49:50.018    83811254  FFFFFFC7D3FFF  D16,D17,D19,D25,D26,D27
17:49:51.316    83812520  FFFFFFC3D3FFF  D16,D17,D19,D24,D25,D26,D27
17:49:52.588    83813791  FFFFFF83D3FFF  D16,D17,D19,D24,D25,D26,D27,D28
17:49:52.588    83813792  FFFFFF8BD3FFF  D16,D17,D19,D24,D26,D27,D28
17:49:52.588    83813794  FFFFFFAFD3FFF  D16,D17,D19,D26,D28
17:49:52.588    83813797  FFFFFFBFD3FFF  D16,D17,D19,D28
17:49:53.865    83815061  FFFFFFBBD3FFF  D16,D17,D19,D24,D28
17:49:55.151    83816332  FFFFFFB3D3FFF  D16,D17,D19,D24,D25,D28
17:49:55.151    83816335  FFFFFFB7D3FFF  D16,D17,D19,D25,D28
17:49:56.428    83817601  FFFFFFB3D3FFF  D16,D17,D19,D24,D25,D28
17:49:57.710    83818872  FFFFFFABD3FFF  D16,D17,D19,D24,D26,D28
17:49:57.710    83818875  FFFFFFAFD3FFF  D16,D17,D19,D26,D28
--- FW IODebug 1.2.2 2026-08-31 LIFT=5 17:49:58 ---
17:49:58.996    83820142  FFFFFFABD3FFF  D16,D17,D19,D24,D26,D28
17:50:00.267    83821412  FFFFFFA3D3FFF  D16,D17,D19,D24,D25,D26,D28
17:50:00.267    83821416  FFFFFFA7D3FFF  D16,D17,D19,D25,D26,D28
17:50:01.510    83822642  FFFFFFA3D3FFF  D16,D17,D19,D24,D25,D26,D28
17:50:02.781    83823912  FFFFFF83D3FFF  D16,D17,D19,D24,D25,D26,D27,D28
17:50:02.781    83823915  FFFFFF8BD3FFF  D16,D17,D19,D24,D26,D27,D28
17:50:02.781    83823917  FFFFFF8FD3FFF  D16,D17,D19,D26,D27,D28
17:50:02.781    83823920  FFFFFF9FD3FFF  D16,D17,D19,D27,D28
17:50:04.099    83825222  FFFFFF9BD3FFF  D16,D17,D19,D24,D27,D28
17:50:05.339    83826453  FFFFFF93D3FFF  D16,D17,D19,D24,D25,D27,D28
17:50:05.339    83826457  FFFFFF97D3FFF  D16,D17,D19,D25,D27,D28
17:50:06.630    83827723  FFFFFF93D3FFF  D16,D17,D19,D24,D25,D27,D28
17:50:07.902    83828994  FFFFFF83D3FFF  D16,D17,D19,D24,D25,D26,D27,D28
17:50:07.902    83828995  FFFFFF8BD3FFF  D16,D17,D19,D24,D26,D27,D28
17:50:07.902    83828997  FFFFFF8FD3FFF  D16,D17,D19,D26,D27,D28
17:50:09.184    83830263  FFFFFF8BD3FFF  D16,D17,D19,D24,D26,D27,D28
17:50:10.511    83831574  FFFFFF83D3FFF  D16,D17,D19,D24,D25,D26,D27,D28
17:50:10.511    83831577  FFFFFF87D3FFF  D16,D17,D19,D25,D26,D27,D28
17:50:11.737    83832804  FFFFFF83D3FFF  D16,D17,D19,D24,D25,D26,D27,D28
17:50:13.029    83834075  FFFFFF03D3FFF  D16,D17,D19,D24,D25,D26,D27,D28,D29
17:50:13.029    83834077  FFFFFF4BD3FFF  D16,D17,D19,D24,D26,D27,D29
17:50:13.029    83834078  FFFFFF6FD3FFF  D16,D17,D19,D26,D29
17:50:13.030    83834081  FFFFFF7FD3FFF  D16,D17,D19,D29
17:50:14.301    83835344  FFFFFF7BD3FFF  D16,D17,D19,D24,D29
17:50:15.587    83836615  FFFFFF73D3FFF  D16,D17,D19,D24,D25,D29
17:50:15.587    83836618  FFFFFF77D3FFF  D16,D17,D19,D25,D29
17:50:16.866    83837885  FFFFFF73D3FFF  D16,D17,D19,D24,D25,D29
17:50:18.148    83839155  FFFFFF63D3FFF  D16,D17,D19,D24,D25,D26,D29
17:50:18.148    83839157  FFFFFF6BD3FFF  D16,D17,D19,D24,D26,D29
17:50:18.148    83839159  FFFFFF6FD3FFF  D16,D17,D19,D26,D29
17:50:19.422    83840424  FFFFFF6BD3FFF  D16,D17,D19,D24,D26,D29
17:50:20.711    83841695  FFFFFF63D3FFF  D16,D17,D19,D24,D25,D26,D29
17:50:20.711    83841699  FFFFFF67D3FFF  D16,D17,D19,D25,D26,D29
17:50:21.981    83842965  FFFFFF63D3FFF  D16,D17,D19,D24,D25,D26,D29
17:50:23.268    83844236  FFFFFF4BD3FFF  D16,D17,D19,D24,D26,D27,D29
17:50:23.268    83844240  FFFFFF4FD3FFF  D16,D17,D19,D26,D27,D29
17:50:23.268    83844242  FFFFFF5FD3FFF  D16,D17,D19,D27,D29
17:50:24.627    83845585  FFFFFF5BD3FFF  D16,D17,D19,D24,D27,D29
17:50:25.947    83846895  FFFFFF53D3FFF  D16,D17,D19,D24,D25,D27,D29
17:50:25.947    83846899  FFFFFF57D3FFF  D16,D17,D19,D25,D27,D29
17:50:27.301    83848245  FFFFFF53D3FFF  D16,D17,D19,D24,D25,D27,D29
17:50:29.063    83849554  FFFFFF43D3FFF  D16,D17,D19,D24,D25,D26,D27,D29
17:50:29.063    83849556  FFFFFF4BD3FFF  D16,D17,D19,D24,D26,D27,D29
17:50:29.063    83849559  FFFFFF4FD3FFF  D16,D17,D19,D26,D27,D29
--- FW IODebug 1.2.2 2026-08-31 LIFT=5 17:50:29 ---
17:50:29.931    83850864  FFFFFF4BD3FFF  D16,D17,D19,D24,D26,D27,D29
17:50:31.428    83852334  FFFFFF43D3FFF  D16,D17,D19,D24,D25,D26,D27,D29
17:50:31.428    83852338  FFFFFF47D3FFF  D16,D17,D19,D25,D26,D27,D29
17:50:33.463    83854159  FFFFFF43D3FFF  D16,D17,D19,D24,D25,D26,D27,D29
17:50:33.463    83854200  FFFFFF4393FFF  D16,D17,D19,D20,D24,D25,D26,D27,D29
17:50:33.463    83854360  FFFFFF43B3FFF  D16,D17,D20,D24,D25,D26,D27,D29
17:50:36.629    83857491  FFFFFF43B7FFF  D17,D20,D24,D25,D26,D27,D29
17:50:49.667    83870435  FFFFFF43B3FFF  D16,D17,D20,D24,D25,D26,D27,D29
17:50:53.514    83874247  FFFFFF47B3FFF  D16,D17,D20,D25,D26,D27,D29
17:50:55.375    83876110  FFFFFF43B3FFF  D16,D17,D20,D24,D25,D26,D27,D29
17:50:55.375    83876111  FFFFFF4BB3FFF  D16,D17,D20,D24,D26,D27,D29
17:50:56.815    83877542  FFFFFF4FB3FFF  D16,D17,D20,D26,D27,D29
17:50:58.157    83878849  FFFFFF4BB3FFF  D16,D17,D20,D24,D26,D27,D29
17:50:58.157    83878850  FFFFFF43B3FFF  D16,D17,D20,D24,D25,D26,D27,D29
17:50:58.157    83878855  FFFFFF53B3FFF  D16,D17,D20,D24,D25,D27,D29
--- FW IODebug 1.2.2 2026-08-31 LIFT=5 17:50:59 ---
17:50:59.515    83880202  FFFFFF57B3FFF  D16,D17,D20,D25,D27,D29
17:51:00.819    83881507  FFFFFF53B3FFF  D16,D17,D20,D24,D25,D27,D29
17:51:00.819    83881509  FFFFFF5BB3FFF  D16,D17,D20,D24,D27,D29
17:51:02.192    83882861  FFFFFF5FB3FFF  D16,D17,D20,D27,D29
17:51:03.503    83884167  FFFFFF5BB3FFF  D16,D17,D20,D24,D27,D29
17:51:03.503    83884169  FFFFFF43B3FFF  D16,D17,D20,D24,D25,D26,D27,D29
17:51:03.503    83884171  FFFFFF63B3FFF  D16,D17,D20,D24,D25,D26,D29
17:51:04.793    83885442  FFFFFF67B3FFF  D16,D17,D20,D25,D26,D29
17:51:06.077    83886707  FFFFFF63B3FFF  D16,D17,D20,D24,D25,D26,D29
17:51:06.077    83886709  FFFFFF6BB3FFF  D16,D17,D20,D24,D26,D29
17:51:07.344    83887982  FFFFFF6FB3FFF  D16,D17,D20,D26,D29
17:51:08.629    83889248  FFFFFF6BB3FFF  D16,D17,D20,D24,D26,D29
17:51:08.629    83889250  FFFFFF63B3FFF  D16,D17,D20,D24,D25,D26,D29
17:51:08.629    83889255  FFFFFF73B3FFF  D16,D17,D20,D24,D25,D29
17:51:09.900    83890522  FFFFFF77B3FFF  D16,D17,D20,D25,D29
17:51:11.193    83891788  FFFFFF73B3FFF  D16,D17,D20,D24,D25,D29
17:51:11.193    83891790  FFFFFF7BB3FFF  D16,D17,D20,D24,D29
17:51:12.478    83893062  FFFFFF7FB3FFF  D16,D17,D20,D29
17:51:13.743    83894329  FFFFFF6BB3FFF  D16,D17,D20,D24,D26,D29
17:51:13.743    83894331  FFFFFF83B3FFF  D16,D17,D20,D24,D25,D26,D27,D28
17:51:15.021    83895603  FFFFFF87B3FFF  D16,D17,D20,D25,D26,D27,D28
17:51:16.313    83896869  FFFFFF83B3FFF  D16,D17,D20,D24,D25,D26,D27,D28
17:51:16.313    83896870  FFFFFF8BB3FFF  D16,D17,D20,D24,D26,D27,D28
17:51:17.585    83898143  FFFFFF8FB3FFF  D16,D17,D20,D26,D27,D28
17:51:18.858    83899410  FFFFFF8BB3FFF  D16,D17,D20,D24,D26,D27,D28
17:51:18.858    83899411  FFFFFF83B3FFF  D16,D17,D20,D24,D25,D26,D27,D28
17:51:18.859    83899416  FFFFFF93B3FFF  D16,D17,D20,D24,D25,D27,D28
17:51:20.140    83900684  FFFFFF97B3FFF  D16,D17,D20,D25,D27,D28
17:51:21.415    83901949  FFFFFF93B3FFF  D16,D17,D20,D24,D25,D27,D28
17:51:21.415    83901952  FFFFFF9BB3FFF  D16,D17,D20,D24,D27,D28
17:51:22.704    83903224  FFFFFF9FB3FFF  D16,D17,D20,D27,D28
17:51:23.987    83904490  FFFFFF8FB3FFF  D16,D17,D20,D26,D27,D28
17:51:23.987    83904492  FFFFFF83B3FFF  D16,D17,D20,D24,D25,D26,D27,D28
17:51:23.987    83904494  FFFFFFA3B3FFF  D16,D17,D20,D24,D25,D26,D28
17:51:25.275    83905764  FFFFFFA7B3FFF  D16,D17,D20,D25,D26,D28
17:51:26.501    83906992  FFFFFFA3B3FFF  D16,D17,D20,D24,D25,D26,D28
17:51:26.501    83906993  FFFFFFABB3FFF  D16,D17,D20,D24,D26,D28
17:51:27.801    83908265  FFFFFFAFB3FFF  D16,D17,D20,D26,D28
17:51:29.531    83909531  FFFFFFA3B3FFF  D16,D17,D20,D24,D25,D26,D28
17:51:29.531    83909538  FFFFFFB3B3FFF  D16,D17,D20,D24,D25,D28
--- FW IODebug 1.2.2 2026-08-31 LIFT=5 17:51:29 ---
17:51:30.351    83910806  FFFFFFB7B3FFF  D16,D17,D20,D25,D28
17:51:31.616    83912072  FFFFFFB3B3FFF  D16,D17,D20,D24,D25,D28
17:51:31.616    83912074  FFFFFFBBB3FFF  D16,D17,D20,D24,D28
17:51:32.907    83913346  FFFFFFBFB3FFF  D16,D17,D20,D28
17:51:34.178    83914612  FFFFFFABB3FFF  D16,D17,D20,D24,D26,D28
17:51:34.178    83914614  FFFFFFC3B3FFF  D16,D17,D20,D24,D25,D26,D27
17:51:35.462    83915886  FFFFFFC7B3FFF  D16,D17,D20,D25,D26,D27
17:51:36.737    83917153  FFFFFFC3B3FFF  D16,D17,D20,D24,D25,D26,D27
17:51:36.737    83917154  FFFFFFCBB3FFF  D16,D17,D20,D24,D26,D27
17:51:38.025    83918427  FFFFFFCFB3FFF  D16,D17,D20,D26,D27
17:51:39.712    83920091  FFFFFFC3B3FFF  D16,D17,D20,D24,D25,D26,D27
17:51:39.712    83920097  FFFFFFD3B3FFF  D16,D17,D20,D24,D25,D27
17:51:41.783    83922158  FFFFFFD7B3FFF  D16,D17,D20,D25,D27
17:51:45.016    83925368  FFFFFFD7B7FFF  D17,D20,D25,D27
17:51:59.771    83939939  FFFFFFD7F7FFF  D17,D25,D27
--- FW IODebug 1.2.2 2026-08-31 LIFT=5 17:51:59 ---
--- FW IODebug 1.2.2 2026-08-31 LIFT=5 17:52:29 ---
17:52:31.695    83971693  FFFFFFD7B7FFF  D17,D20,D25,D27
17:52:32.615    83972605  FFFFFFD7B3FFF  D16,D17,D20,D25,D27
17:52:36.897    83976852  FFFFFFD3B3FFF  D16,D17,D20,D24,D25,D27
17:52:36.897    83976854  FFFFFFDBB3FFF  D16,D17,D20,D24,D27
17:52:38.941    83978881  FFFFFFDFB3FFF  D16,D17,D20,D27
17:52:40.312    83980226  FFFFFFCBB3FFF  D16,D17,D20,D24,D26,D27
17:52:40.312    83980227  FFFFFFC3B3FFF  D16,D17,D20,D24,D25,D26,D27
17:52:40.312    83980229  FFFFFFE3B3FFF  D16,D17,D20,D24,D25,D26
17:52:41.742    83981659  FFFFFFE7B3FFF  D16,D17,D20,D25,D26
17:52:43.135    83983044  FFFFFFE3B3FFF  D16,D17,D20,D24,D25,D26
17:52:43.135    83983046  FFFFFFEBB3FFF  D16,D17,D20,D24,D26
17:52:44.821    83984715  FFFFFFEFB3FFF  D16,D17,D20,D26
17:52:46.886    83986736  FFFFFFEBB3FFF  D16,D17,D20,D24,D26
17:52:46.886    83986737  FFFFFFE3B3FFF  D16,D17,D20,D24,D25,D26
17:52:46.886    83986743  FFFFFFF3B3FFF  D16,D17,D20,D24,D25
17:52:49.095    83988962  FFFFFFF7B3FFF  D16,D17,D20,D25
17:52:52.814    83992529  FFFFFFF7B7FFF  D17,D20,D25
17:52:52.814    83992652  FFFFFFF7F7FFF  D17,D25
--- FW IODebug 1.2.2 2026-08-31 LIFT=5 17:53:00 ---
--- FW IODebug 1.2.2 2026-08-31 LIFT=5 17:53:30 ---
17:53:53.281    84052652  FFFFFFF7F7FFF  D17,D25
--- FW IODebug 1.2.2 2026-08-31 LIFT=5 17:54:00 ---
--- FW IODebug 1.2.2 2026-08-31 LIFT=5 17:54:30 ---
17:54:53.744    84112652  FFFFFFF7F7FFF  D17,D25
--- FW IODebug 1.2.2 2026-08-31 LIFT=5 17:55:01 ---
--- FW IODebug 1.2.2 2026-08-31 LIFT=5 17:55:31 ---
17:55:53.481    84171944  FFFFFFF7FFFFF  D25
17:55:54.182    84172621  FFFFFFF7F7FFF  D17,D25
--- FW IODebug 1.2.2 2026-08-31 LIFT=5 17:56:01 ---
--- FW IODebug 1.2.2 2026-08-31 LIFT=5 17:56:31 ---
17:56:54.625    84232621  FFFFFFF7F7FFF  D17,D25
--- FW IODebug 1.2.2 2026-08-31 LIFT=5 17:57:02 ---
--- FW IODebug 1.2.2 2026-08-31 LIFT=5 17:57:32 ---
17:57:55.092    84292621  FFFFFFF7F7FFF  D17,D25
--- FW IODebug 1.2.2 2026-08-31 LIFT=5 17:58:02 ---
--- FW IODebug 1.2.2 2026-08-31 LIFT=5 17:58:32 ---
17:58:55.549    84352621  FFFFFFF7F7FFF  D17,D25
--- FW IODebug 1.2.2 2026-08-31 LIFT=5 17:59:02 ---
--- FW IODebug 1.2.2 2026-08-31 LIFT=5 17:59:33 ---
17:59:56.005    84412621  FFFFFFF7F7FFF  D17,D25
--- FW IODebug 1.2.2 2026-08-31 LIFT=5 18:00:03 ---
--- FW IODebug 1.2.2 2026-08-31 LIFT=5 18:00:33 ---
18:00:56.453    84472621  FFFFFFF7F7FFF  D17,D25
--- FW IODebug 1.2.2 2026-08-31 LIFT=5 18:01:03 ---
--- FW IODebug 1.2.2 2026-08-31 LIFT=5 18:01:34 ---
18:01:56.936    84532621  FFFFFFF7F7FFF  D17,D25
--- FW IODebug 1.2.2 2026-08-31 LIFT=5 18:02:04 ---
--- FW IODebug 1.2.2 2026-08-31 LIFT=5 18:02:34 ---
18:02:57.396    84592621  FFFFFFF7F7FFF  D17,D25
--- FW IODebug 1.2.2 2026-08-31 LIFT=5 18:03:04 ---
--- FW IODebug 1.2.2 2026-08-31 LIFT=5 18:03:35 ---
18:03:57.851    84652621  FFFFFFF7F7FFF  D17,D25
--- FW IODebug 1.2.2 2026-08-31 LIFT=5 18:04:05 ---
--- FW IODebug 1.2.2 2026-08-31 LIFT=5 18:04:35 ---
18:04:58.307    84712621  FFFFFFF7F7FFF  D17,D25
--- FW IODebug 1.2.2 2026-08-31 LIFT=5 18:05:05 ---
--- FW IODebug 1.2.2 2026-08-31 LIFT=5 18:05:35 ---
18:05:58.779    84772621  FFFFFFF7F7FFF  D17,D25
--- FW IODebug 1.2.2 2026-08-31 LIFT=5 18:06:06 ---
--- FW IODebug 1.2.2 2026-08-31 LIFT=5 18:06:36 ---
18:06:59.232    84832621  FFFFFFF7F7FFF  D17,D25
--- FW IODebug 1.2.2 2026-08-31 LIFT=5 18:07:06 ---
--- FW IODebug 1.2.2 2026-08-31 LIFT=5 18:07:36 ---
18:07:59.692    84892621  FFFFFFF7F7FFF  D17,D25
--- FW IODebug 1.2.2 2026-08-31 LIFT=5 18:08:07 ---
--- FW IODebug 1.2.2 2026-08-31 LIFT=5 18:08:37 ---
18:09:00.135    84952621  FFFFFFF7F7FFF  D17,D25
--- FW IODebug 1.2.2 2026-08-31 LIFT=5 18:09:07 ---
--- FW IODebug 1.2.2 2026-08-31 LIFT=5 18:09:37 ---
18:10:00.621    85012621  FFFFFFF7F7FFF  D17,D25
--- FW IODebug 1.2.2 2026-08-31 LIFT=5 18:10:08 ---
--- FW IODebug 1.2.2 2026-08-31 LIFT=5 18:10:38 ---
18:11:01.061    85072621  FFFFFFF7F7FFF  D17,D25
--- FW IODebug 1.2.2 2026-08-31 LIFT=5 18:11:08 ---
--- FW IODebug 1.2.2 2026-08-31 LIFT=5 18:11:38 ---
18:12:01.520    85132621  FFFFFFF7F7FFF  D17,D25
--- FW IODebug 1.2.2 2026-08-31 LIFT=5 18:12:08 ---
--- FW IODebug 1.2.2 2026-08-31 LIFT=5 18:12:39 ---
18:13:01.991    85192621  FFFFFFF7F7FFF  D17,D25
--- FW IODebug 1.2.2 2026-08-31 LIFT=5 18:13:09 ---
--- FW IODebug 1.2.2 2026-08-31 LIFT=5 18:13:39 ---
18:14:02.444    85252621  FFFFFFF7F7FFF  D17,D25
--- FW IODebug 1.2.2 2026-08-31 LIFT=5 18:14:09 ---
--- FW IODebug 1.2.2 2026-08-31 LIFT=5 18:14:40 ---
18:15:02.908    85312621  FFFFFFF7F7FFF  D17,D25
--- FW IODebug 1.2.2 2026-08-31 LIFT=5 18:15:10 ---
--- FW IODebug 1.2.2 2026-08-31 LIFT=5 18:15:40 ---
18:16:03.363    85372621  FFFFFFF7F7FFF  D17,D25
--- FW IODebug 1.2.2 2026-08-31 LIFT=5 18:16:10 ---
--- FW IODebug 1.2.2 2026-08-31 LIFT=5 18:16:41 ---
18:16:59.147    85427974  FFFFFFF7D7FFF  D17,D19,D25
18:17:00.198    85429006  FFFFFFF7D3FFF  D16,D17,D19,D25
18:17:04.267    85433054  FFFFFFF3D3FFF  D16,D17,D19,D24,D25
18:17:06.554    85435317  FFFFFFE3D3FFF  D16,D17,D19,D24,D25,D26
18:17:06.554    85435319  FFFFFFEBD3FFF  D16,D17,D19,D24,D26
18:17:06.555    85435321  FFFFFFEFD3FFF  D16,D17,D19,D26
18:17:08.559    85437301  FFFFFFEBD3FFF  D16,D17,D19,D24,D26
18:17:10.229    85438969  FFFFFFE3D3FFF  D16,D17,D19,D24,D25,D26
18:17:10.229    85438972  FFFFFFE7D3FFF  D16,D17,D19,D25,D26
--- FW IODebug 1.2.2 2026-08-31 LIFT=5 18:17:11 ---
18:17:11.619    85440358  FFFFFFE3D3FFF  D16,D17,D19,D24,D25,D26
18:17:13.072    85441787  FFFFFFC3D3FFF  D16,D17,D19,D24,D25,D26,D27
18:17:13.072    85441788  FFFFFFCBD3FFF  D16,D17,D19,D24,D26,D27
18:17:13.072    85441790  FFFFFFCFD3FFF  D16,D17,D19,D26,D27
18:17:13.072    85441794  FFFFFFDFD3FFF  D16,D17,D19,D27
18:17:14.419    85443136  FFFFFFDBD3FFF  D16,D17,D19,D24,D27
18:17:16.484    85445161  FFFFFFD3D3FFF  D16,D17,D19,D24,D25,D27
18:17:16.484    85445165  FFFFFFD7D3FFF  D16,D17,D19,D25,D27
18:17:18.746    85447422  FFFFFFD3D3FFF  D16,D17,D19,D24,D25,D27
18:17:20.720    85449368  FFFFFFC3D3FFF  D16,D17,D19,D24,D25,D26,D27
18:17:20.720    85449370  FFFFFFCBD3FFF  D16,D17,D19,D24,D26,D27
18:17:20.720    85449372  FFFFFFCFD3FFF  D16,D17,D19,D26,D27
18:17:22.384    85451035  FFFFFFCBD3FFF  D16,D17,D19,D24,D26,D27
18:17:23.671    85452306  FFFFFFC3D3FFF  D16,D17,D19,D24,D25,D26,D27
18:17:23.671    85452309  FFFFFFC7D3FFF  D16,D17,D19,D25,D26,D27
18:17:24.960    85453576  FFFFFFC3D3FFF  D16,D17,D19,D24,D25,D26,D27
18:17:26.243    85454846  FFFFFF83D3FFF  D16,D17,D19,D24,D25,D26,D27,D28
18:17:26.243    85454848  FFFFFF8BD3FFF  D16,D17,D19,D24,D26,D27,D28
18:17:26.243    85454850  FFFFFFAFD3FFF  D16,D17,D19,D26,D28
18:17:26.243    85454854  FFFFFFBFD3FFF  D16,D17,D19,D28
18:17:27.513    85456116  FFFFFFBBD3FFF  D16,D17,D19,D24,D28
18:17:28.779    85457387  FFFFFFB3D3FFF  D16,D17,D19,D24,D25,D28
18:17:28.779    85457390  FFFFFFB7D3FFF  D16,D17,D19,D25,D28
18:17:30.062    85458656  FFFFFFB3D3FFF  D16,D17,D19,D24,D25,D28
18:17:31.347    85459927  FFFFFFA3D3FFF  D16,D17,D19,D24,D25,D26,D28
18:17:31.347    85459929  FFFFFFABD3FFF  D16,D17,D19,D24,D26,D28
18:17:31.347    85459931  FFFFFFAFD3FFF  D16,D17,D19,D26,D28
18:17:33.067    85461435  FFFFFFABD3FFF  D16,D17,D19,D24,D26,D28
18:17:33.067    85461475  FFFFFFAB93FFF  D16,D17,D19,D20,D24,D26,D28
18:17:33.067    85461636  FFFFFFABB3FFF  D16,D17,D20,D24,D26,D28
18:17:35.671    85464212  FFFFFFABB7FFF  D17,D20,D24,D26,D28
--- FW IODebug 1.2.2 2026-08-31 LIFT=5 18:17:41 ---
18:17:52.219    85480647  FFFFFFABB3FFF  D16,D17,D20,D24,D26,D28
18:17:55.576    85483985  FFFFFFAFB3FFF  D16,D17,D20,D26,D28
18:17:57.120    85485490  FFFFFFABB3FFF  D16,D17,D20,D24,D26,D28
18:17:57.120    85485492  FFFFFFA3B3FFF  D16,D17,D20,D24,D25,D26,D28
18:17:57.120    85485496  FFFFFFB3B3FFF  D16,D17,D20,D24,D25,D28
18:17:58.389    85486764  FFFFFFB7B3FFF  D16,D17,D20,D25,D28
18:17:59.671    85488030  FFFFFFB3B3FFF  D16,D17,D20,D24,D25,D28
18:17:59.672    85488031  FFFFFFBBB3FFF  D16,D17,D20,D24,D28
18:18:00.923    85489264  FFFFFFBFB3FFF  D16,D17,D20,D28
18:18:02.184    85490531  FFFFFFABB3FFF  D16,D17,D20,D24,D26,D28
18:18:02.184    85490532  FFFFFFC3B3FFF  D16,D17,D20,D24,D25,D26,D27
18:18:03.469    85491805  FFFFFFC7B3FFF  D16,D17,D20,D25,D26,D27
18:18:04.748    85493071  FFFFFFC3B3FFF  D16,D17,D20,D24,D25,D26,D27
18:18:04.748    85493073  FFFFFFCBB3FFF  D16,D17,D20,D24,D26,D27
18:18:06.022    85494345  FFFFFFCFB3FFF  D16,D17,D20,D26,D27
18:18:07.725    85496008  FFFFFFCBB3FFF  D16,D17,D20,D24,D26,D27
18:18:07.725    85496009  FFFFFFC3B3FFF  D16,D17,D20,D24,D25,D26,D27
18:18:07.725    85496015  FFFFFFD3B3FFF  D16,D17,D20,D24,D25,D27
18:18:09.672    85497958  FFFFFFD7B3FFF  D16,D17,D20,D25,D27
--- FW IODebug 1.2.2 2026-08-31 LIFT=5 18:18:11 ---
18:18:11.947    85500216  FFFFFFD3B3FFF  D16,D17,D20,D24,D25,D27
18:18:11.947    85500218  FFFFFFDBB3FFF  D16,D17,D20,D24,D27
18:18:13.987    85502244  FFFFFFDFB3FFF  D16,D17,D20,D27
18:18:15.356    85503590  FFFFFFDBB3FFF  D16,D17,D20,D24,D27
18:18:15.356    85503592  FFFFFFC3B3FFF  D16,D17,D20,D24,D25,D26,D27
18:18:15.356    85503593  FFFFFFE3B3FFF  D16,D17,D20,D24,D25,D26
18:18:16.792    85505024  FFFFFFE7B3FFF  D16,D17,D20,D25,D26
18:18:18.187    85506408  FFFFFFE3B3FFF  D16,D17,D20,D24,D25,D26
18:18:18.187    85506410  FFFFFFEBB3FFF  D16,D17,D20,D24,D26
18:18:19.864    85508079  FFFFFFEFB3FFF  D16,D17,D20,D26
18:18:21.871    85510060  FFFFFFEBB3FFF  D16,D17,D20,D24,D26
18:18:21.871    85510062  FFFFFFE3B3FFF  D16,D17,D20,D24,D25,D26
18:18:21.871    85510067  FFFFFFF3B3FFF  D16,D17,D20,D24,D25
18:18:24.101    85512287  FFFFFFF7B3FFF  D16,D17,D20,D25
18:18:26.346    85514387  FFFFFFF3B3FFF  D16,D17,D20,D24,D25
18:18:26.346    85514389  FFFFFFFBB3FFF  D16,D17,D20,D24
18:18:26.346    85514506  FFFFFFFB93FFF  D16,D17,D19,D20,D24
18:18:26.346    85514507  FFFFFFFBD3FFF  D16,D17,D19,D24
18:18:29.184    85517323  FFFFFFFBD7FFF  D17,D19,D24
--- FW IODebug 1.2.2 2026-08-31 LIFT=5 18:18:41 ---
18:18:43.967    85531973  FFFFFFFBF7FFF  D17,D24
--- FW IODebug 1.2.2 2026-08-31 LIFT=5 18:19:12 ---
18:19:16.753    85564520  FFFFFFFBD7FFF  D17,D19,D24
18:19:17.671    85565433  FFFFFFFBD3FFF  D16,D17,D19,D24
18:19:21.307    85569045  FFFFFFF3D3FFF  D16,D17,D19,D24,D25
18:19:21.307    85569049  FFFFFFF7D3FFF  D16,D17,D19,D25
18:19:24.415    85572060  FFFFFFF7D7FFF  D17,D19,D25
18:19:24.415    85572144  FFFFFFF7F7FFF  D17,D25
--- FW IODebug 1.2.2 2026-08-31 LIFT=5 18:19:42 ---
--- FW IODebug 1.2.2 2026-08-31 LIFT=5 18:20:12 ---
18:20:24.882    85632144  FFFFFFF7F7FFF  D17,D25
--- FW IODebug 1.2.2 2026-08-31 LIFT=5 18:20:42 ---
--- FW IODebug 1.2.2 2026-08-31 LIFT=5 18:21:13 ---
18:21:25.339    85692144  FFFFFFF7F7FFF  D17,D25
--- FW IODebug 1.2.2 2026-08-31 LIFT=5 18:21:43 ---
--- FW IODebug 1.2.2 2026-08-31 LIFT=5 18:22:13 ---
18:22:25.093    85751436  FFFFFFF7FFFFF  D25
18:22:25.761    85752114  FFFFFFF7F7FFF  D17,D25
--- FW IODebug 1.2.2 2026-08-31 LIFT=5 18:22:43 ---
--- FW IODebug 1.2.2 2026-08-31 LIFT=5 18:23:14 ---
18:23:26.223    85812114  FFFFFFF7F7FFF  D17,D25
--- FW IODebug 1.2.2 2026-08-31 LIFT=5 18:23:44 ---
--- FW IODebug 1.2.2 2026-08-31 LIFT=5 18:24:14 ---
18:24:26.680    85872114  FFFFFFF7F7FFF  D17,D25
--- FW IODebug 1.2.2 2026-08-31 LIFT=5 18:24:44 ---
--- FW IODebug 1.2.2 2026-08-31 LIFT=5 18:25:14 ---
18:25:27.150    85932114  FFFFFFF7F7FFF  D17,D25
--- FW IODebug 1.2.2 2026-08-31 LIFT=5 18:25:45 ---
--- FW IODebug 1.2.2 2026-08-31 LIFT=5 18:26:15 ---
18:26:27.608    85992114  FFFFFFF7F7FFF  D17,D25
--- FW IODebug 1.2.2 2026-08-31 LIFT=5 18:26:45 ---
--- FW IODebug 1.2.2 2026-08-31 LIFT=5 18:27:15 ---
18:27:28.067    86052114  FFFFFFF7F7FFF  D17,D25
--- FW IODebug 1.2.2 2026-08-31 LIFT=5 18:27:46 ---
--- FW IODebug 1.2.2 2026-08-31 LIFT=5 18:28:16 ---
18:28:28.539    86112114  FFFFFFF7F7FFF  D17,D25
--- FW IODebug 1.2.2 2026-08-31 LIFT=5 18:28:46 ---
--- FW IODebug 1.2.2 2026-08-31 LIFT=5 18:29:16 ---
18:29:29.003    86172114  FFFFFFF7F7FFF  D17,D25
--- FW IODebug 1.2.2 2026-08-31 LIFT=5 18:29:47 ---
--- FW IODebug 1.2.2 2026-08-31 LIFT=5 18:30:17 ---
18:30:29.459    86232114  FFFFFFF7F7FFF  D17,D25
--- FW IODebug 1.2.2 2026-08-31 LIFT=5 18:30:47 ---
--- FW IODebug 1.2.2 2026-08-31 LIFT=5 18:31:17 ---
18:31:29.917    86292114  FFFFFFF7F7FFF  D17,D25
--- FW IODebug 1.2.2 2026-08-31 LIFT=5 18:31:47 ---
--- FW IODebug 1.2.2 2026-08-31 LIFT=5 18:32:18 ---
18:32:30.370    86352114  FFFFFFF7F7FFF  D17,D25
--- FW IODebug 1.2.2 2026-08-31 LIFT=5 18:32:48 ---
--- FW IODebug 1.2.2 2026-08-31 LIFT=5 18:33:18 ---
18:33:30.821    86412114  FFFFFFF7F7FFF  D17,D25
--- FW IODebug 1.2.2 2026-08-31 LIFT=5 18:33:48 ---
--- FW IODebug 1.2.2 2026-08-31 LIFT=5 18:34:19 ---
18:34:31.278    86472114  FFFFFFF7F7FFF  D17,D25
--- FW IODebug 1.2.2 2026-08-31 LIFT=5 18:34:49 ---
--- FW IODebug 1.2.2 2026-08-31 LIFT=5 18:35:19 ---
18:35:31.766    86532114  FFFFFFF7F7FFF  D17,D25
--- FW IODebug 1.2.2 2026-08-31 LIFT=5 18:35:49 ---
--- FW IODebug 1.2.2 2026-08-31 LIFT=5 18:36:20 ---
18:36:32.212    86592114  FFFFFFF7F7FFF  D17,D25
--- FW IODebug 1.2.2 2026-08-31 LIFT=5 18:36:50 ---
--- FW IODebug 1.2.2 2026-08-31 LIFT=5 18:37:20 ---
18:37:32.670    86652114  FFFFFFF7F7FFF  D17,D25
--- FW IODebug 1.2.2 2026-08-31 LIFT=5 18:37:50 ---
--- FW IODebug 1.2.2 2026-08-31 LIFT=5 18:38:20 ---
18:38:33.130    86712114  FFFFFFF7F7FFF  D17,D25
--- FW IODebug 1.2.2 2026-08-31 LIFT=5 18:38:51 ---
--- FW IODebug 1.2.2 2026-08-31 LIFT=5 18:39:21 ---
18:39:33.590    86772114  FFFFFFF7F7FFF  D17,D25
--- FW IODebug 1.2.2 2026-08-31 LIFT=5 18:39:51 ---
--- FW IODebug 1.2.2 2026-08-31 LIFT=5 18:40:21 ---
18:40:34.042    86832114  FFFFFFF7F7FFF  D17,D25
--- FW IODebug 1.2.2 2026-08-31 LIFT=5 18:40:52 ---
--- FW IODebug 1.2.2 2026-08-31 LIFT=5 18:41:22 ---
18:41:34.508    86892114  FFFFFFF7F7FFF  D17,D25
--- FW IODebug 1.2.2 2026-08-31 LIFT=5 18:41:52 ---
--- FW IODebug 1.2.2 2026-08-31 LIFT=5 18:42:22 ---
18:42:34.971    86952114  FFFFFFF7F7FFF  D17,D25
--- FW IODebug 1.2.2 2026-08-31 LIFT=5 18:42:52 ---
--- FW IODebug 1.2.2 2026-08-31 LIFT=5 18:43:23 ---
18:43:35.430    87012114  FFFFFFF7F7FFF  D17,D25
--- FW IODebug 1.2.2 2026-08-31 LIFT=5 18:43:53 ---
--- FW IODebug 1.2.2 2026-08-31 LIFT=5 18:44:23 ---
18:44:35.886    87072114  FFFFFFF7F7FFF  D17,D25
--- FW IODebug 1.2.2 2026-08-31 LIFT=5 18:44:53 ---
--- FW IODebug 1.2.2 2026-08-31 LIFT=5 18:45:24 ---
18:45:36.350    87132114  FFFFFFF7F7FFF  D17,D25
--- FW IODebug 1.2.2 2026-08-31 LIFT=5 18:45:54 ---
--- FW IODebug 1.2.2 2026-08-31 LIFT=5 18:46:24 ---
18:46:36.813    87192114  FFFFFFF7F7FFF  D17,D25
--- FW IODebug 1.2.2 2026-08-31 LIFT=5 18:46:54 ---
--- FW IODebug 1.2.2 2026-08-31 LIFT=5 18:47:25 ---
18:47:37.261    87252114  FFFFFFF7F7FFF  D17,D25
--- FW IODebug 1.2.2 2026-08-31 LIFT=5 18:47:55 ---
--- FW IODebug 1.2.2 2026-08-31 LIFT=5 18:48:25 ---
18:48:37.732    87312114  FFFFFFF7F7FFF  D17,D25
--- FW IODebug 1.2.2 2026-08-31 LIFT=5 18:48:55 ---
--- FW IODebug 1.2.2 2026-08-31 LIFT=5 18:49:25 ---
18:49:38.183    87372114  FFFFFFF7F7FFF  D17,D25
--- FW IODebug 1.2.2 2026-08-31 LIFT=5 18:49:56 ---
--- FW IODebug 1.2.2 2026-08-31 LIFT=5 18:50:26 ---
18:50:38.660    87432114  FFFFFFF7F7FFF  D17,D25
--- FW IODebug 1.2.2 2026-08-31 LIFT=5 18:50:56 ---
--- FW IODebug 1.2.2 2026-08-31 LIFT=5 18:51:26 ---
18:51:39.108    87492114  FFFFFFF7F7FFF  D17,D25
--- FW IODebug 1.2.2 2026-08-31 LIFT=5 18:51:57 ---
--- FW IODebug 1.2.2 2026-08-31 LIFT=5 18:52:27 ---
18:52:39.575    87552114  FFFFFFF7F7FFF  D17,D25
--- FW IODebug 1.2.2 2026-08-31 LIFT=5 18:52:57 ---
--- FW IODebug 1.2.2 2026-08-31 LIFT=5 18:53:27 ---
18:53:40.042    87612114  FFFFFFF7F7FFF  D17,D25
--- FW IODebug 1.2.2 2026-08-31 LIFT=5 18:53:58 ---
--- FW IODebug 1.2.2 2026-08-31 LIFT=5 18:54:28 ---
18:54:40.479    87672114  FFFFFFF7F7FFF  D17,D25
--- FW IODebug 1.2.2 2026-08-31 LIFT=5 18:54:58 ---
--- FW IODebug 1.2.2 2026-08-31 LIFT=5 18:55:28 ---
18:55:38.725    87729902  FFFFFFF7D7FFF  D17,D19,D25
18:55:39.750    87730934  FFFFFFF7D3FFF  D16,D17,D19,D25
18:55:43.838    87734982  FFFFFFF3D3FFF  D16,D17,D19,D24,D25
18:55:46.115    87737245  FFFFFFE3D3FFF  D16,D17,D19,D24,D25,D26
18:55:46.115    87737247  FFFFFFEBD3FFF  D16,D17,D19,D24,D26
18:55:46.115    87737250  FFFFFFEFD3FFF  D16,D17,D19,D26
18:55:48.129    87739230  FFFFFFEBD3FFF  D16,D17,D19,D24,D26
18:55:49.800    87740898  FFFFFFE3D3FFF  D16,D17,D19,D24,D25,D26
18:55:49.800    87740901  FFFFFFE7D3FFF  D16,D17,D19,D25,D26
18:55:51.188    87742286  FFFFFFE3D3FFF  D16,D17,D19,D24,D25,D26
18:55:52.647    87743716  FFFFFFCBD3FFF  D16,D17,D19,D24,D26,D27
18:55:52.647    87743720  FFFFFFCFD3FFF  D16,D17,D19,D26,D27
18:55:52.648    87743722  FFFFFFDFD3FFF  D16,D17,D19,D27
18:55:53.996    87745064  FFFFFFDBD3FFF  D16,D17,D19,D24,D27
18:55:56.077    87747130  FFFFFFD3D3FFF  D16,D17,D19,D24,D25,D27
18:55:56.077    87747134  FFFFFFD7D3FFF  D16,D17,D19,D25,D27
--- FW IODebug 1.2.2 2026-08-31 LIFT=5 18:55:58 ---
18:55:59.843    87750859  FFFFFFD7D7FFF  D17,D19,D25,D27
--- FW IODebug 1.2.2 2026-08-31 LIFT=5 18:56:29 ---
18:56:55.275    87805877  FFFFFFD7D3FFF  D16,D17,D19,D25,D27
18:56:59.431    87809607  FFFFFFD3D3FFF  D16,D17,D19,D24,D25,D27
--- FW IODebug 1.2.2 2026-08-31 LIFT=5 18:56:59 ---
18:57:01.127    87811672  FFFFFFC3D3FFF  D16,D17,D19,D24,D25,D26,D27
18:57:01.127    87811674  FFFFFFCBD3FFF  D16,D17,D19,D24,D26,D27
18:57:01.127    87811676  FFFFFFCFD3FFF  D16,D17,D19,D26,D27
18:57:02.792    87813339  FFFFFFCBD3FFF  D16,D17,D19,D24,D26,D27
18:57:04.044    87814569  FFFFFFC3D3FFF  D16,D17,D19,D24,D25,D26,D27
18:57:04.044    87814574  FFFFFFC7D3FFF  D16,D17,D19,D25,D26,D27
18:57:05.307    87815839  FFFFFFC3D3FFF  D16,D17,D19,D24,D25,D26,D27
18:57:06.599    87817110  FFFFFF83D3FFF  D16,D17,D19,D24,D25,D26,D27,D28
18:57:06.599    87817112  FFFFFF8BD3FFF  D16,D17,D19,D24,D26,D27,D28
18:57:06.599    87817114  FFFFFFAFD3FFF  D16,D17,D19,D26,D28
18:57:06.599    87817116  FFFFFFBFD3FFF  D16,D17,D19,D28
18:57:07.883    87818380  FFFFFFBBD3FFF  D16,D17,D19,D24,D28
18:57:09.170    87819651  FFFFFFB3D3FFF  D16,D17,D19,D24,D25,D28
18:57:09.171    87819655  FFFFFFB7D3FFF  D16,D17,D19,D25,D28
18:57:10.432    87820920  FFFFFFB3D3FFF  D16,D17,D19,D24,D25,D28
18:57:11.708    87822190  FFFFFFA3D3FFF  D16,D17,D19,D24,D25,D26,D28
18:57:11.708    87822192  FFFFFFABD3FFF  D16,D17,D19,D24,D26,D28
18:57:11.709    87822195  FFFFFFAFD3FFF  D16,D17,D19,D26,D28
18:57:13.012    87823461  FFFFFFABD3FFF  D16,D17,D19,D24,D26,D28
18:57:14.566    87825009  FFFFFFA3D3FFF  D16,D17,D19,D24,D25,D26,D28
18:57:14.566    87825013  FFFFFFA7D3FFF  D16,D17,D19,D25,D26,D28
18:57:17.385    87827826  FFFFFFA7D7FFF  D17,D19,D25,D26,D28
--- FW IODebug 1.2.2 2026-08-31 LIFT=5 18:57:29 ---
--- FW IODebug 1.2.2 2026-08-31 LIFT=5 18:57:59 ---
18:58:08.474    87878518  FFFFFFA7F7FFF  D17,D25,D26,D28
--- FW IODebug 1.2.2 2026-08-31 LIFT=5 18:58:30 ---
18:58:41.107    87910907  FFFFFFA7B7FFF  D17,D20,D25,D26,D28
18:58:42.032    87911821  FFFFFFA7B3FFF  D16,D17,D20,D25,D26,D28
18:58:45.403    87915154  FFFFFFA3B3FFF  D16,D17,D20,D24,D25,D26,D28
18:58:45.403    87915156  FFFFFFABB3FFF  D16,D17,D20,D24,D26,D28
18:58:46.909    87916666  FFFFFFAFB3FFF  D16,D17,D20,D26,D28
18:58:48.190    87917932  FFFFFFABB3FFF  D16,D17,D20,D24,D26,D28
18:58:48.190    87917934  FFFFFFA3B3FFF  D16,D17,D20,D24,D25,D26,D28
18:58:48.190    87917939  FFFFFFB3B3FFF  D16,D17,D20,D24,D25,D28
18:58:49.480    87919207  FFFFFFB7B3FFF  D16,D17,D20,D25,D28
18:58:50.708    87920433  FFFFFFB3B3FFF  D16,D17,D20,D24,D25,D28
18:58:50.708    87920435  FFFFFFBBB3FFF  D16,D17,D20,D24,D28
18:58:51.991    87921708  FFFFFFBFB3FFF  D16,D17,D20,D28
18:58:53.269    87922973  FFFFFFBBB3FFF  D16,D17,D20,D24,D28
18:58:53.269    87922975  FFFFFFC3B3FFF  D16,D17,D20,D24,D25,D26,D27
18:58:54.552    87924248  FFFFFFC7B3FFF  D16,D17,D20,D25,D26,D27
18:58:55.840    87925514  FFFFFFC3B3FFF  D16,D17,D20,D24,D25,D26,D27
18:58:55.840    87925516  FFFFFFCBB3FFF  D16,D17,D20,D24,D26,D27
18:58:57.117    87926789  FFFFFFCFB3FFF  D16,D17,D20,D26,D27
18:58:58.799    87928451  FFFFFFCBB3FFF  D16,D17,D20,D24,D26,D27
18:58:58.799    87928453  FFFFFFC3B3FFF  D16,D17,D20,D24,D25,D26,D27
18:58:58.799    87928458  FFFFFFD3B3FFF  D16,D17,D20,D24,D25,D27
--- FW IODebug 1.2.2 2026-08-31 LIFT=5 18:59:00 ---
18:59:00.761    87930401  FFFFFFD7B3FFF  D16,D17,D20,D25,D27
18:59:03.033    87932659  FFFFFFD3B3FFF  D16,D17,D20,D24,D25,D27
18:59:03.033    87932661  FFFFFFDBB3FFF  D16,D17,D20,D24,D27
18:59:05.085    87934688  FFFFFFDFB3FFF  D16,D17,D20,D27
18:59:06.432    87936033  FFFFFFDBB3FFF  D16,D17,D20,D24,D27
18:59:06.432    87936035  FFFFFFC3B3FFF  D16,D17,D20,D24,D25,D26,D27
18:59:06.432    87936036  FFFFFFE3B3FFF  D16,D17,D20,D24,D25,D26
18:59:07.862    87937467  FFFFFFE7B3FFF  D16,D17,D20,D25,D26
18:59:09.258    87938851  FFFFFFE3B3FFF  D16,D17,D20,D24,D25,D26
18:59:09.258    87938853  FFFFFFEBB3FFF  D16,D17,D20,D24,D26
18:59:10.941    87940523  FFFFFFEFB3FFF  D16,D17,D20,D26
18:59:12.944    87942503  FFFFFFEBB3FFF  D16,D17,D20,D24,D26
18:59:12.944    87942505  FFFFFFE3B3FFF  D16,D17,D20,D24,D25,D26
18:59:12.944    87942510  FFFFFFF3B3FFF  D16,D17,D20,D24,D25
18:59:15.231    87944770  FFFFFFF7B3FFF  D16,D17,D20,D25
18:59:18.880    87948298  FFFFFFF7B7FFF  D17,D20,D25
18:59:18.880    87948381  FFFFFFF7F7FFF  D17,D25
--- FW IODebug 1.2.2 2026-08-31 LIFT=5 18:59:30 ---
--- FW IODebug 1.2.2 2026-08-31 LIFT=5 19:00:00 ---
19:00:19.321    88008381  FFFFFFF7F7FFF  D17,D25
--- FW IODebug 1.2.2 2026-08-31 LIFT=5 19:00:31 ---
19:00:33.364    88022309  FFFFFFF7E7FFF  D17,D18,D25
19:00:33.364    88022310  FFFFFFF7F7FFF  D17,D25
--- FW IODebug 1.2.2 2026-08-31 LIFT=5 19:01:01 ---
--- FW IODebug 1.2.2 2026-08-31 LIFT=5 19:01:31 ---
19:01:33.812    88082310  FFFFFFF7F7FFF  D17,D25
--- FW IODebug 1.2.2 2026-08-31 LIFT=5 19:02:01 ---
19:02:07.016    88115252  FFFFFFF7D7FFF  D17,D19,D25
19:02:07.937    88116165  FFFFFFF7D3FFF  D16,D17,D19,D25
19:02:12.019    88120213  FFFFFFF3D3FFF  D16,D17,D19,D24,D25
19:02:14.296    88122476  FFFFFFE3D3FFF  D16,D17,D19,D24,D25,D26
19:02:14.297    88122478  FFFFFFEBD3FFF  D16,D17,D19,D24,D26
19:02:14.297    88122480  FFFFFFEFD3FFF  D16,D17,D19,D26
19:02:16.308    88124461  FFFFFFEBD3FFF  D16,D17,D19,D24,D26
19:02:17.978    88126128  FFFFFFE3D3FFF  D16,D17,D19,D24,D25,D26
19:02:17.978    88126132  FFFFFFE7D3FFF  D16,D17,D19,D25,D26
19:02:19.382    88127517  FFFFFFE3D3FFF  D16,D17,D19,D24,D25,D26
19:02:20.824    88128947  FFFFFFC3D3FFF  D16,D17,D19,D24,D25,D26,D27
19:02:20.824    88128949  FFFFFFCBD3FFF  D16,D17,D19,D24,D26,D27
19:02:20.824    88128951  FFFFFFCFD3FFF  D16,D17,D19,D26,D27
19:02:20.824    88128953  FFFFFFDFD3FFF  D16,D17,D19,D27
19:02:22.173    88130295  FFFFFFDBD3FFF  D16,D17,D19,D24,D27
19:02:24.219    88132321  FFFFFFD3D3FFF  D16,D17,D19,D24,D25,D27
19:02:24.219    88132325  FFFFFFD7D3FFF  D16,D17,D19,D25,D27
19:02:26.493    88134583  FFFFFFD3D3FFF  D16,D17,D19,D24,D25,D27
19:02:28.458    88136527  FFFFFFC3D3FFF  D16,D17,D19,D24,D25,D26,D27
19:02:28.458    88136529  FFFFFFCBD3FFF  D16,D17,D19,D24,D26,D27
19:02:28.458    88136531  FFFFFFCFD3FFF  D16,D17,D19,D26,D27
19:02:30.146    88138194  FFFFFFCBD3FFF  D16,D17,D19,D24,D26,D27
19:02:31.417    88139465  FFFFFFC3D3FFF  D16,D17,D19,D24,D25,D26,D27
19:02:31.417    88139469  FFFFFFC7D3FFF  D16,D17,D19,D25,D26,D27
--- FW IODebug 1.2.2 2026-08-31 LIFT=5 19:02:31 ---
19:02:32.697    88140735  FFFFFFC3D3FFF  D16,D17,D19,D24,D25,D26,D27
19:02:33.988    88142006  FFFFFF8BD3FFF  D16,D17,D19,D24,D26,D27,D28
19:02:33.988    88142009  FFFFFFABD3FFF  D16,D17,D19,D24,D26,D28
19:02:33.988    88142011  FFFFFFAFD3FFF  D16,D17,D19,D26,D28
19:02:33.988    88142013  FFFFFFBFD3FFF  D16,D17,D19,D28
19:02:35.250    88143276  FFFFFFBBD3FFF  D16,D17,D19,D24,D28
19:02:36.540    88144546  FFFFFFB3D3FFF  D16,D17,D19,D24,D25,D28
19:02:36.540    88144549  FFFFFFB7D3FFF  D16,D17,D19,D25,D28
19:02:37.815    88145816  FFFFFFB3D3FFF  D16,D17,D19,D24,D25,D28
19:02:39.103    88147087  FFFFFFA3D3FFF  D16,D17,D19,D24,D25,D26,D28
19:02:39.103    88147088  FFFFFFABD3FFF  D16,D17,D19,D24,D26,D28
19:02:39.103    88147090  FFFFFFAFD3FFF  D16,D17,D19,D26,D28
19:02:40.371    88148357  FFFFFFABD3FFF  D16,D17,D19,D24,D26,D28
19:02:42.227    88149865  FFFFFFA3D3FFF  D16,D17,D19,D24,D25,D26,D28
19:02:42.227    88149869  FFFFFFA7D3FFF  D16,D17,D19,D25,D26,D28
19:02:42.228    88150025  FFFFFFA793FFF  D16,D17,D19,D20,D25,D26,D28
19:02:42.228    88150184  FFFFFFA7B3FFF  D16,D17,D20,D25,D26,D28
19:02:44.726    88152682  FFFFFFA7B7FFF  D17,D20,D25,D26,D28
19:03:01.298    88169117  FFFFFFA7B3FFF  D16,D17,D20,D25,D26,D28
--- FW IODebug 1.2.2 2026-08-31 LIFT=5 19:03:02 ---
19:03:04.657    88172450  FFFFFFA3B3FFF  D16,D17,D20,D24,D25,D26,D28
19:03:04.657    88172452  FFFFFFABB3FFF  D16,D17,D20,D24,D26,D28
19:03:06.180    88173964  FFFFFFAFB3FFF  D16,D17,D20,D26,D28
19:03:07.475    88175228  FFFFFFABB3FFF  D16,D17,D20,D24,D26,D28
19:03:07.475    88175230  FFFFFFA3B3FFF  D16,D17,D20,D24,D25,D26,D28
19:03:07.475    88175236  FFFFFFB3B3FFF  D16,D17,D20,D24,D25,D28
19:03:08.733    88176504  FFFFFFB7B3FFF  D16,D17,D20,D25,D28
19:03:10.029    88177769  FFFFFFB3B3FFF  D16,D17,D20,D24,D25,D28
19:03:10.029    88177771  FFFFFFBBB3FFF  D16,D17,D20,D24,D28
19:03:11.284    88179005  FFFFFFBFB3FFF  D16,D17,D20,D28
19:03:12.540    88180270  FFFFFFBBB3FFF  D16,D17,D20,D24,D28
19:03:12.540    88180272  FFFFFFC3B3FFF  D16,D17,D20,D24,D25,D26,D27
19:03:13.819    88181545  FFFFFFC7B3FFF  D16,D17,D20,D25,D26,D27
19:03:15.102    88182811  FFFFFFC3B3FFF  D16,D17,D20,D24,D25,D26,D27
19:03:15.102    88182812  FFFFFFCBB3FFF  D16,D17,D20,D24,D26,D27
19:03:16.394    88184085  FFFFFFCFB3FFF  D16,D17,D20,D26,D27
19:03:18.073    88185748  FFFFFFCBB3FFF  D16,D17,D20,D24,D26,D27
19:03:18.073    88185750  FFFFFFC3B3FFF  D16,D17,D20,D24,D25,D26,D27
19:03:18.073    88185755  FFFFFFD3B3FFF  D16,D17,D20,D24,D25,D27
19:03:20.017    88187697  FFFFFFD7B3FFF  D16,D17,D20,D25,D27
19:03:22.309    88189956  FFFFFFD3B3FFF  D16,D17,D20,D24,D25,D27
19:03:22.310    88189958  FFFFFFDBB3FFF  D16,D17,D20,D24,D27
19:03:24.335    88191984  FFFFFFDFB3FFF  D16,D17,D20,D27
19:03:25.706    88193330  FFFFFFC3B3FFF  D16,D17,D20,D24,D25,D26,D27
19:03:25.706    88193333  FFFFFFE3B3FFF  D16,D17,D20,D24,D25,D26
19:03:27.149    88194762  FFFFFFE7B3FFF  D16,D17,D20,D25,D26
19:03:28.531    88196148  FFFFFFE3B3FFF  D16,D17,D20,D24,D25,D26
19:03:28.531    88196150  FFFFFFEBB3FFF  D16,D17,D20,D24,D26
19:03:30.204    88197819  FFFFFFEFB3FFF  D16,D17,D20,D26
19:03:32.416    88199799  FFFFFFEBB3FFF  D16,D17,D20,D24,D26
19:03:32.416    88199801  FFFFFFE3B3FFF  D16,D17,D20,D24,D25,D26
19:03:32.416    88199806  FFFFFFF3B3FFF  D16,D17,D20,D24,D25
--- FW IODebug 1.2.2 2026-08-31 LIFT=5 19:03:32 ---
19:03:34.496    88202066  FFFFFFF7B3FFF  D16,D17,D20,D25
19:03:38.039    88205594  FFFFFFF7B7FFF  D17,D20,D25
19:03:52.766    88220205  FFFFFFF7F7FFF  D17,D25
--- FW IODebug 1.2.2 2026-08-31 LIFT=5 19:04:02 ---
--- FW IODebug 1.2.2 2026-08-31 LIFT=5 19:04:32 ---
19:04:53.232    88280205  FFFFFFF7F7FFF  D17,D25
--- FW IODebug 1.2.2 2026-08-31 LIFT=5 19:05:03 ---
--- FW IODebug 1.2.2 2026-08-31 LIFT=5 19:05:33 ---
19:05:53.696    88340205  FFFFFFF7F7FFF  D17,D25
--- FW IODebug 1.2.2 2026-08-31 LIFT=5 19:06:03 ---
--- FW IODebug 1.2.2 2026-08-31 LIFT=5 19:06:33 ---
19:06:53.093    88399141  FFFFFFF7FFFFF  D25
19:06:53.775    88399818  FFFFFFF7F7FFF  D17,D25
--- FW IODebug 1.2.2 2026-08-31 LIFT=5 19:07:04 ---
--- FW IODebug 1.2.2 2026-08-31 LIFT=5 19:07:34 ---
19:07:54.228    88459819  FFFFFFF7F7FFF  D17,D25
--- FW IODebug 1.2.2 2026-08-31 LIFT=5 19:08:04 ---
--- FW IODebug 1.2.2 2026-08-31 LIFT=5 19:08:34 ---
19:08:54.683    88519819  FFFFFFF7F7FFF  D17,D25
--- FW IODebug 1.2.2 2026-08-31 LIFT=5 19:09:04 ---
--- FW IODebug 1.2.2 2026-08-31 LIFT=5 19:09:35 ---
19:09:55.159    88579819  FFFFFFF7F7FFF  D17,D25
--- FW IODebug 1.2.2 2026-08-31 LIFT=5 19:10:05 ---
--- FW IODebug 1.2.2 2026-08-31 LIFT=5 19:10:35 ---
19:10:55.599    88639819  FFFFFFF7F7FFF  D17,D25
--- FW IODebug 1.2.2 2026-08-31 LIFT=5 19:11:05 ---
--- FW IODebug 1.2.2 2026-08-31 LIFT=5 19:11:36 ---
19:11:56.053    88699819  FFFFFFF7F7FFF  D17,D25
--- FW IODebug 1.2.2 2026-08-31 LIFT=5 19:12:06 ---
--- FW IODebug 1.2.2 2026-08-31 LIFT=5 19:12:36 ---
19:12:56.530    88759819  FFFFFFF7F7FFF  D17,D25
--- FW IODebug 1.2.2 2026-08-31 LIFT=5 19:13:06 ---
--- FW IODebug 1.2.2 2026-08-31 LIFT=5 19:13:37 ---
19:13:56.971    88819819  FFFFFFF7F7FFF  D17,D25
--- FW IODebug 1.2.2 2026-08-31 LIFT=5 19:14:07 ---
--- FW IODebug 1.2.2 2026-08-31 LIFT=5 19:14:37 ---
19:14:57.443    88879819  FFFFFFF7F7FFF  D17,D25
--- FW IODebug 1.2.2 2026-08-31 LIFT=5 19:15:07 ---
--- FW IODebug 1.2.2 2026-08-31 LIFT=5 19:15:37 ---
19:15:57.905    88939819  FFFFFFF7F7FFF  D17,D25
--- FW IODebug 1.2.2 2026-08-31 LIFT=5 19:16:08 ---
--- FW IODebug 1.2.2 2026-08-31 LIFT=5 19:16:38 ---
19:16:58.361    88999819  FFFFFFF7F7FFF  D17,D25
--- FW IODebug 1.2.2 2026-08-31 LIFT=5 19:17:08 ---
--- FW IODebug 1.2.2 2026-08-31 LIFT=5 19:17:38 ---
19:17:58.825    89059819  FFFFFFF7F7FFF  D17,D25
--- FW IODebug 1.2.2 2026-08-31 LIFT=5 19:18:09 ---
--- FW IODebug 1.2.2 2026-08-31 LIFT=5 19:18:39 ---
19:18:59.294    89119819  FFFFFFF7F7FFF  D17,D25
--- FW IODebug 1.2.2 2026-08-31 LIFT=5 19:19:09 ---
--- FW IODebug 1.2.2 2026-08-31 LIFT=5 19:19:39 ---
19:19:59.748    89179819  FFFFFFF7F7FFF  D17,D25
--- FW IODebug 1.2.2 2026-08-31 LIFT=5 19:20:09 ---
--- FW IODebug 1.2.2 2026-08-31 LIFT=5 19:20:40 ---
19:21:00.206    89239819  FFFFFFF7F7FFF  D17,D25
--- FW IODebug 1.2.2 2026-08-31 LIFT=5 19:21:10 ---
--- FW IODebug 1.2.2 2026-08-31 LIFT=5 19:21:40 ---
19:22:00.644    89299819  FFFFFFF7F7FFF  D17,D25
--- FW IODebug 1.2.2 2026-08-31 LIFT=5 19:22:10 ---
--- FW IODebug 1.2.2 2026-08-31 LIFT=5 19:22:41 ---
19:23:01.119    89359819  FFFFFFF7F7FFF  D17,D25
--- FW IODebug 1.2.2 2026-08-31 LIFT=5 19:23:11 ---
--- FW IODebug 1.2.2 2026-08-31 LIFT=5 19:23:41 ---
19:24:01.581    89419819  FFFFFFF7F7FFF  D17,D25
--- FW IODebug 1.2.2 2026-08-31 LIFT=5 19:24:11 ---
--- FW IODebug 1.2.2 2026-08-31 LIFT=5 19:24:42 ---
19:25:02.051    89479819  FFFFFFF7F7FFF  D17,D25
--- FW IODebug 1.2.2 2026-08-31 LIFT=5 19:25:12 ---
--- FW IODebug 1.2.2 2026-08-31 LIFT=5 19:25:42 ---
19:26:02.498    89539819  FFFFFFF7F7FFF  D17,D25
--- FW IODebug 1.2.2 2026-08-31 LIFT=5 19:26:12 ---
--- FW IODebug 1.2.2 2026-08-31 LIFT=5 19:26:42 ---
19:27:02.961    89599819  FFFFFFF7F7FFF  D17,D25
--- FW IODebug 1.2.2 2026-08-31 LIFT=5 19:27:13 ---
--- FW IODebug 1.2.2 2026-08-31 LIFT=5 19:27:43 ---
19:28:03.427    89659819  FFFFFFF7F7FFF  D17,D25
--- FW IODebug 1.2.2 2026-08-31 LIFT=5 19:28:13 ---
--- FW IODebug 1.2.2 2026-08-31 LIFT=5 19:28:43 ---
19:29:03.888    89719819  FFFFFFF7F7FFF  D17,D25
--- FW IODebug 1.2.2 2026-08-31 LIFT=5 19:29:14 ---
--- FW IODebug 1.2.2 2026-08-31 LIFT=5 19:29:44 ---
19:30:04.344    89779819  FFFFFFF7F7FFF  D17,D25
--- FW IODebug 1.2.2 2026-08-31 LIFT=5 19:30:14 ---
--- FW IODebug 1.2.2 2026-08-31 LIFT=5 19:30:44 ---
19:31:04.793    89839819  FFFFFFF7F7FFF  D17,D25
--- FW IODebug 1.2.2 2026-08-31 LIFT=5 19:31:15 ---
--- FW IODebug 1.2.2 2026-08-31 LIFT=5 19:31:45 ---
19:32:05.253    89899819  FFFFFFF7F7FFF  D17,D25
--- FW IODebug 1.2.2 2026-08-31 LIFT=5 19:32:15 ---
--- FW IODebug 1.2.2 2026-08-31 LIFT=5 19:32:45 ---
19:33:05.719    89959819  FFFFFFF7F7FFF  D17,D25
--- FW IODebug 1.2.2 2026-08-31 LIFT=5 19:33:15 ---
--- FW IODebug 1.2.2 2026-08-31 LIFT=5 19:33:46 ---
19:34:06.175    90019819  FFFFFFF7F7FFF  D17,D25
--- FW IODebug 1.2.2 2026-08-31 LIFT=5 19:34:16 ---
--- FW IODebug 1.2.2 2026-08-31 LIFT=5 19:34:46 ---
19:35:06.646    90079819  FFFFFFF7F7FFF  D17,D25
--- FW IODebug 1.2.2 2026-08-31 LIFT=5 19:35:16 ---
--- FW IODebug 1.2.2 2026-08-31 LIFT=5 19:35:47 ---
19:36:07.090    90139819  FFFFFFF7F7FFF  D17,D25
--- FW IODebug 1.2.2 2026-08-31 LIFT=5 19:36:17 ---
--- FW IODebug 1.2.2 2026-08-31 LIFT=5 19:36:47 ---
19:37:07.552    90199819  FFFFFFF7F7FFF  D17,D25
--- FW IODebug 1.2.2 2026-08-31 LIFT=5 19:37:17 ---
--- FW IODebug 1.2.2 2026-08-31 LIFT=5 19:37:48 ---
19:38:08.020    90259819  FFFFFFF7F7FFF  D17,D25
--- FW IODebug 1.2.2 2026-08-31 LIFT=5 19:38:18 ---
--- FW IODebug 1.2.2 2026-08-31 LIFT=5 19:38:48 ---
19:39:08.469    90319819  FFFFFFF7F7FFF  D17,D25
--- FW IODebug 1.2.2 2026-08-31 LIFT=5 19:39:18 ---
--- FW IODebug 1.2.2 2026-08-31 LIFT=5 19:39:48 ---
19:40:08.936    90379819  FFFFFFF7F7FFF  D17,D25
--- FW IODebug 1.2.2 2026-08-31 LIFT=5 19:40:19 ---
--- FW IODebug 1.2.2 2026-08-31 LIFT=5 19:40:49 ---
19:41:09.403    90439819  FFFFFFF7F7FFF  D17,D25
--- FW IODebug 1.2.2 2026-08-31 LIFT=5 19:41:19 ---
--- FW IODebug 1.2.2 2026-08-31 LIFT=5 19:41:49 ---
19:42:09.863    90499819  FFFFFFF7F7FFF  D17,D25
--- FW IODebug 1.2.2 2026-08-31 LIFT=5 19:42:20 ---
--- FW IODebug 1.2.2 2026-08-31 LIFT=5 19:42:50 ---
19:43:10.320    90559819  FFFFFFF7F7FFF  D17,D25
--- FW IODebug 1.2.2 2026-08-31 LIFT=5 19:43:20 ---
--- FW IODebug 1.2.2 2026-08-31 LIFT=5 19:43:50 ---
19:44:10.770    90619819  FFFFFFF7F7FFF  D17,D25
--- FW IODebug 1.2.2 2026-08-31 LIFT=5 19:44:21 ---
--- FW IODebug 1.2.2 2026-08-31 LIFT=5 19:44:51 ---
19:45:11.227    90679819  FFFFFFF7F7FFF  D17,D25
--- FW IODebug 1.2.2 2026-08-31 LIFT=5 19:45:21 ---
--- FW IODebug 1.2.2 2026-08-31 LIFT=5 19:45:51 ---
19:46:11.694    90739819  FFFFFFF7F7FFF  D17,D25
--- FW IODebug 1.2.2 2026-08-31 LIFT=5 19:46:21 ---
--- FW IODebug 1.2.2 2026-08-31 LIFT=5 19:46:52 ---
19:47:12.150    90799819  FFFFFFF7F7FFF  D17,D25
--- FW IODebug 1.2.2 2026-08-31 LIFT=5 19:47:22 ---
--- FW IODebug 1.2.2 2026-08-31 LIFT=5 19:47:52 ---
19:48:12.611    90859819  FFFFFFF7F7FFF  D17,D25
--- FW IODebug 1.2.2 2026-08-31 LIFT=5 19:48:22 ---
--- FW IODebug 1.2.2 2026-08-31 LIFT=5 19:48:53 ---
19:49:13.056    90919819  FFFFFFF7F7FFF  D17,D25
--- FW IODebug 1.2.2 2026-08-31 LIFT=5 19:49:23 ---
--- FW IODebug 1.2.2 2026-08-31 LIFT=5 19:49:53 ---
19:50:13.519    90979819  FFFFFFF7F7FFF  D17,D25
--- FW IODebug 1.2.2 2026-08-31 LIFT=5 19:50:23 ---
--- FW IODebug 1.2.2 2026-08-31 LIFT=5 19:50:54 ---
19:51:13.987    91039819  FFFFFFF7F7FFF  D17,D25
--- FW IODebug 1.2.2 2026-08-31 LIFT=5 19:51:24 ---
--- FW IODebug 1.2.2 2026-08-31 LIFT=5 19:51:54 ---
19:52:14.432    91099819  FFFFFFF7F7FFF  D17,D25
--- FW IODebug 1.2.2 2026-08-31 LIFT=5 19:52:24 ---
--- FW IODebug 1.2.2 2026-08-31 LIFT=5 19:52:54 ---
19:53:14.905    91159819  FFFFFFF7F7FFF  D17,D25
--- FW IODebug 1.2.2 2026-08-31 LIFT=5 19:53:28 ---
--- FW IODebug 1.2.2 2026-08-31 LIFT=5 19:53:59 ---
19:54:19.043    91219819  FFFFFFF7F7FFF  D17,D25
--- FW IODebug 1.2.2 2026-08-31 LIFT=5 19:54:29 ---
--- FW IODebug 1.2.2 2026-08-31 LIFT=5 19:54:59 ---
19:55:19.494    91279819  FFFFFFF7F7FFF  D17,D25
--- FW IODebug 1.2.2 2026-08-31 LIFT=5 19:55:29 ---
--- FW IODebug 1.2.2 2026-08-31 LIFT=5 19:55:59 ---
19:56:19.959    91339819  FFFFFFF7F7FFF  D17,D25
--- FW IODebug 1.2.2 2026-08-31 LIFT=5 19:56:30 ---
--- FW IODebug 1.2.2 2026-08-31 LIFT=5 19:57:00 ---
19:57:20.418    91399819  FFFFFFF7F7FFF  D17,D25
--- FW IODebug 1.2.2 2026-08-31 LIFT=5 19:57:30 ---
--- FW IODebug 1.2.2 2026-08-31 LIFT=5 19:58:00 ---
19:58:20.879    91459819  FFFFFFF7F7FFF  D17,D25
--- FW IODebug 1.2.2 2026-08-31 LIFT=5 19:58:31 ---
--- FW IODebug 1.2.2 2026-08-31 LIFT=5 19:59:01 ---
19:59:21.333    91519819  FFFFFFF7F7FFF  D17,D25
--- FW IODebug 1.2.2 2026-08-31 LIFT=5 19:59:31 ---
--- FW IODebug 1.2.2 2026-08-31 LIFT=5 20:00:01 ---
20:00:21.801    91579819  FFFFFFF7F7FFF  D17,D25
--- FW IODebug 1.2.2 2026-08-31 LIFT=5 20:00:32 ---
--- FW IODebug 1.2.2 2026-08-31 LIFT=5 20:01:02 ---
20:01:22.248    91639819  FFFFFFF7F7FFF  D17,D25
--- FW IODebug 1.2.2 2026-08-31 LIFT=5 20:01:32 ---
--- FW IODebug 1.2.2 2026-08-31 LIFT=5 20:02:02 ---
20:02:22.704    91699819  FFFFFFF7F7FFF  D17,D25
--- FW IODebug 1.2.2 2026-08-31 LIFT=5 20:02:32 ---
--- FW IODebug 1.2.2 2026-08-31 LIFT=5 20:03:03 ---
20:03:23.169    91759819  FFFFFFF7F7FFF  D17,D25
--- FW IODebug 1.2.2 2026-08-31 LIFT=5 20:03:33 ---
--- FW IODebug 1.2.2 2026-08-31 LIFT=5 20:04:03 ---
20:04:23.638    91819819  FFFFFFF7F7FFF  D17,D25
--- FW IODebug 1.2.2 2026-08-31 LIFT=5 20:04:33 ---
--- FW IODebug 1.2.2 2026-08-31 LIFT=5 20:05:04 ---
20:05:24.083    91879819  FFFFFFF7F7FFF  D17,D25
--- FW IODebug 1.2.2 2026-08-31 LIFT=5 20:05:34 ---
--- FW IODebug 1.2.2 2026-08-31 LIFT=5 20:06:04 ---
20:06:24.542    91939819  FFFFFFF7F7FFF  D17,D25
--- FW IODebug 1.2.2 2026-08-31 LIFT=5 20:06:34 ---
--- FW IODebug 1.2.2 2026-08-31 LIFT=5 20:07:05 ---
20:07:25.001    91999819  FFFFFFF7F7FFF  D17,D25
--- FW IODebug 1.2.2 2026-08-31 LIFT=5 20:07:35 ---
--- FW IODebug 1.2.2 2026-08-31 LIFT=5 20:08:05 ---
20:08:25.467    92059819  FFFFFFF7F7FFF  D17,D25
--- FW IODebug 1.2.2 2026-08-31 LIFT=5 20:08:35 ---
--- FW IODebug 1.2.2 2026-08-31 LIFT=5 20:09:05 ---
20:09:25.930    92119819  FFFFFFF7F7FFF  D17,D25
--- FW IODebug 1.2.2 2026-08-31 LIFT=5 20:09:36 ---
--- FW IODebug 1.2.2 2026-08-31 LIFT=5 20:10:06 ---
20:10:26.391    92179819  FFFFFFF7F7FFF  D17,D25
--- FW IODebug 1.2.2 2026-08-31 LIFT=5 20:10:36 ---
--- FW IODebug 1.2.2 2026-08-31 LIFT=5 20:11:06 ---
20:11:26.856    92239819  FFFFFFF7F7FFF  D17,D25
--- FW IODebug 1.2.2 2026-08-31 LIFT=5 20:11:37 ---
--- FW IODebug 1.2.2 2026-08-31 LIFT=5 20:12:07 ---
20:12:27.297    92299819  FFFFFFF7F7FFF  D17,D25
--- FW IODebug 1.2.2 2026-08-31 LIFT=5 20:12:37 ---
--- FW IODebug 1.2.2 2026-08-31 LIFT=5 20:13:07 ---
20:13:27.764    92359819  FFFFFFF7F7FFF  D17,D25
--- FW IODebug 1.2.2 2026-08-31 LIFT=5 20:13:38 ---
--- FW IODebug 1.2.2 2026-08-31 LIFT=5 20:14:08 ---
20:14:28.223    92419819  FFFFFFF7F7FFF  D17,D25
--- FW IODebug 1.2.2 2026-08-31 LIFT=5 20:14:38 ---
--- FW IODebug 1.2.2 2026-08-31 LIFT=5 20:15:08 ---
20:15:28.690    92479819  FFFFFFF7F7FFF  D17,D25
--- FW IODebug 1.2.2 2026-08-31 LIFT=5 20:15:38 ---
--- FW IODebug 1.2.2 2026-08-31 LIFT=5 20:16:09 ---
20:16:29.143    92539819  FFFFFFF7F7FFF  D17,D25
--- FW IODebug 1.2.2 2026-08-31 LIFT=5 20:16:39 ---
--- FW IODebug 1.2.2 2026-08-31 LIFT=5 20:17:09 ---
20:17:15.598    92585924  FFFFFFF7FFFFF  D25
20:17:18.836    92589142  FFFFFFF7F7FFF  D17,D25
--- FW IODebug 1.2.2 2026-08-31 LIFT=5 20:17:39 ---
--- FW IODebug 1.2.2 2026-08-31 LIFT=5 20:18:10 ---
20:18:19.302    92649142  FFFFFFF7F7FFF  D17,D25
--- FW IODebug 1.2.2 2026-08-31 LIFT=5 20:18:40 ---
--- FW IODebug 1.2.2 2026-08-31 LIFT=5 20:19:10 ---
20:19:19.763    92709142  FFFFFFF7F7FFF  D17,D25
--- FW IODebug 1.2.2 2026-08-31 LIFT=5 20:19:40 ---
--- FW IODebug 1.2.2 2026-08-31 LIFT=5 20:20:11 ---
20:20:20.225    92769142  FFFFFFF7F7FFF  D17,D25
20:20:35.520    92784317  FFFFFFF7FFFFF  D25
20:20:36.201    92784993  FFFFFFF7F7FFF  D17,D25
--- FW IODebug 1.2.2 2026-08-31 LIFT=5 20:20:41 ---
--- FW IODebug 1.2.2 2026-08-31 LIFT=5 20:21:11 ---
20:21:36.656    92844993  FFFFFFF7F7FFF  D17,D25
--- FW IODebug 1.2.2 2026-08-31 LIFT=5 20:21:41 ---
--- FW IODebug 1.2.2 2026-08-31 LIFT=5 20:22:11 ---
20:22:37.103    92904993  FFFFFFF7F7FFF  D17,D25
--- FW IODebug 1.2.2 2026-08-31 LIFT=5 20:22:42 ---
--- FW IODebug 1.2.2 2026-08-31 LIFT=5 20:23:12 ---
20:23:37.573    92964993  FFFFFFF7F7FFF  D17,D25
--- FW IODebug 1.2.2 2026-08-31 LIFT=5 20:23:42 ---
--- FW IODebug 1.2.2 2026-08-31 LIFT=5 20:24:12 ---
20:24:38.017    93024993  FFFFFFF7F7FFF  D17,D25
--- FW IODebug 1.2.2 2026-08-31 LIFT=5 20:24:43 ---
--- FW IODebug 1.2.2 2026-08-31 LIFT=5 20:25:13 ---
20:25:38.498    93084993  FFFFFFF7F7FFF  D17,D25
--- FW IODebug 1.2.2 2026-08-31 LIFT=5 20:25:43 ---
--- FW IODebug 1.2.2 2026-08-31 LIFT=5 20:26:13 ---
20:26:38.945    93144993  FFFFFFF7F7FFF  D17,D25
--- FW IODebug 1.2.2 2026-08-31 LIFT=5 20:26:43 ---
20:26:49.037    93155000  FFFFFFF7E7FFF  D17,D18,D25
20:26:49.037    93155002  FFFFFFF7F7FFF  D17,D25
--- FW IODebug 1.2.2 2026-08-31 LIFT=5 20:27:14 ---
--- FW IODebug 1.2.2 2026-08-31 LIFT=5 20:27:44 ---
20:27:49.492    93215002  FFFFFFF7F7FFF  D17,D25
--- FW IODebug 1.2.2 2026-08-31 LIFT=5 20:28:14 ---
--- FW IODebug 1.2.2 2026-08-31 LIFT=5 20:28:44 ---
20:28:49.946    93275002  FFFFFFF7F7FFF  D17,D25
--- FW IODebug 1.2.2 2026-08-31 LIFT=5 20:29:15 ---
--- FW IODebug 1.2.2 2026-08-31 LIFT=5 20:29:45 ---
20:29:50.414    93335002  FFFFFFF7F7FFF  D17,D25
--- FW IODebug 1.2.2 2026-08-31 LIFT=5 20:30:15 ---
--- FW IODebug 1.2.2 2026-08-31 LIFT=5 20:30:45 ---
20:30:50.878    93395002  FFFFFFF7F7FFF  D17,D25
--- FW IODebug 1.2.2 2026-08-31 LIFT=5 20:31:16 ---
--- FW IODebug 1.2.2 2026-08-31 LIFT=5 20:31:46 ---
20:31:51.334    93455002  FFFFFFF7F7FFF  D17,D25
--- FW IODebug 1.2.2 2026-08-31 LIFT=5 20:32:16 ---
--- FW IODebug 1.2.2 2026-08-31 LIFT=5 20:32:46 ---
20:32:51.784    93515002  FFFFFFF7F7FFF  D17,D25
--- FW IODebug 1.2.2 2026-08-31 LIFT=5 20:33:16 ---
--- FW IODebug 1.2.2 2026-08-31 LIFT=5 20:33:47 ---
20:33:52.245    93575002  FFFFFFF7F7FFF  D17,D25
--- FW IODebug 1.2.2 2026-08-31 LIFT=5 20:34:17 ---
--- FW IODebug 1.2.2 2026-08-31 LIFT=5 20:34:47 ---
20:34:52.706    93635002  FFFFFFF7F7FFF  D17,D25
--- FW IODebug 1.2.2 2026-08-31 LIFT=5 20:35:17 ---
--- FW IODebug 1.2.2 2026-08-31 LIFT=5 20:35:48 ---
20:35:53.160    93695002  FFFFFFF7F7FFF  D17,D25
--- FW IODebug 1.2.2 2026-08-31 LIFT=5 20:36:18 ---
--- FW IODebug 1.2.2 2026-08-31 LIFT=5 20:36:48 ---
20:36:53.621    93755002  FFFFFFF7F7FFF  D17,D25
--- FW IODebug 1.2.2 2026-08-31 LIFT=5 20:37:18 ---
--- FW IODebug 1.2.2 2026-08-31 LIFT=5 20:37:49 ---
20:37:54.103    93815002  FFFFFFF7F7FFF  D17,D25
--- FW IODebug 1.2.2 2026-08-31 LIFT=5 20:38:19 ---
--- FW IODebug 1.2.2 2026-08-31 LIFT=5 20:38:49 ---
20:38:54.546    93875002  FFFFFFF7F7FFF  D17,D25
--- FW IODebug 1.2.2 2026-08-31 LIFT=5 20:39:19 ---
--- FW IODebug 1.2.2 2026-08-31 LIFT=5 20:39:49 ---
20:39:55.002    93935002  FFFFFFF7F7FFF  D17,D25
--- FW IODebug 1.2.2 2026-08-31 LIFT=5 20:40:20 ---
--- FW IODebug 1.2.2 2026-08-31 LIFT=5 20:40:50 ---
20:40:55.473    93995002  FFFFFFF7F7FFF  D17,D25
--- FW IODebug 1.2.2 2026-08-31 LIFT=5 20:41:20 ---
--- FW IODebug 1.2.2 2026-08-31 LIFT=5 20:41:50 ---
20:41:55.911    94055002  FFFFFFF7F7FFF  D17,D25
--- FW IODebug 1.2.2 2026-08-31 LIFT=5 20:42:21 ---
--- FW IODebug 1.2.2 2026-08-31 LIFT=5 20:42:51 ---
20:42:56.371    94115002  FFFFFFF7F7FFF  D17,D25
--- FW IODebug 1.2.2 2026-08-31 LIFT=5 20:43:21 ---
--- FW IODebug 1.2.2 2026-08-31 LIFT=5 20:43:51 ---
20:43:56.837    94175002  FFFFFFF7F7FFF  D17,D25
--- FW IODebug 1.2.2 2026-08-31 LIFT=5 20:44:22 ---
--- FW IODebug 1.2.2 2026-08-31 LIFT=5 20:44:52 ---
20:44:57.289    94235002  FFFFFFF7F7FFF  D17,D25
--- FW IODebug 1.2.2 2026-08-31 LIFT=5 20:45:22 ---
--- FW IODebug 1.2.2 2026-08-31 LIFT=5 20:45:52 ---
20:45:57.752    94295002  FFFFFFF7F7FFF  D17,D25
--- FW IODebug 1.2.2 2026-08-31 LIFT=5 20:46:22 ---
--- FW IODebug 1.2.2 2026-08-31 LIFT=5 20:46:53 ---
20:46:58.210    94355002  FFFFFFF7F7FFF  D17,D25
--- FW IODebug 1.2.2 2026-08-31 LIFT=5 20:47:23 ---
--- FW IODebug 1.2.2 2026-08-31 LIFT=5 20:47:53 ---
20:47:58.671    94415002  FFFFFFF7F7FFF  D17,D25
--- FW IODebug 1.2.2 2026-08-31 LIFT=5 20:48:23 ---
--- FW IODebug 1.2.2 2026-08-31 LIFT=5 20:48:54 ---
20:48:59.144    94475002  FFFFFFF7F7FFF  D17,D25
--- FW IODebug 1.2.2 2026-08-31 LIFT=5 20:49:24 ---
--- FW IODebug 1.2.2 2026-08-31 LIFT=5 20:49:54 ---
